pond_id,sgis_year,drive_time_min,sgis_population,sgis_population_api_total,service_area_m2,source,source_endpoint,coordinate_crs,status,error
1,2024,5,5167.0,5166.0,840313.0,SGIS 생활권역 통계지도 serviceAreaStatistics,https://sgis.mods.go.kr/ServiceAPI/OpenAPI3/catchmentArea/serviceAreaStatistics.json,EPSG:5179,AVAILABLE,
1,2024,10,9241.0,9250.0,3809063.0,SGIS 생활권역 통계지도 serviceAreaStatistics,https://sgis.mods.go.kr/ServiceAPI/OpenAPI3/catchmentArea/serviceAreaStatistics.json,EPSG:5179,AVAILABLE,
2,2024,5,5167.0,5166.0,840313.0,SGIS 생활권역 통계지도 serviceAreaStatistics,https://sgis.mods.go.kr/ServiceAPI/OpenAPI3/catchmentArea/serviceAreaStatistics.json,EPSG:5179,AVAILABLE,
2,2024,10,9241.0,9250.0,3809063.0,SGIS 생활권역 통계지도 serviceAreaStatistics,https://sgis.mods.go.kr/ServiceAPI/OpenAPI3/catchmentArea/serviceAreaStatistics.json,EPSG:5179,AVAILABLE,
3,2024,5,5167.0,5166.0,840313.0,SGIS 생활권역 통계지도 serviceAreaStatistics,https://sgis.mods.go.kr/ServiceAPI/OpenAPI3/catchmentArea/serviceAreaStatistics.json,EPSG:5179,AVAILABLE,
3,2024,10,9241.0,9250.0,3809063.0,SGIS 생활권역 통계지도 serviceAreaStatistics,https://sgis.mods.go.kr/ServiceAPI/OpenAPI3/catchmentArea/serviceAreaStatistics.json,EPSG:5179,AVAILABLE,
4,2024,5,5167.0,5166.0,840313.0,SGIS 생활권역 통계지도 serviceAreaStatistics,https://sgis.mods.go.kr/ServiceAPI/OpenAPI3/catchmentArea/serviceAreaStatistics.json,EPSG:5179,AVAILABLE,
4,2024,10,9241.0,9250.0,3809063.0,SGIS 생활권역 통계지도 serviceAreaStatistics,https://sgis.mods.go.kr/ServiceAPI/OpenAPI3/catchmentArea/serviceAreaStatistics.json,EPSG:5179,AVAILABLE,
5,2024,5,5167.0,5166.0,840313.0,SGIS 생활권역 통계지도 serviceAreaStatistics,https://sgis.mods.go.kr/ServiceAPI/OpenAPI3/catchmentArea/serviceAreaStatistics.json,EPSG:5179,AVAILABLE,
5,2024,10,9241.0,9250.0,3809063.0,SGIS 생활권역 통계지도 serviceAreaStatistics,https://sgis.mods.go.kr/ServiceAPI/OpenAPI3/catchmentArea/serviceAreaStatistics.json,EPSG:5179,AVAILABLE,
6,2024,5,5167.0,5166.0,840313.0,SGIS 생활권역 통계지도 serviceAreaStatistics,https://sgis.mods.go.kr/ServiceAPI/OpenAPI3/catchmentArea/serviceAreaStatistics.json,EPSG:5179,AVAILABLE,
6,2024,10,9241.0,9250.0,3809063.0,SGIS 생활권역 통계지도 serviceAreaStatistics,https://sgis.mods.go.kr/ServiceAPI/OpenAPI3/catchmentArea/serviceAreaStatistics.json,EPSG:5179,AVAILABLE,
7,2024,5,5167.0,5166.0,840313.0,SGIS 생활권역 통계지도 serviceAreaStatistics,https://sgis.mods.go.kr/ServiceAPI/OpenAPI3/catchmentArea/serviceAreaStatistics.json,EPSG:5179,AVAILABLE,
7,2024,10,9241.0,9250.0,3809063.0,SGIS 생활권역 통계지도 serviceAreaStatistics,https://sgis.mods.go.kr/ServiceAPI/OpenAPI3/catchmentArea/serviceAreaStatistics.json,EPSG:5179,AVAILABLE,
8,2024,5,5167.0,5166.0,840313.0,SGIS 생활권역 통계지도 serviceAreaStatistics,https://sgis.mods.go.kr/ServiceAPI/OpenAPI3/catchmentArea/serviceAreaStatistics.json,EPSG:5179,AVAILABLE,
8,2024,10,9241.0,9250.0,3809063.0,SGIS 생활권역 통계지도 serviceAreaStatistics,https://sgis.mods.go.kr/ServiceAPI/OpenAPI3/catchmentArea/serviceAreaStatistics.json,EPSG:5179,AVAILABLE,
9,2024,5,5167.0,5166.0,840313.0,SGIS 생활권역 통계지도 serviceAreaStatistics,https://sgis.mods.go.kr/ServiceAPI/OpenAPI3/catchmentArea/serviceAreaStatistics.json,EPSG:5179,AVAILABLE,
9,2024,10,9241.0,9250.0,3809063.0,SGIS 생활권역 통계지도 serviceAreaStatistics,https://sgis.mods.go.kr/ServiceAPI/OpenAPI3/catchmentArea/serviceAreaStatistics.json,EPSG:5179,AVAILABLE,
10,2024,5,5167.0,5166.0,840313.0,SGIS 생활권역 통계지도 serviceAreaStatistics,https://sgis.mods.go.kr/ServiceAPI/OpenAPI3/catchmentArea/serviceAreaStatistics.json,EPSG:5179,AVAILABLE,
10,2024,10,9241.0,9250.0,3809063.0,SGIS 생활권역 통계지도 serviceAreaStatistics,https://sgis.mods.go.kr/ServiceAPI/OpenAPI3/catchmentArea/serviceAreaStatistics.json,EPSG:5179,AVAILABLE,
11,2024,5,5167.0,5166.0,840313.0,SGIS 생활권역 통계지도 serviceAreaStatistics,https://sgis.mods.go.kr/ServiceAPI/OpenAPI3/catchmentArea/serviceAreaStatistics.json,EPSG:5179,AVAILABLE,
11,2024,10,9241.0,9250.0,3809063.0,SGIS 생활권역 통계지도 serviceAreaStatistics,https://sgis.mods.go.kr/ServiceAPI/OpenAPI3/catchmentArea/serviceAreaStatistics.json,EPSG:5179,AVAILABLE,
12,2024,5,5167.0,5166.0,840313.0,SGIS 생활권역 통계지도 serviceAreaStatistics,https://sgis.mods.go.kr/ServiceAPI/OpenAPI3/catchmentArea/serviceAreaStatistics.json,EPSG:5179,AVAILABLE,
12,2024,10,9241.0,9250.0,3809063.0,SGIS 생활권역 통계지도 serviceAreaStatistics,https://sgis.mods.go.kr/ServiceAPI/OpenAPI3/catchmentArea/serviceAreaStatistics.json,EPSG:5179,AVAILABLE,
13,2024,5,5167.0,5166.0,840313.0,SGIS 생활권역 통계지도 serviceAreaStatistics,https://sgis.mods.go.kr/ServiceAPI/OpenAPI3/catchmentArea/serviceAreaStatistics.json,EPSG:5179,AVAILABLE,
13,2024,10,9241.0,9250.0,3809063.0,SGIS 생활권역 통계지도 serviceAreaStatistics,https://sgis.mods.go.kr/ServiceAPI/OpenAPI3/catchmentArea/serviceAreaStatistics.json,EPSG:5179,AVAILABLE,
14,2024,5,5167.0,5166.0,840313.0,SGIS 생활권역 통계지도 serviceAreaStatistics,https://sgis.mods.go.kr/ServiceAPI/OpenAPI3/catchmentArea/serviceAreaStatistics.json,EPSG:5179,AVAILABLE,
14,2024,10,9241.0,9250.0,3809063.0,SGIS 생활권역 통계지도 serviceAreaStatistics,https://sgis.mods.go.kr/ServiceAPI/OpenAPI3/catchmentArea/serviceAreaStatistics.json,EPSG:5179,AVAILABLE,
15,2024,5,5167.0,5166.0,840313.0,SGIS 생활권역 통계지도 serviceAreaStatistics,https://sgis.mods.go.kr/ServiceAPI/OpenAPI3/catchmentArea/serviceAreaStatistics.json,EPSG:5179,AVAILABLE,
15,2024,10,9241.0,9250.0,3809063.0,SGIS 생활권역 통계지도 serviceAreaStatistics,https://sgis.mods.go.kr/ServiceAPI/OpenAPI3/catchmentArea/serviceAreaStatistics.json,EPSG:5179,AVAILABLE,
16,2024,5,5167.0,5166.0,840313.0,SGIS 생활권역 통계지도 serviceAreaStatistics,https://sgis.mods.go.kr/ServiceAPI/OpenAPI3/catchmentArea/serviceAreaStatistics.json,EPSG:5179,AVAILABLE,
16,2024,10,9241.0,9250.0,3809063.0,SGIS 생활권역 통계지도 serviceAreaStatistics,https://sgis.mods.go.kr/ServiceAPI/OpenAPI3/catchmentArea/serviceAreaStatistics.json,EPSG:5179,AVAILABLE,
17,2024,5,5167.0,5166.0,840313.0,SGIS 생활권역 통계지도 serviceAreaStatistics,https://sgis.mods.go.kr/ServiceAPI/OpenAPI3/catchmentArea/serviceAreaStatistics.json,EPSG:5179,AVAILABLE,
17,2024,10,9241.0,9250.0,3809063.0,SGIS 생활권역 통계지도 serviceAreaStatistics,https://sgis.mods.go.kr/ServiceAPI/OpenAPI3/catchmentArea/serviceAreaStatistics.json,EPSG:5179,AVAILABLE,
18,2024,5,5167.0,5166.0,840313.0,SGIS 생활권역 통계지도 serviceAreaStatistics,https://sgis.mods.go.kr/ServiceAPI/OpenAPI3/catchmentArea/serviceAreaStatistics.json,EPSG:5179,AVAILABLE,
18,2024,10,9241.0,9250.0,3809063.0,SGIS 생활권역 통계지도 serviceAreaStatistics,https://sgis.mods.go.kr/ServiceAPI/OpenAPI3/catchmentArea/serviceAreaStatistics.json,EPSG:5179,AVAILABLE,
19,2024,5,5167.0,5166.0,840313.0,SGIS 생활권역 통계지도 serviceAreaStatistics,https://sgis.mods.go.kr/ServiceAPI/OpenAPI3/catchmentArea/serviceAreaStatistics.json,EPSG:5179,AVAILABLE,
19,2024,10,9241.0,9250.0,3809063.0,SGIS 생활권역 통계지도 serviceAreaStatistics,https://sgis.mods.go.kr/ServiceAPI/OpenAPI3/catchmentArea/serviceAreaStatistics.json,EPSG:5179,AVAILABLE,
20,2024,5,5167.0,5166.0,840313.0,SGIS 생활권역 통계지도 serviceAreaStatistics,https://sgis.mods.go.kr/ServiceAPI/OpenAPI3/catchmentArea/serviceAreaStatistics.json,EPSG:5179,AVAILABLE,
20,2024,10,9241.0,9250.0,3809063.0,SGIS 생활권역 통계지도 serviceAreaStatistics,https://sgis.mods.go.kr/ServiceAPI/OpenAPI3/catchmentArea/serviceAreaStatistics.json,EPSG:5179,AVAILABLE,
21,2024,5,5167.0,5166.0,840313.0,SGIS 생활권역 통계지도 serviceAreaStatistics,https://sgis.mods.go.kr/ServiceAPI/OpenAPI3/catchmentArea/serviceAreaStatistics.json,EPSG:5179,AVAILABLE,
21,2024,10,9241.0,9250.0,3809063.0,SGIS 생활권역 통계지도 serviceAreaStatistics,https://sgis.mods.go.kr/ServiceAPI/OpenAPI3/catchmentArea/serviceAreaStatistics.json,EPSG:5179,AVAILABLE,
22,2024,5,5167.0,5166.0,840313.0,SGIS 생활권역 통계지도 serviceAreaStatistics,https://sgis.mods.go.kr/ServiceAPI/OpenAPI3/catchmentArea/serviceAreaStatistics.json,EPSG:5179,AVAILABLE,
22,2024,10,9241.0,9250.0,3809063.0,SGIS 생활권역 통계지도 serviceAreaStatistics,https://sgis.mods.go.kr/ServiceAPI/OpenAPI3/catchmentArea/serviceAreaStatistics.json,EPSG:5179,AVAILABLE,
23,2024,5,5167.0,5166.0,840313.0,SGIS 생활권역 통계지도 serviceAreaStatistics,https://sgis.mods.go.kr/ServiceAPI/OpenAPI3/catchmentArea/serviceAreaStatistics.json,EPSG:5179,AVAILABLE,
23,2024,10,9241.0,9250.0,3809063.0,SGIS 생활권역 통계지도 serviceAreaStatistics,https://sgis.mods.go.kr/ServiceAPI/OpenAPI3/catchmentArea/serviceAreaStatistics.json,EPSG:5179,AVAILABLE,
24,2024,5,5167.0,5166.0,840313.0,SGIS 생활권역 통계지도 serviceAreaStatistics,https://sgis.mods.go.kr/ServiceAPI/OpenAPI3/catchmentArea/serviceAreaStatistics.json,EPSG:5179,AVAILABLE,
24,2024,10,9241.0,9250.0,3809063.0,SGIS 생활권역 통계지도 serviceAreaStatistics,https://sgis.mods.go.kr/ServiceAPI/OpenAPI3/catchmentArea/serviceAreaStatistics.json,EPSG:5179,AVAILABLE,
25,2024,5,5167.0,5166.0,840313.0,SGIS 생활권역 통계지도 serviceAreaStatistics,https://sgis.mods.go.kr/ServiceAPI/OpenAPI3/catchmentArea/serviceAreaStatistics.json,EPSG:5179,AVAILABLE,
25,2024,10,9241.0,9250.0,3809063.0,SGIS 생활권역 통계지도 serviceAreaStatistics,https://sgis.mods.go.kr/ServiceAPI/OpenAPI3/catchmentArea/serviceAreaStatistics.json,EPSG:5179,AVAILABLE,
26,2024,5,5167.0,5166.0,840313.0,SGIS 생활권역 통계지도 serviceAreaStatistics,https://sgis.mods.go.kr/ServiceAPI/OpenAPI3/catchmentArea/serviceAreaStatistics.json,EPSG:5179,AVAILABLE,
26,2024,10,9241.0,9250.0,3809063.0,SGIS 생활권역 통계지도 serviceAreaStatistics,https://sgis.mods.go.kr/ServiceAPI/OpenAPI3/catchmentArea/serviceAreaStatistics.json,EPSG:5179,AVAILABLE,
27,2024,5,5167.0,5166.0,840313.0,SGIS 생활권역 통계지도 serviceAreaStatistics,https://sgis.mods.go.kr/ServiceAPI/OpenAPI3/catchmentArea/serviceAreaStatistics.json,EPSG:5179,AVAILABLE,
27,2024,10,9241.0,9250.0,3809063.0,SGIS 생활권역 통계지도 serviceAreaStatistics,https://sgis.mods.go.kr/ServiceAPI/OpenAPI3/catchmentArea/serviceAreaStatistics.json,EPSG:5179,AVAILABLE,
28,2024,5,5167.0,5166.0,840313.0,SGIS 생활권역 통계지도 serviceAreaStatistics,https://sgis.mods.go.kr/ServiceAPI/OpenAPI3/catchmentArea/serviceAreaStatistics.json,EPSG:5179,AVAILABLE,
28,2024,10,9241.0,9250.0,3809063.0,SGIS 생활권역 통계지도 serviceAreaStatistics,https://sgis.mods.go.kr/ServiceAPI/OpenAPI3/catchmentArea/serviceAreaStatistics.json,EPSG:5179,AVAILABLE,
29,2024,5,5167.0,5166.0,840313.0,SGIS 생활권역 통계지도 serviceAreaStatistics,https://sgis.mods.go.kr/ServiceAPI/OpenAPI3/catchmentArea/serviceAreaStatistics.json,EPSG:5179,AVAILABLE,
29,2024,10,9241.0,9250.0,3809063.0,SGIS 생활권역 통계지도 serviceAreaStatistics,https://sgis.mods.go.kr/ServiceAPI/OpenAPI3/catchmentArea/serviceAreaStatistics.json,EPSG:5179,AVAILABLE,
30,2024,5,5167.0,5166.0,840313.0,SGIS 생활권역 통계지도 serviceAreaStatistics,https://sgis.mods.go.kr/ServiceAPI/OpenAPI3/catchmentArea/serviceAreaStatistics.json,EPSG:5179,AVAILABLE,
30,2024,10,9241.0,9250.0,3809063.0,SGIS 생활권역 통계지도 serviceAreaStatistics,https://sgis.mods.go.kr/ServiceAPI/OpenAPI3/catchmentArea/serviceAreaStatistics.json,EPSG:5179,AVAILABLE,
31,2024,5,5167.0,5166.0,840313.0,SGIS 생활권역 통계지도 serviceAreaStatistics,https://sgis.mods.go.kr/ServiceAPI/OpenAPI3/catchmentArea/serviceAreaStatistics.json,EPSG:5179,AVAILABLE,
31,2024,10,9241.0,9250.0,3809063.0,SGIS 생활권역 통계지도 serviceAreaStatistics,https://sgis.mods.go.kr/ServiceAPI/OpenAPI3/catchmentArea/serviceAreaStatistics.json,EPSG:5179,AVAILABLE,
32,2024,5,5167.0,5166.0,840313.0,SGIS 생활권역 통계지도 serviceAreaStatistics,https://sgis.mods.go.kr/ServiceAPI/OpenAPI3/catchmentArea/serviceAreaStatistics.json,EPSG:5179,AVAILABLE,
32,2024,10,9241.0,9250.0,3809063.0,SGIS 생활권역 통계지도 serviceAreaStatistics,https://sgis.mods.go.kr/ServiceAPI/OpenAPI3/catchmentArea/serviceAreaStatistics.json,EPSG:5179,AVAILABLE,
33,2024,5,5167.0,5166.0,840313.0,SGIS 생활권역 통계지도 serviceAreaStatistics,https://sgis.mods.go.kr/ServiceAPI/OpenAPI3/catchmentArea/serviceAreaStatistics.json,EPSG:5179,AVAILABLE,
33,2024,10,9241.0,9250.0,3809063.0,SGIS 생활권역 통계지도 serviceAreaStatistics,https://sgis.mods.go.kr/ServiceAPI/OpenAPI3/catchmentArea/serviceAreaStatistics.json,EPSG:5179,AVAILABLE,
34,2024,5,5167.0,5166.0,840313.0,SGIS 생활권역 통계지도 serviceAreaStatistics,https://sgis.mods.go.kr/ServiceAPI/OpenAPI3/catchmentArea/serviceAreaStatistics.json,EPSG:5179,AVAILABLE,
34,2024,10,9241.0,9250.0,3809063.0,SGIS 생활권역 통계지도 serviceAreaStatistics,https://sgis.mods.go.kr/ServiceAPI/OpenAPI3/catchmentArea/serviceAreaStatistics.json,EPSG:5179,AVAILABLE,
35,2024,5,5167.0,5166.0,840313.0,SGIS 생활권역 통계지도 serviceAreaStatistics,https://sgis.mods.go.kr/ServiceAPI/OpenAPI3/catchmentArea/serviceAreaStatistics.json,EPSG:5179,AVAILABLE,
35,2024,10,9241.0,9250.0,3809063.0,SGIS 생활권역 통계지도 serviceAreaStatistics,https://sgis.mods.go.kr/ServiceAPI/OpenAPI3/catchmentArea/serviceAreaStatistics.json,EPSG:5179,AVAILABLE,
36,2024,5,5167.0,5166.0,840313.0,SGIS 생활권역 통계지도 serviceAreaStatistics,https://sgis.mods.go.kr/ServiceAPI/OpenAPI3/catchmentArea/serviceAreaStatistics.json,EPSG:5179,AVAILABLE,
36,2024,10,9241.0,9250.0,3809063.0,SGIS 생활권역 통계지도 serviceAreaStatistics,https://sgis.mods.go.kr/ServiceAPI/OpenAPI3/catchmentArea/serviceAreaStatistics.json,EPSG:5179,AVAILABLE,
37,2024,5,5167.0,5166.0,840313.0,SGIS 생활권역 통계지도 serviceAreaStatistics,https://sgis.mods.go.kr/ServiceAPI/OpenAPI3/catchmentArea/serviceAreaStatistics.json,EPSG:5179,AVAILABLE,
37,2024,10,9241.0,9250.0,3809063.0,SGIS 생활권역 통계지도 serviceAreaStatistics,https://sgis.mods.go.kr/ServiceAPI/OpenAPI3/catchmentArea/serviceAreaStatistics.json,EPSG:5179,AVAILABLE,
38,2024,5,5167.0,5166.0,840313.0,SGIS 생활권역 통계지도 serviceAreaStatistics,https://sgis.mods.go.kr/ServiceAPI/OpenAPI3/catchmentArea/serviceAreaStatistics.json,EPSG:5179,AVAILABLE,
38,2024,10,9241.0,9250.0,3809063.0,SGIS 생활권역 통계지도 serviceAreaStatistics,https://sgis.mods.go.kr/ServiceAPI/OpenAPI3/catchmentArea/serviceAreaStatistics.json,EPSG:5179,AVAILABLE,
39,2024,5,5167.0,5166.0,840313.0,SGIS 생활권역 통계지도 serviceAreaStatistics,https://sgis.mods.go.kr/ServiceAPI/OpenAPI3/catchmentArea/serviceAreaStatistics.json,EPSG:5179,AVAILABLE,
39,2024,10,9241.0,9250.0,3809063.0,SGIS 생활권역 통계지도 serviceAreaStatistics,https://sgis.mods.go.kr/ServiceAPI/OpenAPI3/catchmentArea/serviceAreaStatistics.json,EPSG:5179,AVAILABLE,
40,2024,5,5167.0,5166.0,840313.0,SGIS 생활권역 통계지도 serviceAreaStatistics,https://sgis.mods.go.kr/ServiceAPI/OpenAPI3/catchmentArea/serviceAreaStatistics.json,EPSG:5179,AVAILABLE,
40,2024,10,9241.0,9250.0,3809063.0,SGIS 생활권역 통계지도 serviceAreaStatistics,https://sgis.mods.go.kr/ServiceAPI/OpenAPI3/catchmentArea/serviceAreaStatistics.json,EPSG:5179,AVAILABLE,
41,2024,5,5167.0,5166.0,840313.0,SGIS 생활권역 통계지도 serviceAreaStatistics,https://sgis.mods.go.kr/ServiceAPI/OpenAPI3/catchmentArea/serviceAreaStatistics.json,EPSG:5179,AVAILABLE,
41,2024,10,9241.0,9250.0,3809063.0,SGIS 생활권역 통계지도 serviceAreaStatistics,https://sgis.mods.go.kr/ServiceAPI/OpenAPI3/catchmentArea/serviceAreaStatistics.json,EPSG:5179,AVAILABLE,
42,2024,5,68.0,67.0,2495938.0,SGIS 생활권역 통계지도 serviceAreaStatistics,https://sgis.mods.go.kr/ServiceAPI/OpenAPI3/catchmentArea/serviceAreaStatistics.json,EPSG:5179,AVAILABLE,
42,2024,10,223.0,236.0,6725625.0,SGIS 생활권역 통계지도 serviceAreaStatistics,https://sgis.mods.go.kr/ServiceAPI/OpenAPI3/catchmentArea/serviceAreaStatistics.json,EPSG:5179,AVAILABLE,
43,2024,5,5.0,0.0,341250.0,SGIS 생활권역 통계지도 serviceAreaStatistics,https://sgis.mods.go.kr/ServiceAPI/OpenAPI3/catchmentArea/serviceAreaStatistics.json,EPSG:5179,AVAILABLE,
43,2024,10,123.0,138.0,976563.0,SGIS 생활권역 통계지도 serviceAreaStatistics,https://sgis.mods.go.kr/ServiceAPI/OpenAPI3/catchmentArea/serviceAreaStatistics.json,EPSG:5179,AVAILABLE,
49,2024,5,43.0,60.0,217500.0,SGIS 생활권역 통계지도 serviceAreaStatistics,https://sgis.mods.go.kr/ServiceAPI/OpenAPI3/catchmentArea/serviceAreaStatistics.json,EPSG:5179,AVAILABLE,
49,2024,10,93.0,101.0,696250.0,SGIS 생활권역 통계지도 serviceAreaStatistics,https://sgis.mods.go.kr/ServiceAPI/OpenAPI3/catchmentArea/serviceAreaStatistics.json,EPSG:5179,AVAILABLE,
51,2024,5,18.0,26.0,255938.0,SGIS 생활권역 통계지도 serviceAreaStatistics,https://sgis.mods.go.kr/ServiceAPI/OpenAPI3/catchmentArea/serviceAreaStatistics.json,EPSG:5179,AVAILABLE,
51,2024,10,163.0,166.0,1220625.0,SGIS 생활권역 통계지도 serviceAreaStatistics,https://sgis.mods.go.kr/ServiceAPI/OpenAPI3/catchmentArea/serviceAreaStatistics.json,EPSG:5179,AVAILABLE,
53,2024,5,28.0,41.0,495000.0,SGIS 생활권역 통계지도 serviceAreaStatistics,https://sgis.mods.go.kr/ServiceAPI/OpenAPI3/catchmentArea/serviceAreaStatistics.json,EPSG:5179,AVAILABLE,
53,2024,10,33.0,47.0,950938.0,SGIS 생활권역 통계지도 serviceAreaStatistics,https://sgis.mods.go.kr/ServiceAPI/OpenAPI3/catchmentArea/serviceAreaStatistics.json,EPSG:5179,AVAILABLE,
54,2024,5,8.0,10.0,274688.0,SGIS 생활권역 통계지도 serviceAreaStatistics,https://sgis.mods.go.kr/ServiceAPI/OpenAPI3/catchmentArea/serviceAreaStatistics.json,EPSG:5179,AVAILABLE,
54,2024,10,63.0,64.0,634375.0,SGIS 생활권역 통계지도 serviceAreaStatistics,https://sgis.mods.go.kr/ServiceAPI/OpenAPI3/catchmentArea/serviceAreaStatistics.json,EPSG:5179,AVAILABLE,
55,2024,5,128.0,128.0,522500.0,SGIS 생활권역 통계지도 serviceAreaStatistics,https://sgis.mods.go.kr/ServiceAPI/OpenAPI3/catchmentArea/serviceAreaStatistics.json,EPSG:5179,AVAILABLE,
55,2024,10,278.0,282.0,2461563.0,SGIS 생활권역 통계지도 serviceAreaStatistics,https://sgis.mods.go.kr/ServiceAPI/OpenAPI3/catchmentArea/serviceAreaStatistics.json,EPSG:5179,AVAILABLE,
56,2024,5,63.0,64.0,350625.0,SGIS 생활권역 통계지도 serviceAreaStatistics,https://sgis.mods.go.kr/ServiceAPI/OpenAPI3/catchmentArea/serviceAreaStatistics.json,EPSG:5179,AVAILABLE,
56,2024,10,238.0,234.0,1333750.0,SGIS 생활권역 통계지도 serviceAreaStatistics,https://sgis.mods.go.kr/ServiceAPI/OpenAPI3/catchmentArea/serviceAreaStatistics.json,EPSG:5179,AVAILABLE,
58,2024,5,39.0,39.0,300625.0,SGIS 생활권역 통계지도 serviceAreaStatistics,https://sgis.mods.go.kr/ServiceAPI/OpenAPI3/catchmentArea/serviceAreaStatistics.json,EPSG:5179,AVAILABLE,
58,2024,10,94.0,99.0,645625.0,SGIS 생활권역 통계지도 serviceAreaStatistics,https://sgis.mods.go.kr/ServiceAPI/OpenAPI3/catchmentArea/serviceAreaStatistics.json,EPSG:5179,AVAILABLE,
59,2024,5,43.0,52.0,358750.0,SGIS 생활권역 통계지도 serviceAreaStatistics,https://sgis.mods.go.kr/ServiceAPI/OpenAPI3/catchmentArea/serviceAreaStatistics.json,EPSG:5179,AVAILABLE,
59,2024,10,128.0,131.0,1028438.0,SGIS 생활권역 통계지도 serviceAreaStatistics,https://sgis.mods.go.kr/ServiceAPI/OpenAPI3/catchmentArea/serviceAreaStatistics.json,EPSG:5179,AVAILABLE,
63,2024,5,8.0,8.0,379688.0,SGIS 생활권역 통계지도 serviceAreaStatistics,https://sgis.mods.go.kr/ServiceAPI/OpenAPI3/catchmentArea/serviceAreaStatistics.json,EPSG:5179,AVAILABLE,
63,2024,10,63.0,67.0,905938.0,SGIS 생활권역 통계지도 serviceAreaStatistics,https://sgis.mods.go.kr/ServiceAPI/OpenAPI3/catchmentArea/serviceAreaStatistics.json,EPSG:5179,AVAILABLE,
64,2024,5,48.0,57.0,299375.0,SGIS 생활권역 통계지도 serviceAreaStatistics,https://sgis.mods.go.kr/ServiceAPI/OpenAPI3/catchmentArea/serviceAreaStatistics.json,EPSG:5179,AVAILABLE,
64,2024,10,63.0,67.0,1024688.0,SGIS 생활권역 통계지도 serviceAreaStatistics,https://sgis.mods.go.kr/ServiceAPI/OpenAPI3/catchmentArea/serviceAreaStatistics.json,EPSG:5179,AVAILABLE,
74,2024,5,58.0,57.0,398438.0,SGIS 생활권역 통계지도 serviceAreaStatistics,https://sgis.mods.go.kr/ServiceAPI/OpenAPI3/catchmentArea/serviceAreaStatistics.json,EPSG:5179,AVAILABLE,
74,2024,10,98.0,105.0,1052188.0,SGIS 생활권역 통계지도 serviceAreaStatistics,https://sgis.mods.go.kr/ServiceAPI/OpenAPI3/catchmentArea/serviceAreaStatistics.json,EPSG:5179,AVAILABLE,
76,2024,5,13.0,23.0,477188.0,SGIS 생활권역 통계지도 serviceAreaStatistics,https://sgis.mods.go.kr/ServiceAPI/OpenAPI3/catchmentArea/serviceAreaStatistics.json,EPSG:5179,AVAILABLE,
76,2024,10,73.0,75.0,924063.0,SGIS 생활권역 통계지도 serviceAreaStatistics,https://sgis.mods.go.kr/ServiceAPI/OpenAPI3/catchmentArea/serviceAreaStatistics.json,EPSG:5179,AVAILABLE,
78,2024,5,13.0,13.0,355938.0,SGIS 생활권역 통계지도 serviceAreaStatistics,https://sgis.mods.go.kr/ServiceAPI/OpenAPI3/catchmentArea/serviceAreaStatistics.json,EPSG:5179,AVAILABLE,
78,2024,10,83.0,80.0,730000.0,SGIS 생활권역 통계지도 serviceAreaStatistics,https://sgis.mods.go.kr/ServiceAPI/OpenAPI3/catchmentArea/serviceAreaStatistics.json,EPSG:5179,AVAILABLE,
79,2024,5,,,230313.0,SGIS 생활권역 통계지도 serviceAreaStatistics,https://sgis.mods.go.kr/ServiceAPI/OpenAPI3/catchmentArea/serviceAreaStatistics.json,EPSG:5179,DATA_NOT_AVAILABLE,
79,2024,10,43.0,57.0,646563.0,SGIS 생활권역 통계지도 serviceAreaStatistics,https://sgis.mods.go.kr/ServiceAPI/OpenAPI3/catchmentArea/serviceAreaStatistics.json,EPSG:5179,AVAILABLE,
81,2024,5,48.0,55.0,389375.0,SGIS 생활권역 통계지도 serviceAreaStatistics,https://sgis.mods.go.kr/ServiceAPI/OpenAPI3/catchmentArea/serviceAreaStatistics.json,EPSG:5179,AVAILABLE,
81,2024,10,258.0,263.0,1808438.0,SGIS 생활권역 통계지도 serviceAreaStatistics,https://sgis.mods.go.kr/ServiceAPI/OpenAPI3/catchmentArea/serviceAreaStatistics.json,EPSG:5179,AVAILABLE,
82,2024,5,48.0,47.0,306875.0,SGIS 생활권역 통계지도 serviceAreaStatistics,https://sgis.mods.go.kr/ServiceAPI/OpenAPI3/catchmentArea/serviceAreaStatistics.json,EPSG:5179,AVAILABLE,
82,2024,10,168.0,175.0,1070938.0,SGIS 생활권역 통계지도 serviceAreaStatistics,https://sgis.mods.go.kr/ServiceAPI/OpenAPI3/catchmentArea/serviceAreaStatistics.json,EPSG:5179,AVAILABLE,
84,2024,5,43.0,57.0,552813.0,SGIS 생활권역 통계지도 serviceAreaStatistics,https://sgis.mods.go.kr/ServiceAPI/OpenAPI3/catchmentArea/serviceAreaStatistics.json,EPSG:5179,AVAILABLE,
84,2024,10,103.0,110.0,1290938.0,SGIS 생활권역 통계지도 serviceAreaStatistics,https://sgis.mods.go.kr/ServiceAPI/OpenAPI3/catchmentArea/serviceAreaStatistics.json,EPSG:5179,AVAILABLE,
86,2024,5,83.0,97.0,1384688.0,SGIS 생활권역 통계지도 serviceAreaStatistics,https://sgis.mods.go.kr/ServiceAPI/OpenAPI3/catchmentArea/serviceAreaStatistics.json,EPSG:5179,AVAILABLE,
86,2024,10,413.0,409.0,4023438.0,SGIS 생활권역 통계지도 serviceAreaStatistics,https://sgis.mods.go.kr/ServiceAPI/OpenAPI3/catchmentArea/serviceAreaStatistics.json,EPSG:5179,AVAILABLE,
90,2024,5,13.0,18.0,331250.0,SGIS 생활권역 통계지도 serviceAreaStatistics,https://sgis.mods.go.kr/ServiceAPI/OpenAPI3/catchmentArea/serviceAreaStatistics.json,EPSG:5179,AVAILABLE,
90,2024,10,133.0,135.0,995625.0,SGIS 생활권역 통계지도 serviceAreaStatistics,https://sgis.mods.go.kr/ServiceAPI/OpenAPI3/catchmentArea/serviceAreaStatistics.json,EPSG:5179,AVAILABLE,
91,2024,5,5.0,0.0,214375.0,SGIS 생활권역 통계지도 serviceAreaStatistics,https://sgis.mods.go.kr/ServiceAPI/OpenAPI3/catchmentArea/serviceAreaStatistics.json,EPSG:5179,AVAILABLE,
91,2024,10,93.0,97.0,439063.0,SGIS 생활권역 통계지도 serviceAreaStatistics,https://sgis.mods.go.kr/ServiceAPI/OpenAPI3/catchmentArea/serviceAreaStatistics.json,EPSG:5179,AVAILABLE,
92,2024,5,43.0,42.0,359063.0,SGIS 생활권역 통계지도 serviceAreaStatistics,https://sgis.mods.go.kr/ServiceAPI/OpenAPI3/catchmentArea/serviceAreaStatistics.json,EPSG:5179,AVAILABLE,
92,2024,10,68.0,80.0,1538125.0,SGIS 생활권역 통계지도 serviceAreaStatistics,https://sgis.mods.go.kr/ServiceAPI/OpenAPI3/catchmentArea/serviceAreaStatistics.json,EPSG:5179,AVAILABLE,
93,2024,5,38.0,37.0,398438.0,SGIS 생활권역 통계지도 serviceAreaStatistics,https://sgis.mods.go.kr/ServiceAPI/OpenAPI3/catchmentArea/serviceAreaStatistics.json,EPSG:5179,AVAILABLE,
93,2024,10,63.0,70.0,1361563.0,SGIS 생활권역 통계지도 serviceAreaStatistics,https://sgis.mods.go.kr/ServiceAPI/OpenAPI3/catchmentArea/serviceAreaStatistics.json,EPSG:5179,AVAILABLE,
96,2024,5,,,513125.0,SGIS 생활권역 통계지도 serviceAreaStatistics,https://sgis.mods.go.kr/ServiceAPI/OpenAPI3/catchmentArea/serviceAreaStatistics.json,EPSG:5179,DATA_NOT_AVAILABLE,
96,2024,10,48.0,56.0,1007500.0,SGIS 생활권역 통계지도 serviceAreaStatistics,https://sgis.mods.go.kr/ServiceAPI/OpenAPI3/catchmentArea/serviceAreaStatistics.json,EPSG:5179,AVAILABLE,
97,2024,5,,,341875.0,SGIS 생활권역 통계지도 serviceAreaStatistics,https://sgis.mods.go.kr/ServiceAPI/OpenAPI3/catchmentArea/serviceAreaStatistics.json,EPSG:5179,DATA_NOT_AVAILABLE,
97,2024,10,13.0,20.0,826250.0,SGIS 생활권역 통계지도 serviceAreaStatistics,https://sgis.mods.go.kr/ServiceAPI/OpenAPI3/catchmentArea/serviceAreaStatistics.json,EPSG:5179,AVAILABLE,
98,2024,5,108.0,118.0,579688.0,SGIS 생활권역 통계지도 serviceAreaStatistics,https://sgis.mods.go.kr/ServiceAPI/OpenAPI3/catchmentArea/serviceAreaStatistics.json,EPSG:5179,AVAILABLE,
98,2024,10,383.0,382.0,3454063.0,SGIS 생활권역 통계지도 serviceAreaStatistics,https://sgis.mods.go.kr/ServiceAPI/OpenAPI3/catchmentArea/serviceAreaStatistics.json,EPSG:5179,AVAILABLE,
100,2024,5,103.0,118.0,1316875.0,SGIS 생활권역 통계지도 serviceAreaStatistics,https://sgis.mods.go.kr/ServiceAPI/OpenAPI3/catchmentArea/serviceAreaStatistics.json,EPSG:5179,AVAILABLE,
100,2024,10,328.0,339.0,3875938.0,SGIS 생활권역 통계지도 serviceAreaStatistics,https://sgis.mods.go.kr/ServiceAPI/OpenAPI3/catchmentArea/serviceAreaStatistics.json,EPSG:5179,AVAILABLE,
101,2024,5,73.0,93.0,825625.0,SGIS 생활권역 통계지도 serviceAreaStatistics,https://sgis.mods.go.kr/ServiceAPI/OpenAPI3/catchmentArea/serviceAreaStatistics.json,EPSG:5179,AVAILABLE,
101,2024,10,598.0,602.0,4057813.0,SGIS 생활권역 통계지도 serviceAreaStatistics,https://sgis.mods.go.kr/ServiceAPI/OpenAPI3/catchmentArea/serviceAreaStatistics.json,EPSG:5179,AVAILABLE,
188,2024,5,23.0,30.0,503125.0,SGIS 생활권역 통계지도 serviceAreaStatistics,https://sgis.mods.go.kr/ServiceAPI/OpenAPI3/catchmentArea/serviceAreaStatistics.json,EPSG:5179,AVAILABLE,
188,2024,10,83.0,88.0,1326563.0,SGIS 생활권역 통계지도 serviceAreaStatistics,https://sgis.mods.go.kr/ServiceAPI/OpenAPI3/catchmentArea/serviceAreaStatistics.json,EPSG:5179,AVAILABLE,
190,2024,5,63.0,70.0,330313.0,SGIS 생활권역 통계지도 serviceAreaStatistics,https://sgis.mods.go.kr/ServiceAPI/OpenAPI3/catchmentArea/serviceAreaStatistics.json,EPSG:5179,AVAILABLE,
190,2024,10,388.0,382.0,1726250.0,SGIS 생활권역 통계지도 serviceAreaStatistics,https://sgis.mods.go.kr/ServiceAPI/OpenAPI3/catchmentArea/serviceAreaStatistics.json,EPSG:5179,AVAILABLE,
193,2024,5,43.0,56.0,479375.0,SGIS 생활권역 통계지도 serviceAreaStatistics,https://sgis.mods.go.kr/ServiceAPI/OpenAPI3/catchmentArea/serviceAreaStatistics.json,EPSG:5179,AVAILABLE,
193,2024,10,398.0,392.0,2320938.0,SGIS 생활권역 통계지도 serviceAreaStatistics,https://sgis.mods.go.kr/ServiceAPI/OpenAPI3/catchmentArea/serviceAreaStatistics.json,EPSG:5179,AVAILABLE,
194,2024,5,183.0,186.0,998750.0,SGIS 생활권역 통계지도 serviceAreaStatistics,https://sgis.mods.go.kr/ServiceAPI/OpenAPI3/catchmentArea/serviceAreaStatistics.json,EPSG:5179,AVAILABLE,
194,2024,10,458.0,457.0,3558125.0,SGIS 생활권역 통계지도 serviceAreaStatistics,https://sgis.mods.go.kr/ServiceAPI/OpenAPI3/catchmentArea/serviceAreaStatistics.json,EPSG:5179,AVAILABLE,
197,2024,5,88.0,93.0,1110313.0,SGIS 생활권역 통계지도 serviceAreaStatistics,https://sgis.mods.go.kr/ServiceAPI/OpenAPI3/catchmentArea/serviceAreaStatistics.json,EPSG:5179,AVAILABLE,
197,2024,10,498.0,497.0,3588750.0,SGIS 생활권역 통계지도 serviceAreaStatistics,https://sgis.mods.go.kr/ServiceAPI/OpenAPI3/catchmentArea/serviceAreaStatistics.json,EPSG:5179,AVAILABLE,
199,2024,5,148.0,153.0,1233750.0,SGIS 생활권역 통계지도 serviceAreaStatistics,https://sgis.mods.go.kr/ServiceAPI/OpenAPI3/catchmentArea/serviceAreaStatistics.json,EPSG:5179,AVAILABLE,
199,2024,10,553.0,557.0,3846250.0,SGIS 생활권역 통계지도 serviceAreaStatistics,https://sgis.mods.go.kr/ServiceAPI/OpenAPI3/catchmentArea/serviceAreaStatistics.json,EPSG:5179,AVAILABLE,
200,2024,5,28.0,41.0,895938.0,SGIS 생활권역 통계지도 serviceAreaStatistics,https://sgis.mods.go.kr/ServiceAPI/OpenAPI3/catchmentArea/serviceAreaStatistics.json,EPSG:5179,AVAILABLE,
200,2024,10,213.0,221.0,2759375.0,SGIS 생활권역 통계지도 serviceAreaStatistics,https://sgis.mods.go.kr/ServiceAPI/OpenAPI3/catchmentArea/serviceAreaStatistics.json,EPSG:5179,AVAILABLE,
201,2024,5,,,320000.0,SGIS 생활권역 통계지도 serviceAreaStatistics,https://sgis.mods.go.kr/ServiceAPI/OpenAPI3/catchmentArea/serviceAreaStatistics.json,EPSG:5179,DATA_NOT_AVAILABLE,
201,2024,10,38.0,49.0,1425313.0,SGIS 생활권역 통계지도 serviceAreaStatistics,https://sgis.mods.go.kr/ServiceAPI/OpenAPI3/catchmentArea/serviceAreaStatistics.json,EPSG:5179,AVAILABLE,
202,2024,5,68.0,70.0,1145313.0,SGIS 생활권역 통계지도 serviceAreaStatistics,https://sgis.mods.go.kr/ServiceAPI/OpenAPI3/catchmentArea/serviceAreaStatistics.json,EPSG:5179,AVAILABLE,
202,2024,10,403.0,402.0,3334063.0,SGIS 생활권역 통계지도 serviceAreaStatistics,https://sgis.mods.go.kr/ServiceAPI/OpenAPI3/catchmentArea/serviceAreaStatistics.json,EPSG:5179,AVAILABLE,
203,2024,5,13.0,15.0,348125.0,SGIS 생활권역 통계지도 serviceAreaStatistics,https://sgis.mods.go.kr/ServiceAPI/OpenAPI3/catchmentArea/serviceAreaStatistics.json,EPSG:5179,AVAILABLE,
203,2024,10,323.0,319.0,1635000.0,SGIS 생활권역 통계지도 serviceAreaStatistics,https://sgis.mods.go.kr/ServiceAPI/OpenAPI3/catchmentArea/serviceAreaStatistics.json,EPSG:5179,AVAILABLE,
204,2024,5,28.0,31.0,235938.0,SGIS 생활권역 통계지도 serviceAreaStatistics,https://sgis.mods.go.kr/ServiceAPI/OpenAPI3/catchmentArea/serviceAreaStatistics.json,EPSG:5179,AVAILABLE,
204,2024,10,63.0,70.0,953438.0,SGIS 생활권역 통계지도 serviceAreaStatistics,https://sgis.mods.go.kr/ServiceAPI/OpenAPI3/catchmentArea/serviceAreaStatistics.json,EPSG:5179,AVAILABLE,
44,2024,5,,,,SGIS 생활권역 통계지도 serviceAreaStatistics,https://sgis.mods.go.kr/ServiceAPI/OpenAPI3/catchmentArea/serviceAreaStatistics.json,EPSG:5179,DATA_NOT_AVAILABLE,"Location ""Location 1"" in ""Facilities"" is unlocated.  Invalid locations detected."
44,2024,10,,,,SGIS 생활권역 통계지도 serviceAreaStatistics,https://sgis.mods.go.kr/ServiceAPI/OpenAPI3/catchmentArea/serviceAreaStatistics.json,EPSG:5179,DATA_NOT_AVAILABLE,"Location ""Location 1"" in ""Facilities"" is unlocated.  Invalid locations detected."
45,2024,5,,,,SGIS 생활권역 통계지도 serviceAreaStatistics,https://sgis.mods.go.kr/ServiceAPI/OpenAPI3/catchmentArea/serviceAreaStatistics.json,EPSG:5179,DATA_NOT_AVAILABLE,"Location ""Location 1"" in ""Facilities"" is unlocated.  Invalid locations detected."
45,2024,10,,,,SGIS 생활권역 통계지도 serviceAreaStatistics,https://sgis.mods.go.kr/ServiceAPI/OpenAPI3/catchmentArea/serviceAreaStatistics.json,EPSG:5179,DATA_NOT_AVAILABLE,"Location ""Location 1"" in ""Facilities"" is unlocated.  Invalid locations detected."
46,2024,5,,,,SGIS 생활권역 통계지도 serviceAreaStatistics,https://sgis.mods.go.kr/ServiceAPI/OpenAPI3/catchmentArea/serviceAreaStatistics.json,EPSG:5179,DATA_NOT_AVAILABLE,"Location ""Location 1"" in ""Facilities"" is unlocated.  Invalid locations detected."
46,2024,10,,,,SGIS 생활권역 통계지도 serviceAreaStatistics,https://sgis.mods.go.kr/ServiceAPI/OpenAPI3/catchmentArea/serviceAreaStatistics.json,EPSG:5179,DATA_NOT_AVAILABLE,"Location ""Location 1"" in ""Facilities"" is unlocated.  Invalid locations detected."
47,2024,5,,,,SGIS 생활권역 통계지도 serviceAreaStatistics,https://sgis.mods.go.kr/ServiceAPI/OpenAPI3/catchmentArea/serviceAreaStatistics.json,EPSG:5179,DATA_NOT_AVAILABLE,"Location ""Location 1"" in ""Facilities"" is unlocated.  Invalid locations detected."
47,2024,10,,,,SGIS 생활권역 통계지도 serviceAreaStatistics,https://sgis.mods.go.kr/ServiceAPI/OpenAPI3/catchmentArea/serviceAreaStatistics.json,EPSG:5179,DATA_NOT_AVAILABLE,"Location ""Location 1"" in ""Facilities"" is unlocated.  Invalid locations detected."
48,2024,5,,,,SGIS 생활권역 통계지도 serviceAreaStatistics,https://sgis.mods.go.kr/ServiceAPI/OpenAPI3/catchmentArea/serviceAreaStatistics.json,EPSG:5179,DATA_NOT_AVAILABLE,"Location ""Location 1"" in ""Facilities"" is unlocated.  Invalid locations detected."
48,2024,10,,,,SGIS 생활권역 통계지도 serviceAreaStatistics,https://sgis.mods.go.kr/ServiceAPI/OpenAPI3/catchmentArea/serviceAreaStatistics.json,EPSG:5179,DATA_NOT_AVAILABLE,"Location ""Location 1"" in ""Facilities"" is unlocated.  Invalid locations detected."
50,2024,5,,,,SGIS 생활권역 통계지도 serviceAreaStatistics,https://sgis.mods.go.kr/ServiceAPI/OpenAPI3/catchmentArea/serviceAreaStatistics.json,EPSG:5179,DATA_NOT_AVAILABLE,"Location ""Location 1"" in ""Facilities"" is unlocated.  Invalid locations detected."
50,2024,10,,,,SGIS 생활권역 통계지도 serviceAreaStatistics,https://sgis.mods.go.kr/ServiceAPI/OpenAPI3/catchmentArea/serviceAreaStatistics.json,EPSG:5179,DATA_NOT_AVAILABLE,"Location ""Location 1"" in ""Facilities"" is unlocated.  Invalid locations detected."
52,2024,5,,,,SGIS 생활권역 통계지도 serviceAreaStatistics,https://sgis.mods.go.kr/ServiceAPI/OpenAPI3/catchmentArea/serviceAreaStatistics.json,EPSG:5179,DATA_NOT_AVAILABLE,"Location ""Location 1"" in ""Facilities"" is unlocated.  Invalid locations detected."
52,2024,10,,,,SGIS 생활권역 통계지도 serviceAreaStatistics,https://sgis.mods.go.kr/ServiceAPI/OpenAPI3/catchmentArea/serviceAreaStatistics.json,EPSG:5179,DATA_NOT_AVAILABLE,"Location ""Location 1"" in ""Facilities"" is unlocated.  Invalid locations detected."
57,2024,5,,,,SGIS 생활권역 통계지도 serviceAreaStatistics,https://sgis.mods.go.kr/ServiceAPI/OpenAPI3/catchmentArea/serviceAreaStatistics.json,EPSG:5179,DATA_NOT_AVAILABLE,"Location ""Location 1"" in ""Facilities"" is unlocated.  Invalid locations detected."
57,2024,10,,,,SGIS 생활권역 통계지도 serviceAreaStatistics,https://sgis.mods.go.kr/ServiceAPI/OpenAPI3/catchmentArea/serviceAreaStatistics.json,EPSG:5179,DATA_NOT_AVAILABLE,"Location ""Location 1"" in ""Facilities"" is unlocated.  Invalid locations detected."
60,2024,5,,,,SGIS 생활권역 통계지도 serviceAreaStatistics,https://sgis.mods.go.kr/ServiceAPI/OpenAPI3/catchmentArea/serviceAreaStatistics.json,EPSG:5179,DATA_NOT_AVAILABLE,"Location ""Location 1"" in ""Facilities"" is unlocated.  Invalid locations detected."
60,2024,10,,,,SGIS 생활권역 통계지도 serviceAreaStatistics,https://sgis.mods.go.kr/ServiceAPI/OpenAPI3/catchmentArea/serviceAreaStatistics.json,EPSG:5179,DATA_NOT_AVAILABLE,"Location ""Location 1"" in ""Facilities"" is unlocated.  Invalid locations detected."
61,2024,5,,,,SGIS 생활권역 통계지도 serviceAreaStatistics,https://sgis.mods.go.kr/ServiceAPI/OpenAPI3/catchmentArea/serviceAreaStatistics.json,EPSG:5179,DATA_NOT_AVAILABLE,"Location ""Location 1"" in ""Facilities"" is unlocated.  Invalid locations detected."
61,2024,10,,,,SGIS 생활권역 통계지도 serviceAreaStatistics,https://sgis.mods.go.kr/ServiceAPI/OpenAPI3/catchmentArea/serviceAreaStatistics.json,EPSG:5179,DATA_NOT_AVAILABLE,"Location ""Location 1"" in ""Facilities"" is unlocated.  Invalid locations detected."
62,2024,5,,,,SGIS 생활권역 통계지도 serviceAreaStatistics,https://sgis.mods.go.kr/ServiceAPI/OpenAPI3/catchmentArea/serviceAreaStatistics.json,EPSG:5179,DATA_NOT_AVAILABLE,"Location ""Location 1"" in ""Facilities"" is unlocated.  Invalid locations detected."
62,2024,10,,,,SGIS 생활권역 통계지도 serviceAreaStatistics,https://sgis.mods.go.kr/ServiceAPI/OpenAPI3/catchmentArea/serviceAreaStatistics.json,EPSG:5179,DATA_NOT_AVAILABLE,"Location ""Location 1"" in ""Facilities"" is unlocated.  Invalid locations detected."
65,2024,5,,,,SGIS 생활권역 통계지도 serviceAreaStatistics,https://sgis.mods.go.kr/ServiceAPI/OpenAPI3/catchmentArea/serviceAreaStatistics.json,EPSG:5179,DATA_NOT_AVAILABLE,"Location ""Location 1"" in ""Facilities"" is unlocated.  Invalid locations detected."
65,2024,10,,,,SGIS 생활권역 통계지도 serviceAreaStatistics,https://sgis.mods.go.kr/ServiceAPI/OpenAPI3/catchmentArea/serviceAreaStatistics.json,EPSG:5179,DATA_NOT_AVAILABLE,"Location ""Location 1"" in ""Facilities"" is unlocated.  Invalid locations detected."
66,2024,5,,,,SGIS 생활권역 통계지도 serviceAreaStatistics,https://sgis.mods.go.kr/ServiceAPI/OpenAPI3/catchmentArea/serviceAreaStatistics.json,EPSG:5179,DATA_NOT_AVAILABLE,"Location ""Location 1"" in ""Facilities"" is unlocated.  Invalid locations detected."
66,2024,10,,,,SGIS 생활권역 통계지도 serviceAreaStatistics,https://sgis.mods.go.kr/ServiceAPI/OpenAPI3/catchmentArea/serviceAreaStatistics.json,EPSG:5179,DATA_NOT_AVAILABLE,"Location ""Location 1"" in ""Facilities"" is unlocated.  Invalid locations detected."
67,2024,5,,,,SGIS 생활권역 통계지도 serviceAreaStatistics,https://sgis.mods.go.kr/ServiceAPI/OpenAPI3/catchmentArea/serviceAreaStatistics.json,EPSG:5179,DATA_NOT_AVAILABLE,"Location ""Location 1"" in ""Facilities"" is unlocated.  Invalid locations detected."
67,2024,10,,,,SGIS 생활권역 통계지도 serviceAreaStatistics,https://sgis.mods.go.kr/ServiceAPI/OpenAPI3/catchmentArea/serviceAreaStatistics.json,EPSG:5179,DATA_NOT_AVAILABLE,"Location ""Location 1"" in ""Facilities"" is unlocated.  Invalid locations detected."
68,2024,5,,,,SGIS 생활권역 통계지도 serviceAreaStatistics,https://sgis.mods.go.kr/ServiceAPI/OpenAPI3/catchmentArea/serviceAreaStatistics.json,EPSG:5179,DATA_NOT_AVAILABLE,"Location ""Location 1"" in ""Facilities"" is unlocated.  Invalid locations detected."
68,2024,10,,,,SGIS 생활권역 통계지도 serviceAreaStatistics,https://sgis.mods.go.kr/ServiceAPI/OpenAPI3/catchmentArea/serviceAreaStatistics.json,EPSG:5179,DATA_NOT_AVAILABLE,"Location ""Location 1"" in ""Facilities"" is unlocated.  Invalid locations detected."
69,2024,5,,,,SGIS 생활권역 통계지도 serviceAreaStatistics,https://sgis.mods.go.kr/ServiceAPI/OpenAPI3/catchmentArea/serviceAreaStatistics.json,EPSG:5179,DATA_NOT_AVAILABLE,"Location ""Location 1"" in ""Facilities"" is unlocated.  Invalid locations detected."
69,2024,10,,,,SGIS 생활권역 통계지도 serviceAreaStatistics,https://sgis.mods.go.kr/ServiceAPI/OpenAPI3/catchmentArea/serviceAreaStatistics.json,EPSG:5179,DATA_NOT_AVAILABLE,"Location ""Location 1"" in ""Facilities"" is unlocated.  Invalid locations detected."
70,2024,5,,,,SGIS 생활권역 통계지도 serviceAreaStatistics,https://sgis.mods.go.kr/ServiceAPI/OpenAPI3/catchmentArea/serviceAreaStatistics.json,EPSG:5179,DATA_NOT_AVAILABLE,"Location ""Location 1"" in ""Facilities"" is unlocated.  Invalid locations detected."
70,2024,10,,,,SGIS 생활권역 통계지도 serviceAreaStatistics,https://sgis.mods.go.kr/ServiceAPI/OpenAPI3/catchmentArea/serviceAreaStatistics.json,EPSG:5179,DATA_NOT_AVAILABLE,"Location ""Location 1"" in ""Facilities"" is unlocated.  Invalid locations detected."
71,2024,5,,,,SGIS 생활권역 통계지도 serviceAreaStatistics,https://sgis.mods.go.kr/ServiceAPI/OpenAPI3/catchmentArea/serviceAreaStatistics.json,EPSG:5179,DATA_NOT_AVAILABLE,"Location ""Location 1"" in ""Facilities"" is unlocated.  Invalid locations detected."
71,2024,10,,,,SGIS 생활권역 통계지도 serviceAreaStatistics,https://sgis.mods.go.kr/ServiceAPI/OpenAPI3/catchmentArea/serviceAreaStatistics.json,EPSG:5179,DATA_NOT_AVAILABLE,"Location ""Location 1"" in ""Facilities"" is unlocated.  Invalid locations detected."
72,2024,5,,,,SGIS 생활권역 통계지도 serviceAreaStatistics,https://sgis.mods.go.kr/ServiceAPI/OpenAPI3/catchmentArea/serviceAreaStatistics.json,EPSG:5179,DATA_NOT_AVAILABLE,"Location ""Location 1"" in ""Facilities"" is unlocated.  Invalid locations detected."
72,2024,10,,,,SGIS 생활권역 통계지도 serviceAreaStatistics,https://sgis.mods.go.kr/ServiceAPI/OpenAPI3/catchmentArea/serviceAreaStatistics.json,EPSG:5179,DATA_NOT_AVAILABLE,"Location ""Location 1"" in ""Facilities"" is unlocated.  Invalid locations detected."
73,2024,5,,,,SGIS 생활권역 통계지도 serviceAreaStatistics,https://sgis.mods.go.kr/ServiceAPI/OpenAPI3/catchmentArea/serviceAreaStatistics.json,EPSG:5179,DATA_NOT_AVAILABLE,"Location ""Location 1"" in ""Facilities"" is unlocated.  Invalid locations detected."
73,2024,10,,,,SGIS 생활권역 통계지도 serviceAreaStatistics,https://sgis.mods.go.kr/ServiceAPI/OpenAPI3/catchmentArea/serviceAreaStatistics.json,EPSG:5179,DATA_NOT_AVAILABLE,"Location ""Location 1"" in ""Facilities"" is unlocated.  Invalid locations detected."
75,2024,5,,,,SGIS 생활권역 통계지도 serviceAreaStatistics,https://sgis.mods.go.kr/ServiceAPI/OpenAPI3/catchmentArea/serviceAreaStatistics.json,EPSG:5179,DATA_NOT_AVAILABLE,"Location ""Location 1"" in ""Facilities"" is unlocated.  Invalid locations detected."
75,2024,10,,,,SGIS 생활권역 통계지도 serviceAreaStatistics,https://sgis.mods.go.kr/ServiceAPI/OpenAPI3/catchmentArea/serviceAreaStatistics.json,EPSG:5179,DATA_NOT_AVAILABLE,"Location ""Location 1"" in ""Facilities"" is unlocated.  Invalid locations detected."
77,2024,5,,,,SGIS 생활권역 통계지도 serviceAreaStatistics,https://sgis.mods.go.kr/ServiceAPI/OpenAPI3/catchmentArea/serviceAreaStatistics.json,EPSG:5179,DATA_NOT_AVAILABLE,"Location ""Location 1"" in ""Facilities"" is unlocated.  Invalid locations detected."
77,2024,10,,,,SGIS 생활권역 통계지도 serviceAreaStatistics,https://sgis.mods.go.kr/ServiceAPI/OpenAPI3/catchmentArea/serviceAreaStatistics.json,EPSG:5179,DATA_NOT_AVAILABLE,"Location ""Location 1"" in ""Facilities"" is unlocated.  Invalid locations detected."
80,2024,5,,,,SGIS 생활권역 통계지도 serviceAreaStatistics,https://sgis.mods.go.kr/ServiceAPI/OpenAPI3/catchmentArea/serviceAreaStatistics.json,EPSG:5179,DATA_NOT_AVAILABLE,"Location ""Location 1"" in ""Facilities"" is unlocated.  Invalid locations detected."
80,2024,10,,,,SGIS 생활권역 통계지도 serviceAreaStatistics,https://sgis.mods.go.kr/ServiceAPI/OpenAPI3/catchmentArea/serviceAreaStatistics.json,EPSG:5179,DATA_NOT_AVAILABLE,"Location ""Location 1"" in ""Facilities"" is unlocated.  Invalid locations detected."
83,2024,5,,,,SGIS 생활권역 통계지도 serviceAreaStatistics,https://sgis.mods.go.kr/ServiceAPI/OpenAPI3/catchmentArea/serviceAreaStatistics.json,EPSG:5179,DATA_NOT_AVAILABLE,"Location ""Location 1"" in ""Facilities"" is unlocated.  Invalid locations detected."
83,2024,10,,,,SGIS 생활권역 통계지도 serviceAreaStatistics,https://sgis.mods.go.kr/ServiceAPI/OpenAPI3/catchmentArea/serviceAreaStatistics.json,EPSG:5179,DATA_NOT_AVAILABLE,"Location ""Location 1"" in ""Facilities"" is unlocated.  Invalid locations detected."
85,2024,5,,,,SGIS 생활권역 통계지도 serviceAreaStatistics,https://sgis.mods.go.kr/ServiceAPI/OpenAPI3/catchmentArea/serviceAreaStatistics.json,EPSG:5179,DATA_NOT_AVAILABLE,"Location ""Location 1"" in ""Facilities"" is unlocated.  Invalid locations detected."
85,2024,10,,,,SGIS 생활권역 통계지도 serviceAreaStatistics,https://sgis.mods.go.kr/ServiceAPI/OpenAPI3/catchmentArea/serviceAreaStatistics.json,EPSG:5179,DATA_NOT_AVAILABLE,"Location ""Location 1"" in ""Facilities"" is unlocated.  Invalid locations detected."
87,2024,5,,,,SGIS 생활권역 통계지도 serviceAreaStatistics,https://sgis.mods.go.kr/ServiceAPI/OpenAPI3/catchmentArea/serviceAreaStatistics.json,EPSG:5179,DATA_NOT_AVAILABLE,"Location ""Location 1"" in ""Facilities"" is unlocated.  Invalid locations detected."
87,2024,10,,,,SGIS 생활권역 통계지도 serviceAreaStatistics,https://sgis.mods.go.kr/ServiceAPI/OpenAPI3/catchmentArea/serviceAreaStatistics.json,EPSG:5179,DATA_NOT_AVAILABLE,"Location ""Location 1"" in ""Facilities"" is unlocated.  Invalid locations detected."
88,2024,5,,,,SGIS 생활권역 통계지도 serviceAreaStatistics,https://sgis.mods.go.kr/ServiceAPI/OpenAPI3/catchmentArea/serviceAreaStatistics.json,EPSG:5179,DATA_NOT_AVAILABLE,"Location ""Location 1"" in ""Facilities"" is unlocated.  Invalid locations detected."
88,2024,10,,,,SGIS 생활권역 통계지도 serviceAreaStatistics,https://sgis.mods.go.kr/ServiceAPI/OpenAPI3/catchmentArea/serviceAreaStatistics.json,EPSG:5179,DATA_NOT_AVAILABLE,"Location ""Location 1"" in ""Facilities"" is unlocated.  Invalid locations detected."
89,2024,5,,,,SGIS 생활권역 통계지도 serviceAreaStatistics,https://sgis.mods.go.kr/ServiceAPI/OpenAPI3/catchmentArea/serviceAreaStatistics.json,EPSG:5179,DATA_NOT_AVAILABLE,"Location ""Location 1"" in ""Facilities"" is unlocated.  Invalid locations detected."
89,2024,10,,,,SGIS 생활권역 통계지도 serviceAreaStatistics,https://sgis.mods.go.kr/ServiceAPI/OpenAPI3/catchmentArea/serviceAreaStatistics.json,EPSG:5179,DATA_NOT_AVAILABLE,"Location ""Location 1"" in ""Facilities"" is unlocated.  Invalid locations detected."
94,2024,5,,,,SGIS 생활권역 통계지도 serviceAreaStatistics,https://sgis.mods.go.kr/ServiceAPI/OpenAPI3/catchmentArea/serviceAreaStatistics.json,EPSG:5179,DATA_NOT_AVAILABLE,"Location ""Location 1"" in ""Facilities"" is unlocated.  Invalid locations detected."
94,2024,10,,,,SGIS 생활권역 통계지도 serviceAreaStatistics,https://sgis.mods.go.kr/ServiceAPI/OpenAPI3/catchmentArea/serviceAreaStatistics.json,EPSG:5179,DATA_NOT_AVAILABLE,"Location ""Location 1"" in ""Facilities"" is unlocated.  Invalid locations detected."
95,2024,5,,,,SGIS 생활권역 통계지도 serviceAreaStatistics,https://sgis.mods.go.kr/ServiceAPI/OpenAPI3/catchmentArea/serviceAreaStatistics.json,EPSG:5179,DATA_NOT_AVAILABLE,"Location ""Location 1"" in ""Facilities"" is unlocated.  Invalid locations detected."
95,2024,10,,,,SGIS 생활권역 통계지도 serviceAreaStatistics,https://sgis.mods.go.kr/ServiceAPI/OpenAPI3/catchmentArea/serviceAreaStatistics.json,EPSG:5179,DATA_NOT_AVAILABLE,"Location ""Location 1"" in ""Facilities"" is unlocated.  Invalid locations detected."
99,2024,5,,,,SGIS 생활권역 통계지도 serviceAreaStatistics,https://sgis.mods.go.kr/ServiceAPI/OpenAPI3/catchmentArea/serviceAreaStatistics.json,EPSG:5179,DATA_NOT_AVAILABLE,"Location ""Location 1"" in ""Facilities"" is unlocated.  Invalid locations detected."
99,2024,10,,,,SGIS 생활권역 통계지도 serviceAreaStatistics,https://sgis.mods.go.kr/ServiceAPI/OpenAPI3/catchmentArea/serviceAreaStatistics.json,EPSG:5179,DATA_NOT_AVAILABLE,"Location ""Location 1"" in ""Facilities"" is unlocated.  Invalid locations detected."
102,2024,5,,,,SGIS 생활권역 통계지도 serviceAreaStatistics,https://sgis.mods.go.kr/ServiceAPI/OpenAPI3/catchmentArea/serviceAreaStatistics.json,EPSG:5179,DATA_NOT_AVAILABLE,"Location ""Location 1"" in ""Facilities"" is unlocated.  Invalid locations detected."
102,2024,10,,,,SGIS 생활권역 통계지도 serviceAreaStatistics,https://sgis.mods.go.kr/ServiceAPI/OpenAPI3/catchmentArea/serviceAreaStatistics.json,EPSG:5179,DATA_NOT_AVAILABLE,"Location ""Location 1"" in ""Facilities"" is unlocated.  Invalid locations detected."
103,2024,5,,,,SGIS 생활권역 통계지도 serviceAreaStatistics,https://sgis.mods.go.kr/ServiceAPI/OpenAPI3/catchmentArea/serviceAreaStatistics.json,EPSG:5179,DATA_NOT_AVAILABLE,"Location ""Location 1"" in ""Facilities"" is unlocated.  Invalid locations detected."
103,2024,10,,,,SGIS 생활권역 통계지도 serviceAreaStatistics,https://sgis.mods.go.kr/ServiceAPI/OpenAPI3/catchmentArea/serviceAreaStatistics.json,EPSG:5179,DATA_NOT_AVAILABLE,"Location ""Location 1"" in ""Facilities"" is unlocated.  Invalid locations detected."
189,2024,5,,,,SGIS 생활권역 통계지도 serviceAreaStatistics,https://sgis.mods.go.kr/ServiceAPI/OpenAPI3/catchmentArea/serviceAreaStatistics.json,EPSG:5179,DATA_NOT_AVAILABLE,"Location ""Location 1"" in ""Facilities"" is unlocated.  Invalid locations detected."
189,2024,10,,,,SGIS 생활권역 통계지도 serviceAreaStatistics,https://sgis.mods.go.kr/ServiceAPI/OpenAPI3/catchmentArea/serviceAreaStatistics.json,EPSG:5179,DATA_NOT_AVAILABLE,"Location ""Location 1"" in ""Facilities"" is unlocated.  Invalid locations detected."
191,2024,5,,,,SGIS 생활권역 통계지도 serviceAreaStatistics,https://sgis.mods.go.kr/ServiceAPI/OpenAPI3/catchmentArea/serviceAreaStatistics.json,EPSG:5179,DATA_NOT_AVAILABLE,"Location ""Location 1"" in ""Facilities"" is unlocated.  Invalid locations detected."
191,2024,10,,,,SGIS 생활권역 통계지도 serviceAreaStatistics,https://sgis.mods.go.kr/ServiceAPI/OpenAPI3/catchmentArea/serviceAreaStatistics.json,EPSG:5179,DATA_NOT_AVAILABLE,"Location ""Location 1"" in ""Facilities"" is unlocated.  Invalid locations detected."
192,2024,5,,,,SGIS 생활권역 통계지도 serviceAreaStatistics,https://sgis.mods.go.kr/ServiceAPI/OpenAPI3/catchmentArea/serviceAreaStatistics.json,EPSG:5179,DATA_NOT_AVAILABLE,"Location ""Location 1"" in ""Facilities"" is unlocated.  Invalid locations detected."
192,2024,10,,,,SGIS 생활권역 통계지도 serviceAreaStatistics,https://sgis.mods.go.kr/ServiceAPI/OpenAPI3/catchmentArea/serviceAreaStatistics.json,EPSG:5179,DATA_NOT_AVAILABLE,"Location ""Location 1"" in ""Facilities"" is unlocated.  Invalid locations detected."
195,2024,5,,,,SGIS 생활권역 통계지도 serviceAreaStatistics,https://sgis.mods.go.kr/ServiceAPI/OpenAPI3/catchmentArea/serviceAreaStatistics.json,EPSG:5179,DATA_NOT_AVAILABLE,"Location ""Location 1"" in ""Facilities"" is unlocated.  Invalid locations detected."
195,2024,10,,,,SGIS 생활권역 통계지도 serviceAreaStatistics,https://sgis.mods.go.kr/ServiceAPI/OpenAPI3/catchmentArea/serviceAreaStatistics.json,EPSG:5179,DATA_NOT_AVAILABLE,"Location ""Location 1"" in ""Facilities"" is unlocated.  Invalid locations detected."
196,2024,5,,,,SGIS 생활권역 통계지도 serviceAreaStatistics,https://sgis.mods.go.kr/ServiceAPI/OpenAPI3/catchmentArea/serviceAreaStatistics.json,EPSG:5179,DATA_NOT_AVAILABLE,"Location ""Location 1"" in ""Facilities"" is unlocated.  Invalid locations detected."
196,2024,10,,,,SGIS 생활권역 통계지도 serviceAreaStatistics,https://sgis.mods.go.kr/ServiceAPI/OpenAPI3/catchmentArea/serviceAreaStatistics.json,EPSG:5179,DATA_NOT_AVAILABLE,"Location ""Location 1"" in ""Facilities"" is unlocated.  Invalid locations detected."
198,2024,5,,,,SGIS 생활권역 통계지도 serviceAreaStatistics,https://sgis.mods.go.kr/ServiceAPI/OpenAPI3/catchmentArea/serviceAreaStatistics.json,EPSG:5179,DATA_NOT_AVAILABLE,"Location ""Location 1"" in ""Facilities"" is unlocated.  Invalid locations detected."
198,2024,10,,,,SGIS 생활권역 통계지도 serviceAreaStatistics,https://sgis.mods.go.kr/ServiceAPI/OpenAPI3/catchmentArea/serviceAreaStatistics.json,EPSG:5179,DATA_NOT_AVAILABLE,"Location ""Location 1"" in ""Facilities"" is unlocated.  Invalid locations detected."
213,2024,5,33.0,41.0,488125.0,SGIS 생활권역 통계지도 serviceAreaStatistics,https://sgis.mods.go.kr/ServiceAPI/OpenAPI3/catchmentArea/serviceAreaStatistics.json,EPSG:5179,AVAILABLE,
213,2024,10,203.0,204.0,1373438.0,SGIS 생활권역 통계지도 serviceAreaStatistics,https://sgis.mods.go.kr/ServiceAPI/OpenAPI3/catchmentArea/serviceAreaStatistics.json,EPSG:5179,AVAILABLE,
214,2024,5,13.0,28.0,269063.0,SGIS 생활권역 통계지도 serviceAreaStatistics,https://sgis.mods.go.kr/ServiceAPI/OpenAPI3/catchmentArea/serviceAreaStatistics.json,EPSG:5179,AVAILABLE,
214,2024,10,173.0,179.0,1100000.0,SGIS 생활권역 통계지도 serviceAreaStatistics,https://sgis.mods.go.kr/ServiceAPI/OpenAPI3/catchmentArea/serviceAreaStatistics.json,EPSG:5179,AVAILABLE,
215,2024,5,,,,SGIS 생활권역 통계지도 serviceAreaStatistics,https://sgis.mods.go.kr/ServiceAPI/OpenAPI3/catchmentArea/serviceAreaStatistics.json,EPSG:5179,DATA_NOT_AVAILABLE,"Location ""Location 1"" in ""Facilities"" is unlocated.  Invalid locations detected."
215,2024,10,,,,SGIS 생활권역 통계지도 serviceAreaStatistics,https://sgis.mods.go.kr/ServiceAPI/OpenAPI3/catchmentArea/serviceAreaStatistics.json,EPSG:5179,DATA_NOT_AVAILABLE,"Location ""Location 1"" in ""Facilities"" is unlocated.  Invalid locations detected."
216,2024,5,,,,SGIS 생활권역 통계지도 serviceAreaStatistics,https://sgis.mods.go.kr/ServiceAPI/OpenAPI3/catchmentArea/serviceAreaStatistics.json,EPSG:5179,DATA_NOT_AVAILABLE,"Location ""Location 1"" in ""Facilities"" is unlocated.  Invalid locations detected."
216,2024,10,,,,SGIS 생활권역 통계지도 serviceAreaStatistics,https://sgis.mods.go.kr/ServiceAPI/OpenAPI3/catchmentArea/serviceAreaStatistics.json,EPSG:5179,DATA_NOT_AVAILABLE,"Location ""Location 1"" in ""Facilities"" is unlocated.  Invalid locations detected."
217,2024,5,,,,SGIS 생활권역 통계지도 serviceAreaStatistics,https://sgis.mods.go.kr/ServiceAPI/OpenAPI3/catchmentArea/serviceAreaStatistics.json,EPSG:5179,DATA_NOT_AVAILABLE,"Location ""Location 1"" in ""Facilities"" is unlocated.  Invalid locations detected."
217,2024,10,,,,SGIS 생활권역 통계지도 serviceAreaStatistics,https://sgis.mods.go.kr/ServiceAPI/OpenAPI3/catchmentArea/serviceAreaStatistics.json,EPSG:5179,DATA_NOT_AVAILABLE,"Location ""Location 1"" in ""Facilities"" is unlocated.  Invalid locations detected."
218,2024,5,,,209375.0,SGIS 생활권역 통계지도 serviceAreaStatistics,https://sgis.mods.go.kr/ServiceAPI/OpenAPI3/catchmentArea/serviceAreaStatistics.json,EPSG:5179,DATA_NOT_AVAILABLE,
218,2024,10,28.0,36.0,393750.0,SGIS 생활권역 통계지도 serviceAreaStatistics,https://sgis.mods.go.kr/ServiceAPI/OpenAPI3/catchmentArea/serviceAreaStatistics.json,EPSG:5179,AVAILABLE,
219,2024,5,,,426563.0,SGIS 생활권역 통계지도 serviceAreaStatistics,https://sgis.mods.go.kr/ServiceAPI/OpenAPI3/catchmentArea/serviceAreaStatistics.json,EPSG:5179,DATA_NOT_AVAILABLE,
219,2024,10,5.0,5.0,840625.0,SGIS 생활권역 통계지도 serviceAreaStatistics,https://sgis.mods.go.kr/ServiceAPI/OpenAPI3/catchmentArea/serviceAreaStatistics.json,EPSG:5179,AVAILABLE,
220,2024,5,93.0,97.0,490313.0,SGIS 생활권역 통계지도 serviceAreaStatistics,https://sgis.mods.go.kr/ServiceAPI/OpenAPI3/catchmentArea/serviceAreaStatistics.json,EPSG:5179,AVAILABLE,
220,2024,10,228.0,236.0,2275000.0,SGIS 생활권역 통계지도 serviceAreaStatistics,https://sgis.mods.go.kr/ServiceAPI/OpenAPI3/catchmentArea/serviceAreaStatistics.json,EPSG:5179,AVAILABLE,
221,2024,5,,,,SGIS 생활권역 통계지도 serviceAreaStatistics,https://sgis.mods.go.kr/ServiceAPI/OpenAPI3/catchmentArea/serviceAreaStatistics.json,EPSG:5179,DATA_NOT_AVAILABLE,"Location ""Location 1"" in ""Facilities"" is unlocated.  Invalid locations detected."
221,2024,10,,,,SGIS 생활권역 통계지도 serviceAreaStatistics,https://sgis.mods.go.kr/ServiceAPI/OpenAPI3/catchmentArea/serviceAreaStatistics.json,EPSG:5179,DATA_NOT_AVAILABLE,"Location ""Location 1"" in ""Facilities"" is unlocated.  Invalid locations detected."
222,2024,5,,,,SGIS 생활권역 통계지도 serviceAreaStatistics,https://sgis.mods.go.kr/ServiceAPI/OpenAPI3/catchmentArea/serviceAreaStatistics.json,EPSG:5179,DATA_NOT_AVAILABLE,"Location ""Location 1"" in ""Facilities"" is unlocated.  Invalid locations detected."
222,2024,10,,,,SGIS 생활권역 통계지도 serviceAreaStatistics,https://sgis.mods.go.kr/ServiceAPI/OpenAPI3/catchmentArea/serviceAreaStatistics.json,EPSG:5179,DATA_NOT_AVAILABLE,"Location ""Location 1"" in ""Facilities"" is unlocated.  Invalid locations detected."
223,2024,5,88.0,95.0,354375.0,SGIS 생활권역 통계지도 serviceAreaStatistics,https://sgis.mods.go.kr/ServiceAPI/OpenAPI3/catchmentArea/serviceAreaStatistics.json,EPSG:5179,AVAILABLE,
223,2024,10,123.0,141.0,1116250.0,SGIS 생활권역 통계지도 serviceAreaStatistics,https://sgis.mods.go.kr/ServiceAPI/OpenAPI3/catchmentArea/serviceAreaStatistics.json,EPSG:5179,AVAILABLE,
224,2024,5,,,,SGIS 생활권역 통계지도 serviceAreaStatistics,https://sgis.mods.go.kr/ServiceAPI/OpenAPI3/catchmentArea/serviceAreaStatistics.json,EPSG:5179,DATA_NOT_AVAILABLE,"Location ""Location 1"" in ""Facilities"" is unlocated.  Invalid locations detected."
224,2024,10,,,,SGIS 생활권역 통계지도 serviceAreaStatistics,https://sgis.mods.go.kr/ServiceAPI/OpenAPI3/catchmentArea/serviceAreaStatistics.json,EPSG:5179,DATA_NOT_AVAILABLE,"Location ""Location 1"" in ""Facilities"" is unlocated.  Invalid locations detected."
225,2024,5,,,,SGIS 생활권역 통계지도 serviceAreaStatistics,https://sgis.mods.go.kr/ServiceAPI/OpenAPI3/catchmentArea/serviceAreaStatistics.json,EPSG:5179,DATA_NOT_AVAILABLE,"Location ""Location 1"" in ""Facilities"" is unlocated.  Invalid locations detected."
225,2024,10,,,,SGIS 생활권역 통계지도 serviceAreaStatistics,https://sgis.mods.go.kr/ServiceAPI/OpenAPI3/catchmentArea/serviceAreaStatistics.json,EPSG:5179,DATA_NOT_AVAILABLE,"Location ""Location 1"" in ""Facilities"" is unlocated.  Invalid locations detected."
227,2024,5,,,,SGIS 생활권역 통계지도 serviceAreaStatistics,https://sgis.mods.go.kr/ServiceAPI/OpenAPI3/catchmentArea/serviceAreaStatistics.json,EPSG:5179,DATA_NOT_AVAILABLE,"Location ""Location 1"" in ""Facilities"" is unlocated.  Invalid locations detected."
227,2024,10,,,,SGIS 생활권역 통계지도 serviceAreaStatistics,https://sgis.mods.go.kr/ServiceAPI/OpenAPI3/catchmentArea/serviceAreaStatistics.json,EPSG:5179,DATA_NOT_AVAILABLE,"Location ""Location 1"" in ""Facilities"" is unlocated.  Invalid locations detected."
228,2024,5,108.0,115.0,467500.0,SGIS 생활권역 통계지도 serviceAreaStatistics,https://sgis.mods.go.kr/ServiceAPI/OpenAPI3/catchmentArea/serviceAreaStatistics.json,EPSG:5179,AVAILABLE,
228,2024,10,223.0,226.0,1855313.0,SGIS 생활권역 통계지도 serviceAreaStatistics,https://sgis.mods.go.kr/ServiceAPI/OpenAPI3/catchmentArea/serviceAreaStatistics.json,EPSG:5179,AVAILABLE,
229,2024,5,188.0,191.0,848438.0,SGIS 생활권역 통계지도 serviceAreaStatistics,https://sgis.mods.go.kr/ServiceAPI/OpenAPI3/catchmentArea/serviceAreaStatistics.json,EPSG:5179,AVAILABLE,
229,2024,10,743.0,747.0,4535313.0,SGIS 생활권역 통계지도 serviceAreaStatistics,https://sgis.mods.go.kr/ServiceAPI/OpenAPI3/catchmentArea/serviceAreaStatistics.json,EPSG:5179,AVAILABLE,
230,2024,5,92.0,92.0,700938.0,SGIS 생활권역 통계지도 serviceAreaStatistics,https://sgis.mods.go.kr/ServiceAPI/OpenAPI3/catchmentArea/serviceAreaStatistics.json,EPSG:5179,AVAILABLE,
230,2024,10,508.0,502.0,2758750.0,SGIS 생활권역 통계지도 serviceAreaStatistics,https://sgis.mods.go.kr/ServiceAPI/OpenAPI3/catchmentArea/serviceAreaStatistics.json,EPSG:5179,AVAILABLE,
231,2024,5,,,,SGIS 생활권역 통계지도 serviceAreaStatistics,https://sgis.mods.go.kr/ServiceAPI/OpenAPI3/catchmentArea/serviceAreaStatistics.json,EPSG:5179,DATA_NOT_AVAILABLE,"Location ""Location 1"" in ""Facilities"" is unlocated.  Invalid locations detected."
231,2024,10,,,,SGIS 생활권역 통계지도 serviceAreaStatistics,https://sgis.mods.go.kr/ServiceAPI/OpenAPI3/catchmentArea/serviceAreaStatistics.json,EPSG:5179,DATA_NOT_AVAILABLE,"Location ""Location 1"" in ""Facilities"" is unlocated.  Invalid locations detected."
232,2024,5,83.0,87.0,264063.0,SGIS 생활권역 통계지도 serviceAreaStatistics,https://sgis.mods.go.kr/ServiceAPI/OpenAPI3/catchmentArea/serviceAreaStatistics.json,EPSG:5179,AVAILABLE,
232,2024,10,138.0,150.0,1155938.0,SGIS 생활권역 통계지도 serviceAreaStatistics,https://sgis.mods.go.kr/ServiceAPI/OpenAPI3/catchmentArea/serviceAreaStatistics.json,EPSG:5179,AVAILABLE,
233,2024,5,,,,SGIS 생활권역 통계지도 serviceAreaStatistics,https://sgis.mods.go.kr/ServiceAPI/OpenAPI3/catchmentArea/serviceAreaStatistics.json,EPSG:5179,DATA_NOT_AVAILABLE,"Location ""Location 1"" in ""Facilities"" is unlocated.  Invalid locations detected."
233,2024,10,,,,SGIS 생활권역 통계지도 serviceAreaStatistics,https://sgis.mods.go.kr/ServiceAPI/OpenAPI3/catchmentArea/serviceAreaStatistics.json,EPSG:5179,DATA_NOT_AVAILABLE,"Location ""Location 1"" in ""Facilities"" is unlocated.  Invalid locations detected."
234,2024,5,,,,SGIS 생활권역 통계지도 serviceAreaStatistics,https://sgis.mods.go.kr/ServiceAPI/OpenAPI3/catchmentArea/serviceAreaStatistics.json,EPSG:5179,DATA_NOT_AVAILABLE,"Location ""Location 1"" in ""Facilities"" is unlocated.  Invalid locations detected."
234,2024,10,,,,SGIS 생활권역 통계지도 serviceAreaStatistics,https://sgis.mods.go.kr/ServiceAPI/OpenAPI3/catchmentArea/serviceAreaStatistics.json,EPSG:5179,DATA_NOT_AVAILABLE,"Location ""Location 1"" in ""Facilities"" is unlocated.  Invalid locations detected."
235,2024,5,63.0,70.0,481875.0,SGIS 생활권역 통계지도 serviceAreaStatistics,https://sgis.mods.go.kr/ServiceAPI/OpenAPI3/catchmentArea/serviceAreaStatistics.json,EPSG:5179,AVAILABLE,
235,2024,10,188.0,191.0,1637500.0,SGIS 생활권역 통계지도 serviceAreaStatistics,https://sgis.mods.go.kr/ServiceAPI/OpenAPI3/catchmentArea/serviceAreaStatistics.json,EPSG:5179,AVAILABLE,
236,2024,5,,,,SGIS 생활권역 통계지도 serviceAreaStatistics,https://sgis.mods.go.kr/ServiceAPI/OpenAPI3/catchmentArea/serviceAreaStatistics.json,EPSG:5179,DATA_NOT_AVAILABLE,"Location ""Location 1"" in ""Facilities"" is unlocated.  Invalid locations detected."
236,2024,10,,,,SGIS 생활권역 통계지도 serviceAreaStatistics,https://sgis.mods.go.kr/ServiceAPI/OpenAPI3/catchmentArea/serviceAreaStatistics.json,EPSG:5179,DATA_NOT_AVAILABLE,"Location ""Location 1"" in ""Facilities"" is unlocated.  Invalid locations detected."
237,2024,5,,,,SGIS 생활권역 통계지도 serviceAreaStatistics,https://sgis.mods.go.kr/ServiceAPI/OpenAPI3/catchmentArea/serviceAreaStatistics.json,EPSG:5179,DATA_NOT_AVAILABLE,"Location ""Location 1"" in ""Facilities"" is unlocated.  Invalid locations detected."
237,2024,10,,,,SGIS 생활권역 통계지도 serviceAreaStatistics,https://sgis.mods.go.kr/ServiceAPI/OpenAPI3/catchmentArea/serviceAreaStatistics.json,EPSG:5179,DATA_NOT_AVAILABLE,"Location ""Location 1"" in ""Facilities"" is unlocated.  Invalid locations detected."
238,2024,5,48.0,60.0,333438.0,SGIS 생활권역 통계지도 serviceAreaStatistics,https://sgis.mods.go.kr/ServiceAPI/OpenAPI3/catchmentArea/serviceAreaStatistics.json,EPSG:5179,AVAILABLE,
238,2024,10,88.0,90.0,958750.0,SGIS 생활권역 통계지도 serviceAreaStatistics,https://sgis.mods.go.kr/ServiceAPI/OpenAPI3/catchmentArea/serviceAreaStatistics.json,EPSG:5179,AVAILABLE,
239,2024,5,,,,SGIS 생활권역 통계지도 serviceAreaStatistics,https://sgis.mods.go.kr/ServiceAPI/OpenAPI3/catchmentArea/serviceAreaStatistics.json,EPSG:5179,DATA_NOT_AVAILABLE,"Location ""Location 1"" in ""Facilities"" is unlocated.  Invalid locations detected."
239,2024,10,,,,SGIS 생활권역 통계지도 serviceAreaStatistics,https://sgis.mods.go.kr/ServiceAPI/OpenAPI3/catchmentArea/serviceAreaStatistics.json,EPSG:5179,DATA_NOT_AVAILABLE,"Location ""Location 1"" in ""Facilities"" is unlocated.  Invalid locations detected."
240,2024,5,,,,SGIS 생활권역 통계지도 serviceAreaStatistics,https://sgis.mods.go.kr/ServiceAPI/OpenAPI3/catchmentArea/serviceAreaStatistics.json,EPSG:5179,DATA_NOT_AVAILABLE,"Location ""Location 1"" in ""Facilities"" is unlocated.  Invalid locations detected."
240,2024,10,,,,SGIS 생활권역 통계지도 serviceAreaStatistics,https://sgis.mods.go.kr/ServiceAPI/OpenAPI3/catchmentArea/serviceAreaStatistics.json,EPSG:5179,DATA_NOT_AVAILABLE,"Location ""Location 1"" in ""Facilities"" is unlocated.  Invalid locations detected."
241,2024,5,13.0,26.0,363438.0,SGIS 생활권역 통계지도 serviceAreaStatistics,https://sgis.mods.go.kr/ServiceAPI/OpenAPI3/catchmentArea/serviceAreaStatistics.json,EPSG:5179,AVAILABLE,
241,2024,10,98.0,105.0,943750.0,SGIS 생활권역 통계지도 serviceAreaStatistics,https://sgis.mods.go.kr/ServiceAPI/OpenAPI3/catchmentArea/serviceAreaStatistics.json,EPSG:5179,AVAILABLE,
242,2024,5,,,,SGIS 생활권역 통계지도 serviceAreaStatistics,https://sgis.mods.go.kr/ServiceAPI/OpenAPI3/catchmentArea/serviceAreaStatistics.json,EPSG:5179,DATA_NOT_AVAILABLE,"Location ""Location 1"" in ""Facilities"" is unlocated.  Invalid locations detected."
242,2024,10,,,,SGIS 생활권역 통계지도 serviceAreaStatistics,https://sgis.mods.go.kr/ServiceAPI/OpenAPI3/catchmentArea/serviceAreaStatistics.json,EPSG:5179,DATA_NOT_AVAILABLE,"Location ""Location 1"" in ""Facilities"" is unlocated.  Invalid locations detected."
243,2024,5,,,,SGIS 생활권역 통계지도 serviceAreaStatistics,https://sgis.mods.go.kr/ServiceAPI/OpenAPI3/catchmentArea/serviceAreaStatistics.json,EPSG:5179,DATA_NOT_AVAILABLE,"Location ""Location 1"" in ""Facilities"" is unlocated.  Invalid locations detected."
243,2024,10,,,,SGIS 생활권역 통계지도 serviceAreaStatistics,https://sgis.mods.go.kr/ServiceAPI/OpenAPI3/catchmentArea/serviceAreaStatistics.json,EPSG:5179,DATA_NOT_AVAILABLE,"Location ""Location 1"" in ""Facilities"" is unlocated.  Invalid locations detected."
244,2024,5,,,,SGIS 생활권역 통계지도 serviceAreaStatistics,https://sgis.mods.go.kr/ServiceAPI/OpenAPI3/catchmentArea/serviceAreaStatistics.json,EPSG:5179,DATA_NOT_AVAILABLE,"Location ""Location 1"" in ""Facilities"" is unlocated.  Invalid locations detected."
244,2024,10,,,,SGIS 생활권역 통계지도 serviceAreaStatistics,https://sgis.mods.go.kr/ServiceAPI/OpenAPI3/catchmentArea/serviceAreaStatistics.json,EPSG:5179,DATA_NOT_AVAILABLE,"Location ""Location 1"" in ""Facilities"" is unlocated.  Invalid locations detected."
245,2024,5,5.0,5.0,200938.0,SGIS 생활권역 통계지도 serviceAreaStatistics,https://sgis.mods.go.kr/ServiceAPI/OpenAPI3/catchmentArea/serviceAreaStatistics.json,EPSG:5179,AVAILABLE,
245,2024,10,13.0,15.0,391875.0,SGIS 생활권역 통계지도 serviceAreaStatistics,https://sgis.mods.go.kr/ServiceAPI/OpenAPI3/catchmentArea/serviceAreaStatistics.json,EPSG:5179,AVAILABLE,
246,2024,5,,,226563.0,SGIS 생활권역 통계지도 serviceAreaStatistics,https://sgis.mods.go.kr/ServiceAPI/OpenAPI3/catchmentArea/serviceAreaStatistics.json,EPSG:5179,DATA_NOT_AVAILABLE,
246,2024,10,0.0,0.0,432500.0,SGIS 생활권역 통계지도 serviceAreaStatistics,https://sgis.mods.go.kr/ServiceAPI/OpenAPI3/catchmentArea/serviceAreaStatistics.json,EPSG:5179,AVAILABLE,
247,2024,5,,,,SGIS 생활권역 통계지도 serviceAreaStatistics,https://sgis.mods.go.kr/ServiceAPI/OpenAPI3/catchmentArea/serviceAreaStatistics.json,EPSG:5179,DATA_NOT_AVAILABLE,"Location ""Location 1"" in ""Facilities"" is unlocated.  Invalid locations detected."
247,2024,10,,,,SGIS 생활권역 통계지도 serviceAreaStatistics,https://sgis.mods.go.kr/ServiceAPI/OpenAPI3/catchmentArea/serviceAreaStatistics.json,EPSG:5179,DATA_NOT_AVAILABLE,"Location ""Location 1"" in ""Facilities"" is unlocated.  Invalid locations detected."
248,2024,5,73.0,83.0,795313.0,SGIS 생활권역 통계지도 serviceAreaStatistics,https://sgis.mods.go.kr/ServiceAPI/OpenAPI3/catchmentArea/serviceAreaStatistics.json,EPSG:5179,AVAILABLE,
248,2024,10,193.0,201.0,1811563.0,SGIS 생활권역 통계지도 serviceAreaStatistics,https://sgis.mods.go.kr/ServiceAPI/OpenAPI3/catchmentArea/serviceAreaStatistics.json,EPSG:5179,AVAILABLE,
249,2024,5,,,,SGIS 생활권역 통계지도 serviceAreaStatistics,https://sgis.mods.go.kr/ServiceAPI/OpenAPI3/catchmentArea/serviceAreaStatistics.json,EPSG:5179,DATA_NOT_AVAILABLE,"Location ""Location 1"" in ""Facilities"" is unlocated.  Invalid locations detected."
249,2024,10,,,,SGIS 생활권역 통계지도 serviceAreaStatistics,https://sgis.mods.go.kr/ServiceAPI/OpenAPI3/catchmentArea/serviceAreaStatistics.json,EPSG:5179,DATA_NOT_AVAILABLE,"Location ""Location 1"" in ""Facilities"" is unlocated.  Invalid locations detected."
250,2024,5,,,,SGIS 생활권역 통계지도 serviceAreaStatistics,https://sgis.mods.go.kr/ServiceAPI/OpenAPI3/catchmentArea/serviceAreaStatistics.json,EPSG:5179,DATA_NOT_AVAILABLE,"Location ""Location 1"" in ""Facilities"" is unlocated.  Invalid locations detected."
250,2024,10,,,,SGIS 생활권역 통계지도 serviceAreaStatistics,https://sgis.mods.go.kr/ServiceAPI/OpenAPI3/catchmentArea/serviceAreaStatistics.json,EPSG:5179,DATA_NOT_AVAILABLE,"Location ""Location 1"" in ""Facilities"" is unlocated.  Invalid locations detected."
251,2024,5,58.0,73.0,633750.0,SGIS 생활권역 통계지도 serviceAreaStatistics,https://sgis.mods.go.kr/ServiceAPI/OpenAPI3/catchmentArea/serviceAreaStatistics.json,EPSG:5179,AVAILABLE,
251,2024,10,98.0,103.0,1364063.0,SGIS 생활권역 통계지도 serviceAreaStatistics,https://sgis.mods.go.kr/ServiceAPI/OpenAPI3/catchmentArea/serviceAreaStatistics.json,EPSG:5179,AVAILABLE,
380,2024,5,,,,SGIS 생활권역 통계지도 serviceAreaStatistics,https://sgis.mods.go.kr/ServiceAPI/OpenAPI3/catchmentArea/serviceAreaStatistics.json,EPSG:5179,DATA_NOT_AVAILABLE,"Location ""Location 1"" in ""Facilities"" is unlocated.  Invalid locations detected."
380,2024,10,,,,SGIS 생활권역 통계지도 serviceAreaStatistics,https://sgis.mods.go.kr/ServiceAPI/OpenAPI3/catchmentArea/serviceAreaStatistics.json,EPSG:5179,DATA_NOT_AVAILABLE,"Location ""Location 1"" in ""Facilities"" is unlocated.  Invalid locations detected."
381,2024,5,53.0,59.0,651250.0,SGIS 생활권역 통계지도 serviceAreaStatistics,https://sgis.mods.go.kr/ServiceAPI/OpenAPI3/catchmentArea/serviceAreaStatistics.json,EPSG:5179,AVAILABLE,
381,2024,10,113.0,120.0,1498438.0,SGIS 생활권역 통계지도 serviceAreaStatistics,https://sgis.mods.go.kr/ServiceAPI/OpenAPI3/catchmentArea/serviceAreaStatistics.json,EPSG:5179,AVAILABLE,
382,2024,5,128.0,144.0,1183750.0,SGIS 생활권역 통계지도 serviceAreaStatistics,https://sgis.mods.go.kr/ServiceAPI/OpenAPI3/catchmentArea/serviceAreaStatistics.json,EPSG:5179,AVAILABLE,
382,2024,10,463.0,464.0,5487500.0,SGIS 생활권역 통계지도 serviceAreaStatistics,https://sgis.mods.go.kr/ServiceAPI/OpenAPI3/catchmentArea/serviceAreaStatistics.json,EPSG:5179,AVAILABLE,
383,2024,5,33.0,41.0,448125.0,SGIS 생활권역 통계지도 serviceAreaStatistics,https://sgis.mods.go.kr/ServiceAPI/OpenAPI3/catchmentArea/serviceAreaStatistics.json,EPSG:5179,AVAILABLE,
383,2024,10,128.0,139.0,2407188.0,SGIS 생활권역 통계지도 serviceAreaStatistics,https://sgis.mods.go.kr/ServiceAPI/OpenAPI3/catchmentArea/serviceAreaStatistics.json,EPSG:5179,AVAILABLE,
384,2024,5,8.0,13.0,315938.0,SGIS 생활권역 통계지도 serviceAreaStatistics,https://sgis.mods.go.kr/ServiceAPI/OpenAPI3/catchmentArea/serviceAreaStatistics.json,EPSG:5179,AVAILABLE,
384,2024,10,63.0,72.0,964375.0,SGIS 생활권역 통계지도 serviceAreaStatistics,https://sgis.mods.go.kr/ServiceAPI/OpenAPI3/catchmentArea/serviceAreaStatistics.json,EPSG:5179,AVAILABLE,
385,2024,5,83.0,90.0,574688.0,SGIS 생활권역 통계지도 serviceAreaStatistics,https://sgis.mods.go.kr/ServiceAPI/OpenAPI3/catchmentArea/serviceAreaStatistics.json,EPSG:5179,AVAILABLE,
385,2024,10,448.0,452.0,3115313.0,SGIS 생활권역 통계지도 serviceAreaStatistics,https://sgis.mods.go.kr/ServiceAPI/OpenAPI3/catchmentArea/serviceAreaStatistics.json,EPSG:5179,AVAILABLE,
386,2024,5,58.0,65.0,470313.0,SGIS 생활권역 통계지도 serviceAreaStatistics,https://sgis.mods.go.kr/ServiceAPI/OpenAPI3/catchmentArea/serviceAreaStatistics.json,EPSG:5179,AVAILABLE,
386,2024,10,93.0,95.0,1102500.0,SGIS 생활권역 통계지도 serviceAreaStatistics,https://sgis.mods.go.kr/ServiceAPI/OpenAPI3/catchmentArea/serviceAreaStatistics.json,EPSG:5179,AVAILABLE,
387,2024,5,,,,SGIS 생활권역 통계지도 serviceAreaStatistics,https://sgis.mods.go.kr/ServiceAPI/OpenAPI3/catchmentArea/serviceAreaStatistics.json,EPSG:5179,DATA_NOT_AVAILABLE,"Location ""Location 1"" in ""Facilities"" is unlocated.  Invalid locations detected."
387,2024,10,,,,SGIS 생활권역 통계지도 serviceAreaStatistics,https://sgis.mods.go.kr/ServiceAPI/OpenAPI3/catchmentArea/serviceAreaStatistics.json,EPSG:5179,DATA_NOT_AVAILABLE,"Location ""Location 1"" in ""Facilities"" is unlocated.  Invalid locations detected."
388,2024,5,,,,SGIS 생활권역 통계지도 serviceAreaStatistics,https://sgis.mods.go.kr/ServiceAPI/OpenAPI3/catchmentArea/serviceAreaStatistics.json,EPSG:5179,DATA_NOT_AVAILABLE,"Location ""Location 1"" in ""Facilities"" is unlocated.  Invalid locations detected."
388,2024,10,,,,SGIS 생활권역 통계지도 serviceAreaStatistics,https://sgis.mods.go.kr/ServiceAPI/OpenAPI3/catchmentArea/serviceAreaStatistics.json,EPSG:5179,DATA_NOT_AVAILABLE,"Location ""Location 1"" in ""Facilities"" is unlocated.  Invalid locations detected."
389,2024,5,,,,SGIS 생활권역 통계지도 serviceAreaStatistics,https://sgis.mods.go.kr/ServiceAPI/OpenAPI3/catchmentArea/serviceAreaStatistics.json,EPSG:5179,DATA_NOT_AVAILABLE,"Location ""Location 1"" in ""Facilities"" is unlocated.  Invalid locations detected."
389,2024,10,,,,SGIS 생활권역 통계지도 serviceAreaStatistics,https://sgis.mods.go.kr/ServiceAPI/OpenAPI3/catchmentArea/serviceAreaStatistics.json,EPSG:5179,DATA_NOT_AVAILABLE,"Location ""Location 1"" in ""Facilities"" is unlocated.  Invalid locations detected."
390,2024,5,18.0,23.0,207813.0,SGIS 생활권역 통계지도 serviceAreaStatistics,https://sgis.mods.go.kr/ServiceAPI/OpenAPI3/catchmentArea/serviceAreaStatistics.json,EPSG:5179,AVAILABLE,
390,2024,10,63.0,75.0,429375.0,SGIS 생활권역 통계지도 serviceAreaStatistics,https://sgis.mods.go.kr/ServiceAPI/OpenAPI3/catchmentArea/serviceAreaStatistics.json,EPSG:5179,AVAILABLE,
391,2024,5,53.0,60.0,272188.0,SGIS 생활권역 통계지도 serviceAreaStatistics,https://sgis.mods.go.kr/ServiceAPI/OpenAPI3/catchmentArea/serviceAreaStatistics.json,EPSG:5179,AVAILABLE,
391,2024,10,73.0,80.0,899375.0,SGIS 생활권역 통계지도 serviceAreaStatistics,https://sgis.mods.go.kr/ServiceAPI/OpenAPI3/catchmentArea/serviceAreaStatistics.json,EPSG:5179,AVAILABLE,
392,2024,5,,,,SGIS 생활권역 통계지도 serviceAreaStatistics,https://sgis.mods.go.kr/ServiceAPI/OpenAPI3/catchmentArea/serviceAreaStatistics.json,EPSG:5179,DATA_NOT_AVAILABLE,"Location ""Location 1"" in ""Facilities"" is unlocated.  Invalid locations detected."
392,2024,10,,,,SGIS 생활권역 통계지도 serviceAreaStatistics,https://sgis.mods.go.kr/ServiceAPI/OpenAPI3/catchmentArea/serviceAreaStatistics.json,EPSG:5179,DATA_NOT_AVAILABLE,"Location ""Location 1"" in ""Facilities"" is unlocated.  Invalid locations detected."
393,2024,5,63.0,68.0,454063.0,SGIS 생활권역 통계지도 serviceAreaStatistics,https://sgis.mods.go.kr/ServiceAPI/OpenAPI3/catchmentArea/serviceAreaStatistics.json,EPSG:5179,AVAILABLE,
393,2024,10,118.0,128.0,1001875.0,SGIS 생활권역 통계지도 serviceAreaStatistics,https://sgis.mods.go.kr/ServiceAPI/OpenAPI3/catchmentArea/serviceAreaStatistics.json,EPSG:5179,AVAILABLE,
394,2024,5,33.0,34.0,501250.0,SGIS 생활권역 통계지도 serviceAreaStatistics,https://sgis.mods.go.kr/ServiceAPI/OpenAPI3/catchmentArea/serviceAreaStatistics.json,EPSG:5179,AVAILABLE,
394,2024,10,163.0,161.0,1784688.0,SGIS 생활권역 통계지도 serviceAreaStatistics,https://sgis.mods.go.kr/ServiceAPI/OpenAPI3/catchmentArea/serviceAreaStatistics.json,EPSG:5179,AVAILABLE,
395,2024,5,108.0,113.0,706250.0,SGIS 생활권역 통계지도 serviceAreaStatistics,https://sgis.mods.go.kr/ServiceAPI/OpenAPI3/catchmentArea/serviceAreaStatistics.json,EPSG:5179,AVAILABLE,
395,2024,10,163.0,161.0,2027188.0,SGIS 생활권역 통계지도 serviceAreaStatistics,https://sgis.mods.go.kr/ServiceAPI/OpenAPI3/catchmentArea/serviceAreaStatistics.json,EPSG:5179,AVAILABLE,
396,2024,5,128.0,133.0,712500.0,SGIS 생활권역 통계지도 serviceAreaStatistics,https://sgis.mods.go.kr/ServiceAPI/OpenAPI3/catchmentArea/serviceAreaStatistics.json,EPSG:5179,AVAILABLE,
396,2024,10,143.0,151.0,1882500.0,SGIS 생활권역 통계지도 serviceAreaStatistics,https://sgis.mods.go.kr/ServiceAPI/OpenAPI3/catchmentArea/serviceAreaStatistics.json,EPSG:5179,AVAILABLE,
397,2024,5,103.0,108.0,694688.0,SGIS 생활권역 통계지도 serviceAreaStatistics,https://sgis.mods.go.kr/ServiceAPI/OpenAPI3/catchmentArea/serviceAreaStatistics.json,EPSG:5179,AVAILABLE,
397,2024,10,143.0,151.0,2003750.0,SGIS 생활권역 통계지도 serviceAreaStatistics,https://sgis.mods.go.kr/ServiceAPI/OpenAPI3/catchmentArea/serviceAreaStatistics.json,EPSG:5179,AVAILABLE,
398,2024,5,113.0,113.0,419375.0,SGIS 생활권역 통계지도 serviceAreaStatistics,https://sgis.mods.go.kr/ServiceAPI/OpenAPI3/catchmentArea/serviceAreaStatistics.json,EPSG:5179,AVAILABLE,
398,2024,10,143.0,146.0,1596250.0,SGIS 생활권역 통계지도 serviceAreaStatistics,https://sgis.mods.go.kr/ServiceAPI/OpenAPI3/catchmentArea/serviceAreaStatistics.json,EPSG:5179,AVAILABLE,
399,2024,5,,,,SGIS 생활권역 통계지도 serviceAreaStatistics,https://sgis.mods.go.kr/ServiceAPI/OpenAPI3/catchmentArea/serviceAreaStatistics.json,EPSG:5179,DATA_NOT_AVAILABLE,"Location ""Location 1"" in ""Facilities"" is unlocated.  Invalid locations detected."
399,2024,10,,,,SGIS 생활권역 통계지도 serviceAreaStatistics,https://sgis.mods.go.kr/ServiceAPI/OpenAPI3/catchmentArea/serviceAreaStatistics.json,EPSG:5179,DATA_NOT_AVAILABLE,"Location ""Location 1"" in ""Facilities"" is unlocated.  Invalid locations detected."
400,2024,5,13.0,18.0,211563.0,SGIS 생활권역 통계지도 serviceAreaStatistics,https://sgis.mods.go.kr/ServiceAPI/OpenAPI3/catchmentArea/serviceAreaStatistics.json,EPSG:5179,AVAILABLE,
400,2024,10,83.0,91.0,504063.0,SGIS 생활권역 통계지도 serviceAreaStatistics,https://sgis.mods.go.kr/ServiceAPI/OpenAPI3/catchmentArea/serviceAreaStatistics.json,EPSG:5179,AVAILABLE,
401,2024,5,,,,SGIS 생활권역 통계지도 serviceAreaStatistics,https://sgis.mods.go.kr/ServiceAPI/OpenAPI3/catchmentArea/serviceAreaStatistics.json,EPSG:5179,DATA_NOT_AVAILABLE,"Location ""Location 1"" in ""Facilities"" is unlocated.  Invalid locations detected."
401,2024,10,,,,SGIS 생활권역 통계지도 serviceAreaStatistics,https://sgis.mods.go.kr/ServiceAPI/OpenAPI3/catchmentArea/serviceAreaStatistics.json,EPSG:5179,DATA_NOT_AVAILABLE,"Location ""Location 1"" in ""Facilities"" is unlocated.  Invalid locations detected."
402,2024,5,63.0,75.0,636875.0,SGIS 생활권역 통계지도 serviceAreaStatistics,https://sgis.mods.go.kr/ServiceAPI/OpenAPI3/catchmentArea/serviceAreaStatistics.json,EPSG:5179,AVAILABLE,
402,2024,10,143.0,148.0,1784688.0,SGIS 생활권역 통계지도 serviceAreaStatistics,https://sgis.mods.go.kr/ServiceAPI/OpenAPI3/catchmentArea/serviceAreaStatistics.json,EPSG:5179,AVAILABLE,
403,2024,5,,,,SGIS 생활권역 통계지도 serviceAreaStatistics,https://sgis.mods.go.kr/ServiceAPI/OpenAPI3/catchmentArea/serviceAreaStatistics.json,EPSG:5179,DATA_NOT_AVAILABLE,"Location ""Location 1"" in ""Facilities"" is unlocated.  Invalid locations detected."
403,2024,10,,,,SGIS 생활권역 통계지도 serviceAreaStatistics,https://sgis.mods.go.kr/ServiceAPI/OpenAPI3/catchmentArea/serviceAreaStatistics.json,EPSG:5179,DATA_NOT_AVAILABLE,"Location ""Location 1"" in ""Facilities"" is unlocated.  Invalid locations detected."
404,2024,5,13.0,20.0,250000.0,SGIS 생활권역 통계지도 serviceAreaStatistics,https://sgis.mods.go.kr/ServiceAPI/OpenAPI3/catchmentArea/serviceAreaStatistics.json,EPSG:5179,AVAILABLE,
404,2024,10,13.0,23.0,428125.0,SGIS 생활권역 통계지도 serviceAreaStatistics,https://sgis.mods.go.kr/ServiceAPI/OpenAPI3/catchmentArea/serviceAreaStatistics.json,EPSG:5179,AVAILABLE,
405,2024,5,,,,SGIS 생활권역 통계지도 serviceAreaStatistics,https://sgis.mods.go.kr/ServiceAPI/OpenAPI3/catchmentArea/serviceAreaStatistics.json,EPSG:5179,DATA_NOT_AVAILABLE,"Location ""Location 1"" in ""Facilities"" is unlocated.  Invalid locations detected."
405,2024,10,,,,SGIS 생활권역 통계지도 serviceAreaStatistics,https://sgis.mods.go.kr/ServiceAPI/OpenAPI3/catchmentArea/serviceAreaStatistics.json,EPSG:5179,DATA_NOT_AVAILABLE,"Location ""Location 1"" in ""Facilities"" is unlocated.  Invalid locations detected."
406,2024,5,68.0,70.0,548438.0,SGIS 생활권역 통계지도 serviceAreaStatistics,https://sgis.mods.go.kr/ServiceAPI/OpenAPI3/catchmentArea/serviceAreaStatistics.json,EPSG:5179,AVAILABLE,
406,2024,10,248.0,249.0,1712813.0,SGIS 생활권역 통계지도 serviceAreaStatistics,https://sgis.mods.go.kr/ServiceAPI/OpenAPI3/catchmentArea/serviceAreaStatistics.json,EPSG:5179,AVAILABLE,
407,2024,5,,,,SGIS 생활권역 통계지도 serviceAreaStatistics,https://sgis.mods.go.kr/ServiceAPI/OpenAPI3/catchmentArea/serviceAreaStatistics.json,EPSG:5179,DATA_NOT_AVAILABLE,"Location ""Location 1"" in ""Facilities"" is unlocated.  Invalid locations detected."
407,2024,10,,,,SGIS 생활권역 통계지도 serviceAreaStatistics,https://sgis.mods.go.kr/ServiceAPI/OpenAPI3/catchmentArea/serviceAreaStatistics.json,EPSG:5179,DATA_NOT_AVAILABLE,"Location ""Location 1"" in ""Facilities"" is unlocated.  Invalid locations detected."
408,2024,5,68.0,67.0,345313.0,SGIS 생활권역 통계지도 serviceAreaStatistics,https://sgis.mods.go.kr/ServiceAPI/OpenAPI3/catchmentArea/serviceAreaStatistics.json,EPSG:5179,AVAILABLE,
408,2024,10,233.0,234.0,1754375.0,SGIS 생활권역 통계지도 serviceAreaStatistics,https://sgis.mods.go.kr/ServiceAPI/OpenAPI3/catchmentArea/serviceAreaStatistics.json,EPSG:5179,AVAILABLE,
409,2024,5,48.0,52.0,325313.0,SGIS 생활권역 통계지도 serviceAreaStatistics,https://sgis.mods.go.kr/ServiceAPI/OpenAPI3/catchmentArea/serviceAreaStatistics.json,EPSG:5179,AVAILABLE,
409,2024,10,153.0,153.0,1324063.0,SGIS 생활권역 통계지도 serviceAreaStatistics,https://sgis.mods.go.kr/ServiceAPI/OpenAPI3/catchmentArea/serviceAreaStatistics.json,EPSG:5179,AVAILABLE,
410,2024,5,18.0,26.0,621563.0,SGIS 생활권역 통계지도 serviceAreaStatistics,https://sgis.mods.go.kr/ServiceAPI/OpenAPI3/catchmentArea/serviceAreaStatistics.json,EPSG:5179,AVAILABLE,
410,2024,10,113.0,123.0,1637500.0,SGIS 생활권역 통계지도 serviceAreaStatistics,https://sgis.mods.go.kr/ServiceAPI/OpenAPI3/catchmentArea/serviceAreaStatistics.json,EPSG:5179,AVAILABLE,
411,2024,5,28.0,41.0,393438.0,SGIS 생활권역 통계지도 serviceAreaStatistics,https://sgis.mods.go.kr/ServiceAPI/OpenAPI3/catchmentArea/serviceAreaStatistics.json,EPSG:5179,AVAILABLE,
411,2024,10,243.0,244.0,1451875.0,SGIS 생활권역 통계지도 serviceAreaStatistics,https://sgis.mods.go.kr/ServiceAPI/OpenAPI3/catchmentArea/serviceAreaStatistics.json,EPSG:5179,AVAILABLE,
412,2024,5,33.0,47.0,522188.0,SGIS 생활권역 통계지도 serviceAreaStatistics,https://sgis.mods.go.kr/ServiceAPI/OpenAPI3/catchmentArea/serviceAreaStatistics.json,EPSG:5179,AVAILABLE,
412,2024,10,248.0,254.0,1650313.0,SGIS 생활권역 통계지도 serviceAreaStatistics,https://sgis.mods.go.kr/ServiceAPI/OpenAPI3/catchmentArea/serviceAreaStatistics.json,EPSG:5179,AVAILABLE,
413,2024,5,,,,SGIS 생활권역 통계지도 serviceAreaStatistics,https://sgis.mods.go.kr/ServiceAPI/OpenAPI3/catchmentArea/serviceAreaStatistics.json,EPSG:5179,DATA_NOT_AVAILABLE,"Location ""Location 1"" in ""Facilities"" is unlocated.  Invalid locations detected."
413,2024,10,,,,SGIS 생활권역 통계지도 serviceAreaStatistics,https://sgis.mods.go.kr/ServiceAPI/OpenAPI3/catchmentArea/serviceAreaStatistics.json,EPSG:5179,DATA_NOT_AVAILABLE,"Location ""Location 1"" in ""Facilities"" is unlocated.  Invalid locations detected."
414,2024,5,13.0,20.0,259688.0,SGIS 생활권역 통계지도 serviceAreaStatistics,https://sgis.mods.go.kr/ServiceAPI/OpenAPI3/catchmentArea/serviceAreaStatistics.json,EPSG:5179,AVAILABLE,
414,2024,10,13.0,23.0,427500.0,SGIS 생활권역 통계지도 serviceAreaStatistics,https://sgis.mods.go.kr/ServiceAPI/OpenAPI3/catchmentArea/serviceAreaStatistics.json,EPSG:5179,AVAILABLE,
415,2024,5,68.0,70.0,548438.0,SGIS 생활권역 통계지도 serviceAreaStatistics,https://sgis.mods.go.kr/ServiceAPI/OpenAPI3/catchmentArea/serviceAreaStatistics.json,EPSG:5179,AVAILABLE,
415,2024,10,248.0,249.0,1712813.0,SGIS 생활권역 통계지도 serviceAreaStatistics,https://sgis.mods.go.kr/ServiceAPI/OpenAPI3/catchmentArea/serviceAreaStatistics.json,EPSG:5179,AVAILABLE,
416,2024,5,68.0,72.0,550313.0,SGIS 생활권역 통계지도 serviceAreaStatistics,https://sgis.mods.go.kr/ServiceAPI/OpenAPI3/catchmentArea/serviceAreaStatistics.json,EPSG:5179,AVAILABLE,
416,2024,10,253.0,254.0,2001875.0,SGIS 생활권역 통계지도 serviceAreaStatistics,https://sgis.mods.go.kr/ServiceAPI/OpenAPI3/catchmentArea/serviceAreaStatistics.json,EPSG:5179,AVAILABLE,
417,2024,5,,,,SGIS 생활권역 통계지도 serviceAreaStatistics,https://sgis.mods.go.kr/ServiceAPI/OpenAPI3/catchmentArea/serviceAreaStatistics.json,EPSG:5179,DATA_NOT_AVAILABLE,"Location ""Location 1"" in ""Facilities"" is unlocated.  Invalid locations detected."
417,2024,10,,,,SGIS 생활권역 통계지도 serviceAreaStatistics,https://sgis.mods.go.kr/ServiceAPI/OpenAPI3/catchmentArea/serviceAreaStatistics.json,EPSG:5179,DATA_NOT_AVAILABLE,"Location ""Location 1"" in ""Facilities"" is unlocated.  Invalid locations detected."
418,2024,5,,,,SGIS 생활권역 통계지도 serviceAreaStatistics,https://sgis.mods.go.kr/ServiceAPI/OpenAPI3/catchmentArea/serviceAreaStatistics.json,EPSG:5179,DATA_NOT_AVAILABLE,"Location ""Location 1"" in ""Facilities"" is unlocated.  Invalid locations detected."
418,2024,10,,,,SGIS 생활권역 통계지도 serviceAreaStatistics,https://sgis.mods.go.kr/ServiceAPI/OpenAPI3/catchmentArea/serviceAreaStatistics.json,EPSG:5179,DATA_NOT_AVAILABLE,"Location ""Location 1"" in ""Facilities"" is unlocated.  Invalid locations detected."
419,2024,5,,,,SGIS 생활권역 통계지도 serviceAreaStatistics,https://sgis.mods.go.kr/ServiceAPI/OpenAPI3/catchmentArea/serviceAreaStatistics.json,EPSG:5179,DATA_NOT_AVAILABLE,"Location ""Location 1"" in ""Facilities"" is unlocated.  Invalid locations detected."
419,2024,10,,,,SGIS 생활권역 통계지도 serviceAreaStatistics,https://sgis.mods.go.kr/ServiceAPI/OpenAPI3/catchmentArea/serviceAreaStatistics.json,EPSG:5179,DATA_NOT_AVAILABLE,"Location ""Location 1"" in ""Facilities"" is unlocated.  Invalid locations detected."
420,2024,5,,,,SGIS 생활권역 통계지도 serviceAreaStatistics,https://sgis.mods.go.kr/ServiceAPI/OpenAPI3/catchmentArea/serviceAreaStatistics.json,EPSG:5179,DATA_NOT_AVAILABLE,"Location ""Location 1"" in ""Facilities"" is unlocated.  Invalid locations detected."
420,2024,10,,,,SGIS 생활권역 통계지도 serviceAreaStatistics,https://sgis.mods.go.kr/ServiceAPI/OpenAPI3/catchmentArea/serviceAreaStatistics.json,EPSG:5179,DATA_NOT_AVAILABLE,"Location ""Location 1"" in ""Facilities"" is unlocated.  Invalid locations detected."
421,2024,5,,,,SGIS 생활권역 통계지도 serviceAreaStatistics,https://sgis.mods.go.kr/ServiceAPI/OpenAPI3/catchmentArea/serviceAreaStatistics.json,EPSG:5179,DATA_NOT_AVAILABLE,"Location ""Location 1"" in ""Facilities"" is unlocated.  Invalid locations detected."
421,2024,10,,,,SGIS 생활권역 통계지도 serviceAreaStatistics,https://sgis.mods.go.kr/ServiceAPI/OpenAPI3/catchmentArea/serviceAreaStatistics.json,EPSG:5179,DATA_NOT_AVAILABLE,"Location ""Location 1"" in ""Facilities"" is unlocated.  Invalid locations detected."
422,2024,5,23.0,38.0,208438.0,SGIS 생활권역 통계지도 serviceAreaStatistics,https://sgis.mods.go.kr/ServiceAPI/OpenAPI3/catchmentArea/serviceAreaStatistics.json,EPSG:5179,AVAILABLE,
422,2024,10,313.0,322.0,1182500.0,SGIS 생활권역 통계지도 serviceAreaStatistics,https://sgis.mods.go.kr/ServiceAPI/OpenAPI3/catchmentArea/serviceAreaStatistics.json,EPSG:5179,AVAILABLE,
423,2024,5,,,,SGIS 생활권역 통계지도 serviceAreaStatistics,https://sgis.mods.go.kr/ServiceAPI/OpenAPI3/catchmentArea/serviceAreaStatistics.json,EPSG:5179,DATA_NOT_AVAILABLE,"Location ""Location 1"" in ""Facilities"" is unlocated.  Invalid locations detected."
423,2024,10,,,,SGIS 생활권역 통계지도 serviceAreaStatistics,https://sgis.mods.go.kr/ServiceAPI/OpenAPI3/catchmentArea/serviceAreaStatistics.json,EPSG:5179,DATA_NOT_AVAILABLE,"Location ""Location 1"" in ""Facilities"" is unlocated.  Invalid locations detected."
424,2024,5,,,250625.0,SGIS 생활권역 통계지도 serviceAreaStatistics,https://sgis.mods.go.kr/ServiceAPI/OpenAPI3/catchmentArea/serviceAreaStatistics.json,EPSG:5179,DATA_NOT_AVAILABLE,
424,2024,10,83.0,95.0,583438.0,SGIS 생활권역 통계지도 serviceAreaStatistics,https://sgis.mods.go.kr/ServiceAPI/OpenAPI3/catchmentArea/serviceAreaStatistics.json,EPSG:5179,AVAILABLE,
425,2024,5,,,,SGIS 생활권역 통계지도 serviceAreaStatistics,https://sgis.mods.go.kr/ServiceAPI/OpenAPI3/catchmentArea/serviceAreaStatistics.json,EPSG:5179,DATA_NOT_AVAILABLE,"Location ""Location 1"" in ""Facilities"" is unlocated.  Invalid locations detected."
425,2024,10,,,,SGIS 생활권역 통계지도 serviceAreaStatistics,https://sgis.mods.go.kr/ServiceAPI/OpenAPI3/catchmentArea/serviceAreaStatistics.json,EPSG:5179,DATA_NOT_AVAILABLE,"Location ""Location 1"" in ""Facilities"" is unlocated.  Invalid locations detected."
426,2024,5,,,,SGIS 생활권역 통계지도 serviceAreaStatistics,https://sgis.mods.go.kr/ServiceAPI/OpenAPI3/catchmentArea/serviceAreaStatistics.json,EPSG:5179,DATA_NOT_AVAILABLE,"Location ""Location 1"" in ""Facilities"" is unlocated.  Invalid locations detected."
426,2024,10,,,,SGIS 생활권역 통계지도 serviceAreaStatistics,https://sgis.mods.go.kr/ServiceAPI/OpenAPI3/catchmentArea/serviceAreaStatistics.json,EPSG:5179,DATA_NOT_AVAILABLE,"Location ""Location 1"" in ""Facilities"" is unlocated.  Invalid locations detected."
427,2024,5,93.0,85.0,687500.0,SGIS 생활권역 통계지도 serviceAreaStatistics,https://sgis.mods.go.kr/ServiceAPI/OpenAPI3/catchmentArea/serviceAreaStatistics.json,EPSG:5179,AVAILABLE,
427,2024,10,466.0,465.0,3883125.0,SGIS 생활권역 통계지도 serviceAreaStatistics,https://sgis.mods.go.kr/ServiceAPI/OpenAPI3/catchmentArea/serviceAreaStatistics.json,EPSG:5179,AVAILABLE,
428,2024,5,,,,SGIS 생활권역 통계지도 serviceAreaStatistics,https://sgis.mods.go.kr/ServiceAPI/OpenAPI3/catchmentArea/serviceAreaStatistics.json,EPSG:5179,DATA_NOT_AVAILABLE,"Location ""Location 1"" in ""Facilities"" is unlocated.  Invalid locations detected."
428,2024,10,,,,SGIS 생활권역 통계지도 serviceAreaStatistics,https://sgis.mods.go.kr/ServiceAPI/OpenAPI3/catchmentArea/serviceAreaStatistics.json,EPSG:5179,DATA_NOT_AVAILABLE,"Location ""Location 1"" in ""Facilities"" is unlocated.  Invalid locations detected."
429,2024,5,63.0,67.0,503125.0,SGIS 생활권역 통계지도 serviceAreaStatistics,https://sgis.mods.go.kr/ServiceAPI/OpenAPI3/catchmentArea/serviceAreaStatistics.json,EPSG:5179,AVAILABLE,
429,2024,10,98.0,102.0,1875313.0,SGIS 생활권역 통계지도 serviceAreaStatistics,https://sgis.mods.go.kr/ServiceAPI/OpenAPI3/catchmentArea/serviceAreaStatistics.json,EPSG:5179,AVAILABLE,
430,2024,5,,,,SGIS 생활권역 통계지도 serviceAreaStatistics,https://sgis.mods.go.kr/ServiceAPI/OpenAPI3/catchmentArea/serviceAreaStatistics.json,EPSG:5179,DATA_NOT_AVAILABLE,"Location ""Location 1"" in ""Facilities"" is unlocated.  Invalid locations detected."
430,2024,10,,,,SGIS 생활권역 통계지도 serviceAreaStatistics,https://sgis.mods.go.kr/ServiceAPI/OpenAPI3/catchmentArea/serviceAreaStatistics.json,EPSG:5179,DATA_NOT_AVAILABLE,"Location ""Location 1"" in ""Facilities"" is unlocated.  Invalid locations detected."
431,2024,5,,,,SGIS 생활권역 통계지도 serviceAreaStatistics,https://sgis.mods.go.kr/ServiceAPI/OpenAPI3/catchmentArea/serviceAreaStatistics.json,EPSG:5179,DATA_NOT_AVAILABLE,"Location ""Location 1"" in ""Facilities"" is unlocated.  Invalid locations detected."
431,2024,10,,,,SGIS 생활권역 통계지도 serviceAreaStatistics,https://sgis.mods.go.kr/ServiceAPI/OpenAPI3/catchmentArea/serviceAreaStatistics.json,EPSG:5179,DATA_NOT_AVAILABLE,"Location ""Location 1"" in ""Facilities"" is unlocated.  Invalid locations detected."
432,2024,5,,,,SGIS 생활권역 통계지도 serviceAreaStatistics,https://sgis.mods.go.kr/ServiceAPI/OpenAPI3/catchmentArea/serviceAreaStatistics.json,EPSG:5179,DATA_NOT_AVAILABLE,"Location ""Location 1"" in ""Facilities"" is unlocated.  Invalid locations detected."
432,2024,10,,,,SGIS 생활권역 통계지도 serviceAreaStatistics,https://sgis.mods.go.kr/ServiceAPI/OpenAPI3/catchmentArea/serviceAreaStatistics.json,EPSG:5179,DATA_NOT_AVAILABLE,"Location ""Location 1"" in ""Facilities"" is unlocated.  Invalid locations detected."
433,2024,5,,,,SGIS 생활권역 통계지도 serviceAreaStatistics,https://sgis.mods.go.kr/ServiceAPI/OpenAPI3/catchmentArea/serviceAreaStatistics.json,EPSG:5179,DATA_NOT_AVAILABLE,"Location ""Location 1"" in ""Facilities"" is unlocated.  Invalid locations detected."
433,2024,10,,,,SGIS 생활권역 통계지도 serviceAreaStatistics,https://sgis.mods.go.kr/ServiceAPI/OpenAPI3/catchmentArea/serviceAreaStatistics.json,EPSG:5179,DATA_NOT_AVAILABLE,"Location ""Location 1"" in ""Facilities"" is unlocated.  Invalid locations detected."
434,2024,5,,,,SGIS 생활권역 통계지도 serviceAreaStatistics,https://sgis.mods.go.kr/ServiceAPI/OpenAPI3/catchmentArea/serviceAreaStatistics.json,EPSG:5179,DATA_NOT_AVAILABLE,"Location ""Location 1"" in ""Facilities"" is unlocated.  Invalid locations detected."
434,2024,10,,,,SGIS 생활권역 통계지도 serviceAreaStatistics,https://sgis.mods.go.kr/ServiceAPI/OpenAPI3/catchmentArea/serviceAreaStatistics.json,EPSG:5179,DATA_NOT_AVAILABLE,"Location ""Location 1"" in ""Facilities"" is unlocated.  Invalid locations detected."
435,2024,5,,,,SGIS 생활권역 통계지도 serviceAreaStatistics,https://sgis.mods.go.kr/ServiceAPI/OpenAPI3/catchmentArea/serviceAreaStatistics.json,EPSG:5179,DATA_NOT_AVAILABLE,"Location ""Location 1"" in ""Facilities"" is unlocated.  Invalid locations detected."
435,2024,10,,,,SGIS 생활권역 통계지도 serviceAreaStatistics,https://sgis.mods.go.kr/ServiceAPI/OpenAPI3/catchmentArea/serviceAreaStatistics.json,EPSG:5179,DATA_NOT_AVAILABLE,"Location ""Location 1"" in ""Facilities"" is unlocated.  Invalid locations detected."
436,2024,5,,,,SGIS 생활권역 통계지도 serviceAreaStatistics,https://sgis.mods.go.kr/ServiceAPI/OpenAPI3/catchmentArea/serviceAreaStatistics.json,EPSG:5179,DATA_NOT_AVAILABLE,"Location ""Location 1"" in ""Facilities"" is unlocated.  Invalid locations detected."
436,2024,10,,,,SGIS 생활권역 통계지도 serviceAreaStatistics,https://sgis.mods.go.kr/ServiceAPI/OpenAPI3/catchmentArea/serviceAreaStatistics.json,EPSG:5179,DATA_NOT_AVAILABLE,"Location ""Location 1"" in ""Facilities"" is unlocated.  Invalid locations detected."
437,2024,5,,,,SGIS 생활권역 통계지도 serviceAreaStatistics,https://sgis.mods.go.kr/ServiceAPI/OpenAPI3/catchmentArea/serviceAreaStatistics.json,EPSG:5179,DATA_NOT_AVAILABLE,"Location ""Location 1"" in ""Facilities"" is unlocated.  Invalid locations detected."
437,2024,10,,,,SGIS 생활권역 통계지도 serviceAreaStatistics,https://sgis.mods.go.kr/ServiceAPI/OpenAPI3/catchmentArea/serviceAreaStatistics.json,EPSG:5179,DATA_NOT_AVAILABLE,"Location ""Location 1"" in ""Facilities"" is unlocated.  Invalid locations detected."
438,2024,5,,,,SGIS 생활권역 통계지도 serviceAreaStatistics,https://sgis.mods.go.kr/ServiceAPI/OpenAPI3/catchmentArea/serviceAreaStatistics.json,EPSG:5179,DATA_NOT_AVAILABLE,"Location ""Location 1"" in ""Facilities"" is unlocated.  Invalid locations detected."
438,2024,10,,,,SGIS 생활권역 통계지도 serviceAreaStatistics,https://sgis.mods.go.kr/ServiceAPI/OpenAPI3/catchmentArea/serviceAreaStatistics.json,EPSG:5179,DATA_NOT_AVAILABLE,"Location ""Location 1"" in ""Facilities"" is unlocated.  Invalid locations detected."
439,2024,5,98.0,105.0,502500.0,SGIS 생활권역 통계지도 serviceAreaStatistics,https://sgis.mods.go.kr/ServiceAPI/OpenAPI3/catchmentArea/serviceAreaStatistics.json,EPSG:5179,AVAILABLE,
439,2024,10,153.0,158.0,1701250.0,SGIS 생활권역 통계지도 serviceAreaStatistics,https://sgis.mods.go.kr/ServiceAPI/OpenAPI3/catchmentArea/serviceAreaStatistics.json,EPSG:5179,AVAILABLE,
440,2024,5,73.0,80.0,565938.0,SGIS 생활권역 통계지도 serviceAreaStatistics,https://sgis.mods.go.kr/ServiceAPI/OpenAPI3/catchmentArea/serviceAreaStatistics.json,EPSG:5179,AVAILABLE,
440,2024,10,218.0,218.0,2221250.0,SGIS 생활권역 통계지도 serviceAreaStatistics,https://sgis.mods.go.kr/ServiceAPI/OpenAPI3/catchmentArea/serviceAreaStatistics.json,EPSG:5179,AVAILABLE,
441,2024,5,,,,SGIS 생활권역 통계지도 serviceAreaStatistics,https://sgis.mods.go.kr/ServiceAPI/OpenAPI3/catchmentArea/serviceAreaStatistics.json,EPSG:5179,DATA_NOT_AVAILABLE,"Location ""Location 1"" in ""Facilities"" is unlocated.  Invalid locations detected."
441,2024,10,,,,SGIS 생활권역 통계지도 serviceAreaStatistics,https://sgis.mods.go.kr/ServiceAPI/OpenAPI3/catchmentArea/serviceAreaStatistics.json,EPSG:5179,DATA_NOT_AVAILABLE,"Location ""Location 1"" in ""Facilities"" is unlocated.  Invalid locations detected."
442,2024,5,,,,SGIS 생활권역 통계지도 serviceAreaStatistics,https://sgis.mods.go.kr/ServiceAPI/OpenAPI3/catchmentArea/serviceAreaStatistics.json,EPSG:5179,DATA_NOT_AVAILABLE,"Location ""Location 1"" in ""Facilities"" is unlocated.  Invalid locations detected."
442,2024,10,,,,SGIS 생활권역 통계지도 serviceAreaStatistics,https://sgis.mods.go.kr/ServiceAPI/OpenAPI3/catchmentArea/serviceAreaStatistics.json,EPSG:5179,DATA_NOT_AVAILABLE,"Location ""Location 1"" in ""Facilities"" is unlocated.  Invalid locations detected."
443,2024,5,23.0,37.0,191250.0,SGIS 생활권역 통계지도 serviceAreaStatistics,https://sgis.mods.go.kr/ServiceAPI/OpenAPI3/catchmentArea/serviceAreaStatistics.json,EPSG:5179,AVAILABLE,
443,2024,10,73.0,82.0,511563.0,SGIS 생활권역 통계지도 serviceAreaStatistics,https://sgis.mods.go.kr/ServiceAPI/OpenAPI3/catchmentArea/serviceAreaStatistics.json,EPSG:5179,AVAILABLE,
444,2024,5,308.0,309.0,1327188.0,SGIS 생활권역 통계지도 serviceAreaStatistics,https://sgis.mods.go.kr/ServiceAPI/OpenAPI3/catchmentArea/serviceAreaStatistics.json,EPSG:5179,AVAILABLE,
444,2024,10,828.0,822.0,6255938.0,SGIS 생활권역 통계지도 serviceAreaStatistics,https://sgis.mods.go.kr/ServiceAPI/OpenAPI3/catchmentArea/serviceAreaStatistics.json,EPSG:5179,AVAILABLE,
445,2024,5,193.0,198.0,622500.0,SGIS 생활권역 통계지도 serviceAreaStatistics,https://sgis.mods.go.kr/ServiceAPI/OpenAPI3/catchmentArea/serviceAreaStatistics.json,EPSG:5179,AVAILABLE,
445,2024,10,433.0,429.0,2923125.0,SGIS 생활권역 통계지도 serviceAreaStatistics,https://sgis.mods.go.kr/ServiceAPI/OpenAPI3/catchmentArea/serviceAreaStatistics.json,EPSG:5179,AVAILABLE,
446,2024,5,,,165938.0,SGIS 생활권역 통계지도 serviceAreaStatistics,https://sgis.mods.go.kr/ServiceAPI/OpenAPI3/catchmentArea/serviceAreaStatistics.json,EPSG:5179,DATA_NOT_AVAILABLE,
446,2024,10,43.0,44.0,433750.0,SGIS 생활권역 통계지도 serviceAreaStatistics,https://sgis.mods.go.kr/ServiceAPI/OpenAPI3/catchmentArea/serviceAreaStatistics.json,EPSG:5179,AVAILABLE,
447,2024,5,,,,SGIS 생활권역 통계지도 serviceAreaStatistics,https://sgis.mods.go.kr/ServiceAPI/OpenAPI3/catchmentArea/serviceAreaStatistics.json,EPSG:5179,DATA_NOT_AVAILABLE,"Location ""Location 1"" in ""Facilities"" is unlocated.  Invalid locations detected."
447,2024,10,,,,SGIS 생활권역 통계지도 serviceAreaStatistics,https://sgis.mods.go.kr/ServiceAPI/OpenAPI3/catchmentArea/serviceAreaStatistics.json,EPSG:5179,DATA_NOT_AVAILABLE,"Location ""Location 1"" in ""Facilities"" is unlocated.  Invalid locations detected."
448,2024,5,,,,SGIS 생활권역 통계지도 serviceAreaStatistics,https://sgis.mods.go.kr/ServiceAPI/OpenAPI3/catchmentArea/serviceAreaStatistics.json,EPSG:5179,DATA_NOT_AVAILABLE,"Location ""Location 1"" in ""Facilities"" is unlocated.  Invalid locations detected."
448,2024,10,,,,SGIS 생활권역 통계지도 serviceAreaStatistics,https://sgis.mods.go.kr/ServiceAPI/OpenAPI3/catchmentArea/serviceAreaStatistics.json,EPSG:5179,DATA_NOT_AVAILABLE,"Location ""Location 1"" in ""Facilities"" is unlocated.  Invalid locations detected."
449,2024,5,,,,SGIS 생활권역 통계지도 serviceAreaStatistics,https://sgis.mods.go.kr/ServiceAPI/OpenAPI3/catchmentArea/serviceAreaStatistics.json,EPSG:5179,DATA_NOT_AVAILABLE,"Location ""Location 1"" in ""Facilities"" is unlocated.  Invalid locations detected."
449,2024,10,,,,SGIS 생활권역 통계지도 serviceAreaStatistics,https://sgis.mods.go.kr/ServiceAPI/OpenAPI3/catchmentArea/serviceAreaStatistics.json,EPSG:5179,DATA_NOT_AVAILABLE,"Location ""Location 1"" in ""Facilities"" is unlocated.  Invalid locations detected."
450,2024,5,,,,SGIS 생활권역 통계지도 serviceAreaStatistics,https://sgis.mods.go.kr/ServiceAPI/OpenAPI3/catchmentArea/serviceAreaStatistics.json,EPSG:5179,DATA_NOT_AVAILABLE,"Location ""Location 1"" in ""Facilities"" is unlocated.  Invalid locations detected."
450,2024,10,,,,SGIS 생활권역 통계지도 serviceAreaStatistics,https://sgis.mods.go.kr/ServiceAPI/OpenAPI3/catchmentArea/serviceAreaStatistics.json,EPSG:5179,DATA_NOT_AVAILABLE,"Location ""Location 1"" in ""Facilities"" is unlocated.  Invalid locations detected."
451,2024,5,,,,SGIS 생활권역 통계지도 serviceAreaStatistics,https://sgis.mods.go.kr/ServiceAPI/OpenAPI3/catchmentArea/serviceAreaStatistics.json,EPSG:5179,DATA_NOT_AVAILABLE,"Location ""Location 1"" in ""Facilities"" is unlocated.  Invalid locations detected."
451,2024,10,,,,SGIS 생활권역 통계지도 serviceAreaStatistics,https://sgis.mods.go.kr/ServiceAPI/OpenAPI3/catchmentArea/serviceAreaStatistics.json,EPSG:5179,DATA_NOT_AVAILABLE,"Location ""Location 1"" in ""Facilities"" is unlocated.  Invalid locations detected."
452,2024,5,,,,SGIS 생활권역 통계지도 serviceAreaStatistics,https://sgis.mods.go.kr/ServiceAPI/OpenAPI3/catchmentArea/serviceAreaStatistics.json,EPSG:5179,DATA_NOT_AVAILABLE,"Location ""Location 1"" in ""Facilities"" is unlocated.  Invalid locations detected."
452,2024,10,,,,SGIS 생활권역 통계지도 serviceAreaStatistics,https://sgis.mods.go.kr/ServiceAPI/OpenAPI3/catchmentArea/serviceAreaStatistics.json,EPSG:5179,DATA_NOT_AVAILABLE,"Location ""Location 1"" in ""Facilities"" is unlocated.  Invalid locations detected."
453,2024,5,,,,SGIS 생활권역 통계지도 serviceAreaStatistics,https://sgis.mods.go.kr/ServiceAPI/OpenAPI3/catchmentArea/serviceAreaStatistics.json,EPSG:5179,DATA_NOT_AVAILABLE,"Location ""Location 1"" in ""Facilities"" is unlocated.  Invalid locations detected."
453,2024,10,,,,SGIS 생활권역 통계지도 serviceAreaStatistics,https://sgis.mods.go.kr/ServiceAPI/OpenAPI3/catchmentArea/serviceAreaStatistics.json,EPSG:5179,DATA_NOT_AVAILABLE,"Location ""Location 1"" in ""Facilities"" is unlocated.  Invalid locations detected."
454,2024,5,98.0,103.0,447500.0,SGIS 생활권역 통계지도 serviceAreaStatistics,https://sgis.mods.go.kr/ServiceAPI/OpenAPI3/catchmentArea/serviceAreaStatistics.json,EPSG:5179,AVAILABLE,
454,2024,10,398.0,399.0,2357500.0,SGIS 생활권역 통계지도 serviceAreaStatistics,https://sgis.mods.go.kr/ServiceAPI/OpenAPI3/catchmentArea/serviceAreaStatistics.json,EPSG:5179,AVAILABLE,
455,2024,5,68.0,77.0,423438.0,SGIS 생활권역 통계지도 serviceAreaStatistics,https://sgis.mods.go.kr/ServiceAPI/OpenAPI3/catchmentArea/serviceAreaStatistics.json,EPSG:5179,AVAILABLE,
455,2024,10,388.0,389.0,2491250.0,SGIS 생활권역 통계지도 serviceAreaStatistics,https://sgis.mods.go.kr/ServiceAPI/OpenAPI3/catchmentArea/serviceAreaStatistics.json,EPSG:5179,AVAILABLE,
457,2024,5,,,,SGIS 생활권역 통계지도 serviceAreaStatistics,https://sgis.mods.go.kr/ServiceAPI/OpenAPI3/catchmentArea/serviceAreaStatistics.json,EPSG:5179,DATA_NOT_AVAILABLE,"Location ""Location 1"" in ""Facilities"" is unlocated.  Invalid locations detected."
457,2024,10,,,,SGIS 생활권역 통계지도 serviceAreaStatistics,https://sgis.mods.go.kr/ServiceAPI/OpenAPI3/catchmentArea/serviceAreaStatistics.json,EPSG:5179,DATA_NOT_AVAILABLE,"Location ""Location 1"" in ""Facilities"" is unlocated.  Invalid locations detected."
458,2024,5,138.0,140.0,568750.0,SGIS 생활권역 통계지도 serviceAreaStatistics,https://sgis.mods.go.kr/ServiceAPI/OpenAPI3/catchmentArea/serviceAreaStatistics.json,EPSG:5179,AVAILABLE,
458,2024,10,393.0,389.0,2393750.0,SGIS 생활권역 통계지도 serviceAreaStatistics,https://sgis.mods.go.kr/ServiceAPI/OpenAPI3/catchmentArea/serviceAreaStatistics.json,EPSG:5179,AVAILABLE,
459,2024,5,,,,SGIS 생활권역 통계지도 serviceAreaStatistics,https://sgis.mods.go.kr/ServiceAPI/OpenAPI3/catchmentArea/serviceAreaStatistics.json,EPSG:5179,DATA_NOT_AVAILABLE,"Location ""Location 1"" in ""Facilities"" is unlocated.  Invalid locations detected."
459,2024,10,,,,SGIS 생활권역 통계지도 serviceAreaStatistics,https://sgis.mods.go.kr/ServiceAPI/OpenAPI3/catchmentArea/serviceAreaStatistics.json,EPSG:5179,DATA_NOT_AVAILABLE,"Location ""Location 1"" in ""Facilities"" is unlocated.  Invalid locations detected."
460,2024,5,,,,SGIS 생활권역 통계지도 serviceAreaStatistics,https://sgis.mods.go.kr/ServiceAPI/OpenAPI3/catchmentArea/serviceAreaStatistics.json,EPSG:5179,DATA_NOT_AVAILABLE,"Location ""Location 1"" in ""Facilities"" is unlocated.  Invalid locations detected."
460,2024,10,,,,SGIS 생활권역 통계지도 serviceAreaStatistics,https://sgis.mods.go.kr/ServiceAPI/OpenAPI3/catchmentArea/serviceAreaStatistics.json,EPSG:5179,DATA_NOT_AVAILABLE,"Location ""Location 1"" in ""Facilities"" is unlocated.  Invalid locations detected."
461,2024,5,,,,SGIS 생활권역 통계지도 serviceAreaStatistics,https://sgis.mods.go.kr/ServiceAPI/OpenAPI3/catchmentArea/serviceAreaStatistics.json,EPSG:5179,DATA_NOT_AVAILABLE,"Location ""Location 1"" in ""Facilities"" is unlocated.  Invalid locations detected."
461,2024,10,,,,SGIS 생활권역 통계지도 serviceAreaStatistics,https://sgis.mods.go.kr/ServiceAPI/OpenAPI3/catchmentArea/serviceAreaStatistics.json,EPSG:5179,DATA_NOT_AVAILABLE,"Location ""Location 1"" in ""Facilities"" is unlocated.  Invalid locations detected."
462,2024,5,,,,SGIS 생활권역 통계지도 serviceAreaStatistics,https://sgis.mods.go.kr/ServiceAPI/OpenAPI3/catchmentArea/serviceAreaStatistics.json,EPSG:5179,DATA_NOT_AVAILABLE,"Location ""Location 1"" in ""Facilities"" is unlocated.  Invalid locations detected."
462,2024,10,,,,SGIS 생활권역 통계지도 serviceAreaStatistics,https://sgis.mods.go.kr/ServiceAPI/OpenAPI3/catchmentArea/serviceAreaStatistics.json,EPSG:5179,DATA_NOT_AVAILABLE,"Location ""Location 1"" in ""Facilities"" is unlocated.  Invalid locations detected."
463,2024,5,8.0,5.0,202500.0,SGIS 생활권역 통계지도 serviceAreaStatistics,https://sgis.mods.go.kr/ServiceAPI/OpenAPI3/catchmentArea/serviceAreaStatistics.json,EPSG:5179,AVAILABLE,
463,2024,10,28.0,39.0,770000.0,SGIS 생활권역 통계지도 serviceAreaStatistics,https://sgis.mods.go.kr/ServiceAPI/OpenAPI3/catchmentArea/serviceAreaStatistics.json,EPSG:5179,AVAILABLE,
464,2024,5,,,,SGIS 생활권역 통계지도 serviceAreaStatistics,https://sgis.mods.go.kr/ServiceAPI/OpenAPI3/catchmentArea/serviceAreaStatistics.json,EPSG:5179,DATA_NOT_AVAILABLE,"Location ""Location 1"" in ""Facilities"" is unlocated.  Invalid locations detected."
464,2024,10,,,,SGIS 생활권역 통계지도 serviceAreaStatistics,https://sgis.mods.go.kr/ServiceAPI/OpenAPI3/catchmentArea/serviceAreaStatistics.json,EPSG:5179,DATA_NOT_AVAILABLE,"Location ""Location 1"" in ""Facilities"" is unlocated.  Invalid locations detected."
465,2024,5,,,,SGIS 생활권역 통계지도 serviceAreaStatistics,https://sgis.mods.go.kr/ServiceAPI/OpenAPI3/catchmentArea/serviceAreaStatistics.json,EPSG:5179,DATA_NOT_AVAILABLE,"Location ""Location 1"" in ""Facilities"" is unlocated.  Invalid locations detected."
465,2024,10,,,,SGIS 생활권역 통계지도 serviceAreaStatistics,https://sgis.mods.go.kr/ServiceAPI/OpenAPI3/catchmentArea/serviceAreaStatistics.json,EPSG:5179,DATA_NOT_AVAILABLE,"Location ""Location 1"" in ""Facilities"" is unlocated.  Invalid locations detected."
466,2024,5,,,,SGIS 생활권역 통계지도 serviceAreaStatistics,https://sgis.mods.go.kr/ServiceAPI/OpenAPI3/catchmentArea/serviceAreaStatistics.json,EPSG:5179,DATA_NOT_AVAILABLE,"Location ""Location 1"" in ""Facilities"" is unlocated.  Invalid locations detected."
466,2024,10,,,,SGIS 생활권역 통계지도 serviceAreaStatistics,https://sgis.mods.go.kr/ServiceAPI/OpenAPI3/catchmentArea/serviceAreaStatistics.json,EPSG:5179,DATA_NOT_AVAILABLE,"Location ""Location 1"" in ""Facilities"" is unlocated.  Invalid locations detected."
467,2024,5,33.0,39.0,1316563.0,SGIS 생활권역 통계지도 serviceAreaStatistics,https://sgis.mods.go.kr/ServiceAPI/OpenAPI3/catchmentArea/serviceAreaStatistics.json,EPSG:5179,AVAILABLE,
467,2024,10,208.0,211.0,4010000.0,SGIS 생활권역 통계지도 serviceAreaStatistics,https://sgis.mods.go.kr/ServiceAPI/OpenAPI3/catchmentArea/serviceAreaStatistics.json,EPSG:5179,AVAILABLE,
468,2024,5,63.0,75.0,1419063.0,SGIS 생활권역 통계지도 serviceAreaStatistics,https://sgis.mods.go.kr/ServiceAPI/OpenAPI3/catchmentArea/serviceAreaStatistics.json,EPSG:5179,AVAILABLE,
468,2024,10,628.0,632.0,7207188.0,SGIS 생활권역 통계지도 serviceAreaStatistics,https://sgis.mods.go.kr/ServiceAPI/OpenAPI3/catchmentArea/serviceAreaStatistics.json,EPSG:5179,AVAILABLE,
469,2024,5,,,,SGIS 생활권역 통계지도 serviceAreaStatistics,https://sgis.mods.go.kr/ServiceAPI/OpenAPI3/catchmentArea/serviceAreaStatistics.json,EPSG:5179,DATA_NOT_AVAILABLE,"Location ""Location 1"" in ""Facilities"" is unlocated.  Invalid locations detected."
469,2024,10,,,,SGIS 생활권역 통계지도 serviceAreaStatistics,https://sgis.mods.go.kr/ServiceAPI/OpenAPI3/catchmentArea/serviceAreaStatistics.json,EPSG:5179,DATA_NOT_AVAILABLE,"Location ""Location 1"" in ""Facilities"" is unlocated.  Invalid locations detected."
470,2024,5,,,,SGIS 생활권역 통계지도 serviceAreaStatistics,https://sgis.mods.go.kr/ServiceAPI/OpenAPI3/catchmentArea/serviceAreaStatistics.json,EPSG:5179,DATA_NOT_AVAILABLE,"Location ""Location 1"" in ""Facilities"" is unlocated.  Invalid locations detected."
470,2024,10,,,,SGIS 생활권역 통계지도 serviceAreaStatistics,https://sgis.mods.go.kr/ServiceAPI/OpenAPI3/catchmentArea/serviceAreaStatistics.json,EPSG:5179,DATA_NOT_AVAILABLE,"Location ""Location 1"" in ""Facilities"" is unlocated.  Invalid locations detected."
471,2024,5,18.0,28.0,252188.0,SGIS 생활권역 통계지도 serviceAreaStatistics,https://sgis.mods.go.kr/ServiceAPI/OpenAPI3/catchmentArea/serviceAreaStatistics.json,EPSG:5179,AVAILABLE,
471,2024,10,48.0,52.0,967188.0,SGIS 생활권역 통계지도 serviceAreaStatistics,https://sgis.mods.go.kr/ServiceAPI/OpenAPI3/catchmentArea/serviceAreaStatistics.json,EPSG:5179,AVAILABLE,
472,2024,5,,,,SGIS 생활권역 통계지도 serviceAreaStatistics,https://sgis.mods.go.kr/ServiceAPI/OpenAPI3/catchmentArea/serviceAreaStatistics.json,EPSG:5179,DATA_NOT_AVAILABLE,"Location ""Location 1"" in ""Facilities"" is unlocated.  Invalid locations detected."
472,2024,10,,,,SGIS 생활권역 통계지도 serviceAreaStatistics,https://sgis.mods.go.kr/ServiceAPI/OpenAPI3/catchmentArea/serviceAreaStatistics.json,EPSG:5179,DATA_NOT_AVAILABLE,"Location ""Location 1"" in ""Facilities"" is unlocated.  Invalid locations detected."
473,2024,5,43.0,42.0,759063.0,SGIS 생활권역 통계지도 serviceAreaStatistics,https://sgis.mods.go.kr/ServiceAPI/OpenAPI3/catchmentArea/serviceAreaStatistics.json,EPSG:5179,AVAILABLE,
473,2024,10,373.0,371.0,2645938.0,SGIS 생활권역 통계지도 serviceAreaStatistics,https://sgis.mods.go.kr/ServiceAPI/OpenAPI3/catchmentArea/serviceAreaStatistics.json,EPSG:5179,AVAILABLE,
474,2024,5,2298.0,2297.0,2002500.0,SGIS 생활권역 통계지도 serviceAreaStatistics,https://sgis.mods.go.kr/ServiceAPI/OpenAPI3/catchmentArea/serviceAreaStatistics.json,EPSG:5179,AVAILABLE,
474,2024,10,3877.0,3876.0,8255625.0,SGIS 생활권역 통계지도 serviceAreaStatistics,https://sgis.mods.go.kr/ServiceAPI/OpenAPI3/catchmentArea/serviceAreaStatistics.json,EPSG:5179,AVAILABLE,
475,2024,5,214.0,220.0,1429688.0,SGIS 생활권역 통계지도 serviceAreaStatistics,https://sgis.mods.go.kr/ServiceAPI/OpenAPI3/catchmentArea/serviceAreaStatistics.json,EPSG:5179,AVAILABLE,
475,2024,10,1704.0,1708.0,5029688.0,SGIS 생활권역 통계지도 serviceAreaStatistics,https://sgis.mods.go.kr/ServiceAPI/OpenAPI3/catchmentArea/serviceAreaStatistics.json,EPSG:5179,AVAILABLE,
476,2024,5,,,,SGIS 생활권역 통계지도 serviceAreaStatistics,https://sgis.mods.go.kr/ServiceAPI/OpenAPI3/catchmentArea/serviceAreaStatistics.json,EPSG:5179,DATA_NOT_AVAILABLE,"Location ""Location 1"" in ""Facilities"" is unlocated.  Invalid locations detected."
476,2024,10,,,,SGIS 생활권역 통계지도 serviceAreaStatistics,https://sgis.mods.go.kr/ServiceAPI/OpenAPI3/catchmentArea/serviceAreaStatistics.json,EPSG:5179,DATA_NOT_AVAILABLE,"Location ""Location 1"" in ""Facilities"" is unlocated.  Invalid locations detected."
477,2024,5,63.0,73.0,259375.0,SGIS 생활권역 통계지도 serviceAreaStatistics,https://sgis.mods.go.kr/ServiceAPI/OpenAPI3/catchmentArea/serviceAreaStatistics.json,EPSG:5179,AVAILABLE,
477,2024,10,855.0,849.0,1441875.0,SGIS 생활권역 통계지도 serviceAreaStatistics,https://sgis.mods.go.kr/ServiceAPI/OpenAPI3/catchmentArea/serviceAreaStatistics.json,EPSG:5179,AVAILABLE,
478,2024,5,78.0,88.0,465000.0,SGIS 생활권역 통계지도 serviceAreaStatistics,https://sgis.mods.go.kr/ServiceAPI/OpenAPI3/catchmentArea/serviceAreaStatistics.json,EPSG:5179,AVAILABLE,
478,2024,10,193.0,194.0,2464688.0,SGIS 생활권역 통계지도 serviceAreaStatistics,https://sgis.mods.go.kr/ServiceAPI/OpenAPI3/catchmentArea/serviceAreaStatistics.json,EPSG:5179,AVAILABLE,
479,2024,5,13.0,30.0,342188.0,SGIS 생활권역 통계지도 serviceAreaStatistics,https://sgis.mods.go.kr/ServiceAPI/OpenAPI3/catchmentArea/serviceAreaStatistics.json,EPSG:5179,AVAILABLE,
479,2024,10,143.0,154.0,1269688.0,SGIS 생활권역 통계지도 serviceAreaStatistics,https://sgis.mods.go.kr/ServiceAPI/OpenAPI3/catchmentArea/serviceAreaStatistics.json,EPSG:5179,AVAILABLE,
480,2024,5,,,,SGIS 생활권역 통계지도 serviceAreaStatistics,https://sgis.mods.go.kr/ServiceAPI/OpenAPI3/catchmentArea/serviceAreaStatistics.json,EPSG:5179,DATA_NOT_AVAILABLE,"Location ""Location 1"" in ""Facilities"" is unlocated.  Invalid locations detected."
480,2024,10,,,,SGIS 생활권역 통계지도 serviceAreaStatistics,https://sgis.mods.go.kr/ServiceAPI/OpenAPI3/catchmentArea/serviceAreaStatistics.json,EPSG:5179,DATA_NOT_AVAILABLE,"Location ""Location 1"" in ""Facilities"" is unlocated.  Invalid locations detected."
481,2024,5,48.0,47.0,423750.0,SGIS 생활권역 통계지도 serviceAreaStatistics,https://sgis.mods.go.kr/ServiceAPI/OpenAPI3/catchmentArea/serviceAreaStatistics.json,EPSG:5179,AVAILABLE,
481,2024,10,138.0,146.0,1281563.0,SGIS 생활권역 통계지도 serviceAreaStatistics,https://sgis.mods.go.kr/ServiceAPI/OpenAPI3/catchmentArea/serviceAreaStatistics.json,EPSG:5179,AVAILABLE,
482,2024,5,13.0,21.0,584688.0,SGIS 생활권역 통계지도 serviceAreaStatistics,https://sgis.mods.go.kr/ServiceAPI/OpenAPI3/catchmentArea/serviceAreaStatistics.json,EPSG:5179,AVAILABLE,
482,2024,10,233.0,237.0,1714375.0,SGIS 생활권역 통계지도 serviceAreaStatistics,https://sgis.mods.go.kr/ServiceAPI/OpenAPI3/catchmentArea/serviceAreaStatistics.json,EPSG:5179,AVAILABLE,
483,2024,5,,,,SGIS 생활권역 통계지도 serviceAreaStatistics,https://sgis.mods.go.kr/ServiceAPI/OpenAPI3/catchmentArea/serviceAreaStatistics.json,EPSG:5179,DATA_NOT_AVAILABLE,"Location ""Location 1"" in ""Facilities"" is unlocated.  Invalid locations detected."
483,2024,10,,,,SGIS 생활권역 통계지도 serviceAreaStatistics,https://sgis.mods.go.kr/ServiceAPI/OpenAPI3/catchmentArea/serviceAreaStatistics.json,EPSG:5179,DATA_NOT_AVAILABLE,"Location ""Location 1"" in ""Facilities"" is unlocated.  Invalid locations detected."
484,2024,5,,,,SGIS 생활권역 통계지도 serviceAreaStatistics,https://sgis.mods.go.kr/ServiceAPI/OpenAPI3/catchmentArea/serviceAreaStatistics.json,EPSG:5179,DATA_NOT_AVAILABLE,"Location ""Location 1"" in ""Facilities"" is unlocated.  Invalid locations detected."
484,2024,10,,,,SGIS 생활권역 통계지도 serviceAreaStatistics,https://sgis.mods.go.kr/ServiceAPI/OpenAPI3/catchmentArea/serviceAreaStatistics.json,EPSG:5179,DATA_NOT_AVAILABLE,"Location ""Location 1"" in ""Facilities"" is unlocated.  Invalid locations detected."
485,2024,5,5.0,0.0,191875.0,SGIS 생활권역 통계지도 serviceAreaStatistics,https://sgis.mods.go.kr/ServiceAPI/OpenAPI3/catchmentArea/serviceAreaStatistics.json,EPSG:5179,AVAILABLE,
485,2024,10,78.0,95.0,566563.0,SGIS 생활권역 통계지도 serviceAreaStatistics,https://sgis.mods.go.kr/ServiceAPI/OpenAPI3/catchmentArea/serviceAreaStatistics.json,EPSG:5179,AVAILABLE,
486,2024,5,,,,SGIS 생활권역 통계지도 serviceAreaStatistics,https://sgis.mods.go.kr/ServiceAPI/OpenAPI3/catchmentArea/serviceAreaStatistics.json,EPSG:5179,DATA_NOT_AVAILABLE,"Location ""Location 1"" in ""Facilities"" is unlocated.  Invalid locations detected."
486,2024,10,,,,SGIS 생활권역 통계지도 serviceAreaStatistics,https://sgis.mods.go.kr/ServiceAPI/OpenAPI3/catchmentArea/serviceAreaStatistics.json,EPSG:5179,DATA_NOT_AVAILABLE,"Location ""Location 1"" in ""Facilities"" is unlocated.  Invalid locations detected."
487,2024,5,,,,SGIS 생활권역 통계지도 serviceAreaStatistics,https://sgis.mods.go.kr/ServiceAPI/OpenAPI3/catchmentArea/serviceAreaStatistics.json,EPSG:5179,DATA_NOT_AVAILABLE,"Location ""Location 1"" in ""Facilities"" is unlocated.  Invalid locations detected."
487,2024,10,,,,SGIS 생활권역 통계지도 serviceAreaStatistics,https://sgis.mods.go.kr/ServiceAPI/OpenAPI3/catchmentArea/serviceAreaStatistics.json,EPSG:5179,DATA_NOT_AVAILABLE,"Location ""Location 1"" in ""Facilities"" is unlocated.  Invalid locations detected."
488,2024,5,53.0,57.0,749688.0,SGIS 생활권역 통계지도 serviceAreaStatistics,https://sgis.mods.go.kr/ServiceAPI/OpenAPI3/catchmentArea/serviceAreaStatistics.json,EPSG:5179,AVAILABLE,
488,2024,10,348.0,352.0,3837188.0,SGIS 생활권역 통계지도 serviceAreaStatistics,https://sgis.mods.go.kr/ServiceAPI/OpenAPI3/catchmentArea/serviceAreaStatistics.json,EPSG:5179,AVAILABLE,
489,2024,5,,,,SGIS 생활권역 통계지도 serviceAreaStatistics,https://sgis.mods.go.kr/ServiceAPI/OpenAPI3/catchmentArea/serviceAreaStatistics.json,EPSG:5179,DATA_NOT_AVAILABLE,"Location ""Location 1"" in ""Facilities"" is unlocated.  Invalid locations detected."
489,2024,10,,,,SGIS 생활권역 통계지도 serviceAreaStatistics,https://sgis.mods.go.kr/ServiceAPI/OpenAPI3/catchmentArea/serviceAreaStatistics.json,EPSG:5179,DATA_NOT_AVAILABLE,"Location ""Location 1"" in ""Facilities"" is unlocated.  Invalid locations detected."
490,2024,5,18.0,23.0,539688.0,SGIS 생활권역 통계지도 serviceAreaStatistics,https://sgis.mods.go.kr/ServiceAPI/OpenAPI3/catchmentArea/serviceAreaStatistics.json,EPSG:5179,AVAILABLE,
490,2024,10,128.0,135.0,1325000.0,SGIS 생활권역 통계지도 serviceAreaStatistics,https://sgis.mods.go.kr/ServiceAPI/OpenAPI3/catchmentArea/serviceAreaStatistics.json,EPSG:5179,AVAILABLE,
491,2024,5,,,,SGIS 생활권역 통계지도 serviceAreaStatistics,https://sgis.mods.go.kr/ServiceAPI/OpenAPI3/catchmentArea/serviceAreaStatistics.json,EPSG:5179,DATA_NOT_AVAILABLE,"Location ""Location 1"" in ""Facilities"" is unlocated.  Invalid locations detected."
491,2024,10,,,,SGIS 생활권역 통계지도 serviceAreaStatistics,https://sgis.mods.go.kr/ServiceAPI/OpenAPI3/catchmentArea/serviceAreaStatistics.json,EPSG:5179,DATA_NOT_AVAILABLE,"Location ""Location 1"" in ""Facilities"" is unlocated.  Invalid locations detected."
492,2024,5,,,,SGIS 생활권역 통계지도 serviceAreaStatistics,https://sgis.mods.go.kr/ServiceAPI/OpenAPI3/catchmentArea/serviceAreaStatistics.json,EPSG:5179,DATA_NOT_AVAILABLE,"Location ""Location 1"" in ""Facilities"" is unlocated.  Invalid locations detected."
492,2024,10,,,,SGIS 생활권역 통계지도 serviceAreaStatistics,https://sgis.mods.go.kr/ServiceAPI/OpenAPI3/catchmentArea/serviceAreaStatistics.json,EPSG:5179,DATA_NOT_AVAILABLE,"Location ""Location 1"" in ""Facilities"" is unlocated.  Invalid locations detected."
493,2024,5,69.0,76.0,384063.0,SGIS 생활권역 통계지도 serviceAreaStatistics,https://sgis.mods.go.kr/ServiceAPI/OpenAPI3/catchmentArea/serviceAreaStatistics.json,EPSG:5179,AVAILABLE,
493,2024,10,279.0,282.0,1515625.0,SGIS 생활권역 통계지도 serviceAreaStatistics,https://sgis.mods.go.kr/ServiceAPI/OpenAPI3/catchmentArea/serviceAreaStatistics.json,EPSG:5179,AVAILABLE,
494,2024,5,,,,SGIS 생활권역 통계지도 serviceAreaStatistics,https://sgis.mods.go.kr/ServiceAPI/OpenAPI3/catchmentArea/serviceAreaStatistics.json,EPSG:5179,DATA_NOT_AVAILABLE,"Location ""Location 1"" in ""Facilities"" is unlocated.  Invalid locations detected."
494,2024,10,,,,SGIS 생활권역 통계지도 serviceAreaStatistics,https://sgis.mods.go.kr/ServiceAPI/OpenAPI3/catchmentArea/serviceAreaStatistics.json,EPSG:5179,DATA_NOT_AVAILABLE,"Location ""Location 1"" in ""Facilities"" is unlocated.  Invalid locations detected."
495,2024,5,,,,SGIS 생활권역 통계지도 serviceAreaStatistics,https://sgis.mods.go.kr/ServiceAPI/OpenAPI3/catchmentArea/serviceAreaStatistics.json,EPSG:5179,DATA_NOT_AVAILABLE,"Location ""Location 1"" in ""Facilities"" is unlocated.  Invalid locations detected."
495,2024,10,,,,SGIS 생활권역 통계지도 serviceAreaStatistics,https://sgis.mods.go.kr/ServiceAPI/OpenAPI3/catchmentArea/serviceAreaStatistics.json,EPSG:5179,DATA_NOT_AVAILABLE,"Location ""Location 1"" in ""Facilities"" is unlocated.  Invalid locations detected."
496,2024,5,,,,SGIS 생활권역 통계지도 serviceAreaStatistics,https://sgis.mods.go.kr/ServiceAPI/OpenAPI3/catchmentArea/serviceAreaStatistics.json,EPSG:5179,DATA_NOT_AVAILABLE,"Location ""Location 1"" in ""Facilities"" is unlocated.  Invalid locations detected."
496,2024,10,,,,SGIS 생활권역 통계지도 serviceAreaStatistics,https://sgis.mods.go.kr/ServiceAPI/OpenAPI3/catchmentArea/serviceAreaStatistics.json,EPSG:5179,DATA_NOT_AVAILABLE,"Location ""Location 1"" in ""Facilities"" is unlocated.  Invalid locations detected."
497,2024,5,,,,SGIS 생활권역 통계지도 serviceAreaStatistics,https://sgis.mods.go.kr/ServiceAPI/OpenAPI3/catchmentArea/serviceAreaStatistics.json,EPSG:5179,DATA_NOT_AVAILABLE,"Location ""Location 1"" in ""Facilities"" is unlocated.  Invalid locations detected."
497,2024,10,,,,SGIS 생활권역 통계지도 serviceAreaStatistics,https://sgis.mods.go.kr/ServiceAPI/OpenAPI3/catchmentArea/serviceAreaStatistics.json,EPSG:5179,DATA_NOT_AVAILABLE,"Location ""Location 1"" in ""Facilities"" is unlocated.  Invalid locations detected."
498,2024,5,,,,SGIS 생활권역 통계지도 serviceAreaStatistics,https://sgis.mods.go.kr/ServiceAPI/OpenAPI3/catchmentArea/serviceAreaStatistics.json,EPSG:5179,DATA_NOT_AVAILABLE,"Location ""Location 1"" in ""Facilities"" is unlocated.  Invalid locations detected."
498,2024,10,,,,SGIS 생활권역 통계지도 serviceAreaStatistics,https://sgis.mods.go.kr/ServiceAPI/OpenAPI3/catchmentArea/serviceAreaStatistics.json,EPSG:5179,DATA_NOT_AVAILABLE,"Location ""Location 1"" in ""Facilities"" is unlocated.  Invalid locations detected."
499,2024,5,,,487500.0,SGIS 생활권역 통계지도 serviceAreaStatistics,https://sgis.mods.go.kr/ServiceAPI/OpenAPI3/catchmentArea/serviceAreaStatistics.json,EPSG:5179,DATA_NOT_AVAILABLE,
499,2024,10,158.0,161.0,1389063.0,SGIS 생활권역 통계지도 serviceAreaStatistics,https://sgis.mods.go.kr/ServiceAPI/OpenAPI3/catchmentArea/serviceAreaStatistics.json,EPSG:5179,AVAILABLE,
500,2024,5,,,,SGIS 생활권역 통계지도 serviceAreaStatistics,https://sgis.mods.go.kr/ServiceAPI/OpenAPI3/catchmentArea/serviceAreaStatistics.json,EPSG:5179,DATA_NOT_AVAILABLE,"Location ""Location 1"" in ""Facilities"" is unlocated.  Invalid locations detected."
500,2024,10,,,,SGIS 생활권역 통계지도 serviceAreaStatistics,https://sgis.mods.go.kr/ServiceAPI/OpenAPI3/catchmentArea/serviceAreaStatistics.json,EPSG:5179,DATA_NOT_AVAILABLE,"Location ""Location 1"" in ""Facilities"" is unlocated.  Invalid locations detected."
501,2024,5,68.0,75.0,417813.0,SGIS 생활권역 통계지도 serviceAreaStatistics,https://sgis.mods.go.kr/ServiceAPI/OpenAPI3/catchmentArea/serviceAreaStatistics.json,EPSG:5179,AVAILABLE,
501,2024,10,78.0,85.0,1012188.0,SGIS 생활권역 통계지도 serviceAreaStatistics,https://sgis.mods.go.kr/ServiceAPI/OpenAPI3/catchmentArea/serviceAreaStatistics.json,EPSG:5179,AVAILABLE,
502,2024,5,,,373438.0,SGIS 생활권역 통계지도 serviceAreaStatistics,https://sgis.mods.go.kr/ServiceAPI/OpenAPI3/catchmentArea/serviceAreaStatistics.json,EPSG:5179,DATA_NOT_AVAILABLE,
502,2024,10,158.0,158.0,1180000.0,SGIS 생활권역 통계지도 serviceAreaStatistics,https://sgis.mods.go.kr/ServiceAPI/OpenAPI3/catchmentArea/serviceAreaStatistics.json,EPSG:5179,AVAILABLE,
503,2024,5,,,,SGIS 생활권역 통계지도 serviceAreaStatistics,https://sgis.mods.go.kr/ServiceAPI/OpenAPI3/catchmentArea/serviceAreaStatistics.json,EPSG:5179,DATA_NOT_AVAILABLE,"Location ""Location 1"" in ""Facilities"" is unlocated.  Invalid locations detected."
503,2024,10,,,,SGIS 생활권역 통계지도 serviceAreaStatistics,https://sgis.mods.go.kr/ServiceAPI/OpenAPI3/catchmentArea/serviceAreaStatistics.json,EPSG:5179,DATA_NOT_AVAILABLE,"Location ""Location 1"" in ""Facilities"" is unlocated.  Invalid locations detected."
504,2024,5,,,,SGIS 생활권역 통계지도 serviceAreaStatistics,https://sgis.mods.go.kr/ServiceAPI/OpenAPI3/catchmentArea/serviceAreaStatistics.json,EPSG:5179,DATA_NOT_AVAILABLE,"Location ""Location 1"" in ""Facilities"" is unlocated.  Invalid locations detected."
504,2024,10,,,,SGIS 생활권역 통계지도 serviceAreaStatistics,https://sgis.mods.go.kr/ServiceAPI/OpenAPI3/catchmentArea/serviceAreaStatistics.json,EPSG:5179,DATA_NOT_AVAILABLE,"Location ""Location 1"" in ""Facilities"" is unlocated.  Invalid locations detected."
505,2024,5,,,,SGIS 생활권역 통계지도 serviceAreaStatistics,https://sgis.mods.go.kr/ServiceAPI/OpenAPI3/catchmentArea/serviceAreaStatistics.json,EPSG:5179,DATA_NOT_AVAILABLE,"Location ""Location 1"" in ""Facilities"" is unlocated.  Invalid locations detected."
505,2024,10,,,,SGIS 생활권역 통계지도 serviceAreaStatistics,https://sgis.mods.go.kr/ServiceAPI/OpenAPI3/catchmentArea/serviceAreaStatistics.json,EPSG:5179,DATA_NOT_AVAILABLE,"Location ""Location 1"" in ""Facilities"" is unlocated.  Invalid locations detected."
506,2024,5,,,,SGIS 생활권역 통계지도 serviceAreaStatistics,https://sgis.mods.go.kr/ServiceAPI/OpenAPI3/catchmentArea/serviceAreaStatistics.json,EPSG:5179,DATA_NOT_AVAILABLE,"Location ""Location 1"" in ""Facilities"" is unlocated.  Invalid locations detected."
506,2024,10,,,,SGIS 생활권역 통계지도 serviceAreaStatistics,https://sgis.mods.go.kr/ServiceAPI/OpenAPI3/catchmentArea/serviceAreaStatistics.json,EPSG:5179,DATA_NOT_AVAILABLE,"Location ""Location 1"" in ""Facilities"" is unlocated.  Invalid locations detected."
507,2024,5,43.0,47.0,234688.0,SGIS 생활권역 통계지도 serviceAreaStatistics,https://sgis.mods.go.kr/ServiceAPI/OpenAPI3/catchmentArea/serviceAreaStatistics.json,EPSG:5179,AVAILABLE,
507,2024,10,113.0,113.0,1142188.0,SGIS 생활권역 통계지도 serviceAreaStatistics,https://sgis.mods.go.kr/ServiceAPI/OpenAPI3/catchmentArea/serviceAreaStatistics.json,EPSG:5179,AVAILABLE,
508,2024,5,153.0,158.0,1630000.0,SGIS 생활권역 통계지도 serviceAreaStatistics,https://sgis.mods.go.kr/ServiceAPI/OpenAPI3/catchmentArea/serviceAreaStatistics.json,EPSG:5179,AVAILABLE,
508,2024,10,608.0,607.0,5623438.0,SGIS 생활권역 통계지도 serviceAreaStatistics,https://sgis.mods.go.kr/ServiceAPI/OpenAPI3/catchmentArea/serviceAreaStatistics.json,EPSG:5179,AVAILABLE,
509,2024,5,,,,SGIS 생활권역 통계지도 serviceAreaStatistics,https://sgis.mods.go.kr/ServiceAPI/OpenAPI3/catchmentArea/serviceAreaStatistics.json,EPSG:5179,DATA_NOT_AVAILABLE,"Location ""Location 1"" in ""Facilities"" is unlocated.  Invalid locations detected."
509,2024,10,,,,SGIS 생활권역 통계지도 serviceAreaStatistics,https://sgis.mods.go.kr/ServiceAPI/OpenAPI3/catchmentArea/serviceAreaStatistics.json,EPSG:5179,DATA_NOT_AVAILABLE,"Location ""Location 1"" in ""Facilities"" is unlocated.  Invalid locations detected."
510,2024,5,,,,SGIS 생활권역 통계지도 serviceAreaStatistics,https://sgis.mods.go.kr/ServiceAPI/OpenAPI3/catchmentArea/serviceAreaStatistics.json,EPSG:5179,DATA_NOT_AVAILABLE,"Location ""Location 1"" in ""Facilities"" is unlocated.  Invalid locations detected."
510,2024,10,,,,SGIS 생활권역 통계지도 serviceAreaStatistics,https://sgis.mods.go.kr/ServiceAPI/OpenAPI3/catchmentArea/serviceAreaStatistics.json,EPSG:5179,DATA_NOT_AVAILABLE,"Location ""Location 1"" in ""Facilities"" is unlocated.  Invalid locations detected."
511,2024,5,,,240938.0,SGIS 생활권역 통계지도 serviceAreaStatistics,https://sgis.mods.go.kr/ServiceAPI/OpenAPI3/catchmentArea/serviceAreaStatistics.json,EPSG:5179,DATA_NOT_AVAILABLE,
511,2024,10,123.0,127.0,1503750.0,SGIS 생활권역 통계지도 serviceAreaStatistics,https://sgis.mods.go.kr/ServiceAPI/OpenAPI3/catchmentArea/serviceAreaStatistics.json,EPSG:5179,AVAILABLE,
512,2024,5,108.0,112.0,451875.0,SGIS 생활권역 통계지도 serviceAreaStatistics,https://sgis.mods.go.kr/ServiceAPI/OpenAPI3/catchmentArea/serviceAreaStatistics.json,EPSG:5179,AVAILABLE,
512,2024,10,193.0,191.0,2159375.0,SGIS 생활권역 통계지도 serviceAreaStatistics,https://sgis.mods.go.kr/ServiceAPI/OpenAPI3/catchmentArea/serviceAreaStatistics.json,EPSG:5179,AVAILABLE,
513,2024,5,38.0,44.0,264063.0,SGIS 생활권역 통계지도 serviceAreaStatistics,https://sgis.mods.go.kr/ServiceAPI/OpenAPI3/catchmentArea/serviceAreaStatistics.json,EPSG:5179,AVAILABLE,
513,2024,10,153.0,156.0,1405625.0,SGIS 생활권역 통계지도 serviceAreaStatistics,https://sgis.mods.go.kr/ServiceAPI/OpenAPI3/catchmentArea/serviceAreaStatistics.json,EPSG:5179,AVAILABLE,
514,2024,5,,,,SGIS 생활권역 통계지도 serviceAreaStatistics,https://sgis.mods.go.kr/ServiceAPI/OpenAPI3/catchmentArea/serviceAreaStatistics.json,EPSG:5179,DATA_NOT_AVAILABLE,"Location ""Location 1"" in ""Facilities"" is unlocated.  Invalid locations detected."
514,2024,10,,,,SGIS 생활권역 통계지도 serviceAreaStatistics,https://sgis.mods.go.kr/ServiceAPI/OpenAPI3/catchmentArea/serviceAreaStatistics.json,EPSG:5179,DATA_NOT_AVAILABLE,"Location ""Location 1"" in ""Facilities"" is unlocated.  Invalid locations detected."
515,2024,5,,,,SGIS 생활권역 통계지도 serviceAreaStatistics,https://sgis.mods.go.kr/ServiceAPI/OpenAPI3/catchmentArea/serviceAreaStatistics.json,EPSG:5179,DATA_NOT_AVAILABLE,"Location ""Location 1"" in ""Facilities"" is unlocated.  Invalid locations detected."
515,2024,10,,,,SGIS 생활권역 통계지도 serviceAreaStatistics,https://sgis.mods.go.kr/ServiceAPI/OpenAPI3/catchmentArea/serviceAreaStatistics.json,EPSG:5179,DATA_NOT_AVAILABLE,"Location ""Location 1"" in ""Facilities"" is unlocated.  Invalid locations detected."
516,2024,5,,,,SGIS 생활권역 통계지도 serviceAreaStatistics,https://sgis.mods.go.kr/ServiceAPI/OpenAPI3/catchmentArea/serviceAreaStatistics.json,EPSG:5179,DATA_NOT_AVAILABLE,"Location ""Location 1"" in ""Facilities"" is unlocated.  Invalid locations detected."
516,2024,10,,,,SGIS 생활권역 통계지도 serviceAreaStatistics,https://sgis.mods.go.kr/ServiceAPI/OpenAPI3/catchmentArea/serviceAreaStatistics.json,EPSG:5179,DATA_NOT_AVAILABLE,"Location ""Location 1"" in ""Facilities"" is unlocated.  Invalid locations detected."
517,2024,5,,,,SGIS 생활권역 통계지도 serviceAreaStatistics,https://sgis.mods.go.kr/ServiceAPI/OpenAPI3/catchmentArea/serviceAreaStatistics.json,EPSG:5179,DATA_NOT_AVAILABLE,"Location ""Location 1"" in ""Facilities"" is unlocated.  Invalid locations detected."
517,2024,10,,,,SGIS 생활권역 통계지도 serviceAreaStatistics,https://sgis.mods.go.kr/ServiceAPI/OpenAPI3/catchmentArea/serviceAreaStatistics.json,EPSG:5179,DATA_NOT_AVAILABLE,"Location ""Location 1"" in ""Facilities"" is unlocated.  Invalid locations detected."
518,2024,5,,,,SGIS 생활권역 통계지도 serviceAreaStatistics,https://sgis.mods.go.kr/ServiceAPI/OpenAPI3/catchmentArea/serviceAreaStatistics.json,EPSG:5179,DATA_NOT_AVAILABLE,"Location ""Location 1"" in ""Facilities"" is unlocated.  Invalid locations detected."
518,2024,10,,,,SGIS 생활권역 통계지도 serviceAreaStatistics,https://sgis.mods.go.kr/ServiceAPI/OpenAPI3/catchmentArea/serviceAreaStatistics.json,EPSG:5179,DATA_NOT_AVAILABLE,"Location ""Location 1"" in ""Facilities"" is unlocated.  Invalid locations detected."
519,2024,5,43.0,47.0,436563.0,SGIS 생활권역 통계지도 serviceAreaStatistics,https://sgis.mods.go.kr/ServiceAPI/OpenAPI3/catchmentArea/serviceAreaStatistics.json,EPSG:5179,AVAILABLE,
519,2024,10,103.0,105.0,1088438.0,SGIS 생활권역 통계지도 serviceAreaStatistics,https://sgis.mods.go.kr/ServiceAPI/OpenAPI3/catchmentArea/serviceAreaStatistics.json,EPSG:5179,AVAILABLE,
543,2024,5,103.0,113.0,454375.0,SGIS 생활권역 통계지도 serviceAreaStatistics,https://sgis.mods.go.kr/ServiceAPI/OpenAPI3/catchmentArea/serviceAreaStatistics.json,EPSG:5179,AVAILABLE,
543,2024,10,353.0,357.0,2166563.0,SGIS 생활권역 통계지도 serviceAreaStatistics,https://sgis.mods.go.kr/ServiceAPI/OpenAPI3/catchmentArea/serviceAreaStatistics.json,EPSG:5179,AVAILABLE,
544,2024,5,,,,SGIS 생활권역 통계지도 serviceAreaStatistics,https://sgis.mods.go.kr/ServiceAPI/OpenAPI3/catchmentArea/serviceAreaStatistics.json,EPSG:5179,DATA_NOT_AVAILABLE,"Location ""Location 1"" in ""Facilities"" is unlocated.  Invalid locations detected."
544,2024,10,,,,SGIS 생활권역 통계지도 serviceAreaStatistics,https://sgis.mods.go.kr/ServiceAPI/OpenAPI3/catchmentArea/serviceAreaStatistics.json,EPSG:5179,DATA_NOT_AVAILABLE,"Location ""Location 1"" in ""Facilities"" is unlocated.  Invalid locations detected."
545,2024,5,,,,SGIS 생활권역 통계지도 serviceAreaStatistics,https://sgis.mods.go.kr/ServiceAPI/OpenAPI3/catchmentArea/serviceAreaStatistics.json,EPSG:5179,DATA_NOT_AVAILABLE,"Location ""Location 1"" in ""Facilities"" is unlocated.  Invalid locations detected."
545,2024,10,,,,SGIS 생활권역 통계지도 serviceAreaStatistics,https://sgis.mods.go.kr/ServiceAPI/OpenAPI3/catchmentArea/serviceAreaStatistics.json,EPSG:5179,DATA_NOT_AVAILABLE,"Location ""Location 1"" in ""Facilities"" is unlocated.  Invalid locations detected."
546,2024,5,,,,SGIS 생활권역 통계지도 serviceAreaStatistics,https://sgis.mods.go.kr/ServiceAPI/OpenAPI3/catchmentArea/serviceAreaStatistics.json,EPSG:5179,DATA_NOT_AVAILABLE,"Location ""Location 1"" in ""Facilities"" is unlocated.  Invalid locations detected."
546,2024,10,,,,SGIS 생활권역 통계지도 serviceAreaStatistics,https://sgis.mods.go.kr/ServiceAPI/OpenAPI3/catchmentArea/serviceAreaStatistics.json,EPSG:5179,DATA_NOT_AVAILABLE,"Location ""Location 1"" in ""Facilities"" is unlocated.  Invalid locations detected."
547,2024,5,,,,SGIS 생활권역 통계지도 serviceAreaStatistics,https://sgis.mods.go.kr/ServiceAPI/OpenAPI3/catchmentArea/serviceAreaStatistics.json,EPSG:5179,DATA_NOT_AVAILABLE,"Location ""Location 1"" in ""Facilities"" is unlocated.  Invalid locations detected."
547,2024,10,,,,SGIS 생활권역 통계지도 serviceAreaStatistics,https://sgis.mods.go.kr/ServiceAPI/OpenAPI3/catchmentArea/serviceAreaStatistics.json,EPSG:5179,DATA_NOT_AVAILABLE,"Location ""Location 1"" in ""Facilities"" is unlocated.  Invalid locations detected."
548,2024,5,,,,SGIS 생활권역 통계지도 serviceAreaStatistics,https://sgis.mods.go.kr/ServiceAPI/OpenAPI3/catchmentArea/serviceAreaStatistics.json,EPSG:5179,DATA_NOT_AVAILABLE,"Location ""Location 1"" in ""Facilities"" is unlocated.  Invalid locations detected."
548,2024,10,,,,SGIS 생활권역 통계지도 serviceAreaStatistics,https://sgis.mods.go.kr/ServiceAPI/OpenAPI3/catchmentArea/serviceAreaStatistics.json,EPSG:5179,DATA_NOT_AVAILABLE,"Location ""Location 1"" in ""Facilities"" is unlocated.  Invalid locations detected."
549,2024,5,,,,SGIS 생활권역 통계지도 serviceAreaStatistics,https://sgis.mods.go.kr/ServiceAPI/OpenAPI3/catchmentArea/serviceAreaStatistics.json,EPSG:5179,DATA_NOT_AVAILABLE,"Location ""Location 1"" in ""Facilities"" is unlocated.  Invalid locations detected."
549,2024,10,,,,SGIS 생활권역 통계지도 serviceAreaStatistics,https://sgis.mods.go.kr/ServiceAPI/OpenAPI3/catchmentArea/serviceAreaStatistics.json,EPSG:5179,DATA_NOT_AVAILABLE,"Location ""Location 1"" in ""Facilities"" is unlocated.  Invalid locations detected."
550,2024,5,103.0,113.0,437500.0,SGIS 생활권역 통계지도 serviceAreaStatistics,https://sgis.mods.go.kr/ServiceAPI/OpenAPI3/catchmentArea/serviceAreaStatistics.json,EPSG:5179,AVAILABLE,
550,2024,10,288.0,299.0,1890000.0,SGIS 생활권역 통계지도 serviceAreaStatistics,https://sgis.mods.go.kr/ServiceAPI/OpenAPI3/catchmentArea/serviceAreaStatistics.json,EPSG:5179,AVAILABLE,
551,2024,5,48.0,49.0,355000.0,SGIS 생활권역 통계지도 serviceAreaStatistics,https://sgis.mods.go.kr/ServiceAPI/OpenAPI3/catchmentArea/serviceAreaStatistics.json,EPSG:5179,AVAILABLE,
551,2024,10,58.0,64.0,1020313.0,SGIS 생활권역 통계지도 serviceAreaStatistics,https://sgis.mods.go.kr/ServiceAPI/OpenAPI3/catchmentArea/serviceAreaStatistics.json,EPSG:5179,AVAILABLE,
556,2024,5,28.0,29.0,585313.0,SGIS 생활권역 통계지도 serviceAreaStatistics,https://sgis.mods.go.kr/ServiceAPI/OpenAPI3/catchmentArea/serviceAreaStatistics.json,EPSG:5179,AVAILABLE,
556,2024,10,68.0,67.0,923125.0,SGIS 생활권역 통계지도 serviceAreaStatistics,https://sgis.mods.go.kr/ServiceAPI/OpenAPI3/catchmentArea/serviceAreaStatistics.json,EPSG:5179,AVAILABLE,
557,2024,5,78.0,85.0,469375.0,SGIS 생활권역 통계지도 serviceAreaStatistics,https://sgis.mods.go.kr/ServiceAPI/OpenAPI3/catchmentArea/serviceAreaStatistics.json,EPSG:5179,AVAILABLE,
557,2024,10,418.0,422.0,2792188.0,SGIS 생활권역 통계지도 serviceAreaStatistics,https://sgis.mods.go.kr/ServiceAPI/OpenAPI3/catchmentArea/serviceAreaStatistics.json,EPSG:5179,AVAILABLE,
558,2024,5,18.0,23.0,515938.0,SGIS 생활권역 통계지도 serviceAreaStatistics,https://sgis.mods.go.kr/ServiceAPI/OpenAPI3/catchmentArea/serviceAreaStatistics.json,EPSG:5179,AVAILABLE,
558,2024,10,68.0,67.0,864688.0,SGIS 생활권역 통계지도 serviceAreaStatistics,https://sgis.mods.go.kr/ServiceAPI/OpenAPI3/catchmentArea/serviceAreaStatistics.json,EPSG:5179,AVAILABLE,
559,2024,5,53.0,50.0,1297813.0,SGIS 생활권역 통계지도 serviceAreaStatistics,https://sgis.mods.go.kr/ServiceAPI/OpenAPI3/catchmentArea/serviceAreaStatistics.json,EPSG:5179,AVAILABLE,
559,2024,10,143.0,143.0,4467188.0,SGIS 생활권역 통계지도 serviceAreaStatistics,https://sgis.mods.go.kr/ServiceAPI/OpenAPI3/catchmentArea/serviceAreaStatistics.json,EPSG:5179,AVAILABLE,
560,2024,5,8.0,10.0,232813.0,SGIS 생활권역 통계지도 serviceAreaStatistics,https://sgis.mods.go.kr/ServiceAPI/OpenAPI3/catchmentArea/serviceAreaStatistics.json,EPSG:5179,AVAILABLE,
560,2024,10,33.0,39.0,455000.0,SGIS 생활권역 통계지도 serviceAreaStatistics,https://sgis.mods.go.kr/ServiceAPI/OpenAPI3/catchmentArea/serviceAreaStatistics.json,EPSG:5179,AVAILABLE,
561,2024,5,,,,SGIS 생활권역 통계지도 serviceAreaStatistics,https://sgis.mods.go.kr/ServiceAPI/OpenAPI3/catchmentArea/serviceAreaStatistics.json,EPSG:5179,DATA_NOT_AVAILABLE,"Location ""Location 1"" in ""Facilities"" is unlocated.  Invalid locations detected."
561,2024,10,,,,SGIS 생활권역 통계지도 serviceAreaStatistics,https://sgis.mods.go.kr/ServiceAPI/OpenAPI3/catchmentArea/serviceAreaStatistics.json,EPSG:5179,DATA_NOT_AVAILABLE,"Location ""Location 1"" in ""Facilities"" is unlocated.  Invalid locations detected."
562,2024,5,,,,SGIS 생활권역 통계지도 serviceAreaStatistics,https://sgis.mods.go.kr/ServiceAPI/OpenAPI3/catchmentArea/serviceAreaStatistics.json,EPSG:5179,DATA_NOT_AVAILABLE,"Location ""Location 1"" in ""Facilities"" is unlocated.  Invalid locations detected."
562,2024,10,,,,SGIS 생활권역 통계지도 serviceAreaStatistics,https://sgis.mods.go.kr/ServiceAPI/OpenAPI3/catchmentArea/serviceAreaStatistics.json,EPSG:5179,DATA_NOT_AVAILABLE,"Location ""Location 1"" in ""Facilities"" is unlocated.  Invalid locations detected."
563,2024,5,18.0,26.0,323438.0,SGIS 생활권역 통계지도 serviceAreaStatistics,https://sgis.mods.go.kr/ServiceAPI/OpenAPI3/catchmentArea/serviceAreaStatistics.json,EPSG:5179,AVAILABLE,
563,2024,10,23.0,29.0,633750.0,SGIS 생활권역 통계지도 serviceAreaStatistics,https://sgis.mods.go.kr/ServiceAPI/OpenAPI3/catchmentArea/serviceAreaStatistics.json,EPSG:5179,AVAILABLE,
564,2024,5,5.0,5.0,315000.0,SGIS 생활권역 통계지도 serviceAreaStatistics,https://sgis.mods.go.kr/ServiceAPI/OpenAPI3/catchmentArea/serviceAreaStatistics.json,EPSG:5179,AVAILABLE,
564,2024,10,13.0,8.0,564688.0,SGIS 생활권역 통계지도 serviceAreaStatistics,https://sgis.mods.go.kr/ServiceAPI/OpenAPI3/catchmentArea/serviceAreaStatistics.json,EPSG:5179,AVAILABLE,
565,2024,5,,,,SGIS 생활권역 통계지도 serviceAreaStatistics,https://sgis.mods.go.kr/ServiceAPI/OpenAPI3/catchmentArea/serviceAreaStatistics.json,EPSG:5179,DATA_NOT_AVAILABLE,"Location ""Location 1"" in ""Facilities"" is unlocated.  Invalid locations detected."
565,2024,10,,,,SGIS 생활권역 통계지도 serviceAreaStatistics,https://sgis.mods.go.kr/ServiceAPI/OpenAPI3/catchmentArea/serviceAreaStatistics.json,EPSG:5179,DATA_NOT_AVAILABLE,"Location ""Location 1"" in ""Facilities"" is unlocated.  Invalid locations detected."
566,2024,5,13.0,18.0,227500.0,SGIS 생활권역 통계지도 serviceAreaStatistics,https://sgis.mods.go.kr/ServiceAPI/OpenAPI3/catchmentArea/serviceAreaStatistics.json,EPSG:5179,AVAILABLE,
566,2024,10,78.0,87.0,797500.0,SGIS 생활권역 통계지도 serviceAreaStatistics,https://sgis.mods.go.kr/ServiceAPI/OpenAPI3/catchmentArea/serviceAreaStatistics.json,EPSG:5179,AVAILABLE,
567,2024,5,,,,SGIS 생활권역 통계지도 serviceAreaStatistics,https://sgis.mods.go.kr/ServiceAPI/OpenAPI3/catchmentArea/serviceAreaStatistics.json,EPSG:5179,DATA_NOT_AVAILABLE,"Location ""Location 1"" in ""Facilities"" is unlocated.  Invalid locations detected."
567,2024,10,,,,SGIS 생활권역 통계지도 serviceAreaStatistics,https://sgis.mods.go.kr/ServiceAPI/OpenAPI3/catchmentArea/serviceAreaStatistics.json,EPSG:5179,DATA_NOT_AVAILABLE,"Location ""Location 1"" in ""Facilities"" is unlocated.  Invalid locations detected."
568,2024,5,18.0,26.0,431563.0,SGIS 생활권역 통계지도 serviceAreaStatistics,https://sgis.mods.go.kr/ServiceAPI/OpenAPI3/catchmentArea/serviceAreaStatistics.json,EPSG:5179,AVAILABLE,
568,2024,10,148.0,150.0,2329688.0,SGIS 생활권역 통계지도 serviceAreaStatistics,https://sgis.mods.go.kr/ServiceAPI/OpenAPI3/catchmentArea/serviceAreaStatistics.json,EPSG:5179,AVAILABLE,
569,2024,5,110.0,110.0,524375.0,SGIS 생활권역 통계지도 serviceAreaStatistics,https://sgis.mods.go.kr/ServiceAPI/OpenAPI3/catchmentArea/serviceAreaStatistics.json,EPSG:5179,AVAILABLE,
569,2024,10,190.0,193.0,2652188.0,SGIS 생활권역 통계지도 serviceAreaStatistics,https://sgis.mods.go.kr/ServiceAPI/OpenAPI3/catchmentArea/serviceAreaStatistics.json,EPSG:5179,AVAILABLE,
571,2024,5,73.0,87.0,600313.0,SGIS 생활권역 통계지도 serviceAreaStatistics,https://sgis.mods.go.kr/ServiceAPI/OpenAPI3/catchmentArea/serviceAreaStatistics.json,EPSG:5179,AVAILABLE,
571,2024,10,200.0,203.0,2681875.0,SGIS 생활권역 통계지도 serviceAreaStatistics,https://sgis.mods.go.kr/ServiceAPI/OpenAPI3/catchmentArea/serviceAreaStatistics.json,EPSG:5179,AVAILABLE,
572,2024,5,,,,SGIS 생활권역 통계지도 serviceAreaStatistics,https://sgis.mods.go.kr/ServiceAPI/OpenAPI3/catchmentArea/serviceAreaStatistics.json,EPSG:5179,DATA_NOT_AVAILABLE,"Location ""Location 1"" in ""Facilities"" is unlocated.  Invalid locations detected."
572,2024,10,,,,SGIS 생활권역 통계지도 serviceAreaStatistics,https://sgis.mods.go.kr/ServiceAPI/OpenAPI3/catchmentArea/serviceAreaStatistics.json,EPSG:5179,DATA_NOT_AVAILABLE,"Location ""Location 1"" in ""Facilities"" is unlocated.  Invalid locations detected."
573,2024,5,,,,SGIS 생활권역 통계지도 serviceAreaStatistics,https://sgis.mods.go.kr/ServiceAPI/OpenAPI3/catchmentArea/serviceAreaStatistics.json,EPSG:5179,DATA_NOT_AVAILABLE,"Location ""Location 1"" in ""Facilities"" is unlocated.  Invalid locations detected."
573,2024,10,,,,SGIS 생활권역 통계지도 serviceAreaStatistics,https://sgis.mods.go.kr/ServiceAPI/OpenAPI3/catchmentArea/serviceAreaStatistics.json,EPSG:5179,DATA_NOT_AVAILABLE,"Location ""Location 1"" in ""Facilities"" is unlocated.  Invalid locations detected."
574,2024,5,73.0,82.0,697813.0,SGIS 생활권역 통계지도 serviceAreaStatistics,https://sgis.mods.go.kr/ServiceAPI/OpenAPI3/catchmentArea/serviceAreaStatistics.json,EPSG:5179,AVAILABLE,
574,2024,10,180.0,178.0,1874688.0,SGIS 생활권역 통계지도 serviceAreaStatistics,https://sgis.mods.go.kr/ServiceAPI/OpenAPI3/catchmentArea/serviceAreaStatistics.json,EPSG:5179,AVAILABLE,
575,2024,5,,,,SGIS 생활권역 통계지도 serviceAreaStatistics,https://sgis.mods.go.kr/ServiceAPI/OpenAPI3/catchmentArea/serviceAreaStatistics.json,EPSG:5179,DATA_NOT_AVAILABLE,"Location ""Location 1"" in ""Facilities"" is unlocated.  Invalid locations detected."
575,2024,10,,,,SGIS 생활권역 통계지도 serviceAreaStatistics,https://sgis.mods.go.kr/ServiceAPI/OpenAPI3/catchmentArea/serviceAreaStatistics.json,EPSG:5179,DATA_NOT_AVAILABLE,"Location ""Location 1"" in ""Facilities"" is unlocated.  Invalid locations detected."
576,2024,5,8.0,5.0,240000.0,SGIS 생활권역 통계지도 serviceAreaStatistics,https://sgis.mods.go.kr/ServiceAPI/OpenAPI3/catchmentArea/serviceAreaStatistics.json,EPSG:5179,AVAILABLE,
576,2024,10,78.0,92.0,1246250.0,SGIS 생활권역 통계지도 serviceAreaStatistics,https://sgis.mods.go.kr/ServiceAPI/OpenAPI3/catchmentArea/serviceAreaStatistics.json,EPSG:5179,AVAILABLE,
587,2024,5,,,,SGIS 생활권역 통계지도 serviceAreaStatistics,https://sgis.mods.go.kr/ServiceAPI/OpenAPI3/catchmentArea/serviceAreaStatistics.json,EPSG:5179,DATA_NOT_AVAILABLE,"Location ""Location 1"" in ""Facilities"" is unlocated.  Invalid locations detected."
587,2024,10,,,,SGIS 생활권역 통계지도 serviceAreaStatistics,https://sgis.mods.go.kr/ServiceAPI/OpenAPI3/catchmentArea/serviceAreaStatistics.json,EPSG:5179,DATA_NOT_AVAILABLE,"Location ""Location 1"" in ""Facilities"" is unlocated.  Invalid locations detected."
588,2024,5,138.0,141.0,1354375.0,SGIS 생활권역 통계지도 serviceAreaStatistics,https://sgis.mods.go.kr/ServiceAPI/OpenAPI3/catchmentArea/serviceAreaStatistics.json,EPSG:5179,AVAILABLE,
588,2024,10,445.0,444.0,4377188.0,SGIS 생활권역 통계지도 serviceAreaStatistics,https://sgis.mods.go.kr/ServiceAPI/OpenAPI3/catchmentArea/serviceAreaStatistics.json,EPSG:5179,AVAILABLE,
589,2024,5,,,,SGIS 생활권역 통계지도 serviceAreaStatistics,https://sgis.mods.go.kr/ServiceAPI/OpenAPI3/catchmentArea/serviceAreaStatistics.json,EPSG:5179,DATA_NOT_AVAILABLE,"Location ""Location 1"" in ""Facilities"" is unlocated.  Invalid locations detected."
589,2024,10,,,,SGIS 생활권역 통계지도 serviceAreaStatistics,https://sgis.mods.go.kr/ServiceAPI/OpenAPI3/catchmentArea/serviceAreaStatistics.json,EPSG:5179,DATA_NOT_AVAILABLE,"Location ""Location 1"" in ""Facilities"" is unlocated.  Invalid locations detected."
590,2024,5,43.0,49.0,379375.0,SGIS 생활권역 통계지도 serviceAreaStatistics,https://sgis.mods.go.kr/ServiceAPI/OpenAPI3/catchmentArea/serviceAreaStatistics.json,EPSG:5179,AVAILABLE,
590,2024,10,58.0,62.0,694688.0,SGIS 생활권역 통계지도 serviceAreaStatistics,https://sgis.mods.go.kr/ServiceAPI/OpenAPI3/catchmentArea/serviceAreaStatistics.json,EPSG:5179,AVAILABLE,
591,2024,5,,,,SGIS 생활권역 통계지도 serviceAreaStatistics,https://sgis.mods.go.kr/ServiceAPI/OpenAPI3/catchmentArea/serviceAreaStatistics.json,EPSG:5179,DATA_NOT_AVAILABLE,"Location ""Location 1"" in ""Facilities"" is unlocated.  Invalid locations detected."
591,2024,10,,,,SGIS 생활권역 통계지도 serviceAreaStatistics,https://sgis.mods.go.kr/ServiceAPI/OpenAPI3/catchmentArea/serviceAreaStatistics.json,EPSG:5179,DATA_NOT_AVAILABLE,"Location ""Location 1"" in ""Facilities"" is unlocated.  Invalid locations detected."
592,2024,5,73.0,80.0,350313.0,SGIS 생활권역 통계지도 serviceAreaStatistics,https://sgis.mods.go.kr/ServiceAPI/OpenAPI3/catchmentArea/serviceAreaStatistics.json,EPSG:5179,AVAILABLE,
592,2024,10,348.0,354.0,1939688.0,SGIS 생활권역 통계지도 serviceAreaStatistics,https://sgis.mods.go.kr/ServiceAPI/OpenAPI3/catchmentArea/serviceAreaStatistics.json,EPSG:5179,AVAILABLE,
593,2024,5,,,,SGIS 생활권역 통계지도 serviceAreaStatistics,https://sgis.mods.go.kr/ServiceAPI/OpenAPI3/catchmentArea/serviceAreaStatistics.json,EPSG:5179,DATA_NOT_AVAILABLE,"Location ""Location 1"" in ""Facilities"" is unlocated.  Invalid locations detected."
593,2024,10,,,,SGIS 생활권역 통계지도 serviceAreaStatistics,https://sgis.mods.go.kr/ServiceAPI/OpenAPI3/catchmentArea/serviceAreaStatistics.json,EPSG:5179,DATA_NOT_AVAILABLE,"Location ""Location 1"" in ""Facilities"" is unlocated.  Invalid locations detected."
594,2024,5,125.0,132.0,1341875.0,SGIS 생활권역 통계지도 serviceAreaStatistics,https://sgis.mods.go.kr/ServiceAPI/OpenAPI3/catchmentArea/serviceAreaStatistics.json,EPSG:5179,AVAILABLE,
594,2024,10,575.0,574.0,4300000.0,SGIS 생활권역 통계지도 serviceAreaStatistics,https://sgis.mods.go.kr/ServiceAPI/OpenAPI3/catchmentArea/serviceAreaStatistics.json,EPSG:5179,AVAILABLE,
595,2024,5,,,,SGIS 생활권역 통계지도 serviceAreaStatistics,https://sgis.mods.go.kr/ServiceAPI/OpenAPI3/catchmentArea/serviceAreaStatistics.json,EPSG:5179,DATA_NOT_AVAILABLE,"Location ""Location 1"" in ""Facilities"" is unlocated.  Invalid locations detected."
595,2024,10,,,,SGIS 생활권역 통계지도 serviceAreaStatistics,https://sgis.mods.go.kr/ServiceAPI/OpenAPI3/catchmentArea/serviceAreaStatistics.json,EPSG:5179,DATA_NOT_AVAILABLE,"Location ""Location 1"" in ""Facilities"" is unlocated.  Invalid locations detected."
596,2024,5,,,,SGIS 생활권역 통계지도 serviceAreaStatistics,https://sgis.mods.go.kr/ServiceAPI/OpenAPI3/catchmentArea/serviceAreaStatistics.json,EPSG:5179,DATA_NOT_AVAILABLE,"Location ""Location 1"" in ""Facilities"" is unlocated.  Invalid locations detected."
596,2024,10,,,,SGIS 생활권역 통계지도 serviceAreaStatistics,https://sgis.mods.go.kr/ServiceAPI/OpenAPI3/catchmentArea/serviceAreaStatistics.json,EPSG:5179,DATA_NOT_AVAILABLE,"Location ""Location 1"" in ""Facilities"" is unlocated.  Invalid locations detected."
597,2024,5,,,,SGIS 생활권역 통계지도 serviceAreaStatistics,https://sgis.mods.go.kr/ServiceAPI/OpenAPI3/catchmentArea/serviceAreaStatistics.json,EPSG:5179,DATA_NOT_AVAILABLE,"Location ""Location 1"" in ""Facilities"" is unlocated.  Invalid locations detected."
597,2024,10,,,,SGIS 생활권역 통계지도 serviceAreaStatistics,https://sgis.mods.go.kr/ServiceAPI/OpenAPI3/catchmentArea/serviceAreaStatistics.json,EPSG:5179,DATA_NOT_AVAILABLE,"Location ""Location 1"" in ""Facilities"" is unlocated.  Invalid locations detected."
598,2024,5,,,,SGIS 생활권역 통계지도 serviceAreaStatistics,https://sgis.mods.go.kr/ServiceAPI/OpenAPI3/catchmentArea/serviceAreaStatistics.json,EPSG:5179,DATA_NOT_AVAILABLE,"Location ""Location 1"" in ""Facilities"" is unlocated.  Invalid locations detected."
598,2024,10,,,,SGIS 생활권역 통계지도 serviceAreaStatistics,https://sgis.mods.go.kr/ServiceAPI/OpenAPI3/catchmentArea/serviceAreaStatistics.json,EPSG:5179,DATA_NOT_AVAILABLE,"Location ""Location 1"" in ""Facilities"" is unlocated.  Invalid locations detected."
599,2024,5,,,165313.0,SGIS 생활권역 통계지도 serviceAreaStatistics,https://sgis.mods.go.kr/ServiceAPI/OpenAPI3/catchmentArea/serviceAreaStatistics.json,EPSG:5179,DATA_NOT_AVAILABLE,
599,2024,10,73.0,72.0,471563.0,SGIS 생활권역 통계지도 serviceAreaStatistics,https://sgis.mods.go.kr/ServiceAPI/OpenAPI3/catchmentArea/serviceAreaStatistics.json,EPSG:5179,AVAILABLE,
600,2024,5,,,,SGIS 생활권역 통계지도 serviceAreaStatistics,https://sgis.mods.go.kr/ServiceAPI/OpenAPI3/catchmentArea/serviceAreaStatistics.json,EPSG:5179,DATA_NOT_AVAILABLE,"Location ""Location 1"" in ""Facilities"" is unlocated.  Invalid locations detected."
600,2024,10,,,,SGIS 생활권역 통계지도 serviceAreaStatistics,https://sgis.mods.go.kr/ServiceAPI/OpenAPI3/catchmentArea/serviceAreaStatistics.json,EPSG:5179,DATA_NOT_AVAILABLE,"Location ""Location 1"" in ""Facilities"" is unlocated.  Invalid locations detected."
601,2024,5,,,,SGIS 생활권역 통계지도 serviceAreaStatistics,https://sgis.mods.go.kr/ServiceAPI/OpenAPI3/catchmentArea/serviceAreaStatistics.json,EPSG:5179,DATA_NOT_AVAILABLE,"Location ""Location 1"" in ""Facilities"" is unlocated.  Invalid locations detected."
601,2024,10,,,,SGIS 생활권역 통계지도 serviceAreaStatistics,https://sgis.mods.go.kr/ServiceAPI/OpenAPI3/catchmentArea/serviceAreaStatistics.json,EPSG:5179,DATA_NOT_AVAILABLE,"Location ""Location 1"" in ""Facilities"" is unlocated.  Invalid locations detected."
602,2024,5,99.0,107.0,1162500.0,SGIS 생활권역 통계지도 serviceAreaStatistics,https://sgis.mods.go.kr/ServiceAPI/OpenAPI3/catchmentArea/serviceAreaStatistics.json,EPSG:5179,AVAILABLE,
602,2024,10,164.0,167.0,2620000.0,SGIS 생활권역 통계지도 serviceAreaStatistics,https://sgis.mods.go.kr/ServiceAPI/OpenAPI3/catchmentArea/serviceAreaStatistics.json,EPSG:5179,AVAILABLE,
603,2024,5,,,196250.0,SGIS 생활권역 통계지도 serviceAreaStatistics,https://sgis.mods.go.kr/ServiceAPI/OpenAPI3/catchmentArea/serviceAreaStatistics.json,EPSG:5179,DATA_NOT_AVAILABLE,
603,2024,10,18.0,23.0,908125.0,SGIS 생활권역 통계지도 serviceAreaStatistics,https://sgis.mods.go.kr/ServiceAPI/OpenAPI3/catchmentArea/serviceAreaStatistics.json,EPSG:5179,AVAILABLE,
604,2024,5,13.0,23.0,328438.0,SGIS 생활권역 통계지도 serviceAreaStatistics,https://sgis.mods.go.kr/ServiceAPI/OpenAPI3/catchmentArea/serviceAreaStatistics.json,EPSG:5179,AVAILABLE,
604,2024,10,109.0,116.0,1340625.0,SGIS 생활권역 통계지도 serviceAreaStatistics,https://sgis.mods.go.kr/ServiceAPI/OpenAPI3/catchmentArea/serviceAreaStatistics.json,EPSG:5179,AVAILABLE,
605,2024,5,,,,SGIS 생활권역 통계지도 serviceAreaStatistics,https://sgis.mods.go.kr/ServiceAPI/OpenAPI3/catchmentArea/serviceAreaStatistics.json,EPSG:5179,DATA_NOT_AVAILABLE,"Location ""Location 1"" in ""Facilities"" is unlocated.  Invalid locations detected."
605,2024,10,,,,SGIS 생활권역 통계지도 serviceAreaStatistics,https://sgis.mods.go.kr/ServiceAPI/OpenAPI3/catchmentArea/serviceAreaStatistics.json,EPSG:5179,DATA_NOT_AVAILABLE,"Location ""Location 1"" in ""Facilities"" is unlocated.  Invalid locations detected."
606,2024,5,,,,SGIS 생활권역 통계지도 serviceAreaStatistics,https://sgis.mods.go.kr/ServiceAPI/OpenAPI3/catchmentArea/serviceAreaStatistics.json,EPSG:5179,DATA_NOT_AVAILABLE,"Location ""Location 1"" in ""Facilities"" is unlocated.  Invalid locations detected."
606,2024,10,,,,SGIS 생활권역 통계지도 serviceAreaStatistics,https://sgis.mods.go.kr/ServiceAPI/OpenAPI3/catchmentArea/serviceAreaStatistics.json,EPSG:5179,DATA_NOT_AVAILABLE,"Location ""Location 1"" in ""Facilities"" is unlocated.  Invalid locations detected."
607,2024,5,63.0,67.0,687500.0,SGIS 생활권역 통계지도 serviceAreaStatistics,https://sgis.mods.go.kr/ServiceAPI/OpenAPI3/catchmentArea/serviceAreaStatistics.json,EPSG:5179,AVAILABLE,
607,2024,10,304.0,307.0,2428125.0,SGIS 생활권역 통계지도 serviceAreaStatistics,https://sgis.mods.go.kr/ServiceAPI/OpenAPI3/catchmentArea/serviceAreaStatistics.json,EPSG:5179,AVAILABLE,
608,2024,5,,,,SGIS 생활권역 통계지도 serviceAreaStatistics,https://sgis.mods.go.kr/ServiceAPI/OpenAPI3/catchmentArea/serviceAreaStatistics.json,EPSG:5179,DATA_NOT_AVAILABLE,"Location ""Location 1"" in ""Facilities"" is unlocated.  Invalid locations detected."
608,2024,10,,,,SGIS 생활권역 통계지도 serviceAreaStatistics,https://sgis.mods.go.kr/ServiceAPI/OpenAPI3/catchmentArea/serviceAreaStatistics.json,EPSG:5179,DATA_NOT_AVAILABLE,"Location ""Location 1"" in ""Facilities"" is unlocated.  Invalid locations detected."
609,2024,5,73.0,75.0,387813.0,SGIS 생활권역 통계지도 serviceAreaStatistics,https://sgis.mods.go.kr/ServiceAPI/OpenAPI3/catchmentArea/serviceAreaStatistics.json,EPSG:5179,AVAILABLE,
609,2024,10,248.0,253.0,1463750.0,SGIS 생활권역 통계지도 serviceAreaStatistics,https://sgis.mods.go.kr/ServiceAPI/OpenAPI3/catchmentArea/serviceAreaStatistics.json,EPSG:5179,AVAILABLE,
610,2024,5,53.0,60.0,316875.0,SGIS 생활권역 통계지도 serviceAreaStatistics,https://sgis.mods.go.kr/ServiceAPI/OpenAPI3/catchmentArea/serviceAreaStatistics.json,EPSG:5179,AVAILABLE,
610,2024,10,223.0,228.0,1326563.0,SGIS 생활권역 통계지도 serviceAreaStatistics,https://sgis.mods.go.kr/ServiceAPI/OpenAPI3/catchmentArea/serviceAreaStatistics.json,EPSG:5179,AVAILABLE,
611,2024,5,,,,SGIS 생활권역 통계지도 serviceAreaStatistics,https://sgis.mods.go.kr/ServiceAPI/OpenAPI3/catchmentArea/serviceAreaStatistics.json,EPSG:5179,DATA_NOT_AVAILABLE,"Location ""Location 1"" in ""Facilities"" is unlocated.  Invalid locations detected."
611,2024,10,,,,SGIS 생활권역 통계지도 serviceAreaStatistics,https://sgis.mods.go.kr/ServiceAPI/OpenAPI3/catchmentArea/serviceAreaStatistics.json,EPSG:5179,DATA_NOT_AVAILABLE,"Location ""Location 1"" in ""Facilities"" is unlocated.  Invalid locations detected."
612,2024,5,,,,SGIS 생활권역 통계지도 serviceAreaStatistics,https://sgis.mods.go.kr/ServiceAPI/OpenAPI3/catchmentArea/serviceAreaStatistics.json,EPSG:5179,DATA_NOT_AVAILABLE,"Location ""Location 1"" in ""Facilities"" is unlocated.  Invalid locations detected."
612,2024,10,,,,SGIS 생활권역 통계지도 serviceAreaStatistics,https://sgis.mods.go.kr/ServiceAPI/OpenAPI3/catchmentArea/serviceAreaStatistics.json,EPSG:5179,DATA_NOT_AVAILABLE,"Location ""Location 1"" in ""Facilities"" is unlocated.  Invalid locations detected."
613,2024,5,8.0,10.0,239375.0,SGIS 생활권역 통계지도 serviceAreaStatistics,https://sgis.mods.go.kr/ServiceAPI/OpenAPI3/catchmentArea/serviceAreaStatistics.json,EPSG:5179,AVAILABLE,
613,2024,10,23.0,28.0,433750.0,SGIS 생활권역 통계지도 serviceAreaStatistics,https://sgis.mods.go.kr/ServiceAPI/OpenAPI3/catchmentArea/serviceAreaStatistics.json,EPSG:5179,AVAILABLE,
614,2024,5,13.0,25.0,471563.0,SGIS 생활권역 통계지도 serviceAreaStatistics,https://sgis.mods.go.kr/ServiceAPI/OpenAPI3/catchmentArea/serviceAreaStatistics.json,EPSG:5179,AVAILABLE,
614,2024,10,33.0,42.0,770625.0,SGIS 생활권역 통계지도 serviceAreaStatistics,https://sgis.mods.go.kr/ServiceAPI/OpenAPI3/catchmentArea/serviceAreaStatistics.json,EPSG:5179,AVAILABLE,
615,2024,5,18.0,23.0,600625.0,SGIS 생활권역 통계지도 serviceAreaStatistics,https://sgis.mods.go.kr/ServiceAPI/OpenAPI3/catchmentArea/serviceAreaStatistics.json,EPSG:5179,AVAILABLE,
615,2024,10,38.0,39.0,1160625.0,SGIS 생활권역 통계지도 serviceAreaStatistics,https://sgis.mods.go.kr/ServiceAPI/OpenAPI3/catchmentArea/serviceAreaStatistics.json,EPSG:5179,AVAILABLE,
616,2024,5,,,192188.0,SGIS 생활권역 통계지도 serviceAreaStatistics,https://sgis.mods.go.kr/ServiceAPI/OpenAPI3/catchmentArea/serviceAreaStatistics.json,EPSG:5179,DATA_NOT_AVAILABLE,
616,2024,10,38.0,39.0,605625.0,SGIS 생활권역 통계지도 serviceAreaStatistics,https://sgis.mods.go.kr/ServiceAPI/OpenAPI3/catchmentArea/serviceAreaStatistics.json,EPSG:5179,AVAILABLE,
617,2024,5,,,,SGIS 생활권역 통계지도 serviceAreaStatistics,https://sgis.mods.go.kr/ServiceAPI/OpenAPI3/catchmentArea/serviceAreaStatistics.json,EPSG:5179,DATA_NOT_AVAILABLE,"Location ""Location 1"" in ""Facilities"" is unlocated.  Invalid locations detected."
617,2024,10,,,,SGIS 생활권역 통계지도 serviceAreaStatistics,https://sgis.mods.go.kr/ServiceAPI/OpenAPI3/catchmentArea/serviceAreaStatistics.json,EPSG:5179,DATA_NOT_AVAILABLE,"Location ""Location 1"" in ""Facilities"" is unlocated.  Invalid locations detected."
618,2024,5,23.0,46.0,273750.0,SGIS 생활권역 통계지도 serviceAreaStatistics,https://sgis.mods.go.kr/ServiceAPI/OpenAPI3/catchmentArea/serviceAreaStatistics.json,EPSG:5179,AVAILABLE,
618,2024,10,113.0,115.0,848438.0,SGIS 생활권역 통계지도 serviceAreaStatistics,https://sgis.mods.go.kr/ServiceAPI/OpenAPI3/catchmentArea/serviceAreaStatistics.json,EPSG:5179,AVAILABLE,
619,2024,5,,,,SGIS 생활권역 통계지도 serviceAreaStatistics,https://sgis.mods.go.kr/ServiceAPI/OpenAPI3/catchmentArea/serviceAreaStatistics.json,EPSG:5179,DATA_NOT_AVAILABLE,"Location ""Location 1"" in ""Facilities"" is unlocated.  Invalid locations detected."
619,2024,10,,,,SGIS 생활권역 통계지도 serviceAreaStatistics,https://sgis.mods.go.kr/ServiceAPI/OpenAPI3/catchmentArea/serviceAreaStatistics.json,EPSG:5179,DATA_NOT_AVAILABLE,"Location ""Location 1"" in ""Facilities"" is unlocated.  Invalid locations detected."
620,2024,5,,,,SGIS 생활권역 통계지도 serviceAreaStatistics,https://sgis.mods.go.kr/ServiceAPI/OpenAPI3/catchmentArea/serviceAreaStatistics.json,EPSG:5179,DATA_NOT_AVAILABLE,"Location ""Location 1"" in ""Facilities"" is unlocated.  Invalid locations detected."
620,2024,10,,,,SGIS 생활권역 통계지도 serviceAreaStatistics,https://sgis.mods.go.kr/ServiceAPI/OpenAPI3/catchmentArea/serviceAreaStatistics.json,EPSG:5179,DATA_NOT_AVAILABLE,"Location ""Location 1"" in ""Facilities"" is unlocated.  Invalid locations detected."
621,2024,5,,,,SGIS 생활권역 통계지도 serviceAreaStatistics,https://sgis.mods.go.kr/ServiceAPI/OpenAPI3/catchmentArea/serviceAreaStatistics.json,EPSG:5179,DATA_NOT_AVAILABLE,"Location ""Location 1"" in ""Facilities"" is unlocated.  Invalid locations detected."
621,2024,10,,,,SGIS 생활권역 통계지도 serviceAreaStatistics,https://sgis.mods.go.kr/ServiceAPI/OpenAPI3/catchmentArea/serviceAreaStatistics.json,EPSG:5179,DATA_NOT_AVAILABLE,"Location ""Location 1"" in ""Facilities"" is unlocated.  Invalid locations detected."
622,2024,5,,,,SGIS 생활권역 통계지도 serviceAreaStatistics,https://sgis.mods.go.kr/ServiceAPI/OpenAPI3/catchmentArea/serviceAreaStatistics.json,EPSG:5179,DATA_NOT_AVAILABLE,"Location ""Location 1"" in ""Facilities"" is unlocated.  Invalid locations detected."
622,2024,10,,,,SGIS 생활권역 통계지도 serviceAreaStatistics,https://sgis.mods.go.kr/ServiceAPI/OpenAPI3/catchmentArea/serviceAreaStatistics.json,EPSG:5179,DATA_NOT_AVAILABLE,"Location ""Location 1"" in ""Facilities"" is unlocated.  Invalid locations detected."
623,2024,5,180.0,183.0,1409688.0,SGIS 생활권역 통계지도 serviceAreaStatistics,https://sgis.mods.go.kr/ServiceAPI/OpenAPI3/catchmentArea/serviceAreaStatistics.json,EPSG:5179,AVAILABLE,
623,2024,10,315.0,316.0,3326250.0,SGIS 생활권역 통계지도 serviceAreaStatistics,https://sgis.mods.go.kr/ServiceAPI/OpenAPI3/catchmentArea/serviceAreaStatistics.json,EPSG:5179,AVAILABLE,
624,2024,5,18.0,23.0,1050000.0,SGIS 생활권역 통계지도 serviceAreaStatistics,https://sgis.mods.go.kr/ServiceAPI/OpenAPI3/catchmentArea/serviceAreaStatistics.json,EPSG:5179,AVAILABLE,
624,2024,10,240.0,243.0,2540625.0,SGIS 생활권역 통계지도 serviceAreaStatistics,https://sgis.mods.go.kr/ServiceAPI/OpenAPI3/catchmentArea/serviceAreaStatistics.json,EPSG:5179,AVAILABLE,
625,2024,5,,,,SGIS 생활권역 통계지도 serviceAreaStatistics,https://sgis.mods.go.kr/ServiceAPI/OpenAPI3/catchmentArea/serviceAreaStatistics.json,EPSG:5179,DATA_NOT_AVAILABLE,"Location ""Location 1"" in ""Facilities"" is unlocated.  Invalid locations detected."
625,2024,10,,,,SGIS 생활권역 통계지도 serviceAreaStatistics,https://sgis.mods.go.kr/ServiceAPI/OpenAPI3/catchmentArea/serviceAreaStatistics.json,EPSG:5179,DATA_NOT_AVAILABLE,"Location ""Location 1"" in ""Facilities"" is unlocated.  Invalid locations detected."
626,2024,5,13.0,20.0,567500.0,SGIS 생활권역 통계지도 serviceAreaStatistics,https://sgis.mods.go.kr/ServiceAPI/OpenAPI3/catchmentArea/serviceAreaStatistics.json,EPSG:5179,AVAILABLE,
626,2024,10,63.0,64.0,1497500.0,SGIS 생활권역 통계지도 serviceAreaStatistics,https://sgis.mods.go.kr/ServiceAPI/OpenAPI3/catchmentArea/serviceAreaStatistics.json,EPSG:5179,AVAILABLE,
627,2024,5,,,,SGIS 생활권역 통계지도 serviceAreaStatistics,https://sgis.mods.go.kr/ServiceAPI/OpenAPI3/catchmentArea/serviceAreaStatistics.json,EPSG:5179,DATA_NOT_AVAILABLE,"Location ""Location 1"" in ""Facilities"" is unlocated.  Invalid locations detected."
627,2024,10,,,,SGIS 생활권역 통계지도 serviceAreaStatistics,https://sgis.mods.go.kr/ServiceAPI/OpenAPI3/catchmentArea/serviceAreaStatistics.json,EPSG:5179,DATA_NOT_AVAILABLE,"Location ""Location 1"" in ""Facilities"" is unlocated.  Invalid locations detected."
628,2024,5,,,,SGIS 생활권역 통계지도 serviceAreaStatistics,https://sgis.mods.go.kr/ServiceAPI/OpenAPI3/catchmentArea/serviceAreaStatistics.json,EPSG:5179,DATA_NOT_AVAILABLE,"Location ""Location 1"" in ""Facilities"" is unlocated.  Invalid locations detected."
628,2024,10,,,,SGIS 생활권역 통계지도 serviceAreaStatistics,https://sgis.mods.go.kr/ServiceAPI/OpenAPI3/catchmentArea/serviceAreaStatistics.json,EPSG:5179,DATA_NOT_AVAILABLE,"Location ""Location 1"" in ""Facilities"" is unlocated.  Invalid locations detected."
629,2024,5,8.0,18.0,189688.0,SGIS 생활권역 통계지도 serviceAreaStatistics,https://sgis.mods.go.kr/ServiceAPI/OpenAPI3/catchmentArea/serviceAreaStatistics.json,EPSG:5179,AVAILABLE,
629,2024,10,78.0,91.0,707500.0,SGIS 생활권역 통계지도 serviceAreaStatistics,https://sgis.mods.go.kr/ServiceAPI/OpenAPI3/catchmentArea/serviceAreaStatistics.json,EPSG:5179,AVAILABLE,
630,2024,5,,,,SGIS 생활권역 통계지도 serviceAreaStatistics,https://sgis.mods.go.kr/ServiceAPI/OpenAPI3/catchmentArea/serviceAreaStatistics.json,EPSG:5179,DATA_NOT_AVAILABLE,"Location ""Location 1"" in ""Facilities"" is unlocated.  Invalid locations detected."
630,2024,10,,,,SGIS 생활권역 통계지도 serviceAreaStatistics,https://sgis.mods.go.kr/ServiceAPI/OpenAPI3/catchmentArea/serviceAreaStatistics.json,EPSG:5179,DATA_NOT_AVAILABLE,"Location ""Location 1"" in ""Facilities"" is unlocated.  Invalid locations detected."
631,2024,5,13.0,15.0,211250.0,SGIS 생활권역 통계지도 serviceAreaStatistics,https://sgis.mods.go.kr/ServiceAPI/OpenAPI3/catchmentArea/serviceAreaStatistics.json,EPSG:5179,AVAILABLE,
631,2024,10,48.0,47.0,414375.0,SGIS 생활권역 통계지도 serviceAreaStatistics,https://sgis.mods.go.kr/ServiceAPI/OpenAPI3/catchmentArea/serviceAreaStatistics.json,EPSG:5179,AVAILABLE,
632,2024,5,160.0,163.0,756563.0,SGIS 생활권역 통계지도 serviceAreaStatistics,https://sgis.mods.go.kr/ServiceAPI/OpenAPI3/catchmentArea/serviceAreaStatistics.json,EPSG:5179,AVAILABLE,
632,2024,10,310.0,316.0,3066875.0,SGIS 생활권역 통계지도 serviceAreaStatistics,https://sgis.mods.go.kr/ServiceAPI/OpenAPI3/catchmentArea/serviceAreaStatistics.json,EPSG:5179,AVAILABLE,
633,2024,5,,,,SGIS 생활권역 통계지도 serviceAreaStatistics,https://sgis.mods.go.kr/ServiceAPI/OpenAPI3/catchmentArea/serviceAreaStatistics.json,EPSG:5179,DATA_NOT_AVAILABLE,"Location ""Location 1"" in ""Facilities"" is unlocated.  Invalid locations detected."
633,2024,10,,,,SGIS 생활권역 통계지도 serviceAreaStatistics,https://sgis.mods.go.kr/ServiceAPI/OpenAPI3/catchmentArea/serviceAreaStatistics.json,EPSG:5179,DATA_NOT_AVAILABLE,"Location ""Location 1"" in ""Facilities"" is unlocated.  Invalid locations detected."
634,2024,5,18.0,23.0,416875.0,SGIS 생활권역 통계지도 serviceAreaStatistics,https://sgis.mods.go.kr/ServiceAPI/OpenAPI3/catchmentArea/serviceAreaStatistics.json,EPSG:5179,AVAILABLE,
634,2024,10,33.0,44.0,1189688.0,SGIS 생활권역 통계지도 serviceAreaStatistics,https://sgis.mods.go.kr/ServiceAPI/OpenAPI3/catchmentArea/serviceAreaStatistics.json,EPSG:5179,AVAILABLE,
635,2024,5,,,,SGIS 생활권역 통계지도 serviceAreaStatistics,https://sgis.mods.go.kr/ServiceAPI/OpenAPI3/catchmentArea/serviceAreaStatistics.json,EPSG:5179,DATA_NOT_AVAILABLE,"Location ""Location 1"" in ""Facilities"" is unlocated.  Invalid locations detected."
635,2024,10,,,,SGIS 생활권역 통계지도 serviceAreaStatistics,https://sgis.mods.go.kr/ServiceAPI/OpenAPI3/catchmentArea/serviceAreaStatistics.json,EPSG:5179,DATA_NOT_AVAILABLE,"Location ""Location 1"" in ""Facilities"" is unlocated.  Invalid locations detected."
636,2024,5,43.0,54.0,392500.0,SGIS 생활권역 통계지도 serviceAreaStatistics,https://sgis.mods.go.kr/ServiceAPI/OpenAPI3/catchmentArea/serviceAreaStatistics.json,EPSG:5179,AVAILABLE,
636,2024,10,103.0,112.0,1422813.0,SGIS 생활권역 통계지도 serviceAreaStatistics,https://sgis.mods.go.kr/ServiceAPI/OpenAPI3/catchmentArea/serviceAreaStatistics.json,EPSG:5179,AVAILABLE,
637,2024,5,48.0,59.0,520625.0,SGIS 생활권역 통계지도 serviceAreaStatistics,https://sgis.mods.go.kr/ServiceAPI/OpenAPI3/catchmentArea/serviceAreaStatistics.json,EPSG:5179,AVAILABLE,
637,2024,10,113.0,117.0,1243750.0,SGIS 생활권역 통계지도 serviceAreaStatistics,https://sgis.mods.go.kr/ServiceAPI/OpenAPI3/catchmentArea/serviceAreaStatistics.json,EPSG:5179,AVAILABLE,
638,2024,5,28.0,36.0,301875.0,SGIS 생활권역 통계지도 serviceAreaStatistics,https://sgis.mods.go.kr/ServiceAPI/OpenAPI3/catchmentArea/serviceAreaStatistics.json,EPSG:5179,AVAILABLE,
638,2024,10,68.0,82.0,750000.0,SGIS 생활권역 통계지도 serviceAreaStatistics,https://sgis.mods.go.kr/ServiceAPI/OpenAPI3/catchmentArea/serviceAreaStatistics.json,EPSG:5179,AVAILABLE,
639,2024,5,,,,SGIS 생활권역 통계지도 serviceAreaStatistics,https://sgis.mods.go.kr/ServiceAPI/OpenAPI3/catchmentArea/serviceAreaStatistics.json,EPSG:5179,DATA_NOT_AVAILABLE,"Location ""Location 1"" in ""Facilities"" is unlocated.  Invalid locations detected."
639,2024,10,,,,SGIS 생활권역 통계지도 serviceAreaStatistics,https://sgis.mods.go.kr/ServiceAPI/OpenAPI3/catchmentArea/serviceAreaStatistics.json,EPSG:5179,DATA_NOT_AVAILABLE,"Location ""Location 1"" in ""Facilities"" is unlocated.  Invalid locations detected."
640,2024,5,,,,SGIS 생활권역 통계지도 serviceAreaStatistics,https://sgis.mods.go.kr/ServiceAPI/OpenAPI3/catchmentArea/serviceAreaStatistics.json,EPSG:5179,DATA_NOT_AVAILABLE,"Location ""Location 1"" in ""Facilities"" is unlocated.  Invalid locations detected."
640,2024,10,,,,SGIS 생활권역 통계지도 serviceAreaStatistics,https://sgis.mods.go.kr/ServiceAPI/OpenAPI3/catchmentArea/serviceAreaStatistics.json,EPSG:5179,DATA_NOT_AVAILABLE,"Location ""Location 1"" in ""Facilities"" is unlocated.  Invalid locations detected."
641,2024,5,13.0,13.0,484688.0,SGIS 생활권역 통계지도 serviceAreaStatistics,https://sgis.mods.go.kr/ServiceAPI/OpenAPI3/catchmentArea/serviceAreaStatistics.json,EPSG:5179,AVAILABLE,
641,2024,10,38.0,46.0,983750.0,SGIS 생활권역 통계지도 serviceAreaStatistics,https://sgis.mods.go.kr/ServiceAPI/OpenAPI3/catchmentArea/serviceAreaStatistics.json,EPSG:5179,AVAILABLE,
642,2024,5,68.0,67.0,469688.0,SGIS 생활권역 통계지도 serviceAreaStatistics,https://sgis.mods.go.kr/ServiceAPI/OpenAPI3/catchmentArea/serviceAreaStatistics.json,EPSG:5179,AVAILABLE,
642,2024,10,138.0,143.0,1248438.0,SGIS 생활권역 통계지도 serviceAreaStatistics,https://sgis.mods.go.kr/ServiceAPI/OpenAPI3/catchmentArea/serviceAreaStatistics.json,EPSG:5179,AVAILABLE,
643,2024,5,,,,SGIS 생활권역 통계지도 serviceAreaStatistics,https://sgis.mods.go.kr/ServiceAPI/OpenAPI3/catchmentArea/serviceAreaStatistics.json,EPSG:5179,DATA_NOT_AVAILABLE,"Location ""Location 1"" in ""Facilities"" is unlocated.  Invalid locations detected."
643,2024,10,,,,SGIS 생활권역 통계지도 serviceAreaStatistics,https://sgis.mods.go.kr/ServiceAPI/OpenAPI3/catchmentArea/serviceAreaStatistics.json,EPSG:5179,DATA_NOT_AVAILABLE,"Location ""Location 1"" in ""Facilities"" is unlocated.  Invalid locations detected."
644,2024,5,23.0,31.0,301563.0,SGIS 생활권역 통계지도 serviceAreaStatistics,https://sgis.mods.go.kr/ServiceAPI/OpenAPI3/catchmentArea/serviceAreaStatistics.json,EPSG:5179,AVAILABLE,
644,2024,10,23.0,36.0,616563.0,SGIS 생활권역 통계지도 serviceAreaStatistics,https://sgis.mods.go.kr/ServiceAPI/OpenAPI3/catchmentArea/serviceAreaStatistics.json,EPSG:5179,AVAILABLE,
645,2024,5,58.0,69.0,280000.0,SGIS 생활권역 통계지도 serviceAreaStatistics,https://sgis.mods.go.kr/ServiceAPI/OpenAPI3/catchmentArea/serviceAreaStatistics.json,EPSG:5179,AVAILABLE,
645,2024,10,348.0,347.0,2387500.0,SGIS 생활권역 통계지도 serviceAreaStatistics,https://sgis.mods.go.kr/ServiceAPI/OpenAPI3/catchmentArea/serviceAreaStatistics.json,EPSG:5179,AVAILABLE,
646,2024,5,118.0,125.0,427500.0,SGIS 생활권역 통계지도 serviceAreaStatistics,https://sgis.mods.go.kr/ServiceAPI/OpenAPI3/catchmentArea/serviceAreaStatistics.json,EPSG:5179,AVAILABLE,
646,2024,10,443.0,452.0,2873125.0,SGIS 생활권역 통계지도 serviceAreaStatistics,https://sgis.mods.go.kr/ServiceAPI/OpenAPI3/catchmentArea/serviceAreaStatistics.json,EPSG:5179,AVAILABLE,
647,2024,5,,,,SGIS 생활권역 통계지도 serviceAreaStatistics,https://sgis.mods.go.kr/ServiceAPI/OpenAPI3/catchmentArea/serviceAreaStatistics.json,EPSG:5179,DATA_NOT_AVAILABLE,"Location ""Location 1"" in ""Facilities"" is unlocated.  Invalid locations detected."
647,2024,10,,,,SGIS 생활권역 통계지도 serviceAreaStatistics,https://sgis.mods.go.kr/ServiceAPI/OpenAPI3/catchmentArea/serviceAreaStatistics.json,EPSG:5179,DATA_NOT_AVAILABLE,"Location ""Location 1"" in ""Facilities"" is unlocated.  Invalid locations detected."
656,2024,5,118.0,120.0,717813.0,SGIS 생활권역 통계지도 serviceAreaStatistics,https://sgis.mods.go.kr/ServiceAPI/OpenAPI3/catchmentArea/serviceAreaStatistics.json,EPSG:5179,AVAILABLE,
656,2024,10,699.0,698.0,4253125.0,SGIS 생활권역 통계지도 serviceAreaStatistics,https://sgis.mods.go.kr/ServiceAPI/OpenAPI3/catchmentArea/serviceAreaStatistics.json,EPSG:5179,AVAILABLE,
657,2024,5,,,,SGIS 생활권역 통계지도 serviceAreaStatistics,https://sgis.mods.go.kr/ServiceAPI/OpenAPI3/catchmentArea/serviceAreaStatistics.json,EPSG:5179,DATA_NOT_AVAILABLE,"Location ""Location 1"" in ""Facilities"" is unlocated.  Invalid locations detected."
657,2024,10,,,,SGIS 생활권역 통계지도 serviceAreaStatistics,https://sgis.mods.go.kr/ServiceAPI/OpenAPI3/catchmentArea/serviceAreaStatistics.json,EPSG:5179,DATA_NOT_AVAILABLE,"Location ""Location 1"" in ""Facilities"" is unlocated.  Invalid locations detected."
658,2024,5,273.0,274.0,1689688.0,SGIS 생활권역 통계지도 serviceAreaStatistics,https://sgis.mods.go.kr/ServiceAPI/OpenAPI3/catchmentArea/serviceAreaStatistics.json,EPSG:5179,AVAILABLE,
658,2024,10,773.0,782.0,6860625.0,SGIS 생활권역 통계지도 serviceAreaStatistics,https://sgis.mods.go.kr/ServiceAPI/OpenAPI3/catchmentArea/serviceAreaStatistics.json,EPSG:5179,AVAILABLE,
659,2024,5,,,,SGIS 생활권역 통계지도 serviceAreaStatistics,https://sgis.mods.go.kr/ServiceAPI/OpenAPI3/catchmentArea/serviceAreaStatistics.json,EPSG:5179,DATA_NOT_AVAILABLE,"Location ""Location 1"" in ""Facilities"" is unlocated.  Invalid locations detected."
659,2024,10,,,,SGIS 생활권역 통계지도 serviceAreaStatistics,https://sgis.mods.go.kr/ServiceAPI/OpenAPI3/catchmentArea/serviceAreaStatistics.json,EPSG:5179,DATA_NOT_AVAILABLE,"Location ""Location 1"" in ""Facilities"" is unlocated.  Invalid locations detected."
660,2024,5,520.0,529.0,675313.0,SGIS 생활권역 통계지도 serviceAreaStatistics,https://sgis.mods.go.kr/ServiceAPI/OpenAPI3/catchmentArea/serviceAreaStatistics.json,EPSG:5179,AVAILABLE,
660,2024,10,3037.0,3046.0,4213125.0,SGIS 생활권역 통계지도 serviceAreaStatistics,https://sgis.mods.go.kr/ServiceAPI/OpenAPI3/catchmentArea/serviceAreaStatistics.json,EPSG:5179,AVAILABLE,
661,2024,5,,,,SGIS 생활권역 통계지도 serviceAreaStatistics,https://sgis.mods.go.kr/ServiceAPI/OpenAPI3/catchmentArea/serviceAreaStatistics.json,EPSG:5179,DATA_NOT_AVAILABLE,"Location ""Location 1"" in ""Facilities"" is unlocated.  Invalid locations detected."
661,2024,10,,,,SGIS 생활권역 통계지도 serviceAreaStatistics,https://sgis.mods.go.kr/ServiceAPI/OpenAPI3/catchmentArea/serviceAreaStatistics.json,EPSG:5179,DATA_NOT_AVAILABLE,"Location ""Location 1"" in ""Facilities"" is unlocated.  Invalid locations detected."
662,2024,5,623.0,627.0,1492188.0,SGIS 생활권역 통계지도 serviceAreaStatistics,https://sgis.mods.go.kr/ServiceAPI/OpenAPI3/catchmentArea/serviceAreaStatistics.json,EPSG:5179,AVAILABLE,
662,2024,10,2803.0,2802.0,6578438.0,SGIS 생활권역 통계지도 serviceAreaStatistics,https://sgis.mods.go.kr/ServiceAPI/OpenAPI3/catchmentArea/serviceAreaStatistics.json,EPSG:5179,AVAILABLE,
666,2024,5,,,,SGIS 생활권역 통계지도 serviceAreaStatistics,https://sgis.mods.go.kr/ServiceAPI/OpenAPI3/catchmentArea/serviceAreaStatistics.json,EPSG:5179,DATA_NOT_AVAILABLE,"Location ""Location 1"" in ""Facilities"" is unlocated.  Invalid locations detected."
666,2024,10,,,,SGIS 생활권역 통계지도 serviceAreaStatistics,https://sgis.mods.go.kr/ServiceAPI/OpenAPI3/catchmentArea/serviceAreaStatistics.json,EPSG:5179,DATA_NOT_AVAILABLE,"Location ""Location 1"" in ""Facilities"" is unlocated.  Invalid locations detected."
667,2024,5,363.0,364.0,1730313.0,SGIS 생활권역 통계지도 serviceAreaStatistics,https://sgis.mods.go.kr/ServiceAPI/OpenAPI3/catchmentArea/serviceAreaStatistics.json,EPSG:5179,AVAILABLE,
667,2024,10,973.0,977.0,6420313.0,SGIS 생활권역 통계지도 serviceAreaStatistics,https://sgis.mods.go.kr/ServiceAPI/OpenAPI3/catchmentArea/serviceAreaStatistics.json,EPSG:5179,AVAILABLE,
668,2024,5,28.0,31.0,470000.0,SGIS 생활권역 통계지도 serviceAreaStatistics,https://sgis.mods.go.kr/ServiceAPI/OpenAPI3/catchmentArea/serviceAreaStatistics.json,EPSG:5179,AVAILABLE,
668,2024,10,1957.0,1961.0,3119688.0,SGIS 생활권역 통계지도 serviceAreaStatistics,https://sgis.mods.go.kr/ServiceAPI/OpenAPI3/catchmentArea/serviceAreaStatistics.json,EPSG:5179,AVAILABLE,
669,2024,5,,,,SGIS 생활권역 통계지도 serviceAreaStatistics,https://sgis.mods.go.kr/ServiceAPI/OpenAPI3/catchmentArea/serviceAreaStatistics.json,EPSG:5179,DATA_NOT_AVAILABLE,"Location ""Location 1"" in ""Facilities"" is unlocated.  Invalid locations detected."
669,2024,10,,,,SGIS 생활권역 통계지도 serviceAreaStatistics,https://sgis.mods.go.kr/ServiceAPI/OpenAPI3/catchmentArea/serviceAreaStatistics.json,EPSG:5179,DATA_NOT_AVAILABLE,"Location ""Location 1"" in ""Facilities"" is unlocated.  Invalid locations detected."
670,2024,5,934.0,938.0,1110938.0,SGIS 생활권역 통계지도 serviceAreaStatistics,https://sgis.mods.go.kr/ServiceAPI/OpenAPI3/catchmentArea/serviceAreaStatistics.json,EPSG:5179,AVAILABLE,
670,2024,10,3258.0,3262.0,5597188.0,SGIS 생활권역 통계지도 serviceAreaStatistics,https://sgis.mods.go.kr/ServiceAPI/OpenAPI3/catchmentArea/serviceAreaStatistics.json,EPSG:5179,AVAILABLE,
671,2024,5,204.0,205.0,804688.0,SGIS 생활권역 통계지도 serviceAreaStatistics,https://sgis.mods.go.kr/ServiceAPI/OpenAPI3/catchmentArea/serviceAreaStatistics.json,EPSG:5179,AVAILABLE,
671,2024,10,519.0,523.0,2874063.0,SGIS 생활권역 통계지도 serviceAreaStatistics,https://sgis.mods.go.kr/ServiceAPI/OpenAPI3/catchmentArea/serviceAreaStatistics.json,EPSG:5179,AVAILABLE,
672,2024,5,23.0,38.0,396875.0,SGIS 생활권역 통계지도 serviceAreaStatistics,https://sgis.mods.go.kr/ServiceAPI/OpenAPI3/catchmentArea/serviceAreaStatistics.json,EPSG:5179,AVAILABLE,
672,2024,10,249.0,245.0,1457188.0,SGIS 생활권역 통계지도 serviceAreaStatistics,https://sgis.mods.go.kr/ServiceAPI/OpenAPI3/catchmentArea/serviceAreaStatistics.json,EPSG:5179,AVAILABLE,
673,2024,5,98.0,110.0,503438.0,SGIS 생활권역 통계지도 serviceAreaStatistics,https://sgis.mods.go.kr/ServiceAPI/OpenAPI3/catchmentArea/serviceAreaStatistics.json,EPSG:5179,AVAILABLE,
673,2024,10,608.0,602.0,2958750.0,SGIS 생활권역 통계지도 serviceAreaStatistics,https://sgis.mods.go.kr/ServiceAPI/OpenAPI3/catchmentArea/serviceAreaStatistics.json,EPSG:5179,AVAILABLE,
674,2024,5,,,,SGIS 생활권역 통계지도 serviceAreaStatistics,https://sgis.mods.go.kr/ServiceAPI/OpenAPI3/catchmentArea/serviceAreaStatistics.json,EPSG:5179,DATA_NOT_AVAILABLE,"Location ""Location 1"" in ""Facilities"" is unlocated.  Invalid locations detected."
674,2024,10,,,,SGIS 생활권역 통계지도 serviceAreaStatistics,https://sgis.mods.go.kr/ServiceAPI/OpenAPI3/catchmentArea/serviceAreaStatistics.json,EPSG:5179,DATA_NOT_AVAILABLE,"Location ""Location 1"" in ""Facilities"" is unlocated.  Invalid locations detected."
675,2024,5,158.0,161.0,840938.0,SGIS 생활권역 통계지도 serviceAreaStatistics,https://sgis.mods.go.kr/ServiceAPI/OpenAPI3/catchmentArea/serviceAreaStatistics.json,EPSG:5179,AVAILABLE,
675,2024,10,457.0,451.0,3273125.0,SGIS 생활권역 통계지도 serviceAreaStatistics,https://sgis.mods.go.kr/ServiceAPI/OpenAPI3/catchmentArea/serviceAreaStatistics.json,EPSG:5179,AVAILABLE,
676,2024,5,53.0,57.0,297813.0,SGIS 생활권역 통계지도 serviceAreaStatistics,https://sgis.mods.go.kr/ServiceAPI/OpenAPI3/catchmentArea/serviceAreaStatistics.json,EPSG:5179,AVAILABLE,
676,2024,10,103.0,118.0,1101563.0,SGIS 생활권역 통계지도 serviceAreaStatistics,https://sgis.mods.go.kr/ServiceAPI/OpenAPI3/catchmentArea/serviceAreaStatistics.json,EPSG:5179,AVAILABLE,
677,2024,5,439.0,433.0,1416563.0,SGIS 생활권역 통계지도 serviceAreaStatistics,https://sgis.mods.go.kr/ServiceAPI/OpenAPI3/catchmentArea/serviceAreaStatistics.json,EPSG:5179,AVAILABLE,
677,2024,10,1129.0,1123.0,5944063.0,SGIS 생활권역 통계지도 serviceAreaStatistics,https://sgis.mods.go.kr/ServiceAPI/OpenAPI3/catchmentArea/serviceAreaStatistics.json,EPSG:5179,AVAILABLE,
678,2024,5,198.0,196.0,846250.0,SGIS 생활권역 통계지도 serviceAreaStatistics,https://sgis.mods.go.kr/ServiceAPI/OpenAPI3/catchmentArea/serviceAreaStatistics.json,EPSG:5179,AVAILABLE,
678,2024,10,979.0,973.0,4295625.0,SGIS 생활권역 통계지도 serviceAreaStatistics,https://sgis.mods.go.kr/ServiceAPI/OpenAPI3/catchmentArea/serviceAreaStatistics.json,EPSG:5179,AVAILABLE,
679,2024,5,128.0,135.0,723125.0,SGIS 생활권역 통계지도 serviceAreaStatistics,https://sgis.mods.go.kr/ServiceAPI/OpenAPI3/catchmentArea/serviceAreaStatistics.json,EPSG:5179,AVAILABLE,
679,2024,10,423.0,419.0,3259375.0,SGIS 생활권역 통계지도 serviceAreaStatistics,https://sgis.mods.go.kr/ServiceAPI/OpenAPI3/catchmentArea/serviceAreaStatistics.json,EPSG:5179,AVAILABLE,
680,2024,5,148.0,156.0,1164688.0,SGIS 생활권역 통계지도 serviceAreaStatistics,https://sgis.mods.go.kr/ServiceAPI/OpenAPI3/catchmentArea/serviceAreaStatistics.json,EPSG:5179,AVAILABLE,
680,2024,10,839.0,833.0,4467813.0,SGIS 생활권역 통계지도 serviceAreaStatistics,https://sgis.mods.go.kr/ServiceAPI/OpenAPI3/catchmentArea/serviceAreaStatistics.json,EPSG:5179,AVAILABLE,
681,2024,5,,,,SGIS 생활권역 통계지도 serviceAreaStatistics,https://sgis.mods.go.kr/ServiceAPI/OpenAPI3/catchmentArea/serviceAreaStatistics.json,EPSG:5179,DATA_NOT_AVAILABLE,"Location ""Location 1"" in ""Facilities"" is unlocated.  Invalid locations detected."
681,2024,10,,,,SGIS 생활권역 통계지도 serviceAreaStatistics,https://sgis.mods.go.kr/ServiceAPI/OpenAPI3/catchmentArea/serviceAreaStatistics.json,EPSG:5179,DATA_NOT_AVAILABLE,"Location ""Location 1"" in ""Facilities"" is unlocated.  Invalid locations detected."
682,2024,5,183.0,194.0,787188.0,SGIS 생활권역 통계지도 serviceAreaStatistics,https://sgis.mods.go.kr/ServiceAPI/OpenAPI3/catchmentArea/serviceAreaStatistics.json,EPSG:5179,AVAILABLE,
682,2024,10,368.0,369.0,3813438.0,SGIS 생활권역 통계지도 serviceAreaStatistics,https://sgis.mods.go.kr/ServiceAPI/OpenAPI3/catchmentArea/serviceAreaStatistics.json,EPSG:5179,AVAILABLE,
683,2024,5,138.0,138.0,983438.0,SGIS 생활권역 통계지도 serviceAreaStatistics,https://sgis.mods.go.kr/ServiceAPI/OpenAPI3/catchmentArea/serviceAreaStatistics.json,EPSG:5179,AVAILABLE,
683,2024,10,483.0,477.0,5192500.0,SGIS 생활권역 통계지도 serviceAreaStatistics,https://sgis.mods.go.kr/ServiceAPI/OpenAPI3/catchmentArea/serviceAreaStatistics.json,EPSG:5179,AVAILABLE,
684,2024,5,,,,SGIS 생활권역 통계지도 serviceAreaStatistics,https://sgis.mods.go.kr/ServiceAPI/OpenAPI3/catchmentArea/serviceAreaStatistics.json,EPSG:5179,DATA_NOT_AVAILABLE,"Location ""Location 1"" in ""Facilities"" is unlocated.  Invalid locations detected."
684,2024,10,,,,SGIS 생활권역 통계지도 serviceAreaStatistics,https://sgis.mods.go.kr/ServiceAPI/OpenAPI3/catchmentArea/serviceAreaStatistics.json,EPSG:5179,DATA_NOT_AVAILABLE,"Location ""Location 1"" in ""Facilities"" is unlocated.  Invalid locations detected."
685,2024,5,78.0,82.0,385000.0,SGIS 생활권역 통계지도 serviceAreaStatistics,https://sgis.mods.go.kr/ServiceAPI/OpenAPI3/catchmentArea/serviceAreaStatistics.json,EPSG:5179,AVAILABLE,
685,2024,10,233.0,239.0,1861563.0,SGIS 생활권역 통계지도 serviceAreaStatistics,https://sgis.mods.go.kr/ServiceAPI/OpenAPI3/catchmentArea/serviceAreaStatistics.json,EPSG:5179,AVAILABLE,
686,2024,5,,,,SGIS 생활권역 통계지도 serviceAreaStatistics,https://sgis.mods.go.kr/ServiceAPI/OpenAPI3/catchmentArea/serviceAreaStatistics.json,EPSG:5179,DATA_NOT_AVAILABLE,"Location ""Location 1"" in ""Facilities"" is unlocated.  Invalid locations detected."
686,2024,10,,,,SGIS 생활권역 통계지도 serviceAreaStatistics,https://sgis.mods.go.kr/ServiceAPI/OpenAPI3/catchmentArea/serviceAreaStatistics.json,EPSG:5179,DATA_NOT_AVAILABLE,"Location ""Location 1"" in ""Facilities"" is unlocated.  Invalid locations detected."
687,2024,5,,,,SGIS 생활권역 통계지도 serviceAreaStatistics,https://sgis.mods.go.kr/ServiceAPI/OpenAPI3/catchmentArea/serviceAreaStatistics.json,EPSG:5179,DATA_NOT_AVAILABLE,"Location ""Location 1"" in ""Facilities"" is unlocated.  Invalid locations detected."
687,2024,10,,,,SGIS 생활권역 통계지도 serviceAreaStatistics,https://sgis.mods.go.kr/ServiceAPI/OpenAPI3/catchmentArea/serviceAreaStatistics.json,EPSG:5179,DATA_NOT_AVAILABLE,"Location ""Location 1"" in ""Facilities"" is unlocated.  Invalid locations detected."
688,2024,5,78.0,87.0,682500.0,SGIS 생활권역 통계지도 serviceAreaStatistics,https://sgis.mods.go.kr/ServiceAPI/OpenAPI3/catchmentArea/serviceAreaStatistics.json,EPSG:5179,AVAILABLE,
688,2024,10,278.0,282.0,2467188.0,SGIS 생활권역 통계지도 serviceAreaStatistics,https://sgis.mods.go.kr/ServiceAPI/OpenAPI3/catchmentArea/serviceAreaStatistics.json,EPSG:5179,AVAILABLE,
689,2024,5,43.0,47.0,615313.0,SGIS 생활권역 통계지도 serviceAreaStatistics,https://sgis.mods.go.kr/ServiceAPI/OpenAPI3/catchmentArea/serviceAreaStatistics.json,EPSG:5179,AVAILABLE,
689,2024,10,78.0,90.0,1652813.0,SGIS 생활권역 통계지도 serviceAreaStatistics,https://sgis.mods.go.kr/ServiceAPI/OpenAPI3/catchmentArea/serviceAreaStatistics.json,EPSG:5179,AVAILABLE,
690,2024,5,78.0,82.0,485938.0,SGIS 생활권역 통계지도 serviceAreaStatistics,https://sgis.mods.go.kr/ServiceAPI/OpenAPI3/catchmentArea/serviceAreaStatistics.json,EPSG:5179,AVAILABLE,
690,2024,10,218.0,227.0,1699375.0,SGIS 생활권역 통계지도 serviceAreaStatistics,https://sgis.mods.go.kr/ServiceAPI/OpenAPI3/catchmentArea/serviceAreaStatistics.json,EPSG:5179,AVAILABLE,
691,2024,5,,,,SGIS 생활권역 통계지도 serviceAreaStatistics,https://sgis.mods.go.kr/ServiceAPI/OpenAPI3/catchmentArea/serviceAreaStatistics.json,EPSG:5179,DATA_NOT_AVAILABLE,"Location ""Location 1"" in ""Facilities"" is unlocated.  Invalid locations detected."
691,2024,10,,,,SGIS 생활권역 통계지도 serviceAreaStatistics,https://sgis.mods.go.kr/ServiceAPI/OpenAPI3/catchmentArea/serviceAreaStatistics.json,EPSG:5179,DATA_NOT_AVAILABLE,"Location ""Location 1"" in ""Facilities"" is unlocated.  Invalid locations detected."
692,2024,5,,,,SGIS 생활권역 통계지도 serviceAreaStatistics,https://sgis.mods.go.kr/ServiceAPI/OpenAPI3/catchmentArea/serviceAreaStatistics.json,EPSG:5179,DATA_NOT_AVAILABLE,"Location ""Location 1"" in ""Facilities"" is unlocated.  Invalid locations detected."
692,2024,10,,,,SGIS 생활권역 통계지도 serviceAreaStatistics,https://sgis.mods.go.kr/ServiceAPI/OpenAPI3/catchmentArea/serviceAreaStatistics.json,EPSG:5179,DATA_NOT_AVAILABLE,"Location ""Location 1"" in ""Facilities"" is unlocated.  Invalid locations detected."
693,2024,5,13.0,20.0,356875.0,SGIS 생활권역 통계지도 serviceAreaStatistics,https://sgis.mods.go.kr/ServiceAPI/OpenAPI3/catchmentArea/serviceAreaStatistics.json,EPSG:5179,AVAILABLE,
693,2024,10,48.0,57.0,637500.0,SGIS 생활권역 통계지도 serviceAreaStatistics,https://sgis.mods.go.kr/ServiceAPI/OpenAPI3/catchmentArea/serviceAreaStatistics.json,EPSG:5179,AVAILABLE,
695,2024,5,5.0,10.0,442500.0,SGIS 생활권역 통계지도 serviceAreaStatistics,https://sgis.mods.go.kr/ServiceAPI/OpenAPI3/catchmentArea/serviceAreaStatistics.json,EPSG:5179,AVAILABLE,
695,2024,10,28.0,39.0,846250.0,SGIS 생활권역 통계지도 serviceAreaStatistics,https://sgis.mods.go.kr/ServiceAPI/OpenAPI3/catchmentArea/serviceAreaStatistics.json,EPSG:5179,AVAILABLE,
696,2024,5,,,,SGIS 생활권역 통계지도 serviceAreaStatistics,https://sgis.mods.go.kr/ServiceAPI/OpenAPI3/catchmentArea/serviceAreaStatistics.json,EPSG:5179,DATA_NOT_AVAILABLE,"Location ""Location 1"" in ""Facilities"" is unlocated.  Invalid locations detected."
696,2024,10,,,,SGIS 생활권역 통계지도 serviceAreaStatistics,https://sgis.mods.go.kr/ServiceAPI/OpenAPI3/catchmentArea/serviceAreaStatistics.json,EPSG:5179,DATA_NOT_AVAILABLE,"Location ""Location 1"" in ""Facilities"" is unlocated.  Invalid locations detected."
226,2024,5,193.0,186.0,863750.0,SGIS 생활권역 통계지도 serviceAreaStatistics,https://sgis.mods.go.kr/ServiceAPI/OpenAPI3/catchmentArea/serviceAreaStatistics.json,EPSG:5179,AVAILABLE,
226,2024,10,733.0,732.0,5443750.0,SGIS 생활권역 통계지도 serviceAreaStatistics,https://sgis.mods.go.kr/ServiceAPI/OpenAPI3/catchmentArea/serviceAreaStatistics.json,EPSG:5179,AVAILABLE,
456,2024,5,,,,SGIS 생활권역 통계지도 serviceAreaStatistics,https://sgis.mods.go.kr/ServiceAPI/OpenAPI3/catchmentArea/serviceAreaStatistics.json,EPSG:5179,DATA_NOT_AVAILABLE,"Location ""Location 1"" in ""Facilities"" is unlocated.  Invalid locations detected."
456,2024,10,,,,SGIS 생활권역 통계지도 serviceAreaStatistics,https://sgis.mods.go.kr/ServiceAPI/OpenAPI3/catchmentArea/serviceAreaStatistics.json,EPSG:5179,DATA_NOT_AVAILABLE,"Location ""Location 1"" in ""Facilities"" is unlocated.  Invalid locations detected."
570,2024,5,18.0,20.0,194688.0,SGIS 생활권역 통계지도 serviceAreaStatistics,https://sgis.mods.go.kr/ServiceAPI/OpenAPI3/catchmentArea/serviceAreaStatistics.json,EPSG:5179,AVAILABLE,
570,2024,10,33.0,34.0,633125.0,SGIS 생활권역 통계지도 serviceAreaStatistics,https://sgis.mods.go.kr/ServiceAPI/OpenAPI3/catchmentArea/serviceAreaStatistics.json,EPSG:5179,AVAILABLE,
