id,address,region,capacity,source,management,lat,lng,pond_id,address_context,region_context,emd_name,capacity_context,facility_source,road_source,sgis_drive_population_5min,sgis_drive_population_5min_status,sgis_drive_population_10min,sgis_drive_population_10min_status,emd_total_population,emd_youth_population,emd_elderly_population,emd_youth_ratio,emd_elderly_ratio,emd_population_change,emd_year,population_context_method,population_500m,official_population_500m,youth_population_500m,official_youth_population_500m,elderly_population_500m,official_elderly_population_500m,facility_count_500m,road_length_500m,population_context_method_500m,agricultural_area_500m,agricultural_area_ha_500m,agricultural_ratio_500m,population_1000m,official_population_1km,youth_population_1000m,official_youth_population_1km,elderly_population_1000m,official_elderly_population_1km,population_1km,youth_population_1km,elderly_population_1km,facility_count_1000m,road_length_1000m,population_context_method_1000m,agricultural_area_1000m,agricultural_area_ha_1000m,agricultural_ratio_1000m,pond_id_access,nearest_road_m,distance_to_road_m,road_access_status,road_source_year,accessibility_class,classification_type,classification_label,classification_reason,classification_status
1,의성읍 중리리 82유,의성읍,12.4,의성군 주소 자료,미기재,36.35271742547342,128.6971725306506,1,의성읍 중리리 82유,의성읍,의성읍,12.4,VWorld UQ164·UO601,VWorld UQ151,5167.0,AVAILABLE,9241.0,AVAILABLE,12086.0,1873.0,4338.0,15.497269568095318,35.89276849247063,-210.0,2025.0,pond_emd_population_context,,,,,,,7,24138.403795949944,pond_emd_population_context,0.0,0.0,0.0,,,,,,,,,,13,55099.25849758279,pond_emd_population_context,38793.79215564476,3.8793792155644753,1.236830620428024,1,36.65863957371669,36.65863957371669,AVAILABLE,,0–100m,A_CULTURE_TOURISM,문화·관광형,도로 37m 이내이며 1km 생활시설 13개,RULE_BASED_WITH_MISSING_DATA_GUARD
2,의성읍 중리리 237-1유,의성읍,4.3,의성군 주소 자료,미기재,36.35271742547342,128.6971725306506,2,의성읍 중리리 237-1유,의성읍,의성읍,4.3,VWorld UQ164·UO601,VWorld UQ151,5167.0,AVAILABLE,9241.0,AVAILABLE,12086.0,1873.0,4338.0,15.497269568095318,35.89276849247063,-210.0,2025.0,pond_emd_population_context,,,,,,,7,24138.403795949944,pond_emd_population_context,0.0,0.0,0.0,,,,,,,,,,13,55099.25849758279,pond_emd_population_context,38793.79215564476,3.8793792155644753,1.236830620428024,2,36.65863957371669,36.65863957371669,AVAILABLE,,0–100m,A_CULTURE_TOURISM,문화·관광형,도로 37m 이내이며 1km 생활시설 13개,RULE_BASED_WITH_MISSING_DATA_GUARD
3,의성읍 중리리 산 46-2 임,의성읍,2.2,의성군 주소 자료,미기재,36.35271742547342,128.6971725306506,3,의성읍 중리리 산 46-2 임,의성읍,의성읍,2.2,VWorld UQ164·UO601,VWorld UQ151,5167.0,AVAILABLE,9241.0,AVAILABLE,12086.0,1873.0,4338.0,15.497269568095318,35.89276849247063,-210.0,2025.0,pond_emd_population_context,,,,,,,7,24138.403795949944,pond_emd_population_context,0.0,0.0,0.0,,,,,,,,,,13,55099.25849758279,pond_emd_population_context,38793.79215564476,3.8793792155644753,1.236830620428024,3,36.65863957371669,36.65863957371669,AVAILABLE,,0–100m,A_CULTURE_TOURISM,문화·관광형,도로 37m 이내이며 1km 생활시설 13개,RULE_BASED_WITH_MISSING_DATA_GUARD
4,의성읍 중리리 산60-5구,의성읍,2.0,의성군 주소 자료,미기재,36.35271742547342,128.6971725306506,4,의성읍 중리리 산60-5구,의성읍,의성읍,2.0,VWorld UQ164·UO601,VWorld UQ151,5167.0,AVAILABLE,9241.0,AVAILABLE,12086.0,1873.0,4338.0,15.497269568095318,35.89276849247063,-210.0,2025.0,pond_emd_population_context,,,,,,,7,24138.403795949944,pond_emd_population_context,0.0,0.0,0.0,,,,,,,,,,13,55099.25849758279,pond_emd_population_context,38793.79215564476,3.8793792155644753,1.236830620428024,4,36.65863957371669,36.65863957371669,AVAILABLE,,0–100m,A_CULTURE_TOURISM,문화·관광형,도로 37m 이내이며 1km 생활시설 13개,RULE_BASED_WITH_MISSING_DATA_GUARD
5,의성읍 상리리 43유,의성읍,9.3,의성군 주소 자료,미기재,36.35271742547342,128.6971725306506,5,의성읍 상리리 43유,의성읍,의성읍,9.3,VWorld UQ164·UO601,VWorld UQ151,5167.0,AVAILABLE,9241.0,AVAILABLE,12086.0,1873.0,4338.0,15.497269568095318,35.89276849247063,-210.0,2025.0,pond_emd_population_context,,,,,,,7,24138.403795949944,pond_emd_population_context,0.0,0.0,0.0,,,,,,,,,,13,55099.25849758279,pond_emd_population_context,38793.79215564476,3.8793792155644753,1.236830620428024,5,36.65863957371669,36.65863957371669,AVAILABLE,,0–100m,A_CULTURE_TOURISM,문화·관광형,도로 37m 이내이며 1km 생활시설 13개,RULE_BASED_WITH_MISSING_DATA_GUARD
6,의성읍 상리리 50-3유,의성읍,1.1,의성군 주소 자료,미기재,36.35271742547342,128.6971725306506,6,의성읍 상리리 50-3유,의성읍,의성읍,1.1,VWorld UQ164·UO601,VWorld UQ151,5167.0,AVAILABLE,9241.0,AVAILABLE,12086.0,1873.0,4338.0,15.497269568095318,35.89276849247063,-210.0,2025.0,pond_emd_population_context,,,,,,,7,24138.403795949944,pond_emd_population_context,0.0,0.0,0.0,,,,,,,,,,13,55099.25849758279,pond_emd_population_context,38793.79215564476,3.8793792155644753,1.236830620428024,6,36.65863957371669,36.65863957371669,AVAILABLE,,0–100m,A_CULTURE_TOURISM,문화·관광형,도로 37m 이내이며 1km 생활시설 13개,RULE_BASED_WITH_MISSING_DATA_GUARD
7,의성읍 상리리 16-1유,의성읍,15.6,의성군 주소 자료,미기재,36.35271742547342,128.6971725306506,7,의성읍 상리리 16-1유,의성읍,의성읍,15.6,VWorld UQ164·UO601,VWorld UQ151,5167.0,AVAILABLE,9241.0,AVAILABLE,12086.0,1873.0,4338.0,15.497269568095318,35.89276849247063,-210.0,2025.0,pond_emd_population_context,,,,,,,7,24138.403795949944,pond_emd_population_context,0.0,0.0,0.0,,,,,,,,,,13,55099.25849758279,pond_emd_population_context,38793.79215564476,3.8793792155644753,1.236830620428024,7,36.65863957371669,36.65863957371669,AVAILABLE,,0–100m,A_CULTURE_TOURISM,문화·관광형,도로 37m 이내이며 1km 생활시설 13개,RULE_BASED_WITH_MISSING_DATA_GUARD
8,의성읍 상리리 296답,의성읍,1.0,의성군 주소 자료,미기재,36.35271742547342,128.6971725306506,8,의성읍 상리리 296답,의성읍,의성읍,1.0,VWorld UQ164·UO601,VWorld UQ151,5167.0,AVAILABLE,9241.0,AVAILABLE,12086.0,1873.0,4338.0,15.497269568095318,35.89276849247063,-210.0,2025.0,pond_emd_population_context,,,,,,,7,24138.403795949944,pond_emd_population_context,0.0,0.0,0.0,,,,,,,,,,13,55099.25849758279,pond_emd_population_context,38793.79215564476,3.8793792155644753,1.236830620428024,8,36.65863957371669,36.65863957371669,AVAILABLE,,0–100m,A_CULTURE_TOURISM,문화·관광형,도로 37m 이내이며 1km 생활시설 13개,RULE_BASED_WITH_MISSING_DATA_GUARD
9,의성읍 도동리 27유,의성읍,13.5,의성군 주소 자료,미기재,36.35271742547342,128.6971725306506,9,의성읍 도동리 27유,의성읍,의성읍,13.5,VWorld UQ164·UO601,VWorld UQ151,5167.0,AVAILABLE,9241.0,AVAILABLE,12086.0,1873.0,4338.0,15.497269568095318,35.89276849247063,-210.0,2025.0,pond_emd_population_context,,,,,,,7,24138.403795949944,pond_emd_population_context,0.0,0.0,0.0,,,,,,,,,,13,55099.25849758279,pond_emd_population_context,38793.79215564476,3.8793792155644753,1.236830620428024,9,36.65863957371669,36.65863957371669,AVAILABLE,,0–100m,A_CULTURE_TOURISM,문화·관광형,도로 37m 이내이며 1km 생활시설 13개,RULE_BASED_WITH_MISSING_DATA_GUARD
10,의성읍 오로리 716-1유,의성읍,165.0,의성군 주소 자료,미기재,36.35271742547342,128.6971725306506,10,의성읍 오로리 716-1유,의성읍,의성읍,165.0,VWorld UQ164·UO601,VWorld UQ151,5167.0,AVAILABLE,9241.0,AVAILABLE,12086.0,1873.0,4338.0,15.497269568095318,35.89276849247063,-210.0,2025.0,pond_emd_population_context,,,,,,,7,24138.403795949944,pond_emd_population_context,0.0,0.0,0.0,,,,,,,,,,13,55099.25849758279,pond_emd_population_context,38793.79215564476,3.8793792155644753,1.236830620428024,10,36.65863957371669,36.65863957371669,AVAILABLE,,0–100m,A_CULTURE_TOURISM,문화·관광형,도로 37m 이내이며 1km 생활시설 13개,RULE_BASED_WITH_MISSING_DATA_GUARD
11,의성읍 오로리 895유,의성읍,15.0,의성군 주소 자료,미기재,36.35271742547342,128.6971725306506,11,의성읍 오로리 895유,의성읍,의성읍,15.0,VWorld UQ164·UO601,VWorld UQ151,5167.0,AVAILABLE,9241.0,AVAILABLE,12086.0,1873.0,4338.0,15.497269568095318,35.89276849247063,-210.0,2025.0,pond_emd_population_context,,,,,,,7,24138.403795949944,pond_emd_population_context,0.0,0.0,0.0,,,,,,,,,,13,55099.25849758279,pond_emd_population_context,38793.79215564476,3.8793792155644753,1.236830620428024,11,36.65863957371669,36.65863957371669,AVAILABLE,,0–100m,A_CULTURE_TOURISM,문화·관광형,도로 37m 이내이며 1km 생활시설 13개,RULE_BASED_WITH_MISSING_DATA_GUARD
12,의성읍 비봉리 570-1유,의성읍,40.0,의성군 주소 자료,미기재,36.35271742547342,128.6971725306506,12,의성읍 비봉리 570-1유,의성읍,의성읍,40.0,VWorld UQ164·UO601,VWorld UQ151,5167.0,AVAILABLE,9241.0,AVAILABLE,12086.0,1873.0,4338.0,15.497269568095318,35.89276849247063,-210.0,2025.0,pond_emd_population_context,,,,,,,7,24138.403795949944,pond_emd_population_context,0.0,0.0,0.0,,,,,,,,,,13,55099.25849758279,pond_emd_population_context,38793.79215564476,3.8793792155644753,1.236830620428024,12,36.65863957371669,36.65863957371669,AVAILABLE,,0–100m,A_CULTURE_TOURISM,문화·관광형,도로 37m 이내이며 1km 생활시설 13개,RULE_BASED_WITH_MISSING_DATA_GUARD
13,의성읍 비봉리 1009유,의성읍,19.0,의성군 주소 자료,미기재,36.35271742547342,128.6971725306506,13,의성읍 비봉리 1009유,의성읍,의성읍,19.0,VWorld UQ164·UO601,VWorld UQ151,5167.0,AVAILABLE,9241.0,AVAILABLE,12086.0,1873.0,4338.0,15.497269568095318,35.89276849247063,-210.0,2025.0,pond_emd_population_context,,,,,,,7,24138.403795949944,pond_emd_population_context,0.0,0.0,0.0,,,,,,,,,,13,55099.25849758279,pond_emd_population_context,38793.79215564476,3.8793792155644753,1.236830620428024,13,36.65863957371669,36.65863957371669,AVAILABLE,,0–100m,A_CULTURE_TOURISM,문화·관광형,도로 37m 이내이며 1km 생활시설 13개,RULE_BASED_WITH_MISSING_DATA_GUARD
14,의성읍 비봉리 105-1유,의성읍,9.9,의성군 주소 자료,미기재,36.35271742547342,128.6971725306506,14,의성읍 비봉리 105-1유,의성읍,의성읍,9.9,VWorld UQ164·UO601,VWorld UQ151,5167.0,AVAILABLE,9241.0,AVAILABLE,12086.0,1873.0,4338.0,15.497269568095318,35.89276849247063,-210.0,2025.0,pond_emd_population_context,,,,,,,7,24138.403795949944,pond_emd_population_context,0.0,0.0,0.0,,,,,,,,,,13,55099.25849758279,pond_emd_population_context,38793.79215564476,3.8793792155644753,1.236830620428024,14,36.65863957371669,36.65863957371669,AVAILABLE,,0–100m,A_CULTURE_TOURISM,문화·관광형,도로 37m 이내이며 1km 생활시설 13개,RULE_BASED_WITH_MISSING_DATA_GUARD
15,의성읍 비봉리 360유,의성읍,7.0,의성군 주소 자료,미기재,36.35271742547342,128.6971725306506,15,의성읍 비봉리 360유,의성읍,의성읍,7.0,VWorld UQ164·UO601,VWorld UQ151,5167.0,AVAILABLE,9241.0,AVAILABLE,12086.0,1873.0,4338.0,15.497269568095318,35.89276849247063,-210.0,2025.0,pond_emd_population_context,,,,,,,7,24138.403795949944,pond_emd_population_context,0.0,0.0,0.0,,,,,,,,,,13,55099.25849758279,pond_emd_population_context,38793.79215564476,3.8793792155644753,1.236830620428024,15,36.65863957371669,36.65863957371669,AVAILABLE,,0–100m,A_CULTURE_TOURISM,문화·관광형,도로 37m 이내이며 1km 생활시설 13개,RULE_BASED_WITH_MISSING_DATA_GUARD
16,의성읍 비봉리 697유,의성읍,0.44,의성군 주소 자료,미기재,36.35271742547342,128.6971725306506,16,의성읍 비봉리 697유,의성읍,의성읍,0.44,VWorld UQ164·UO601,VWorld UQ151,5167.0,AVAILABLE,9241.0,AVAILABLE,12086.0,1873.0,4338.0,15.497269568095318,35.89276849247063,-210.0,2025.0,pond_emd_population_context,,,,,,,7,24138.403795949944,pond_emd_population_context,0.0,0.0,0.0,,,,,,,,,,13,55099.25849758279,pond_emd_population_context,38793.79215564476,3.8793792155644753,1.236830620428024,16,36.65863957371669,36.65863957371669,AVAILABLE,,0–100m,A_CULTURE_TOURISM,문화·관광형,도로 37m 이내이며 1km 생활시설 13개,RULE_BASED_WITH_MISSING_DATA_GUARD
17,의성읍 비봉리 535유,의성읍,0.56,의성군 주소 자료,미기재,36.35271742547342,128.6971725306506,17,의성읍 비봉리 535유,의성읍,의성읍,0.56,VWorld UQ164·UO601,VWorld UQ151,5167.0,AVAILABLE,9241.0,AVAILABLE,12086.0,1873.0,4338.0,15.497269568095318,35.89276849247063,-210.0,2025.0,pond_emd_population_context,,,,,,,7,24138.403795949944,pond_emd_population_context,0.0,0.0,0.0,,,,,,,,,,13,55099.25849758279,pond_emd_population_context,38793.79215564476,3.8793792155644753,1.236830620428024,17,36.65863957371669,36.65863957371669,AVAILABLE,,0–100m,A_CULTURE_TOURISM,문화·관광형,도로 37m 이내이며 1km 생활시설 13개,RULE_BASED_WITH_MISSING_DATA_GUARD
18,의성읍 비봉리 894-3유,의성읍,0.4,의성군 주소 자료,미기재,36.35271742547342,128.6971725306506,18,의성읍 비봉리 894-3유,의성읍,의성읍,0.4,VWorld UQ164·UO601,VWorld UQ151,5167.0,AVAILABLE,9241.0,AVAILABLE,12086.0,1873.0,4338.0,15.497269568095318,35.89276849247063,-210.0,2025.0,pond_emd_population_context,,,,,,,7,24138.403795949944,pond_emd_population_context,0.0,0.0,0.0,,,,,,,,,,13,55099.25849758279,pond_emd_population_context,38793.79215564476,3.8793792155644753,1.236830620428024,18,36.65863957371669,36.65863957371669,AVAILABLE,,0–100m,A_CULTURE_TOURISM,문화·관광형,도로 37m 이내이며 1km 생활시설 13개,RULE_BASED_WITH_MISSING_DATA_GUARD
19,의성읍 팔성리 449,의성읍,2.0,의성군 주소 자료,미기재,36.35271742547342,128.6971725306506,19,의성읍 팔성리 449,의성읍,의성읍,2.0,VWorld UQ164·UO601,VWorld UQ151,5167.0,AVAILABLE,9241.0,AVAILABLE,12086.0,1873.0,4338.0,15.497269568095318,35.89276849247063,-210.0,2025.0,pond_emd_population_context,,,,,,,7,24138.403795949944,pond_emd_population_context,0.0,0.0,0.0,,,,,,,,,,13,55099.25849758279,pond_emd_population_context,38793.79215564476,3.8793792155644753,1.236830620428024,19,36.65863957371669,36.65863957371669,AVAILABLE,,0–100m,A_CULTURE_TOURISM,문화·관광형,도로 37m 이내이며 1km 생활시설 13개,RULE_BASED_WITH_MISSING_DATA_GUARD
20,의성읍 팔성리 560유,의성읍,20.3,의성군 주소 자료,미기재,36.35271742547342,128.6971725306506,20,의성읍 팔성리 560유,의성읍,의성읍,20.3,VWorld UQ164·UO601,VWorld UQ151,5167.0,AVAILABLE,9241.0,AVAILABLE,12086.0,1873.0,4338.0,15.497269568095318,35.89276849247063,-210.0,2025.0,pond_emd_population_context,,,,,,,7,24138.403795949944,pond_emd_population_context,0.0,0.0,0.0,,,,,,,,,,13,55099.25849758279,pond_emd_population_context,38793.79215564476,3.8793792155644753,1.236830620428024,20,36.65863957371669,36.65863957371669,AVAILABLE,,0–100m,A_CULTURE_TOURISM,문화·관광형,도로 37m 이내이며 1km 생활시설 13개,RULE_BASED_WITH_MISSING_DATA_GUARD
21,의성읍 팔성리 321유,의성읍,42.0,의성군 주소 자료,미기재,36.35271742547342,128.6971725306506,21,의성읍 팔성리 321유,의성읍,의성읍,42.0,VWorld UQ164·UO601,VWorld UQ151,5167.0,AVAILABLE,9241.0,AVAILABLE,12086.0,1873.0,4338.0,15.497269568095318,35.89276849247063,-210.0,2025.0,pond_emd_population_context,,,,,,,7,24138.403795949944,pond_emd_population_context,0.0,0.0,0.0,,,,,,,,,,13,55099.25849758279,pond_emd_population_context,38793.79215564476,3.8793792155644753,1.236830620428024,21,36.65863957371669,36.65863957371669,AVAILABLE,,0–100m,A_CULTURE_TOURISM,문화·관광형,도로 37m 이내이며 1km 생활시설 13개,RULE_BASED_WITH_MISSING_DATA_GUARD
22,의성읍 팔성리 395유,의성읍,5.8,의성군 주소 자료,미기재,36.35271742547342,128.6971725306506,22,의성읍 팔성리 395유,의성읍,의성읍,5.8,VWorld UQ164·UO601,VWorld UQ151,5167.0,AVAILABLE,9241.0,AVAILABLE,12086.0,1873.0,4338.0,15.497269568095318,35.89276849247063,-210.0,2025.0,pond_emd_population_context,,,,,,,7,24138.403795949944,pond_emd_population_context,0.0,0.0,0.0,,,,,,,,,,13,55099.25849758279,pond_emd_population_context,38793.79215564476,3.8793792155644753,1.236830620428024,22,36.65863957371669,36.65863957371669,AVAILABLE,,0–100m,A_CULTURE_TOURISM,문화·관광형,도로 37m 이내이며 1km 생활시설 13개,RULE_BASED_WITH_MISSING_DATA_GUARD
23,의성읍 오로리 847-4,의성읍,2.0,의성군 주소 자료,미기재,36.35271742547342,128.6971725306506,23,의성읍 오로리 847-4,의성읍,의성읍,2.0,VWorld UQ164·UO601,VWorld UQ151,5167.0,AVAILABLE,9241.0,AVAILABLE,12086.0,1873.0,4338.0,15.497269568095318,35.89276849247063,-210.0,2025.0,pond_emd_population_context,,,,,,,7,24138.403795949944,pond_emd_population_context,0.0,0.0,0.0,,,,,,,,,,13,55099.25849758279,pond_emd_population_context,38793.79215564476,3.8793792155644753,1.236830620428024,23,36.65863957371669,36.65863957371669,AVAILABLE,,0–100m,A_CULTURE_TOURISM,문화·관광형,도로 37m 이내이며 1km 생활시설 13개,RULE_BASED_WITH_MISSING_DATA_GUARD
24,의성읍 팔성리 730,의성읍,11.4,의성군 주소 자료,미기재,36.35271742547342,128.6971725306506,24,의성읍 팔성리 730,의성읍,의성읍,11.4,VWorld UQ164·UO601,VWorld UQ151,5167.0,AVAILABLE,9241.0,AVAILABLE,12086.0,1873.0,4338.0,15.497269568095318,35.89276849247063,-210.0,2025.0,pond_emd_population_context,,,,,,,7,24138.403795949944,pond_emd_population_context,0.0,0.0,0.0,,,,,,,,,,13,55099.25849758279,pond_emd_population_context,38793.79215564476,3.8793792155644753,1.236830620428024,24,36.65863957371669,36.65863957371669,AVAILABLE,,0–100m,A_CULTURE_TOURISM,문화·관광형,도로 37m 이내이며 1km 생활시설 13개,RULE_BASED_WITH_MISSING_DATA_GUARD
25,의성읍 팔성리 846답,의성읍,0.4,의성군 주소 자료,미기재,36.35271742547342,128.6971725306506,25,의성읍 팔성리 846답,의성읍,의성읍,0.4,VWorld UQ164·UO601,VWorld UQ151,5167.0,AVAILABLE,9241.0,AVAILABLE,12086.0,1873.0,4338.0,15.497269568095318,35.89276849247063,-210.0,2025.0,pond_emd_population_context,,,,,,,7,24138.403795949944,pond_emd_population_context,0.0,0.0,0.0,,,,,,,,,,13,55099.25849758279,pond_emd_population_context,38793.79215564476,3.8793792155644753,1.236830620428024,25,36.65863957371669,36.65863957371669,AVAILABLE,,0–100m,A_CULTURE_TOURISM,문화·관광형,도로 37m 이내이며 1km 생활시설 13개,RULE_BASED_WITH_MISSING_DATA_GUARD
26,의성읍 용연리 512유,의성읍,93.4,의성군 주소 자료,미기재,36.35271742547342,128.6971725306506,26,의성읍 용연리 512유,의성읍,의성읍,93.4,VWorld UQ164·UO601,VWorld UQ151,5167.0,AVAILABLE,9241.0,AVAILABLE,12086.0,1873.0,4338.0,15.497269568095318,35.89276849247063,-210.0,2025.0,pond_emd_population_context,,,,,,,7,24138.403795949944,pond_emd_population_context,0.0,0.0,0.0,,,,,,,,,,13,55099.25849758279,pond_emd_population_context,38793.79215564476,3.8793792155644753,1.236830620428024,26,36.65863957371669,36.65863957371669,AVAILABLE,,0–100m,A_CULTURE_TOURISM,문화·관광형,도로 37m 이내이며 1km 생활시설 13개,RULE_BASED_WITH_MISSING_DATA_GUARD
27,의성읍 용연리 151유,의성읍,17.6,의성군 주소 자료,미기재,36.35271742547342,128.6971725306506,27,의성읍 용연리 151유,의성읍,의성읍,17.6,VWorld UQ164·UO601,VWorld UQ151,5167.0,AVAILABLE,9241.0,AVAILABLE,12086.0,1873.0,4338.0,15.497269568095318,35.89276849247063,-210.0,2025.0,pond_emd_population_context,,,,,,,7,24138.403795949944,pond_emd_population_context,0.0,0.0,0.0,,,,,,,,,,13,55099.25849758279,pond_emd_population_context,38793.79215564476,3.8793792155644753,1.236830620428024,27,36.65863957371669,36.65863957371669,AVAILABLE,,0–100m,A_CULTURE_TOURISM,문화·관광형,도로 37m 이내이며 1km 생활시설 13개,RULE_BASED_WITH_MISSING_DATA_GUARD
28,의성읍 용연리 296답,의성읍,2.2,의성군 주소 자료,미기재,36.35271742547342,128.6971725306506,28,의성읍 용연리 296답,의성읍,의성읍,2.2,VWorld UQ164·UO601,VWorld UQ151,5167.0,AVAILABLE,9241.0,AVAILABLE,12086.0,1873.0,4338.0,15.497269568095318,35.89276849247063,-210.0,2025.0,pond_emd_population_context,,,,,,,7,24138.403795949944,pond_emd_population_context,0.0,0.0,0.0,,,,,,,,,,13,55099.25849758279,pond_emd_population_context,38793.79215564476,3.8793792155644753,1.236830620428024,28,36.65863957371669,36.65863957371669,AVAILABLE,,0–100m,A_CULTURE_TOURISM,문화·관광형,도로 37m 이내이며 1km 생활시설 13개,RULE_BASED_WITH_MISSING_DATA_GUARD
29,의성읍 상리리 210,의성읍,3.6,의성군 주소 자료,미기재,36.35271742547342,128.6971725306506,29,의성읍 상리리 210,의성읍,의성읍,3.6,VWorld UQ164·UO601,VWorld UQ151,5167.0,AVAILABLE,9241.0,AVAILABLE,12086.0,1873.0,4338.0,15.497269568095318,35.89276849247063,-210.0,2025.0,pond_emd_population_context,,,,,,,7,24138.403795949944,pond_emd_population_context,0.0,0.0,0.0,,,,,,,,,,13,55099.25849758279,pond_emd_population_context,38793.79215564476,3.8793792155644753,1.236830620428024,29,36.65863957371669,36.65863957371669,AVAILABLE,,0–100m,A_CULTURE_TOURISM,문화·관광형,도로 37m 이내이며 1km 생활시설 13개,RULE_BASED_WITH_MISSING_DATA_GUARD
30,의성읍 철파리 502유,의성읍,18.5,의성군 주소 자료,미기재,36.35271742547342,128.6971725306506,30,의성읍 철파리 502유,의성읍,의성읍,18.5,VWorld UQ164·UO601,VWorld UQ151,5167.0,AVAILABLE,9241.0,AVAILABLE,12086.0,1873.0,4338.0,15.497269568095318,35.89276849247063,-210.0,2025.0,pond_emd_population_context,,,,,,,7,24138.403795949944,pond_emd_population_context,0.0,0.0,0.0,,,,,,,,,,13,55099.25849758279,pond_emd_population_context,38793.79215564476,3.8793792155644753,1.236830620428024,30,36.65863957371669,36.65863957371669,AVAILABLE,,0–100m,A_CULTURE_TOURISM,문화·관광형,도로 37m 이내이며 1km 생활시설 13개,RULE_BASED_WITH_MISSING_DATA_GUARD
31,의성읍 철파리 36유,의성읍,7.0,의성군 주소 자료,미기재,36.35271742547342,128.6971725306506,31,의성읍 철파리 36유,의성읍,의성읍,7.0,VWorld UQ164·UO601,VWorld UQ151,5167.0,AVAILABLE,9241.0,AVAILABLE,12086.0,1873.0,4338.0,15.497269568095318,35.89276849247063,-210.0,2025.0,pond_emd_population_context,,,,,,,7,24138.403795949944,pond_emd_population_context,0.0,0.0,0.0,,,,,,,,,,13,55099.25849758279,pond_emd_population_context,38793.79215564476,3.8793792155644753,1.236830620428024,31,36.65863957371669,36.65863957371669,AVAILABLE,,0–100m,A_CULTURE_TOURISM,문화·관광형,도로 37m 이내이며 1km 생활시설 13개,RULE_BASED_WITH_MISSING_DATA_GUARD
32,의성읍 업리 202유,의성읍,4.0,의성군 주소 자료,미기재,36.35271742547342,128.6971725306506,32,의성읍 업리 202유,의성읍,의성읍,4.0,VWorld UQ164·UO601,VWorld UQ151,5167.0,AVAILABLE,9241.0,AVAILABLE,12086.0,1873.0,4338.0,15.497269568095318,35.89276849247063,-210.0,2025.0,pond_emd_population_context,,,,,,,7,24138.403795949944,pond_emd_population_context,0.0,0.0,0.0,,,,,,,,,,13,55099.25849758279,pond_emd_population_context,38793.79215564476,3.8793792155644753,1.236830620428024,32,36.65863957371669,36.65863957371669,AVAILABLE,,0–100m,A_CULTURE_TOURISM,문화·관광형,도로 37m 이내이며 1km 생활시설 13개,RULE_BASED_WITH_MISSING_DATA_GUARD
33,의성읍 업리 470유,의성읍,19.0,의성군 주소 자료,미기재,36.35271742547342,128.6971725306506,33,의성읍 업리 470유,의성읍,의성읍,19.0,VWorld UQ164·UO601,VWorld UQ151,5167.0,AVAILABLE,9241.0,AVAILABLE,12086.0,1873.0,4338.0,15.497269568095318,35.89276849247063,-210.0,2025.0,pond_emd_population_context,,,,,,,7,24138.403795949944,pond_emd_population_context,0.0,0.0,0.0,,,,,,,,,,13,55099.25849758279,pond_emd_population_context,38793.79215564476,3.8793792155644753,1.236830620428024,33,36.65863957371669,36.65863957371669,AVAILABLE,,0–100m,A_CULTURE_TOURISM,문화·관광형,도로 37m 이내이며 1km 생활시설 13개,RULE_BASED_WITH_MISSING_DATA_GUARD
34,의성읍 업리 850유,의성읍,3.0,의성군 주소 자료,미기재,36.35271742547342,128.6971725306506,34,의성읍 업리 850유,의성읍,의성읍,3.0,VWorld UQ164·UO601,VWorld UQ151,5167.0,AVAILABLE,9241.0,AVAILABLE,12086.0,1873.0,4338.0,15.497269568095318,35.89276849247063,-210.0,2025.0,pond_emd_population_context,,,,,,,7,24138.403795949944,pond_emd_population_context,0.0,0.0,0.0,,,,,,,,,,13,55099.25849758279,pond_emd_population_context,38793.79215564476,3.8793792155644753,1.236830620428024,34,36.65863957371669,36.65863957371669,AVAILABLE,,0–100m,A_CULTURE_TOURISM,문화·관광형,도로 37m 이내이며 1km 생활시설 13개,RULE_BASED_WITH_MISSING_DATA_GUARD
35,의성읍 업리 244유,의성읍,6.0,의성군 주소 자료,미기재,36.35271742547342,128.6971725306506,35,의성읍 업리 244유,의성읍,의성읍,6.0,VWorld UQ164·UO601,VWorld UQ151,5167.0,AVAILABLE,9241.0,AVAILABLE,12086.0,1873.0,4338.0,15.497269568095318,35.89276849247063,-210.0,2025.0,pond_emd_population_context,,,,,,,7,24138.403795949944,pond_emd_population_context,0.0,0.0,0.0,,,,,,,,,,13,55099.25849758279,pond_emd_population_context,38793.79215564476,3.8793792155644753,1.236830620428024,35,36.65863957371669,36.65863957371669,AVAILABLE,,0–100m,A_CULTURE_TOURISM,문화·관광형,도로 37m 이내이며 1km 생활시설 13개,RULE_BASED_WITH_MISSING_DATA_GUARD
36,의성읍 업리 306답,의성읍,9.2,의성군 주소 자료,미기재,36.35271742547342,128.6971725306506,36,의성읍 업리 306답,의성읍,의성읍,9.2,VWorld UQ164·UO601,VWorld UQ151,5167.0,AVAILABLE,9241.0,AVAILABLE,12086.0,1873.0,4338.0,15.497269568095318,35.89276849247063,-210.0,2025.0,pond_emd_population_context,,,,,,,7,24138.403795949944,pond_emd_population_context,0.0,0.0,0.0,,,,,,,,,,13,55099.25849758279,pond_emd_population_context,38793.79215564476,3.8793792155644753,1.236830620428024,36,36.65863957371669,36.65863957371669,AVAILABLE,,0–100m,A_CULTURE_TOURISM,문화·관광형,도로 37m 이내이며 1km 생활시설 13개,RULE_BASED_WITH_MISSING_DATA_GUARD
37,의성읍 업리 922-1유,의성읍,0.5,의성군 주소 자료,미기재,36.35271742547342,128.6971725306506,37,의성읍 업리 922-1유,의성읍,의성읍,0.5,VWorld UQ164·UO601,VWorld UQ151,5167.0,AVAILABLE,9241.0,AVAILABLE,12086.0,1873.0,4338.0,15.497269568095318,35.89276849247063,-210.0,2025.0,pond_emd_population_context,,,,,,,7,24138.403795949944,pond_emd_population_context,0.0,0.0,0.0,,,,,,,,,,13,55099.25849758279,pond_emd_population_context,38793.79215564476,3.8793792155644753,1.236830620428024,37,36.65863957371669,36.65863957371669,AVAILABLE,,0–100m,A_CULTURE_TOURISM,문화·관광형,도로 37m 이내이며 1km 생활시설 13개,RULE_BASED_WITH_MISSING_DATA_GUARD
38,의성읍 업리 871유,의성읍,1.5,의성군 주소 자료,미기재,36.35271742547342,128.6971725306506,38,의성읍 업리 871유,의성읍,의성읍,1.5,VWorld UQ164·UO601,VWorld UQ151,5167.0,AVAILABLE,9241.0,AVAILABLE,12086.0,1873.0,4338.0,15.497269568095318,35.89276849247063,-210.0,2025.0,pond_emd_population_context,,,,,,,7,24138.403795949944,pond_emd_population_context,0.0,0.0,0.0,,,,,,,,,,13,55099.25849758279,pond_emd_population_context,38793.79215564476,3.8793792155644753,1.236830620428024,38,36.65863957371669,36.65863957371669,AVAILABLE,,0–100m,A_CULTURE_TOURISM,문화·관광형,도로 37m 이내이며 1km 생활시설 13개,RULE_BASED_WITH_MISSING_DATA_GUARD
39,의성읍 업리 148유,의성읍,11.7,의성군 주소 자료,미기재,36.35271742547342,128.6971725306506,39,의성읍 업리 148유,의성읍,의성읍,11.7,VWorld UQ164·UO601,VWorld UQ151,5167.0,AVAILABLE,9241.0,AVAILABLE,12086.0,1873.0,4338.0,15.497269568095318,35.89276849247063,-210.0,2025.0,pond_emd_population_context,,,,,,,7,24138.403795949944,pond_emd_population_context,0.0,0.0,0.0,,,,,,,,,,13,55099.25849758279,pond_emd_population_context,38793.79215564476,3.8793792155644753,1.236830620428024,39,36.65863957371669,36.65863957371669,AVAILABLE,,0–100m,A_CULTURE_TOURISM,문화·관광형,도로 37m 이내이며 1km 생활시설 13개,RULE_BASED_WITH_MISSING_DATA_GUARD
40,의성읍 업리 1141유,의성읍,19.3,의성군 주소 자료,미기재,36.35271742547342,128.6971725306506,40,의성읍 업리 1141유,의성읍,의성읍,19.3,VWorld UQ164·UO601,VWorld UQ151,5167.0,AVAILABLE,9241.0,AVAILABLE,12086.0,1873.0,4338.0,15.497269568095318,35.89276849247063,-210.0,2025.0,pond_emd_population_context,,,,,,,7,24138.403795949944,pond_emd_population_context,0.0,0.0,0.0,,,,,,,,,,13,55099.25849758279,pond_emd_population_context,38793.79215564476,3.8793792155644753,1.236830620428024,40,36.65863957371669,36.65863957371669,AVAILABLE,,0–100m,A_CULTURE_TOURISM,문화·관광형,도로 37m 이내이며 1km 생활시설 13개,RULE_BASED_WITH_MISSING_DATA_GUARD
41,의성읍 업리 393,의성읍,2.9,의성군 주소 자료,미기재,36.35271742547342,128.6971725306506,41,의성읍 업리 393,의성읍,의성읍,2.9,VWorld UQ164·UO601,VWorld UQ151,5167.0,AVAILABLE,9241.0,AVAILABLE,12086.0,1873.0,4338.0,15.497269568095318,35.89276849247063,-210.0,2025.0,pond_emd_population_context,,,,,,,7,24138.403795949944,pond_emd_population_context,0.0,0.0,0.0,,,,,,,,,,13,55099.25849758279,pond_emd_population_context,38793.79215564476,3.8793792155644753,1.236830620428024,41,36.65863957371669,36.65863957371669,AVAILABLE,,0–100m,A_CULTURE_TOURISM,문화·관광형,도로 37m 이내이며 1km 생활시설 13개,RULE_BASED_WITH_MISSING_DATA_GUARD
42,단촌면 세촌리 1319유,단촌면,4.6,의성군 주소 자료,미기재,36.424815287909965,128.6498707339286,42,단촌면 세촌리 1319유,단촌면,단촌면,4.6,VWorld UQ164·UO601,VWorld UQ151,68.0,AVAILABLE,223.0,AVAILABLE,1820.0,122.0,1025.0,6.703296703296704,56.31868131868132,-6.0,2025.0,pond_emd_population_context,,,,,,,0,2040.798934525813,pond_emd_population_context,43394.43208253036,4.339443208253035,5.534036181915097,,,,,,,,,,0,4072.752541086562,pond_emd_population_context,142663.3793475631,14.266337934756312,4.548419378102234,42,60.850544685213805,60.850544685213805,AVAILABLE,,0–100m,D_PRESERVATION,보존·기록형,현재 확보된 자료만으로 활동형 판정에 필요한 인구·도로·생활시설 근거가 부족하여 보존·기록형으로 보수적 표시,RULE_BASED_WITH_MISSING_DATA_GUARD
43,단촌면 하화리 117유,단촌면,52.5,의성군 주소 자료,미기재,36.408033712484034,128.70345717918033,43,단촌면 하화리 117유,단촌면,단촌면,52.5,VWorld UQ164·UO601,VWorld UQ151,5.0,AVAILABLE,123.0,AVAILABLE,1820.0,122.0,1025.0,6.703296703296704,56.31868131868132,-6.0,2025.0,pond_emd_population_context,,,,,,,0,0.0,pond_emd_population_context,64173.45206335971,6.417345206335972,8.183957908738192,,,,,,,,,,0,0.0,pond_emd_population_context,447365.33532438887,44.73653353243888,14.26298163962153,43,1147.811152286111,1147.811152286111,AVAILABLE,,500m 이상,D_PRESERVATION,보존·기록형,현재 확보된 자료만으로 활동형 판정에 필요한 인구·도로·생활시설 근거가 부족하여 보존·기록형으로 보수적 표시,RULE_BASED_WITH_MISSING_DATA_GUARD
44,단촌면 하화리 209유,단촌면,10.6,의성군 주소 자료,미기재,36.411128069852204,128.69749386270163,44,단촌면 하화리 209유,단촌면,단촌면,10.6,VWorld UQ164·UO601,VWorld UQ151,,DATA_NOT_AVAILABLE,,DATA_NOT_AVAILABLE,1820.0,122.0,1025.0,6.703296703296704,56.31868131868132,-6.0,2025.0,pond_emd_population_context,,,,,,,0,0.0,pond_emd_population_context,125696.53313802207,12.569653313802208,16.029917409776196,,,,,,,,,,0,1558.1129622220644,pond_emd_population_context,313743.37386873044,31.374337386873044,10.002822363958556,44,804.2920366380623,804.2920366380623,AVAILABLE,,500m 이상,D_PRESERVATION,보존·기록형,현재 확보된 자료만으로 활동형 판정에 필요한 인구·도로·생활시설 근거가 부족하여 보존·기록형으로 보수적 표시,RULE_BASED_WITH_MISSING_DATA_GUARD
45,단촌면 하화리 223유,단촌면,0.9,의성군 주소 자료,미기재,36.414314447508175,128.6964594940982,45,단촌면 하화리 223유,단촌면,단촌면,0.9,VWorld UQ164·UO601,VWorld UQ151,,DATA_NOT_AVAILABLE,,DATA_NOT_AVAILABLE,1820.0,122.0,1025.0,6.703296703296704,56.31868131868132,-6.0,2025.0,pond_emd_population_context,,,,,,,0,670.6355532405536,pond_emd_population_context,44801.882330762135,4.4801882330762135,5.713526504156131,,,,,,,,,,0,1968.841843877584,pond_emd_population_context,375276.7303914975,37.52767303914975,11.964639842892456,45,456.55785859335583,456.55785859335583,AVAILABLE,,300–500m,D_PRESERVATION,보존·기록형,현재 확보된 자료만으로 활동형 판정에 필요한 인구·도로·생활시설 근거가 부족하여 보존·기록형으로 보수적 표시,RULE_BASED_WITH_MISSING_DATA_GUARD
46,단촌면 하화리 1213임,단촌면,0.8,의성군 주소 자료,미기재,36.41111945754997,128.66221154013158,46,단촌면 하화리 1213임,단촌면,단촌면,0.8,VWorld UQ164·UO601,VWorld UQ151,,DATA_NOT_AVAILABLE,,DATA_NOT_AVAILABLE,1820.0,122.0,1025.0,6.703296703296704,56.31868131868132,-6.0,2025.0,pond_emd_population_context,,,,,,,0,0.0,pond_emd_population_context,0.0,0.0,0.0,,,,,,,,,,0,500.64004552761526,pond_emd_population_context,0.0,0.0,0.0,46,988.4484297647512,988.4484297647512,AVAILABLE,,500m 이상,D_PRESERVATION,보존·기록형,현재 확보된 자료만으로 활동형 판정에 필요한 인구·도로·생활시설 근거가 부족하여 보존·기록형으로 보수적 표시,RULE_BASED_WITH_MISSING_DATA_GUARD
47,단촌면 상화리 32유,단촌면,47.0,의성군 주소 자료,미기재,36.39262763592526,128.72219011284776,47,단촌면 상화리 32유,단촌면,단촌면,47.0,VWorld UQ164·UO601,VWorld UQ151,,DATA_NOT_AVAILABLE,,DATA_NOT_AVAILABLE,1820.0,122.0,1025.0,6.703296703296704,56.31868131868132,-6.0,2025.0,pond_emd_population_context,,,,,,,0,0.0,pond_emd_population_context,141718.5671102001,14.171856711020007,18.0731868214204,,,,,,,,,,0,0.0,pond_emd_population_context,350509.6305567123,35.050963055671225,11.175010735947753,47,2690.815492462897,2690.815492462897,AVAILABLE,,500m 이상,D_PRESERVATION,보존·기록형,현재 확보된 자료만으로 활동형 판정에 필요한 인구·도로·생활시설 근거가 부족하여 보존·기록형으로 보수적 표시,RULE_BASED_WITH_MISSING_DATA_GUARD
48,단촌면 상화리 산56임,단촌면,4.3,의성군 주소 자료,미기재,36.398310755511325,128.7211116770228,48,단촌면 상화리 산56임,단촌면,단촌면,4.3,VWorld UQ164·UO601,VWorld UQ151,,DATA_NOT_AVAILABLE,,DATA_NOT_AVAILABLE,1820.0,122.0,1025.0,6.703296703296704,56.31868131868132,-6.0,2025.0,pond_emd_population_context,,,,,,,0,0.0,pond_emd_population_context,37291.15629347635,3.729115629347635,4.755693260394788,,,,,,,,,,0,0.0,pond_emd_population_context,297381.95147010015,29.73819514701001,9.481184568530033,48,2550.480945401086,2550.480945401086,AVAILABLE,,500m 이상,D_PRESERVATION,보존·기록형,현재 확보된 자료만으로 활동형 판정에 필요한 인구·도로·생활시설 근거가 부족하여 보존·기록형으로 보수적 표시,RULE_BASED_WITH_MISSING_DATA_GUARD
49,단촌면 상화리 569-1유,단촌면,16.5,의성군 주소 자료,미기재,36.4040611325798,128.71535304381334,49,단촌면 상화리 569-1유,단촌면,단촌면,16.5,VWorld UQ164·UO601,VWorld UQ151,43.0,AVAILABLE,93.0,AVAILABLE,1820.0,122.0,1025.0,6.703296703296704,56.31868131868132,-6.0,2025.0,pond_emd_population_context,,,,,,,0,0.0,pond_emd_population_context,0.0,0.0,0.0,,,,,,,,,,0,0.0,pond_emd_population_context,141125.84585412027,14.112584585412026,4.499399460250581,49,1807.798847175446,1807.798847175446,AVAILABLE,,500m 이상,D_PRESERVATION,보존·기록형,현재 확보된 자료만으로 활동형 판정에 필요한 인구·도로·생활시설 근거가 부족하여 보존·기록형으로 보수적 표시,RULE_BASED_WITH_MISSING_DATA_GUARD
50,단촌면 상화리 632답,단촌면,4.4,의성군 주소 자료,미기재,36.40661095751099,128.71222104589756,50,단촌면 상화리 632답,단촌면,단촌면,4.4,VWorld UQ164·UO601,VWorld UQ151,,DATA_NOT_AVAILABLE,,DATA_NOT_AVAILABLE,1820.0,122.0,1025.0,6.703296703296704,56.31868131868132,-6.0,2025.0,pond_emd_population_context,,,,,,,0,0.0,pond_emd_population_context,0.0,0.0,0.0,,,,,,,,,,0,0.0,pond_emd_population_context,144765.42069206524,14.476542069206523,4.615437036233075,50,1456.7451906438848,1456.7451906438848,AVAILABLE,,500m 이상,D_PRESERVATION,보존·기록형,현재 확보된 자료만으로 활동형 판정에 필요한 인구·도로·생활시설 근거가 부족하여 보존·기록형으로 보수적 표시,RULE_BASED_WITH_MISSING_DATA_GUARD
51,단촌면 관덕리 624 유,단촌면,9.1,의성군 주소 자료,미기재,36.42107161663339,128.7034741383555,51,단촌면 관덕리 624 유,단촌면,단촌면,9.1,VWorld UQ164·UO601,VWorld UQ151,18.0,AVAILABLE,163.0,AVAILABLE,1820.0,122.0,1025.0,6.703296703296704,56.31868131868132,-6.0,2025.0,pond_emd_population_context,,,,,,,0,1873.764397031589,pond_emd_population_context,66330.37738045119,6.633037738045119,8.459027823785618,,,,,,,,,,0,5643.977137328153,pond_emd_population_context,770414.4795365519,77.04144795365518,24.562492238162832,51,252.0325025424774,252.0325025424774,AVAILABLE,,100–300m,D_PRESERVATION,보존·기록형,현재 확보된 자료만으로 활동형 판정에 필요한 인구·도로·생활시설 근거가 부족하여 보존·기록형으로 보수적 표시,RULE_BASED_WITH_MISSING_DATA_GUARD
52,단촌면 병방리 산55임,단촌면,5.5,의성군 주소 자료,미기재,36.40881463140819,128.7356004365056,52,단촌면 병방리 산55임,단촌면,단촌면,5.5,VWorld UQ164·UO601,VWorld UQ151,,DATA_NOT_AVAILABLE,,DATA_NOT_AVAILABLE,1820.0,122.0,1025.0,6.703296703296704,56.31868131868132,-6.0,2025.0,pond_emd_population_context,,,,,,,0,0.0,pond_emd_population_context,0.0,0.0,0.0,,,,,,,,,,0,0.0,pond_emd_population_context,0.0,0.0,0.0,52,1111.706207389217,1111.706207389217,AVAILABLE,,500m 이상,D_PRESERVATION,보존·기록형,현재 확보된 자료만으로 활동형 판정에 필요한 인구·도로·생활시설 근거가 부족하여 보존·기록형으로 보수적 표시,RULE_BASED_WITH_MISSING_DATA_GUARD
53,단촌면 병방리 641유,단촌면,21.2,의성군 주소 자료,미기재,36.4113419488977,128.73281400034753,53,단촌면 병방리 641유,단촌면,단촌면,21.2,VWorld UQ164·UO601,VWorld UQ151,28.0,AVAILABLE,33.0,AVAILABLE,1820.0,122.0,1025.0,6.703296703296704,56.31868131868132,-6.0,2025.0,pond_emd_population_context,,,,,,,0,0.0,pond_emd_population_context,0.0,0.0,0.0,,,,,,,,,,0,1654.611615167675,pond_emd_population_context,0.0,0.0,0.0,53,911.6336232805374,911.6336232805374,AVAILABLE,,500m 이상,D_PRESERVATION,보존·기록형,현재 확보된 자료만으로 활동형 판정에 필요한 인구·도로·생활시설 근거가 부족하여 보존·기록형으로 보수적 표시,RULE_BASED_WITH_MISSING_DATA_GUARD
54,단촌면 병방리 705유,단촌면,21.9,의성군 주소 자료,미기재,36.41907954823223,128.71360940753203,54,단촌면 병방리 705유,단촌면,단촌면,21.9,VWorld UQ164·UO601,VWorld UQ151,8.0,AVAILABLE,63.0,AVAILABLE,1820.0,122.0,1025.0,6.703296703296704,56.31868131868132,-6.0,2025.0,pond_emd_population_context,,,,,,,0,1963.3035070838016,pond_emd_population_context,76186.70984766491,7.618670984766491,9.715993242547349,,,,,,,,,,0,4135.0766908973865,pond_emd_population_context,367093.8497903035,36.709384979030354,11.70375177991946,54,164.74482170605643,164.74482170605643,AVAILABLE,,100–300m,D_PRESERVATION,보존·기록형,현재 확보된 자료만으로 활동형 판정에 필요한 인구·도로·생활시설 근거가 부족하여 보존·기록형으로 보수적 표시,RULE_BASED_WITH_MISSING_DATA_GUARD
55,단촌면 병방리 889유,단촌면,0.8,의성군 주소 자료,미기재,36.42961289487684,128.71485540137914,55,단촌면 병방리 889유,단촌면,단촌면,0.8,VWorld UQ164·UO601,VWorld UQ151,128.0,AVAILABLE,278.0,AVAILABLE,1820.0,122.0,1025.0,6.703296703296704,56.31868131868132,-6.0,2025.0,pond_emd_population_context,,,,,,,0,271.3861898594813,pond_emd_population_context,251525.87570632776,25.15258757063277,32.07677183559839,,,,,,,,,,0,5416.218738325575,pond_emd_population_context,1400017.5017553952,140.0017501755395,44.63560840762664,55,478.4416481604723,478.4416481604723,AVAILABLE,,300–500m,D_PRESERVATION,보존·기록형,현재 확보된 자료만으로 활동형 판정에 필요한 인구·도로·생활시설 근거가 부족하여 보존·기록형으로 보수적 표시,RULE_BASED_WITH_MISSING_DATA_GUARD
56,단촌면 병방리 375유,단촌면,0.8,의성군 주소 자료,미기재,36.42607243622259,128.72107715097428,56,단촌면 병방리 375유,단촌면,단촌면,0.8,VWorld UQ164·UO601,VWorld UQ151,63.0,AVAILABLE,238.0,AVAILABLE,1820.0,122.0,1025.0,6.703296703296704,56.31868131868132,-6.0,2025.0,pond_emd_population_context,,,,,,,0,924.1719237696478,pond_emd_population_context,201498.19437918253,20.149819437918254,25.69680589814358,,,,,,,,,,0,3440.462006704411,pond_emd_population_context,971406.237067873,97.1406237067873,30.97054740253044,56,433.006211465123,433.006211465123,AVAILABLE,,300–500m,D_PRESERVATION,보존·기록형,현재 확보된 자료만으로 활동형 판정에 필요한 인구·도로·생활시설 근거가 부족하여 보존·기록형으로 보수적 표시,RULE_BASED_WITH_MISSING_DATA_GUARD
57,단촌면 구계리 산124임,단촌면,4.7,의성군 주소 자료,미기재,36.47667844110316,128.76465784859684,57,단촌면 구계리 산124임,단촌면,단촌면,4.7,VWorld UQ164·UO601,VWorld UQ151,,DATA_NOT_AVAILABLE,,DATA_NOT_AVAILABLE,1820.0,122.0,1025.0,6.703296703296704,56.31868131868132,-6.0,2025.0,pond_emd_population_context,,,,,,,0,0.0,pond_emd_population_context,0.0,0.0,0.0,,,,,,,,,,0,0.0,pond_emd_population_context,0.0,0.0,0.0,57,3350.563539941192,3350.563539941192,AVAILABLE,,500m 이상,D_PRESERVATION,보존·기록형,현재 확보된 자료만으로 활동형 판정에 필요한 인구·도로·생활시설 근거가 부족하여 보존·기록형으로 보수적 표시,RULE_BASED_WITH_MISSING_DATA_GUARD
58,단촌면 구계리 산220 임,단촌면,2.0,의성군 주소 자료,미기재,36.45812056789035,128.74788550139763,58,단촌면 구계리 산220 임,단촌면,단촌면,2.0,VWorld UQ164·UO601,VWorld UQ151,39.0,AVAILABLE,94.0,AVAILABLE,1820.0,122.0,1025.0,6.703296703296704,56.31868131868132,-6.0,2025.0,pond_emd_population_context,,,,,,,0,0.0,pond_emd_population_context,0.0,0.0,0.0,,,,,,,,,,0,0.0,pond_emd_population_context,0.0,0.0,0.0,58,1021.3723198032562,1021.3723198032562,AVAILABLE,,500m 이상,D_PRESERVATION,보존·기록형,현재 확보된 자료만으로 활동형 판정에 필요한 인구·도로·생활시설 근거가 부족하여 보존·기록형으로 보수적 표시,RULE_BASED_WITH_MISSING_DATA_GUARD
59,단촌면 구계리 291유,단촌면,9.5,의성군 주소 자료,미기재,36.4666165801663,128.73371903772926,59,단촌면 구계리 291유,단촌면,단촌면,9.5,VWorld UQ164·UO601,VWorld UQ151,43.0,AVAILABLE,128.0,AVAILABLE,1820.0,122.0,1025.0,6.703296703296704,56.31868131868132,-6.0,2025.0,pond_emd_population_context,,,,,,,0,0.0,pond_emd_population_context,0.0,0.0,0.0,,,,,,,,,,1,488.682965722461,pond_emd_population_context,0.0,0.0,0.0,59,976.4241823379444,976.4241823379444,AVAILABLE,,500m 이상,D_PRESERVATION,보존·기록형,현재 확보된 자료만으로 활동형 판정에 필요한 인구·도로·생활시설 근거가 부족하여 보존·기록형으로 보수적 표시,RULE_BASED_WITH_MISSING_DATA_GUARD
60,단촌면 구계리 937유,단촌면,8.1,의성군 주소 자료,미기재,36.47317210515399,128.7152783643003,60,단촌면 구계리 937유,단촌면,단촌면,8.1,VWorld UQ164·UO601,VWorld UQ151,,DATA_NOT_AVAILABLE,,DATA_NOT_AVAILABLE,1820.0,122.0,1025.0,6.703296703296704,56.31868131868132,-6.0,2025.0,pond_emd_population_context,,,,,,,0,0.0,pond_emd_population_context,0.0,0.0,0.0,,,,,,,,,,0,0.0,pond_emd_population_context,0.0,0.0,0.0,60,1317.349719215092,1317.349719215092,AVAILABLE,,500m 이상,D_PRESERVATION,보존·기록형,현재 확보된 자료만으로 활동형 판정에 필요한 인구·도로·생활시설 근거가 부족하여 보존·기록형으로 보수적 표시,RULE_BASED_WITH_MISSING_DATA_GUARD
61,단촌면 구계리 733유,단촌면,3.5,의성군 주소 자료,미기재,36.450260401147325,128.72017223502422,61,단촌면 구계리 733유,단촌면,단촌면,3.5,VWorld UQ164·UO601,VWorld UQ151,,DATA_NOT_AVAILABLE,,DATA_NOT_AVAILABLE,1820.0,122.0,1025.0,6.703296703296704,56.31868131868132,-6.0,2025.0,pond_emd_population_context,,,,,,,0,0.0,pond_emd_population_context,0.0,0.0,0.0,,,,,,,,,,0,4154.843226534273,pond_emd_population_context,28976.49363073928,2.897649363073928,0.9238337528681412,61,603.8341189100003,603.8341189100003,AVAILABLE,,500m 이상,D_PRESERVATION,보존·기록형,현재 확보된 자료만으로 활동형 판정에 필요한 인구·도로·생활시설 근거가 부족하여 보존·기록형으로 보수적 표시,RULE_BASED_WITH_MISSING_DATA_GUARD
62,단촌면 구계리 905유,단촌면,0.3,의성군 주소 자료,미기재,36.47181780626755,128.72173030820304,62,단촌면 구계리 905유,단촌면,단촌면,0.3,VWorld UQ164·UO601,VWorld UQ151,,DATA_NOT_AVAILABLE,,DATA_NOT_AVAILABLE,1820.0,122.0,1025.0,6.703296703296704,56.31868131868132,-6.0,2025.0,pond_emd_population_context,,,,,,,0,0.0,pond_emd_population_context,0.0,0.0,0.0,,,,,,,,,,0,0.0,pond_emd_population_context,0.0,0.0,0.0,62,1355.4587107309871,1355.4587107309871,AVAILABLE,,500m 이상,D_PRESERVATION,보존·기록형,현재 확보된 자료만으로 활동형 판정에 필요한 인구·도로·생활시설 근거가 부족하여 보존·기록형으로 보수적 표시,RULE_BASED_WITH_MISSING_DATA_GUARD
63,단촌면 방하리 1225유,단촌면,22.3,의성군 주소 자료,미기재,36.39919974973746,128.65498049458589,63,단촌면 방하리 1225유,단촌면,단촌면,22.3,VWorld UQ164·UO601,VWorld UQ151,8.0,AVAILABLE,63.0,AVAILABLE,1820.0,122.0,1025.0,6.703296703296704,56.31868131868132,-6.0,2025.0,pond_emd_population_context,,,,,,,0,0.0,pond_emd_population_context,101287.2627120238,10.128726271202378,12.917034506856362,,,,,,,,,,0,0.0,pond_emd_population_context,317307.8356034911,31.73078356034911,10.116465170550086,63,1967.484773811092,1967.484773811092,AVAILABLE,,500m 이상,D_PRESERVATION,보존·기록형,현재 확보된 자료만으로 활동형 판정에 필요한 인구·도로·생활시설 근거가 부족하여 보존·기록형으로 보수적 표시,RULE_BASED_WITH_MISSING_DATA_GUARD
64,단촌면 방하리 730 유,단촌면,10.2,의성군 주소 자료,미기재,36.38470986699165,128.66089186477262,64,단촌면 방하리 730 유,단촌면,단촌면,10.2,VWorld UQ164·UO601,VWorld UQ151,48.0,AVAILABLE,63.0,AVAILABLE,1820.0,122.0,1025.0,6.703296703296704,56.31868131868132,-6.0,2025.0,pond_emd_population_context,,,,,,,0,0.0,pond_emd_population_context,58562.33934419006,5.856233934419007,7.468379911320645,,,,,,,,,,0,0.0,pond_emd_population_context,113072.5913658911,11.30725913658911,3.6050005828607854,64,1280.940886198942,1280.940886198942,AVAILABLE,,500m 이상,D_PRESERVATION,보존·기록형,현재 확보된 자료만으로 활동형 판정에 필요한 인구·도로·생활시설 근거가 부족하여 보존·기록형으로 보수적 표시,RULE_BASED_WITH_MISSING_DATA_GUARD
65,단촌면 방하리 896유,단촌면,2.4,의성군 주소 자료,미기재,36.38518775543463,128.6530678411308,65,단촌면 방하리 896유,단촌면,단촌면,2.4,VWorld UQ164·UO601,VWorld UQ151,,DATA_NOT_AVAILABLE,,DATA_NOT_AVAILABLE,1820.0,122.0,1025.0,6.703296703296704,56.31868131868132,-6.0,2025.0,pond_emd_population_context,,,,,,,0,0.0,pond_emd_population_context,2102.550293269333,0.2102550293269333,0.2681355381058879,,,,,,,,,,0,0.0,pond_emd_population_context,102102.10283788838,10.210210283788838,3.2552375053547418,65,1961.813407602216,1961.813407602216,AVAILABLE,,500m 이상,D_PRESERVATION,보존·기록형,현재 확보된 자료만으로 활동형 판정에 필요한 인구·도로·생활시설 근거가 부족하여 보존·기록형으로 보수적 표시,RULE_BASED_WITH_MISSING_DATA_GUARD
66,단촌면 방하리 1249-1,단촌면,3.3,의성군 주소 자료,미기재,36.40354068758605,128.65253106592417,66,단촌면 방하리 1249-1,단촌면,단촌면,3.3,VWorld UQ164·UO601,VWorld UQ151,,DATA_NOT_AVAILABLE,,DATA_NOT_AVAILABLE,1820.0,122.0,1025.0,6.703296703296704,56.31868131868132,-6.0,2025.0,pond_emd_population_context,,,,,,,0,0.0,pond_emd_population_context,64761.32476013984,6.476132476013984,8.258928558616818,,,,,,,,,,0,0.0,pond_emd_population_context,120013.49111959968,12.001349111959968,3.826291590305103,66,1978.4033602131692,1978.4033602131692,AVAILABLE,,500m 이상,D_PRESERVATION,보존·기록형,현재 확보된 자료만으로 활동형 판정에 필요한 인구·도로·생활시설 근거가 부족하여 보존·기록형으로 보수적 표시,RULE_BASED_WITH_MISSING_DATA_GUARD
67,단촌면 방하리 298유,단촌면,27.1,의성군 주소 자료,미기재,36.39930761289833,128.66084554559754,67,단촌면 방하리 298유,단촌면,단촌면,27.1,VWorld UQ164·UO601,VWorld UQ151,,DATA_NOT_AVAILABLE,,DATA_NOT_AVAILABLE,1820.0,122.0,1025.0,6.703296703296704,56.31868131868132,-6.0,2025.0,pond_emd_population_context,,,,,,,0,0.0,pond_emd_population_context,93518.96719853715,9.351896719853716,11.926353758651558,,,,,,,,,,0,0.0,pond_emd_population_context,381217.6470699483,38.12176470699483,12.154049211067628,67,1453.7998732154513,1453.7998732154513,AVAILABLE,,500m 이상,D_PRESERVATION,보존·기록형,현재 확보된 자료만으로 활동형 판정에 필요한 인구·도로·생활시설 근거가 부족하여 보존·기록형으로 보수적 표시,RULE_BASED_WITH_MISSING_DATA_GUARD
68,단촌면 방하리 1273답,단촌면,0.3,의성군 주소 자료,미기재,36.395962424597485,128.64340977358157,68,단촌면 방하리 1273답,단촌면,단촌면,0.3,VWorld UQ164·UO601,VWorld UQ151,,DATA_NOT_AVAILABLE,,DATA_NOT_AVAILABLE,1820.0,122.0,1025.0,6.703296703296704,56.31868131868132,-6.0,2025.0,pond_emd_population_context,,,,,,,0,0.0,pond_emd_population_context,0.0,0.0,0.0,,,,,,,,,,0,0.0,pond_emd_population_context,43405.74709843811,4.3405747098438106,1.3838697928398191,68,2339.192920144543,2339.192920144543,AVAILABLE,,500m 이상,D_PRESERVATION,보존·기록형,현재 확보된 자료만으로 활동형 판정에 필요한 인구·도로·생활시설 근거가 부족하여 보존·기록형으로 보수적 표시,RULE_BASED_WITH_MISSING_DATA_GUARD
69,단촌면 방하리 828-2유,단촌면,1.9,의성군 주소 자료,미기재,36.38119249981973,128.66242176045748,69,단촌면 방하리 828-2유,단촌면,단촌면,1.9,VWorld UQ164·UO601,VWorld UQ151,,DATA_NOT_AVAILABLE,,DATA_NOT_AVAILABLE,1820.0,122.0,1025.0,6.703296703296704,56.31868131868132,-6.0,2025.0,pond_emd_population_context,,,,,,,0,0.0,pond_emd_population_context,28917.34165137998,2.891734165137998,3.6877914355275463,,,,,,,,,,0,0.0,pond_emd_population_context,79271.41355487297,7.927141355487297,2.527345385981137,69,1287.2417842515715,1287.2417842515715,AVAILABLE,,500m 이상,D_PRESERVATION,보존·기록형,현재 확보된 자료만으로 활동형 판정에 필요한 인구·도로·생활시설 근거가 부족하여 보존·기록형으로 보수적 표시,RULE_BASED_WITH_MISSING_DATA_GUARD
70,단촌면 방하리 110임,단촌면,2.8,의성군 주소 자료,미기재,36.40392506245426,128.67089764283142,70,단촌면 방하리 110임,단촌면,단촌면,2.8,VWorld UQ164·UO601,VWorld UQ151,,DATA_NOT_AVAILABLE,,DATA_NOT_AVAILABLE,1820.0,122.0,1025.0,6.703296703296704,56.31868131868132,-6.0,2025.0,pond_emd_population_context,,,,,,,0,583.571653979026,pond_emd_population_context,124735.11793876343,12.473511793876344,15.90730936438407,,,,,,,,,,0,2718.6224745179666,pond_emd_population_context,194855.78653005103,19.485578653005103,6.212427039383567,70,476.1398122401649,476.1398122401649,AVAILABLE,,300–500m,D_PRESERVATION,보존·기록형,현재 확보된 자료만으로 활동형 판정에 필요한 인구·도로·생활시설 근거가 부족하여 보존·기록형으로 보수적 표시,RULE_BASED_WITH_MISSING_DATA_GUARD
71,단촌면 방하리 1337 유,단촌면,2.0,의성군 주소 자료,미기재,36.38885468921363,128.6478740834622,71,단촌면 방하리 1337 유,단촌면,단촌면,2.0,VWorld UQ164·UO601,VWorld UQ151,,DATA_NOT_AVAILABLE,,DATA_NOT_AVAILABLE,1820.0,122.0,1025.0,6.703296703296704,56.31868131868132,-6.0,2025.0,pond_emd_population_context,,,,,,,0,0.0,pond_emd_population_context,0.0,0.0,0.0,,,,,,,,,,0,0.0,pond_emd_population_context,86324.01536566917,8.632401536566917,2.752197698389313,71,2021.233011687481,2021.233011687481,AVAILABLE,,500m 이상,D_PRESERVATION,보존·기록형,현재 확보된 자료만으로 활동형 판정에 필요한 인구·도로·생활시설 근거가 부족하여 보존·기록형으로 보수적 표시,RULE_BASED_WITH_MISSING_DATA_GUARD
72,단촌면 장림리 169유,단촌면,17.0,의성군 주소 자료,미기재,36.400106579047154,128.6428059067476,72,단촌면 장림리 169유,단촌면,단촌면,17.0,VWorld UQ164·UO601,VWorld UQ151,,DATA_NOT_AVAILABLE,,DATA_NOT_AVAILABLE,1820.0,122.0,1025.0,6.703296703296704,56.31868131868132,-6.0,2025.0,pond_emd_population_context,,,,,,,0,0.0,pond_emd_population_context,0.0,0.0,0.0,,,,,,,,,,0,0.0,pond_emd_population_context,47237.73136420688,4.7237731364206885,1.5060418006158516,72,2645.913848562664,2645.913848562664,AVAILABLE,,500m 이상,D_PRESERVATION,보존·기록형,현재 확보된 자료만으로 활동형 판정에 필요한 인구·도로·생활시설 근거가 부족하여 보존·기록형으로 보수적 표시,RULE_BASED_WITH_MISSING_DATA_GUARD
73,단촌면 장림리 산10임,단촌면,9.3,의성군 주소 자료,미기재,36.40863894167308,128.65069933052484,73,단촌면 장림리 산10임,단촌면,단촌면,9.3,VWorld UQ164·UO601,VWorld UQ151,,DATA_NOT_AVAILABLE,,DATA_NOT_AVAILABLE,1820.0,122.0,1025.0,6.703296703296704,56.31868131868132,-6.0,2025.0,pond_emd_population_context,,,,,,,0,0.0,pond_emd_population_context,2752.786642900114,0.2752786642900114,0.3510593445244028,,,,,,,,,,0,0.0,pond_emd_population_context,57331.39293735662,5.733139293735662,1.8278497243120344,73,1495.194129948692,1495.194129948692,AVAILABLE,,500m 이상,D_PRESERVATION,보존·기록형,현재 확보된 자료만으로 활동형 판정에 필요한 인구·도로·생활시설 근거가 부족하여 보존·기록형으로 보수적 표시,RULE_BASED_WITH_MISSING_DATA_GUARD
74,단촌면 장림리 616유,단촌면,13.8,의성군 주소 자료,미기재,36.41865457339306,128.63724277225126,74,단촌면 장림리 616유,단촌면,단촌면,13.8,VWorld UQ164·UO601,VWorld UQ151,58.0,AVAILABLE,98.0,AVAILABLE,1820.0,122.0,1025.0,6.703296703296704,56.31868131868132,-6.0,2025.0,pond_emd_population_context,,,,,,,0,0.0,pond_emd_population_context,159212.66943015548,15.921266943015548,20.30418721853661,,,,,,,,,,0,0.0,pond_emd_population_context,246513.67579619345,24.651367579619343,7.8593931048484595,74,1014.6245308820248,1014.6245308820248,AVAILABLE,,500m 이상,D_PRESERVATION,보존·기록형,현재 확보된 자료만으로 활동형 판정에 필요한 인구·도로·생활시설 근거가 부족하여 보존·기록형으로 보수적 표시,RULE_BASED_WITH_MISSING_DATA_GUARD
75,단촌면 장림리 103유,단촌면,7.0,의성군 주소 자료,미기재,36.409064278127886,128.64599299204232,75,단촌면 장림리 103유,단촌면,단촌면,7.0,VWorld UQ164·UO601,VWorld UQ151,,DATA_NOT_AVAILABLE,,DATA_NOT_AVAILABLE,1820.0,122.0,1025.0,6.703296703296704,56.31868131868132,-6.0,2025.0,pond_emd_population_context,,,,,,,0,0.0,pond_emd_population_context,0.0,0.0,0.0,,,,,,,,,,0,0.0,pond_emd_population_context,53648.21905440941,5.364821905440941,1.710422115778357,75,1628.3660036993638,1628.3660036993638,AVAILABLE,,500m 이상,D_PRESERVATION,보존·기록형,현재 확보된 자료만으로 활동형 판정에 필요한 인구·도로·생활시설 근거가 부족하여 보존·기록형으로 보수적 표시,RULE_BASED_WITH_MISSING_DATA_GUARD
76,단촌면 장림리 821유,단촌면,2.0,의성군 주소 자료,미기재,36.40538140067926,128.6313575861617,76,단촌면 장림리 821유,단촌면,단촌면,2.0,VWorld UQ164·UO601,VWorld UQ151,13.0,AVAILABLE,73.0,AVAILABLE,1820.0,122.0,1025.0,6.703296703296704,56.31868131868132,-6.0,2025.0,pond_emd_population_context,,,,,,,0,0.0,pond_emd_population_context,0.0,0.0,0.0,,,,,,,,,,0,0.0,pond_emd_population_context,94276.16575875907,9.427616575875907,3.00572957959756,76,2572.948940122804,2572.948940122804,AVAILABLE,,500m 이상,D_PRESERVATION,보존·기록형,현재 확보된 자료만으로 활동형 판정에 필요한 인구·도로·생활시설 근거가 부족하여 보존·기록형으로 보수적 표시,RULE_BASED_WITH_MISSING_DATA_GUARD
77,단촌면 장림리 1010-1유,단촌면,14.8,의성군 주소 자료,미기재,36.41560302437504,128.6145030751025,77,단촌면 장림리 1010-1유,단촌면,단촌면,14.8,VWorld UQ164·UO601,VWorld UQ151,,DATA_NOT_AVAILABLE,,DATA_NOT_AVAILABLE,1820.0,122.0,1025.0,6.703296703296704,56.31868131868132,-6.0,2025.0,pond_emd_population_context,,,,,,,0,0.0,pond_emd_population_context,0.0,0.0,0.0,,,,,,,,,,0,0.0,pond_emd_population_context,0.0,0.0,0.0,77,1615.45410011142,1615.45410011142,AVAILABLE,,500m 이상,D_PRESERVATION,보존·기록형,현재 확보된 자료만으로 활동형 판정에 필요한 인구·도로·생활시설 근거가 부족하여 보존·기록형으로 보수적 표시,RULE_BASED_WITH_MISSING_DATA_GUARD
78,단촌면 장림리 982유,단촌면,1.5,의성군 주소 자료,미기재,36.41596400423503,128.61646150973306,78,단촌면 장림리 982유,단촌면,단촌면,1.5,VWorld UQ164·UO601,VWorld UQ151,13.0,AVAILABLE,83.0,AVAILABLE,1820.0,122.0,1025.0,6.703296703296704,56.31868131868132,-6.0,2025.0,pond_emd_population_context,,,,,,,0,0.0,pond_emd_population_context,0.0,0.0,0.0,,,,,,,,,,0,0.0,pond_emd_population_context,0.0,0.0,0.0,78,1789.4638349890442,1789.4638349890442,AVAILABLE,,500m 이상,D_PRESERVATION,보존·기록형,현재 확보된 자료만으로 활동형 판정에 필요한 인구·도로·생활시설 근거가 부족하여 보존·기록형으로 보수적 표시,RULE_BASED_WITH_MISSING_DATA_GUARD
79,점곡면 황룡리 107유,점곡면,23.3,의성군 주소 자료,미기재,36.34348934576621,128.75960054995855,79,점곡면 황룡리 107유,점곡면,점곡면,23.3,VWorld UQ164·UO601,VWorld UQ151,,DATA_NOT_AVAILABLE,43.0,AVAILABLE,1476.0,101.0,880.0,6.842818428184281,59.62059620596206,-30.0,2025.0,pond_emd_population_context,,,,,,,0,0.0,pond_emd_population_context,57201.7473502345,5.72017473502345,7.294865362056494,,,,,,,,,,0,698.498214367209,pond_emd_population_context,175636.10318483246,17.563610318483246,5.599661657207906,79,954.7399751620007,954.7399751620007,AVAILABLE,,500m 이상,D_PRESERVATION,보존·기록형,현재 확보된 자료만으로 활동형 판정에 필요한 인구·도로·생활시설 근거가 부족하여 보존·기록형으로 보수적 표시,RULE_BASED_WITH_MISSING_DATA_GUARD
80,점곡면 황룡리 412유,점곡면,7.4,의성군 주소 자료,미기재,36.355455036863894,128.75532474075408,80,점곡면 황룡리 412유,점곡면,점곡면,7.4,VWorld UQ164·UO601,VWorld UQ151,,DATA_NOT_AVAILABLE,,DATA_NOT_AVAILABLE,1476.0,101.0,880.0,6.842818428184281,59.62059620596206,-30.0,2025.0,pond_emd_population_context,,,,,,,0,0.0,pond_emd_population_context,24847.791804025484,2.4847791804025485,3.168806970964562,,,,,,,,,,0,0.0,pond_emd_population_context,288215.664612668,28.8215664612668,9.188943371396912,80,1523.282298761328,1523.282298761328,AVAILABLE,,500m 이상,D_PRESERVATION,보존·기록형,현재 확보된 자료만으로 활동형 판정에 필요한 인구·도로·생활시설 근거가 부족하여 보존·기록형으로 보수적 표시,RULE_BASED_WITH_MISSING_DATA_GUARD
81,점곡면 황룡리 493답,점곡면,6.6,의성군 주소 자료,미기재,36.36308940237216,128.75023771179744,81,점곡면 황룡리 493답,점곡면,점곡면,6.6,VWorld UQ164·UO601,VWorld UQ151,48.0,AVAILABLE,258.0,AVAILABLE,1476.0,101.0,880.0,6.842818428184281,59.62059620596206,-30.0,2025.0,pond_emd_population_context,,,,,,,0,0.0,pond_emd_population_context,108624.75892205683,10.862475892205683,13.852775973267551,,,,,,,,,,0,2968.910672270258,pond_emd_population_context,413287.37190811365,41.32873719081137,13.176501914567318,81,591.2883202553259,591.2883202553259,AVAILABLE,,500m 이상,D_PRESERVATION,보존·기록형,현재 확보된 자료만으로 활동형 판정에 필요한 인구·도로·생활시설 근거가 부족하여 보존·기록형으로 보수적 표시,RULE_BASED_WITH_MISSING_DATA_GUARD
82,점곡면 황룡리 384유,점곡면,14.27,의성군 주소 자료,미기재,36.358141751235166,128.75644332084175,82,점곡면 황룡리 384유,점곡면,점곡면,14.27,VWorld UQ164·UO601,VWorld UQ151,48.0,AVAILABLE,168.0,AVAILABLE,1476.0,101.0,880.0,6.842818428184281,59.62059620596206,-30.0,2025.0,pond_emd_population_context,,,,,,,0,0.0,pond_emd_population_context,0.0,0.0,0.0,,,,,,,,,,0,0.0,pond_emd_population_context,377442.571058994,37.7442571058994,12.033691562450588,82,1278.1837115248634,1278.1837115248634,AVAILABLE,,500m 이상,D_PRESERVATION,보존·기록형,현재 확보된 자료만으로 활동형 판정에 필요한 인구·도로·생활시설 근거가 부족하여 보존·기록형으로 보수적 표시,RULE_BASED_WITH_MISSING_DATA_GUARD
83,점곡면 황룡리 371유,점곡면,1.1,의성군 주소 자료,미기재,36.35266206959333,128.7559192824583,83,점곡면 황룡리 371유,점곡면,점곡면,1.1,VWorld UQ164·UO601,VWorld UQ151,,DATA_NOT_AVAILABLE,,DATA_NOT_AVAILABLE,1476.0,101.0,880.0,6.842818428184281,59.62059620596206,-30.0,2025.0,pond_emd_population_context,,,,,,,0,0.0,pond_emd_population_context,83895.55402329739,8.389555402329739,10.699092238002804,,,,,,,,,,0,0.0,pond_emd_population_context,251101.3044576899,25.11013044576899,8.005656702408784,83,1653.0870149263435,1653.0870149263435,AVAILABLE,,500m 이상,D_PRESERVATION,보존·기록형,현재 확보된 자료만으로 활동형 판정에 필요한 인구·도로·생활시설 근거가 부족하여 보존·기록형으로 보수적 표시,RULE_BASED_WITH_MISSING_DATA_GUARD
84,점곡면 황룡리 산32임,점곡면,356.0,의성군 주소 자료,미기재,36.350172725856936,128.75608619040975,84,점곡면 황룡리 산32임,점곡면,점곡면,356.0,VWorld UQ164·UO601,VWorld UQ151,43.0,AVAILABLE,103.0,AVAILABLE,1476.0,101.0,880.0,6.842818428184281,59.62059620596206,-30.0,2025.0,pond_emd_population_context,,,,,,,0,0.0,pond_emd_population_context,100243.6088128462,10.02436088128462,12.783938665701877,,,,,,,,,,0,0.0,pond_emd_population_context,250549.3153639188,25.05493153639188,7.988058087388647,84,1424.3714302878009,1424.3714302878009,AVAILABLE,,500m 이상,D_PRESERVATION,보존·기록형,현재 확보된 자료만으로 활동형 판정에 필요한 인구·도로·생활시설 근거가 부족하여 보존·기록형으로 보수적 표시,RULE_BASED_WITH_MISSING_DATA_GUARD
85,점곡면 구암리 271유,점곡면,4.0,의성군 주소 자료,미기재,36.37366885127632,128.75630186514934,85,점곡면 구암리 271유,점곡면,점곡면,4.0,VWorld UQ164·UO601,VWorld UQ151,,DATA_NOT_AVAILABLE,,DATA_NOT_AVAILABLE,1476.0,101.0,880.0,6.842818428184281,59.62059620596206,-30.0,2025.0,pond_emd_population_context,,,,,,,0,1312.799878324486,pond_emd_population_context,90815.23475281474,9.081523475281474,11.581550232881504,,,,,,,,,,0,4529.351895561133,pond_emd_population_context,422400.8812762165,42.24008812762165,13.467060450345498,85,356.311688685922,356.311688685922,AVAILABLE,,300–500m,D_PRESERVATION,보존·기록형,현재 확보된 자료만으로 활동형 판정에 필요한 인구·도로·생활시설 근거가 부족하여 보존·기록형으로 보수적 표시,RULE_BASED_WITH_MISSING_DATA_GUARD
86,점곡면 구암리 78유,점곡면,19.6,의성군 주소 자료,미기재,36.36836501681758,128.76951890910536,86,점곡면 구암리 78유,점곡면,점곡면,19.6,VWorld UQ164·UO601,VWorld UQ151,83.0,AVAILABLE,413.0,AVAILABLE,1476.0,101.0,880.0,6.842818428184281,59.62059620596206,-30.0,2025.0,pond_emd_population_context,,,,,,,0,0.0,pond_emd_population_context,141745.72258038918,14.174572258038918,18.07664992365152,,,,,,,,,,0,1796.0721701307584,pond_emd_population_context,269203.9374502882,26.92039374502882,8.582808085438975,86,780.5798664647082,780.5798664647082,AVAILABLE,,500m 이상,D_PRESERVATION,보존·기록형,현재 확보된 자료만으로 활동형 판정에 필요한 인구·도로·생활시설 근거가 부족하여 보존·기록형으로 보수적 표시,RULE_BASED_WITH_MISSING_DATA_GUARD
87,점곡면 구암리 658-1,점곡면,11.2,의성군 주소 자료,미기재,36.35472084708,128.77271913613114,87,점곡면 구암리 658-1,점곡면,점곡면,11.2,VWorld UQ164·UO601,VWorld UQ151,,DATA_NOT_AVAILABLE,,DATA_NOT_AVAILABLE,1476.0,101.0,880.0,6.842818428184281,59.62059620596206,-30.0,2025.0,pond_emd_population_context,,,,,,,0,0.0,pond_emd_population_context,87229.64959529125,8.722964959529126,11.124285163544164,,,,,,,,,,0,0.0,pond_emd_population_context,151594.56079033183,15.159456079033182,4.8331649023524985,87,1731.9536080526857,1731.9536080526857,AVAILABLE,,500m 이상,D_PRESERVATION,보존·기록형,현재 확보된 자료만으로 활동형 판정에 필요한 인구·도로·생활시설 근거가 부족하여 보존·기록형으로 보수적 표시,RULE_BASED_WITH_MISSING_DATA_GUARD
88,점곡면 구암리 664유,점곡면,18.4,의성군 주소 자료,미기재,36.3534882513399,128.76833577665212,88,점곡면 구암리 664유,점곡면,점곡면,18.4,VWorld UQ164·UO601,VWorld UQ151,,DATA_NOT_AVAILABLE,,DATA_NOT_AVAILABLE,1476.0,101.0,880.0,6.842818428184281,59.62059620596206,-30.0,2025.0,pond_emd_population_context,,,,,,,0,0.0,pond_emd_population_context,113194.7643366906,11.31947643366906,14.43558289347409,,,,,,,,,,0,0.0,pond_emd_population_context,191950.019657438,19.195001965743803,6.119784860205675,88,1873.1851047270693,1873.1851047270693,AVAILABLE,,500m 이상,D_PRESERVATION,보존·기록형,현재 확보된 자료만으로 활동형 판정에 필요한 인구·도로·생활시설 근거가 부족하여 보존·기록형으로 보수적 표시,RULE_BASED_WITH_MISSING_DATA_GUARD
89,점곡면 구암리 120유,점곡면,52.0,의성군 주소 자료,미기재,36.36750763903873,128.77629563839315,89,점곡면 구암리 120유,점곡면,점곡면,52.0,VWorld UQ164·UO601,VWorld UQ151,,DATA_NOT_AVAILABLE,,DATA_NOT_AVAILABLE,1476.0,101.0,880.0,6.842818428184281,59.62059620596206,-30.0,2025.0,pond_emd_population_context,,,,,,,0,0.0,pond_emd_population_context,91769.30731851122,9.176930731851122,11.7032218816473,,,,,,,,,,0,0.0,pond_emd_population_context,152877.1598819733,15.287715988197329,4.8740569560066165,89,1362.490687266648,1362.490687266648,AVAILABLE,,500m 이상,D_PRESERVATION,보존·기록형,현재 확보된 자료만으로 활동형 판정에 필요한 인구·도로·생활시설 근거가 부족하여 보존·기록형으로 보수적 표시,RULE_BASED_WITH_MISSING_DATA_GUARD
90,점곡면 명고리 767유,점곡면,32.0,의성군 주소 자료,미기재,36.376310690561866,128.74695695506324,90,점곡면 명고리 767유,점곡면,점곡면,32.0,VWorld UQ164·UO601,VWorld UQ151,13.0,AVAILABLE,133.0,AVAILABLE,1476.0,101.0,880.0,6.842818428184281,59.62059620596206,-30.0,2025.0,pond_emd_population_context,,,,,,,0,0.0,pond_emd_population_context,118831.11191415202,11.8831111914152,15.154379059954582,,,,,,,,,,0,2194.108474603688,pond_emd_population_context,323974.45202868734,32.39744520286873,10.32901142785459,90,880.5604644211486,880.5604644211486,AVAILABLE,,500m 이상,D_PRESERVATION,보존·기록형,현재 확보된 자료만으로 활동형 판정에 필요한 인구·도로·생활시설 근거가 부족하여 보존·기록형으로 보수적 표시,RULE_BASED_WITH_MISSING_DATA_GUARD
91,점곡면 명고리 757유,점곡면,8.0,의성군 주소 자료,미기재,36.37963480818293,128.7439223588016,91,점곡면 명고리 757유,점곡면,점곡면,8.0,VWorld UQ164·UO601,VWorld UQ151,5.0,AVAILABLE,93.0,AVAILABLE,1476.0,101.0,880.0,6.842818428184281,59.62059620596206,-30.0,2025.0,pond_emd_population_context,,,,,,,0,0.0,pond_emd_population_context,45977.32141899184,4.5977321418991846,5.863428741188039,,,,,,,,,,0,0.0,pond_emd_population_context,283015.8253876453,28.301582538764528,9.023161167146096,91,1272.8387070356043,1272.8387070356043,AVAILABLE,,500m 이상,D_PRESERVATION,보존·기록형,현재 확보된 자료만으로 활동형 판정에 필요한 인구·도로·생활시설 근거가 부족하여 보존·기록형으로 보수적 표시,RULE_BASED_WITH_MISSING_DATA_GUARD
92,점곡면 명고리 362유,점곡면,78.4,의성군 주소 자료,미기재,36.395318316607494,128.74972244324545,92,점곡면 명고리 362유,점곡면,점곡면,78.4,VWorld UQ164·UO601,VWorld UQ151,43.0,AVAILABLE,68.0,AVAILABLE,1476.0,101.0,880.0,6.842818428184281,59.62059620596206,-30.0,2025.0,pond_emd_population_context,,,,,,,0,0.0,pond_emd_population_context,124031.41184099916,12.403141184099916,15.817566629669733,,,,,,,,,,0,0.0,pond_emd_population_context,653944.2396159393,65.39442396159393,20.84916721635387,92,2022.658469952317,2022.658469952317,AVAILABLE,,500m 이상,B_ECO_EDUCATION,생태·교육형,1km 농업지역 비율 상위 25%이고 도로 접근성이 낮음,RULE_BASED_WITH_MISSING_DATA_GUARD
93,점곡면 명고리 363유,점곡면,96.9,의성군 주소 자료,미기재,36.395980580113566,128.74695095016102,93,점곡면 명고리 363유,점곡면,점곡면,96.9,VWorld UQ164·UO601,VWorld UQ151,38.0,AVAILABLE,63.0,AVAILABLE,1476.0,101.0,880.0,6.842818428184281,59.62059620596206,-30.0,2025.0,pond_emd_population_context,,,,,,,0,0.0,pond_emd_population_context,109061.31426414958,10.90613142641496,13.908449315274998,,,,,,,,,,0,0.0,pond_emd_population_context,475770.4550362206,47.57704550362206,15.16859874700723,93,2251.0237533116538,2251.0237533116538,AVAILABLE,,500m 이상,D_PRESERVATION,보존·기록형,현재 확보된 자료만으로 활동형 판정에 필요한 인구·도로·생활시설 근거가 부족하여 보존·기록형으로 보수적 표시,RULE_BASED_WITH_MISSING_DATA_GUARD
94,점곡면 동변리 702유,점곡면,6.5,의성군 주소 자료,미기재,36.42571223001506,128.7933517249589,94,점곡면 동변리 702유,점곡면,점곡면,6.5,VWorld UQ164·UO601,VWorld UQ151,,DATA_NOT_AVAILABLE,,DATA_NOT_AVAILABLE,1476.0,101.0,880.0,6.842818428184281,59.62059620596206,-30.0,2025.0,pond_emd_population_context,,,,,,,0,0.0,pond_emd_population_context,0.0,0.0,0.0,,,,,,,,,,0,1932.865964738128,pond_emd_population_context,756844.6693172115,75.68446693172115,24.12985712156119,94,823.8997975254061,823.8997975254061,AVAILABLE,,500m 이상,B_ECO_EDUCATION,생태·교육형,1km 농업지역 비율 상위 25%이고 도로 접근성이 낮음,RULE_BASED_WITH_MISSING_DATA_GUARD
95,점곡면 동변리 118-1유,점곡면,3.4,의성군 주소 자료,미기재,36.45648844553747,128.7911484743316,95,점곡면 동변리 118-1유,점곡면,점곡면,3.4,VWorld UQ164·UO601,VWorld UQ151,,DATA_NOT_AVAILABLE,,DATA_NOT_AVAILABLE,1476.0,101.0,880.0,6.842818428184281,59.62059620596206,-30.0,2025.0,pond_emd_population_context,,,,,,,0,1037.0169022098014,pond_emd_population_context,0.0,0.0,0.0,,,,,,,,,,0,3775.99342369019,pond_emd_population_context,0.0,0.0,0.0,95,403.0468493265183,403.0468493265183,AVAILABLE,,300–500m,D_PRESERVATION,보존·기록형,현재 확보된 자료만으로 활동형 판정에 필요한 인구·도로·생활시설 근거가 부족하여 보존·기록형으로 보수적 표시,RULE_BASED_WITH_MISSING_DATA_GUARD
96,점곡면 동변리 299유,점곡면,5.0,의성군 주소 자료,미기재,36.440552490616184,128.80589279376832,96,점곡면 동변리 299유,점곡면,점곡면,5.0,VWorld UQ164·UO601,VWorld UQ151,,DATA_NOT_AVAILABLE,48.0,AVAILABLE,1476.0,101.0,880.0,6.842818428184281,59.62059620596206,-30.0,2025.0,pond_emd_population_context,,,,,,,0,0.0,pond_emd_population_context,0.0,0.0,0.0,,,,,,,,,,0,0.0,pond_emd_population_context,13857.92592304311,1.385792592304311,0.4418208730014303,96,1458.9021544339969,1458.9021544339969,AVAILABLE,,500m 이상,D_PRESERVATION,보존·기록형,현재 확보된 자료만으로 활동형 판정에 필요한 인구·도로·생활시설 근거가 부족하여 보존·기록형으로 보수적 표시,RULE_BASED_WITH_MISSING_DATA_GUARD
97,점곡면 사촌리 32답,점곡면,4.0,의성군 주소 자료,미기재,36.45931791822707,128.76632820873385,97,점곡면 사촌리 32답,점곡면,점곡면,4.0,VWorld UQ164·UO601,VWorld UQ151,,DATA_NOT_AVAILABLE,13.0,AVAILABLE,1476.0,101.0,880.0,6.842818428184281,59.62059620596206,-30.0,2025.0,pond_emd_population_context,,,,,,,0,0.0,pond_emd_population_context,3105.555843527497,0.3105555843527496,0.3960475475368148,,,,,,,,,,0,0.0,pond_emd_population_context,63646.91589860486,6.364691589860485,2.029202356999981,97,2604.023604265571,2604.023604265571,AVAILABLE,,500m 이상,D_PRESERVATION,보존·기록형,현재 확보된 자료만으로 활동형 판정에 필요한 인구·도로·생활시설 근거가 부족하여 보존·기록형으로 보수적 표시,RULE_BASED_WITH_MISSING_DATA_GUARD
98,점곡면 송내리 456유,점곡면,6.1,의성군 주소 자료,미기재,36.43591994072105,128.73484295088898,98,점곡면 송내리 456유,점곡면,점곡면,6.1,VWorld UQ164·UO601,VWorld UQ151,108.0,AVAILABLE,383.0,AVAILABLE,1476.0,101.0,880.0,6.842818428184281,59.62059620596206,-30.0,2025.0,pond_emd_population_context,,,,,,,0,1092.4917942274924,pond_emd_population_context,144335.84252600037,14.433584252600037,18.40696459322137,,,,,,,,,,0,3665.6676425474657,pond_emd_population_context,700787.138644502,70.07871386445021,22.342620901822315,98,391.5291821688725,391.5291821688725,AVAILABLE,,300–500m,D_PRESERVATION,보존·기록형,현재 확보된 자료만으로 활동형 판정에 필요한 인구·도로·생활시설 근거가 부족하여 보존·기록형으로 보수적 표시,RULE_BASED_WITH_MISSING_DATA_GUARD
99,점곡면 윤암리 808,점곡면,0.6,의성군 주소 자료,미기재,36.391288200569605,128.7797894974921,99,점곡면 윤암리 808,점곡면,점곡면,0.6,VWorld UQ164·UO601,VWorld UQ151,,DATA_NOT_AVAILABLE,,DATA_NOT_AVAILABLE,1476.0,101.0,880.0,6.842818428184281,59.62059620596206,-30.0,2025.0,pond_emd_population_context,,,,,,,0,0.0,pond_emd_population_context,53414.35028513495,5.341435028513494,6.811863479379987,,,,,,,,,,0,2830.2970958046303,pond_emd_population_context,296061.0131708044,29.60610131708044,9.439070177399868,99,617.3888966366495,617.3888966366495,AVAILABLE,,500m 이상,D_PRESERVATION,보존·기록형,현재 확보된 자료만으로 활동형 판정에 필요한 인구·도로·생활시설 근거가 부족하여 보존·기록형으로 보수적 표시,RULE_BASED_WITH_MISSING_DATA_GUARD
100,점곡면 윤암리 916유,점곡면,5.8,의성군 주소 자료,미기재,36.38121365040768,128.76648911589214,100,점곡면 윤암리 916유,점곡면,점곡면,5.8,VWorld UQ164·UO601,VWorld UQ151,103.0,AVAILABLE,328.0,AVAILABLE,1476.0,101.0,880.0,6.842818428184281,59.62059620596206,-30.0,2025.0,pond_emd_population_context,,,,,,,0,2104.316972298697,pond_emd_population_context,0.0,0.0,0.0,,,,,,,,,,0,4171.936940910381,pond_emd_population_context,84432.81431550052,8.443281431550052,2.691902088234741,100,28.67508194209313,28.67508194209313,AVAILABLE,,0–100m,D_PRESERVATION,보존·기록형,현재 확보된 자료만으로 활동형 판정에 필요한 인구·도로·생활시설 근거가 부족하여 보존·기록형으로 보수적 표시,RULE_BASED_WITH_MISSING_DATA_GUARD
101,점곡면 윤암리 289유,점곡면,4.4,의성군 주소 자료,미기재,36.41403656970412,128.77695253629278,101,점곡면 윤암리 289유,점곡면,점곡면,4.4,VWorld UQ164·UO601,VWorld UQ151,73.0,AVAILABLE,598.0,AVAILABLE,1476.0,101.0,880.0,6.842818428184281,59.62059620596206,-30.0,2025.0,pond_emd_population_context,,,,,,,0,4751.727266847804,pond_emd_population_context,223624.1074730084,22.36241074730084,28.51849517353879,,,,,,,,,,0,11965.796457056847,pond_emd_population_context,901075.6169981252,90.10756169981254,28.728253993653254,101,178.03715089179803,178.03715089179803,AVAILABLE,,100–300m,D_PRESERVATION,보존·기록형,현재 확보된 자료만으로 활동형 판정에 필요한 인구·도로·생활시설 근거가 부족하여 보존·기록형으로 보수적 표시,RULE_BASED_WITH_MISSING_DATA_GUARD
102,점곡면 윤암리 678유,점곡면,17.4,의성군 주소 자료,미기재,36.39439253668493,128.78188861973794,102,점곡면 윤암리 678유,점곡면,점곡면,17.4,VWorld UQ164·UO601,VWorld UQ151,,DATA_NOT_AVAILABLE,,DATA_NOT_AVAILABLE,1476.0,101.0,880.0,6.842818428184281,59.62059620596206,-30.0,2025.0,pond_emd_population_context,,,,,,,0,0.0,pond_emd_population_context,53555.87939747452,5.355587939747452,6.82991250527787,,,,,,,,,,0,2150.71322760688,pond_emd_population_context,220003.08273177143,22.000308273177147,7.01417763490341,102,776.314431380537,776.314431380537,AVAILABLE,,500m 이상,D_PRESERVATION,보존·기록형,현재 확보된 자료만으로 활동형 판정에 필요한 인구·도로·생활시설 근거가 부족하여 보존·기록형으로 보수적 표시,RULE_BASED_WITH_MISSING_DATA_GUARD
103,점곡면 윤암리 1022유,점곡면,21.3,의성군 주소 자료,미기재,36.38287931809722,128.77751415560166,103,점곡면 윤암리 1022유,점곡면,점곡면,21.3,VWorld UQ164·UO601,VWorld UQ151,,DATA_NOT_AVAILABLE,,DATA_NOT_AVAILABLE,1476.0,101.0,880.0,6.842818428184281,59.62059620596206,-30.0,2025.0,pond_emd_population_context,,,,,,,0,0.0,pond_emd_population_context,110003.8483734497,11.00038483734497,14.028649479518092,,,,,,,,,,0,2415.3003432089804,pond_emd_population_context,172321.25700639465,17.232125700639465,5.493977138430997,103,683.4342487002791,683.4342487002791,AVAILABLE,,500m 이상,D_PRESERVATION,보존·기록형,현재 확보된 자료만으로 활동형 판정에 필요한 인구·도로·생활시설 근거가 부족하여 보존·기록형으로 보수적 표시,RULE_BASED_WITH_MISSING_DATA_GUARD
188,춘산면 옥정리 895유,춘산면,26.7,의성군 주소 자료,미기재,36.2230111324301,128.81380407728702,188,춘산면 옥정리 895유,춘산면,춘산면,26.7,VWorld UQ164·UO601,VWorld UQ151,23.0,AVAILABLE,83.0,AVAILABLE,1465.0,88.0,841.0,6.006825938566553,57.40614334470989,-17.0,2025.0,pond_emd_population_context,,,,,,,0,2111.1040417555723,pond_emd_population_context,27332.009893635728,2.733200989363573,3.4856161128730148,,,,,,,,,,0,4520.007831947433,pond_emd_population_context,70672.94788948396,7.067294788948396,2.2532075656571005,188,42.62628747753454,42.62628747753454,AVAILABLE,,0–100m,D_PRESERVATION,보존·기록형,현재 확보된 자료만으로 활동형 판정에 필요한 인구·도로·생활시설 근거가 부족하여 보존·기록형으로 보수적 표시,RULE_BASED_WITH_MISSING_DATA_GUARD
189,춘산면 옥정리 1186,춘산면,6.6,의성군 주소 자료,미기재,36.214613732675446,128.81079714347314,189,춘산면 옥정리 1186,춘산면,춘산면,6.6,VWorld UQ164·UO601,VWorld UQ151,,DATA_NOT_AVAILABLE,,DATA_NOT_AVAILABLE,1465.0,88.0,841.0,6.006825938566553,57.40614334470989,-17.0,2025.0,pond_emd_population_context,,,,,,,0,2712.4191126709297,pond_emd_population_context,0.0,0.0,0.0,,,,,,,,,,0,3745.217517973457,pond_emd_population_context,0.0,0.0,0.0,189,154.901560895212,154.901560895212,AVAILABLE,,100–300m,D_PRESERVATION,보존·기록형,현재 확보된 자료만으로 활동형 판정에 필요한 인구·도로·생활시설 근거가 부족하여 보존·기록형으로 보수적 표시,RULE_BASED_WITH_MISSING_DATA_GUARD
190,춘산면 옥정리 480유,춘산면,13.2,의성군 주소 자료,미기재,36.23144655659063,128.80893835746588,190,춘산면 옥정리 480유,춘산면,춘산면,13.2,VWorld UQ164·UO601,VWorld UQ151,63.0,AVAILABLE,388.0,AVAILABLE,1465.0,88.0,841.0,6.006825938566553,57.40614334470989,-17.0,2025.0,pond_emd_population_context,,,,,,,0,1559.0050635698358,pond_emd_population_context,168801.3778456909,16.88013778456909,21.527022885759678,,,,,,,,,,3,8182.668017393744,pond_emd_population_context,406627.73839842086,40.66277383984209,12.964178287823906,190,386.187573022391,386.187573022391,AVAILABLE,,300–500m,D_PRESERVATION,보존·기록형,현재 확보된 자료만으로 활동형 판정에 필요한 인구·도로·생활시설 근거가 부족하여 보존·기록형으로 보수적 표시,RULE_BASED_WITH_MISSING_DATA_GUARD
191,춘산면 옥정리 875유,춘산면,12.3,의성군 주소 자료,미기재,36.22316048846964,128.80929256049933,191,춘산면 옥정리 875유,춘산면,춘산면,12.3,VWorld UQ164·UO601,VWorld UQ151,,DATA_NOT_AVAILABLE,,DATA_NOT_AVAILABLE,1465.0,88.0,841.0,6.006825938566553,57.40614334470989,-17.0,2025.0,pond_emd_population_context,,,,,,,0,1155.204492238213,pond_emd_population_context,12112.557564818746,1.211255756481875,1.5446989072642268,,,,,,,,,,0,4181.635867687639,pond_emd_population_context,67972.21420765154,6.797221420765155,2.167102291341308,191,448.2153933634189,448.2153933634189,AVAILABLE,,300–500m,D_PRESERVATION,보존·기록형,현재 확보된 자료만으로 활동형 판정에 필요한 인구·도로·생활시설 근거가 부족하여 보존·기록형으로 보수적 표시,RULE_BASED_WITH_MISSING_DATA_GUARD
192,춘산면 옥정리 253유,춘산면,3.8,의성군 주소 자료,미기재,36.24061846908746,128.80899382004142,192,춘산면 옥정리 253유,춘산면,춘산면,3.8,VWorld UQ164·UO601,VWorld UQ151,,DATA_NOT_AVAILABLE,,DATA_NOT_AVAILABLE,1465.0,88.0,841.0,6.006825938566553,57.40614334470989,-17.0,2025.0,pond_emd_population_context,,,,,,,3,2974.3819311315438,pond_emd_population_context,85610.72859378744,8.561072859378744,10.91782624777946,,,,,,,,,,3,10015.663047433272,pond_emd_population_context,451076.2970231636,45.10762970231636,14.38129518426974,192,327.16935414066376,327.16935414066376,AVAILABLE,,300–500m,D_PRESERVATION,보존·기록형,현재 확보된 자료만으로 활동형 판정에 필요한 인구·도로·생활시설 근거가 부족하여 보존·기록형으로 보수적 표시,RULE_BASED_WITH_MISSING_DATA_GUARD
193,춘산면 옥정리 568,춘산면,2.0,의성군 주소 자료,미기재,36.230483581631596,128.81422121111936,193,춘산면 옥정리 568,춘산면,춘산면,2.0,VWorld UQ164·UO601,VWorld UQ151,43.0,AVAILABLE,398.0,AVAILABLE,1465.0,88.0,841.0,6.006825938566553,57.40614334470989,-17.0,2025.0,pond_emd_population_context,,,,,,,0,2056.441676283142,pond_emd_population_context,85903.25542107904,8.590325542107903,10.955131818303665,,,,,,,,,,3,8500.576578170725,pond_emd_population_context,312540.4470173761,31.25404470173761,9.96447043491999,193,13.43949373329985,13.43949373329985,AVAILABLE,,0–100m,A_CULTURE_TOURISM,문화·관광형,도로 13m 이내이며 1km 생활시설 3개,RULE_BASED_WITH_MISSING_DATA_GUARD
194,춘산면 금오리 37유,춘산면,10.8,의성군 주소 자료,미기재,36.207160135332316,128.89135519035435,194,춘산면 금오리 37유,춘산면,춘산면,10.8,VWorld UQ164·UO601,VWorld UQ151,183.0,AVAILABLE,458.0,AVAILABLE,1465.0,88.0,841.0,6.006825938566553,57.40614334470989,-17.0,2025.0,pond_emd_population_context,,,,,,,0,2057.205228180449,pond_emd_population_context,0.0,0.0,0.0,,,,,,,,,,0,3085.3201759772446,pond_emd_population_context,0.0,0.0,0.0,194,54.245554493952845,54.245554493952845,AVAILABLE,,0–100m,D_PRESERVATION,보존·기록형,현재 확보된 자료만으로 활동형 판정에 필요한 인구·도로·생활시설 근거가 부족하여 보존·기록형으로 보수적 표시,RULE_BASED_WITH_MISSING_DATA_GUARD
195,춘산면 금오리 산61임,춘산면,8.0,의성군 주소 자료,미기재,36.21014522293913,128.87687271461047,195,춘산면 금오리 산61임,춘산면,춘산면,8.0,VWorld UQ164·UO601,VWorld UQ151,,DATA_NOT_AVAILABLE,,DATA_NOT_AVAILABLE,1465.0,88.0,841.0,6.006825938566553,57.40614334470989,-17.0,2025.0,pond_emd_population_context,,,,,,,0,399.6675778930311,pond_emd_population_context,0.0,0.0,0.0,,,,,,,,,,0,3476.773574731652,pond_emd_population_context,0.0,0.0,0.0,195,480.14625872131495,480.14625872131495,AVAILABLE,,300–500m,D_PRESERVATION,보존·기록형,현재 확보된 자료만으로 활동형 판정에 필요한 인구·도로·생활시설 근거가 부족하여 보존·기록형으로 보수적 표시,RULE_BASED_WITH_MISSING_DATA_GUARD
196,춘산면 금오리 382-1유,춘산면,6.4,의성군 주소 자료,미기재,36.21758492564037,128.87245788056936,196,춘산면 금오리 382-1유,춘산면,춘산면,6.4,VWorld UQ164·UO601,VWorld UQ151,,DATA_NOT_AVAILABLE,,DATA_NOT_AVAILABLE,1465.0,88.0,841.0,6.006825938566553,57.40614334470989,-17.0,2025.0,pond_emd_population_context,,,,,,,0,2090.3519130541968,pond_emd_population_context,0.0,0.0,0.0,,,,,,,,,,0,4349.923344403413,pond_emd_population_context,0.0,0.0,0.0,196,202.97908870804412,202.97908870804412,AVAILABLE,,100–300m,D_PRESERVATION,보존·기록형,현재 확보된 자료만으로 활동형 판정에 필요한 인구·도로·생활시설 근거가 부족하여 보존·기록형으로 보수적 표시,RULE_BASED_WITH_MISSING_DATA_GUARD
197,춘산면 신흥리 782답,춘산면,5.4,의성군 주소 자료,미기재,36.23321391001522,128.8437019168094,197,춘산면 신흥리 782답,춘산면,춘산면,5.4,VWorld UQ164·UO601,VWorld UQ151,88.0,AVAILABLE,498.0,AVAILABLE,1465.0,88.0,841.0,6.006825938566553,57.40614334470989,-17.0,2025.0,pond_emd_population_context,,,,,,,0,2439.6744858592324,pond_emd_population_context,84192.70064907809,8.41927006490781,10.736986965494038,,,,,,,,,,0,6590.983982785945,pond_emd_population_context,210778.8830015059,21.07788830015059,6.720090049199924,197,120.7768934345383,120.7768934345383,AVAILABLE,,100–300m,D_PRESERVATION,보존·기록형,현재 확보된 자료만으로 활동형 판정에 필요한 인구·도로·생활시설 근거가 부족하여 보존·기록형으로 보수적 표시,RULE_BASED_WITH_MISSING_DATA_GUARD
198,춘산면 신흥리 535 유,춘산면,11.3,의성군 주소 자료,미기재,36.225591321180595,128.84075398874518,198,춘산면 신흥리 535 유,춘산면,춘산면,11.3,VWorld UQ164·UO601,VWorld UQ151,,DATA_NOT_AVAILABLE,,DATA_NOT_AVAILABLE,1465.0,88.0,841.0,6.006825938566553,57.40614334470989,-17.0,2025.0,pond_emd_population_context,,,,,,,0,0.0,pond_emd_population_context,0.0,0.0,0.0,,,,,,,,,,0,2036.6056788126384,pond_emd_population_context,43434.798023002346,4.343479802300235,1.384795999613022,198,888.3573043463559,888.3573043463559,AVAILABLE,,500m 이상,D_PRESERVATION,보존·기록형,현재 확보된 자료만으로 활동형 판정에 필요한 인구·도로·생활시설 근거가 부족하여 보존·기록형으로 보수적 표시,RULE_BASED_WITH_MISSING_DATA_GUARD
199,춘산면 신흥리 480답,춘산면,5.0,의성군 주소 자료,미기재,36.23248875417486,128.84748857684576,199,춘산면 신흥리 480답,춘산면,춘산면,5.0,VWorld UQ164·UO601,VWorld UQ151,148.0,AVAILABLE,553.0,AVAILABLE,1465.0,88.0,841.0,6.006825938566553,57.40614334470989,-17.0,2025.0,pond_emd_population_context,,,,,,,0,2122.443874353827,pond_emd_population_context,42291.68806035676,4.229168806035676,5.393404653278131,,,,,,,,,,0,6896.785191383049,pond_emd_population_context,139837.77662007895,13.983777662007896,4.458333006538044,199,79.69303978792384,79.69303978792384,AVAILABLE,,0–100m,D_PRESERVATION,보존·기록형,현재 확보된 자료만으로 활동형 판정에 필요한 인구·도로·생활시설 근거가 부족하여 보존·기록형으로 보수적 표시,RULE_BASED_WITH_MISSING_DATA_GUARD
200,춘산면 신흥리 126유,춘산면,33.0,의성군 주소 자료,미기재,36.249537707429965,128.8688921923402,200,춘산면 신흥리 126유,춘산면,춘산면,33.0,VWorld UQ164·UO601,VWorld UQ151,28.0,AVAILABLE,213.0,AVAILABLE,1465.0,88.0,841.0,6.006825938566553,57.40614334470989,-17.0,2025.0,pond_emd_population_context,,,,,,,0,3021.473877186906,pond_emd_population_context,0.0,0.0,0.0,,,,,,,,,,0,4746.318451663244,pond_emd_population_context,0.0,0.0,0.0,200,100.71962928601708,100.71962928601708,AVAILABLE,,100–300m,D_PRESERVATION,보존·기록형,현재 확보된 자료만으로 활동형 판정에 필요한 인구·도로·생활시설 근거가 부족하여 보존·기록형으로 보수적 표시,RULE_BASED_WITH_MISSING_DATA_GUARD
201,춘산면 신흥리 144,춘산면,3.0,의성군 주소 자료,미기재,36.24808869490542,128.87339630798581,201,춘산면 신흥리 144,춘산면,춘산면,3.0,VWorld UQ164·UO601,VWorld UQ151,,DATA_NOT_AVAILABLE,38.0,AVAILABLE,1465.0,88.0,841.0,6.006825938566553,57.40614334470989,-17.0,2025.0,pond_emd_population_context,,,,,,,0,340.0859610429752,pond_emd_population_context,0.0,0.0,0.0,,,,,,,,,,0,4118.943487802139,pond_emd_population_context,0.0,0.0,0.0,201,452.0707496930915,452.0707496930915,AVAILABLE,,300–500m,D_PRESERVATION,보존·기록형,현재 확보된 자료만으로 활동형 판정에 필요한 인구·도로·생활시설 근거가 부족하여 보존·기록형으로 보수적 표시,RULE_BASED_WITH_MISSING_DATA_GUARD
202,춘산면 대사리 516유,춘산면,8.4,의성군 주소 자료,미기재,36.25788501049746,128.82190781897356,202,춘산면 대사리 516유,춘산면,춘산면,8.4,VWorld UQ164·UO601,VWorld UQ151,68.0,AVAILABLE,403.0,AVAILABLE,1465.0,88.0,841.0,6.006825938566553,57.40614334470989,-17.0,2025.0,pond_emd_population_context,,,,,,,0,2039.108669458004,pond_emd_population_context,75548.76184082322,7.554876184082322,9.634636552699948,,,,,,,,,,0,4843.33578249871,pond_emd_population_context,130183.27166947957,13.018327166947955,4.150526352832554,202,39.83773760368063,39.83773760368063,AVAILABLE,,0–100m,D_PRESERVATION,보존·기록형,현재 확보된 자료만으로 활동형 판정에 필요한 인구·도로·생활시설 근거가 부족하여 보존·기록형으로 보수적 표시,RULE_BASED_WITH_MISSING_DATA_GUARD
203,춘산면 대사리 186유,춘산면,3.8,의성군 주소 자료,미기재,36.24580820693607,128.83388603203952,203,춘산면 대사리 186유,춘산면,춘산면,3.8,VWorld UQ164·UO601,VWorld UQ151,13.0,AVAILABLE,323.0,AVAILABLE,1465.0,88.0,841.0,6.006825938566553,57.40614334470989,-17.0,2025.0,pond_emd_population_context,,,,,,,0,0.0,pond_emd_population_context,0.0,0.0,0.0,,,,,,,,,,0,2364.1246259464247,pond_emd_population_context,74946.48278086093,7.494648278086093,2.3894571694575246,203,739.075213646959,739.075213646959,AVAILABLE,,500m 이상,D_PRESERVATION,보존·기록형,현재 확보된 자료만으로 활동형 판정에 필요한 인구·도로·생활시설 근거가 부족하여 보존·기록형으로 보수적 표시,RULE_BASED_WITH_MISSING_DATA_GUARD
204,춘산면 대사리 147 유,춘산면,3.7,의성군 주소 자료,미기재,36.25785030162476,128.8330325034658,204,춘산면 대사리 147 유,춘산면,춘산면,3.7,VWorld UQ164·UO601,VWorld UQ151,28.0,AVAILABLE,63.0,AVAILABLE,1465.0,88.0,841.0,6.006825938566553,57.40614334470989,-17.0,2025.0,pond_emd_population_context,,,,,,,0,0.0,pond_emd_population_context,0.0,0.0,0.0,,,,,,,,,,0,0.0,pond_emd_population_context,8797.861870835643,0.8797861870835643,0.2804950058114485,204,1032.9768443068692,1032.9768443068692,AVAILABLE,,500m 이상,D_PRESERVATION,보존·기록형,현재 확보된 자료만으로 활동형 판정에 필요한 인구·도로·생활시설 근거가 부족하여 보존·기록형으로 보수적 표시,RULE_BASED_WITH_MISSING_DATA_GUARD
213,춘산면 빙계리 142유,춘산면,58.3,의성군 주소 자료,미기재,36.246183281428706,128.7785757672171,213,춘산면 빙계리 142유,춘산면,춘산면,58.3,VWorld UQ164·UO601,VWorld UQ151,33.0,AVAILABLE,203.0,AVAILABLE,1465.0,88.0,841.0,6.006825938566553,57.40614334470989,-17.0,2025.0,pond_emd_population_context,,,,,,,0,0.0,pond_emd_population_context,118152.3630726378,11.81523630726378,15.067819092071405,,,,,,,,,,0,1304.4349980680715,pond_emd_population_context,280266.1639921235,28.02661639921235,8.935495970710914,213,935.4382299291868,935.4382299291868,AVAILABLE,,500m 이상,D_PRESERVATION,보존·기록형,현재 확보된 자료만으로 활동형 판정에 필요한 인구·도로·생활시설 근거가 부족하여 보존·기록형으로 보수적 표시,RULE_BASED_WITH_MISSING_DATA_GUARD
214,춘산면 빙계리 109유,춘산면,28.3,의성군 주소 자료,미기재,36.24863667114185,128.77537191569488,214,춘산면 빙계리 109유,춘산면,춘산면,28.3,VWorld UQ164·UO601,VWorld UQ151,13.0,AVAILABLE,173.0,AVAILABLE,1465.0,88.0,841.0,6.006825938566553,57.40614334470989,-17.0,2025.0,pond_emd_population_context,,,,,,,0,0.0,pond_emd_population_context,114498.41275798024,11.449841275798024,14.601835502062038,,,,,,,,,,0,0.0,pond_emd_population_context,247631.61184404825,24.763161184404822,7.895035341887818,214,1060.6557949305306,1060.6557949305306,AVAILABLE,,500m 이상,D_PRESERVATION,보존·기록형,현재 확보된 자료만으로 활동형 판정에 필요한 인구·도로·생활시설 근거가 부족하여 보존·기록형으로 보수적 표시,RULE_BASED_WITH_MISSING_DATA_GUARD
215,춘산면 사미리 645-1답,춘산면,17.3,의성군 주소 자료,미기재,36.25769695850701,128.75489432475038,215,춘산면 사미리 645-1답,춘산면,춘산면,17.3,VWorld UQ164·UO601,VWorld UQ151,,DATA_NOT_AVAILABLE,,DATA_NOT_AVAILABLE,1465.0,88.0,841.0,6.006825938566553,57.40614334470989,-17.0,2025.0,pond_emd_population_context,,,,,,,0,1197.7438892810155,pond_emd_population_context,20137.23724208234,2.013723724208234,2.5680759985416475,,,,,,,,,,0,3955.0624615368615,pond_emd_population_context,504447.7909477826,50.44477909477826,16.082894699963177,215,402.7780547954414,402.7780547954414,AVAILABLE,,300–500m,D_PRESERVATION,보존·기록형,현재 확보된 자료만으로 활동형 판정에 필요한 인구·도로·생활시설 근거가 부족하여 보존·기록형으로 보수적 표시,RULE_BASED_WITH_MISSING_DATA_GUARD
216,춘산면 사미리 292유,춘산면,3.2,의성군 주소 자료,미기재,36.25033276416914,128.75445163033285,216,춘산면 사미리 292유,춘산면,춘산면,3.2,VWorld UQ164·UO601,VWorld UQ151,,DATA_NOT_AVAILABLE,,DATA_NOT_AVAILABLE,1465.0,88.0,841.0,6.006825938566553,57.40614334470989,-17.0,2025.0,pond_emd_population_context,,,,,,,0,2052.56507127703,pond_emd_population_context,236250.222877061,23.6250222877061,30.128687452358637,,,,,,,,,,0,6044.598940211427,pond_emd_population_context,599997.5625216954,59.99975625216954,19.12922960796527,216,211.5342525632496,211.5342525632496,AVAILABLE,,100–300m,D_PRESERVATION,보존·기록형,현재 확보된 자료만으로 활동형 판정에 필요한 인구·도로·생활시설 근거가 부족하여 보존·기록형으로 보수적 표시,RULE_BASED_WITH_MISSING_DATA_GUARD
217,춘산면 사미리 618답,춘산면,15.8,의성군 주소 자료,미기재,36.25766448333085,128.75034322806877,217,춘산면 사미리 618답,춘산면,춘산면,15.8,VWorld UQ164·UO601,VWorld UQ151,,DATA_NOT_AVAILABLE,,DATA_NOT_AVAILABLE,1465.0,88.0,841.0,6.006825938566553,57.40614334470989,-17.0,2025.0,pond_emd_population_context,,,,,,,0,0.0,pond_emd_population_context,0.0,0.0,0.0,,,,,,,,,,0,2365.7373647708814,pond_emd_population_context,164433.37602567155,16.443337602567155,5.242494306123493,217,811.9102214250258,811.9102214250258,AVAILABLE,,500m 이상,D_PRESERVATION,보존·기록형,현재 확보된 자료만으로 활동형 판정에 필요한 인구·도로·생활시설 근거가 부족하여 보존·기록형으로 보수적 표시,RULE_BASED_WITH_MISSING_DATA_GUARD
218,춘산면 사미리 921유,춘산면,6.0,의성군 주소 자료,미기재,36.261455634016876,128.7554233949144,218,춘산면 사미리 921유,춘산면,춘산면,6.0,VWorld UQ164·UO601,VWorld UQ151,,DATA_NOT_AVAILABLE,28.0,AVAILABLE,1465.0,88.0,841.0,6.006825938566553,57.40614334470989,-17.0,2025.0,pond_emd_population_context,,,,,,,0,1046.125725662975,pond_emd_population_context,61345.27558928027,6.134527558928027,7.823284195884198,,,,,,,,,,0,3502.8535907631685,pond_emd_population_context,445574.8158263494,44.55748158263494,14.205895976720528,218,408.51611459426704,408.51611459426704,AVAILABLE,,300–500m,D_PRESERVATION,보존·기록형,현재 확보된 자료만으로 활동형 판정에 필요한 인구·도로·생활시설 근거가 부족하여 보존·기록형으로 보수적 표시,RULE_BASED_WITH_MISSING_DATA_GUARD
219,춘산면 효선리 62유,춘산면,23.9,의성군 주소 자료,미기재,36.26688321723248,128.80248901745372,219,춘산면 효선리 62유,춘산면,춘산면,23.9,VWorld UQ164·UO601,VWorld UQ151,,DATA_NOT_AVAILABLE,5.0,AVAILABLE,1465.0,88.0,841.0,6.006825938566553,57.40614334470989,-17.0,2025.0,pond_emd_population_context,,,,,,,0,0.0,pond_emd_population_context,101986.29904742957,10.198629904742956,13.00618171277558,,,,,,,,,,0,0.0,pond_emd_population_context,165579.78661863896,16.557978661863896,5.279044373703283,219,1182.2915483358445,1182.2915483358445,AVAILABLE,,500m 이상,D_PRESERVATION,보존·기록형,현재 확보된 자료만으로 활동형 판정에 필요한 인구·도로·생활시설 근거가 부족하여 보존·기록형으로 보수적 표시,RULE_BASED_WITH_MISSING_DATA_GUARD
220,춘산면 효선리 1011유,춘산면,0.8,의성군 주소 자료,미기재,36.26502313771375,128.7591527178008,220,춘산면 효선리 1011유,춘산면,춘산면,0.8,VWorld UQ164·UO601,VWorld UQ151,93.0,AVAILABLE,228.0,AVAILABLE,1465.0,88.0,841.0,6.006825938566553,57.40614334470989,-17.0,2025.0,pond_emd_population_context,,,,,,,0,1780.4402172626428,pond_emd_population_context,210784.55962609328,21.07845596260933,26.881084129441646,,,,,,,,,,0,3856.36873289738,pond_emd_population_context,491933.5375002832,49.19335375002832,15.683913033165435,220,184.6759524477885,184.6759524477885,AVAILABLE,,100–300m,D_PRESERVATION,보존·기록형,현재 확보된 자료만으로 활동형 판정에 필요한 인구·도로·생활시설 근거가 부족하여 보존·기록형으로 보수적 표시,RULE_BASED_WITH_MISSING_DATA_GUARD
221,춘산면 효선리 1213답,춘산면,0.7,의성군 주소 자료,미기재,36.26911858566003,128.75699682108828,221,춘산면 효선리 1213답,춘산면,춘산면,0.7,VWorld UQ164·UO601,VWorld UQ151,,DATA_NOT_AVAILABLE,,DATA_NOT_AVAILABLE,1465.0,88.0,841.0,6.006825938566553,57.40614334470989,-17.0,2025.0,pond_emd_population_context,,,,,,,0,0.0,pond_emd_population_context,7952.351848671084,0.7952351848671083,1.0141532162044835,,,,,,,,,,0,2907.090349148872,pond_emd_population_context,342850.64728723373,34.28506472872337,10.930825661412351,221,563.9918765722579,563.9918765722579,AVAILABLE,,500m 이상,D_PRESERVATION,보존·기록형,현재 확보된 자료만으로 활동형 판정에 필요한 인구·도로·생활시설 근거가 부족하여 보존·기록형으로 보수적 표시,RULE_BASED_WITH_MISSING_DATA_GUARD
222,춘산면 효선리 342유,춘산면,2.2,의성군 주소 자료,미기재,36.27131085409235,128.77816592383914,222,춘산면 효선리 342유,춘산면,춘산면,2.2,VWorld UQ164·UO601,VWorld UQ151,,DATA_NOT_AVAILABLE,,DATA_NOT_AVAILABLE,1465.0,88.0,841.0,6.006825938566553,57.40614334470989,-17.0,2025.0,pond_emd_population_context,,,,,,,0,0.0,pond_emd_population_context,132871.96728364198,13.287196728364195,16.94499130928681,,,,,,,,,,0,1161.3584383493333,pond_emd_population_context,350405.84780345834,35.04058478034583,11.17170191564522,222,858.525102287134,858.525102287134,AVAILABLE,,500m 이상,D_PRESERVATION,보존·기록형,현재 확보된 자료만으로 활동형 판정에 필요한 인구·도로·생활시설 근거가 부족하여 보존·기록형으로 보수적 표시,RULE_BASED_WITH_MISSING_DATA_GUARD
223,춘산면 효선리 356유,춘산면,16.0,의성군 주소 자료,미기재,36.271455677765196,128.78115137851216,223,춘산면 효선리 356유,춘산면,춘산면,16.0,VWorld UQ164·UO601,VWorld UQ151,88.0,AVAILABLE,123.0,AVAILABLE,1465.0,88.0,841.0,6.006825938566553,57.40614334470989,-17.0,2025.0,pond_emd_population_context,,,,,,,0,0.0,pond_emd_population_context,105950.08147521704,10.595008147521703,13.5116777941829,,,,,,,,,,0,0.0,pond_emd_population_context,293433.2316892525,29.34332316892525,9.355290778182146,223,1121.997570178475,1121.997570178475,AVAILABLE,,500m 이상,D_PRESERVATION,보존·기록형,현재 확보된 자료만으로 활동형 판정에 필요한 인구·도로·생활시설 근거가 부족하여 보존·기록형으로 보수적 표시,RULE_BASED_WITH_MISSING_DATA_GUARD
224,춘산면 효선리 1029유,춘산면,15.4,의성군 주소 자료,미기재,36.26231676167841,128.75937021966087,224,춘산면 효선리 1029유,춘산면,춘산면,15.4,VWorld UQ164·UO601,VWorld UQ151,,DATA_NOT_AVAILABLE,,DATA_NOT_AVAILABLE,1465.0,88.0,841.0,6.006825938566553,57.40614334470989,-17.0,2025.0,pond_emd_population_context,,,,,,,0,1971.9936696009177,pond_emd_population_context,292987.52514415927,29.298752514415927,37.36432272955769,,,,,,,,,,0,4038.338778527223,pond_emd_population_context,510127.9738128929,51.01279738128929,16.2639913060648,224,97.3730011009996,97.3730011009996,AVAILABLE,,0–100m,D_PRESERVATION,보존·기록형,현재 확보된 자료만으로 활동형 판정에 필요한 인구·도로·생활시설 근거가 부족하여 보존·기록형으로 보수적 표시,RULE_BASED_WITH_MISSING_DATA_GUARD
225,가음면 장리 499유,가음면,4.8,의성군 주소 자료,미기재,36.24638358726684,128.7385673143196,225,가음면 장리 499유,가음면,가음면,4.8,VWorld UQ164·UO601,VWorld UQ151,,DATA_NOT_AVAILABLE,,DATA_NOT_AVAILABLE,1396.0,85.0,797.0,6.088825214899714,57.09169054441261,-32.0,2025.0,pond_emd_population_context,,,,,,,0,0.0,pond_emd_population_context,57936.40611335752,5.793640611335753,7.388555450424317,,,,,,,,,,0,0.0,pond_emd_population_context,343327.9737194866,34.332797371948665,10.946043868103294,225,999.9660534803468,999.9660534803468,AVAILABLE,,500m 이상,D_PRESERVATION,보존·기록형,현재 확보된 자료만으로 활동형 판정에 필요한 인구·도로·생활시설 근거가 부족하여 보존·기록형으로 보수적 표시,RULE_BASED_WITH_MISSING_DATA_GUARD
226,가음면 장리 176유,가음면,18.9,의성군 주소 자료,미기재,36.239268233053984,128.73525090378226,226,가음면 장리 176유,가음면,가음면,18.9,VWorld UQ164·UO601,VWorld UQ151,193.0,AVAILABLE,733.0,AVAILABLE,1396.0,85.0,797.0,6.088825214899714,57.09169054441261,-32.0,2025.0,pond_emd_population_context,,,,,,,0,0.0,pond_emd_population_context,197192.95509064093,19.719295509064093,25.14776426189681,,,,,,,,,,0,4666.0329636649485,pond_emd_population_context,680777.3672463674,68.07773672463674,21.704665791023057,226,753.7128387654487,753.7128387654487,AVAILABLE,,500m 이상,B_ECO_EDUCATION,생태·교육형,1km 농업지역 비율 상위 25%이고 도로 접근성이 낮음,RULE_BASED_WITH_MISSING_DATA_GUARD
227,가음면 장리 828유,가음면,5.7,의성군 주소 자료,미기재,36.24473288713276,128.72748484279523,227,가음면 장리 828유,가음면,가음면,5.7,VWorld UQ164·UO601,VWorld UQ151,,DATA_NOT_AVAILABLE,,DATA_NOT_AVAILABLE,1396.0,85.0,797.0,6.088825214899714,57.09169054441261,-32.0,2025.0,pond_emd_population_context,,,,,,,0,0.0,pond_emd_population_context,82598.16346666962,8.259816346666963,10.53363768685675,,,,,,,,,,1,0.0,pond_emd_population_context,737199.4693270362,73.71994693270362,23.503525341600216,227,1000.1432678590284,1000.1432678590284,AVAILABLE,,500m 이상,B_ECO_EDUCATION,생태·교육형,1km 농업지역 비율 상위 25%이고 도로 접근성이 낮음,RULE_BASED_WITH_MISSING_DATA_GUARD
228,가음면 장리 738유,가음면,11.0,의성군 주소 자료,미기재,36.24585026941093,128.72310432444675,228,가음면 장리 738유,가음면,가음면,11.0,VWorld UQ164·UO601,VWorld UQ151,108.0,AVAILABLE,223.0,AVAILABLE,1396.0,85.0,797.0,6.088825214899714,57.09169054441261,-32.0,2025.0,pond_emd_population_context,,,,,,,0,0.0,pond_emd_population_context,121520.62361080528,12.152062361080526,15.497369031862863,,,,,,,,,,1,0.0,pond_emd_population_context,748763.7085850609,74.87637085850609,23.87221848608312,228,1073.0263944576268,1073.0263944576268,AVAILABLE,,500m 이상,B_ECO_EDUCATION,생태·교육형,1km 농업지역 비율 상위 25%이고 도로 접근성이 낮음,RULE_BASED_WITH_MISSING_DATA_GUARD
229,가음면 장리 1271유,가음면,59.4,의성군 주소 자료,미기재,36.238239856329365,128.724105304556,229,가음면 장리 1271유,가음면,가음면,59.4,VWorld UQ164·UO601,VWorld UQ151,188.0,AVAILABLE,743.0,AVAILABLE,1396.0,85.0,797.0,6.088825214899714,57.09169054441261,-32.0,2025.0,pond_emd_population_context,,,,,,,1,1302.808869944612,pond_emd_population_context,345722.13910487207,34.57221391048721,44.089500308627706,,,,,,,,,,2,9208.73822614097,pond_emd_population_context,1458698.6066458302,145.86986066458303,46.50648988984539,229,227.21221761283263,227.21221761283263,AVAILABLE,,100–300m,A_CULTURE_TOURISM,문화·관광형,도로 227m 이내이며 1km 생활시설 2개,RULE_BASED_WITH_MISSING_DATA_GUARD
230,가음면 장리 436유,가음면,6.6,의성군 주소 자료,미기재,36.24366357742312,128.73413551820735,230,가음면 장리 436유,가음면,가음면,6.6,VWorld UQ164·UO601,VWorld UQ151,92.0,AVAILABLE,508.0,AVAILABLE,1396.0,85.0,797.0,6.088825214899714,57.09169054441261,-32.0,2025.0,pond_emd_population_context,,,,,,,0,0.0,pond_emd_population_context,160397.67225282628,16.039767225282628,20.455309106336863,,,,,,,,,,0,0.0,pond_emd_population_context,439796.8411227261,43.9796841122726,14.02168155373172,230,1128.1812095106195,1128.1812095106195,AVAILABLE,,500m 이상,D_PRESERVATION,보존·기록형,현재 확보된 자료만으로 활동형 판정에 필요한 인구·도로·생활시설 근거가 부족하여 보존·기록형으로 보수적 표시,RULE_BASED_WITH_MISSING_DATA_GUARD
231,가음면 장리 393유,가음면,3.3,의성군 주소 자료,미기재,36.24564159973002,128.7294515174079,231,가음면 장리 393유,가음면,가음면,3.3,VWorld UQ164·UO601,VWorld UQ151,,DATA_NOT_AVAILABLE,,DATA_NOT_AVAILABLE,1396.0,85.0,797.0,6.088825214899714,57.09169054441261,-32.0,2025.0,pond_emd_population_context,,,,,,,0,0.0,pond_emd_population_context,72330.59207145397,7.233059207145397,9.22422749585681,,,,,,,,,,0,0.0,pond_emd_population_context,532260.697281103,53.2260697281103,16.969630754487863,231,1155.6550553405004,1155.6550553405004,AVAILABLE,,500m 이상,D_PRESERVATION,보존·기록형,현재 확보된 자료만으로 활동형 판정에 필요한 인구·도로·생활시설 근거가 부족하여 보존·기록형으로 보수적 표시,RULE_BASED_WITH_MISSING_DATA_GUARD
232,가음면 장리 624유,가음면,4.1,의성군 주소 자료,미기재,36.247801936057314,128.72648441693806,232,가음면 장리 624유,가음면,가음면,4.1,VWorld UQ164·UO601,VWorld UQ151,83.0,AVAILABLE,138.0,AVAILABLE,1396.0,85.0,797.0,6.088825214899714,57.09169054441261,-32.0,2025.0,pond_emd_population_context,,,,,,,0,0.0,pond_emd_population_context,44223.80575620462,4.422380575620462,5.639805141161114,,,,,,,,,,0,0.0,pond_emd_population_context,370455.6926207399,37.04556926207399,11.810934654361526,232,1308.9470878043694,1308.9470878043694,AVAILABLE,,500m 이상,D_PRESERVATION,보존·기록형,현재 확보된 자료만으로 활동형 판정에 필요한 인구·도로·생활시설 근거가 부족하여 보존·기록형으로 보수적 표시,RULE_BASED_WITH_MISSING_DATA_GUARD
233,가음면 장리 산45-8임,가음면,1.5,의성군 주소 자료,미기재,36.2512101920608,128.73256669703613,233,가음면 장리 산45-8임,가음면,가음면,1.5,VWorld UQ164·UO601,VWorld UQ151,,DATA_NOT_AVAILABLE,,DATA_NOT_AVAILABLE,1396.0,85.0,797.0,6.088825214899714,57.09169054441261,-32.0,2025.0,pond_emd_population_context,,,,,,,0,0.0,pond_emd_population_context,1045.5517767739098,0.1045551776773909,0.1333378750464578,,,,,,,,,,0,0.0,pond_emd_population_context,89251.29587724776,8.925129587724776,2.8455257792527813,233,1760.2519970535063,1760.2519970535063,AVAILABLE,,500m 이상,D_PRESERVATION,보존·기록형,현재 확보된 자료만으로 활동형 판정에 필요한 인구·도로·생활시설 근거가 부족하여 보존·기록형으로 보수적 표시,RULE_BASED_WITH_MISSING_DATA_GUARD
234,가음면 이리 690유,가음면,7.6,의성군 주소 자료,미기재,36.2544034242906,128.74782299771766,234,가음면 이리 690유,가음면,가음면,7.6,VWorld UQ164·UO601,VWorld UQ151,,DATA_NOT_AVAILABLE,,DATA_NOT_AVAILABLE,1396.0,85.0,797.0,6.088825214899714,57.09169054441261,-32.0,2025.0,pond_emd_population_context,,,,,,,0,0.0,pond_emd_population_context,5817.439896040677,0.5817439896040677,0.7418906372498897,,,,,,,,,,0,1214.6360920206964,pond_emd_population_context,98544.58577732464,9.854458577732466,3.1418161101081297,234,935.9352355227156,935.9352355227156,AVAILABLE,,500m 이상,D_PRESERVATION,보존·기록형,현재 확보된 자료만으로 활동형 판정에 필요한 인구·도로·생활시설 근거가 부족하여 보존·기록형으로 보수적 표시,RULE_BASED_WITH_MISSING_DATA_GUARD
235,가음면 이리 1033-2유,가음면,6.3,의성군 주소 자료,미기재,36.25168119026326,128.74356836900955,235,가음면 이리 1033-2유,가음면,가음면,6.3,VWorld UQ164·UO601,VWorld UQ151,63.0,AVAILABLE,188.0,AVAILABLE,1396.0,85.0,797.0,6.088825214899714,57.09169054441261,-32.0,2025.0,pond_emd_population_context,,,,,,,0,0.0,pond_emd_population_context,0.0,0.0,0.0,,,,,,,,,,0,0.0,pond_emd_population_context,161428.25753707555,16.142825753707555,5.146684580954126,235,1063.7157296832588,1063.7157296832588,AVAILABLE,,500m 이상,D_PRESERVATION,보존·기록형,현재 확보된 자료만으로 활동형 판정에 필요한 인구·도로·생활시설 근거가 부족하여 보존·기록형으로 보수적 표시,RULE_BASED_WITH_MISSING_DATA_GUARD
236,가음면 이리 1089유,가음면,4.2,의성군 주소 자료,미기재,36.25055307923619,128.74245311010367,236,가음면 이리 1089유,가음면,가음면,4.2,VWorld UQ164·UO601,VWorld UQ151,,DATA_NOT_AVAILABLE,,DATA_NOT_AVAILABLE,1396.0,85.0,797.0,6.088825214899714,57.09169054441261,-32.0,2025.0,pond_emd_population_context,,,,,,,0,0.0,pond_emd_population_context,1743.7228661961767,0.1743722866196176,0.2223747372568368,,,,,,,,,,0,0.0,pond_emd_population_context,193247.30679463453,19.324730679463453,6.161145200755383,236,1052.9710677938533,1052.9710677938533,AVAILABLE,,500m 이상,D_PRESERVATION,보존·기록형,현재 확보된 자료만으로 활동형 판정에 필요한 인구·도로·생활시설 근거가 부족하여 보존·기록형으로 보수적 표시,RULE_BASED_WITH_MISSING_DATA_GUARD
237,가음면 이리 1104유,가음면,12.0,의성군 주소 자료,미기재,36.247771738627875,128.74101199829985,237,가음면 이리 1104유,가음면,가음면,12.0,VWorld UQ164·UO601,VWorld UQ151,,DATA_NOT_AVAILABLE,,DATA_NOT_AVAILABLE,1396.0,85.0,797.0,6.088825214899714,57.09169054441261,-32.0,2025.0,pond_emd_population_context,,,,,,,0,0.0,pond_emd_population_context,46346.19117235962,4.634619117235962,5.910470227009745,,,,,,,,,,0,1138.0879348988603,pond_emd_population_context,291320.87036281114,29.132087036281117,9.287944096541215,237,976.2865732124824,976.2865732124824,AVAILABLE,,500m 이상,D_PRESERVATION,보존·기록형,현재 확보된 자료만으로 활동형 판정에 필요한 인구·도로·생활시설 근거가 부족하여 보존·기록형으로 보수적 표시,RULE_BASED_WITH_MISSING_DATA_GUARD
238,가음면 이리 802-2임,가음면,5.6,의성군 주소 자료,미기재,36.25682089212624,128.74517331900327,238,가음면 이리 802-2임,가음면,가음면,5.6,VWorld UQ164·UO601,VWorld UQ151,48.0,AVAILABLE,88.0,AVAILABLE,1396.0,85.0,797.0,6.088825214899714,57.09169054441261,-32.0,2025.0,pond_emd_population_context,,,,,,,0,0.0,pond_emd_population_context,0.0,0.0,0.0,,,,,,,,,,0,0.0,pond_emd_population_context,18390.580711075632,1.8390580711075637,0.5863317836949752,238,1261.5921732226004,1261.5921732226004,AVAILABLE,,500m 이상,D_PRESERVATION,보존·기록형,현재 확보된 자료만으로 활동형 판정에 필요한 인구·도로·생활시설 근거가 부족하여 보존·기록형으로 보수적 표시,RULE_BASED_WITH_MISSING_DATA_GUARD
239,가음면 이리 651유,가음면,6.3,의성군 주소 자료,미기재,36.249086462814276,128.75095297981912,239,가음면 이리 651유,가음면,가음면,6.3,VWorld UQ164·UO601,VWorld UQ151,,DATA_NOT_AVAILABLE,,DATA_NOT_AVAILABLE,1396.0,85.0,797.0,6.088825214899714,57.09169054441261,-32.0,2025.0,pond_emd_population_context,,,,,,,0,1589.4060120725694,pond_emd_population_context,132988.51238015055,13.298851238015056,16.959854155738554,,,,,,,,,,0,5464.8671215636095,pond_emd_population_context,649325.8394549948,64.93258394549947,20.701922556344144,239,358.9455937740365,358.9455937740365,AVAILABLE,,300–500m,D_PRESERVATION,보존·기록형,현재 확보된 자료만으로 활동형 판정에 필요한 인구·도로·생활시설 근거가 부족하여 보존·기록형으로 보수적 표시,RULE_BASED_WITH_MISSING_DATA_GUARD
240,가음면 가산리 169유,가음면,3.08,의성군 주소 자료,미기재,36.218469706672714,128.72602913201516,240,가음면 가산리 169유,가음면,가음면,3.08,VWorld UQ164·UO601,VWorld UQ151,,DATA_NOT_AVAILABLE,,DATA_NOT_AVAILABLE,1396.0,85.0,797.0,6.088825214899714,57.09169054441261,-32.0,2025.0,pond_emd_population_context,,,,,,,0,1405.5498776964291,pond_emd_population_context,153516.4501326551,15.35164501326551,19.577755688506738,,,,,,,,,,0,4027.806887679398,pond_emd_population_context,1137071.844178114,113.7071844178114,36.25232792049741,240,348.98458176138604,348.98458176138604,AVAILABLE,,300–500m,D_PRESERVATION,보존·기록형,현재 확보된 자료만으로 활동형 판정에 필요한 인구·도로·생활시설 근거가 부족하여 보존·기록형으로 보수적 표시,RULE_BASED_WITH_MISSING_DATA_GUARD
241,가음면 순호리 1134유,가음면,9.7,의성군 주소 자료,미기재,36.20411616917324,128.70079852468254,241,가음면 순호리 1134유,가음면,가음면,9.7,VWorld UQ164·UO601,VWorld UQ151,13.0,AVAILABLE,98.0,AVAILABLE,1396.0,85.0,797.0,6.088825214899714,57.09169054441261,-32.0,2025.0,pond_emd_population_context,,,,,,,0,430.6289605904183,pond_emd_population_context,0.0,0.0,0.0,,,,,,,,,,0,2246.7204623916173,pond_emd_population_context,0.0,0.0,0.0,241,425.23586859280414,425.23586859280414,AVAILABLE,,300–500m,D_PRESERVATION,보존·기록형,현재 확보된 자료만으로 활동형 판정에 필요한 인구·도로·생활시설 근거가 부족하여 보존·기록형으로 보수적 표시,RULE_BASED_WITH_MISSING_DATA_GUARD
242,가음면 순호리 495유,가음면,140.5,의성군 주소 자료,미기재,36.20874425665946,128.72560442516297,242,가음면 순호리 495유,가음면,가음면,140.5,VWorld UQ164·UO601,VWorld UQ151,,DATA_NOT_AVAILABLE,,DATA_NOT_AVAILABLE,1396.0,85.0,797.0,6.088825214899714,57.09169054441261,-32.0,2025.0,pond_emd_population_context,,,,,,,0,172.1868508351234,pond_emd_population_context,288879.7489852649,28.88797489852649,36.84046331258698,,,,,,,,,,0,3201.6029610677883,pond_emd_population_context,481324.3362043988,48.13243362043988,15.345668579816085,242,476.0344241665311,476.0344241665311,AVAILABLE,,300–500m,D_PRESERVATION,보존·기록형,현재 확보된 자료만으로 활동형 판정에 필요한 인구·도로·생활시설 근거가 부족하여 보존·기록형으로 보수적 표시,RULE_BASED_WITH_MISSING_DATA_GUARD
243,가음면 순호리 1003유,가음면,3.1,의성군 주소 자료,미기재,36.207228137546,128.70690317668817,243,가음면 순호리 1003유,가음면,가음면,3.1,VWorld UQ164·UO601,VWorld UQ151,,DATA_NOT_AVAILABLE,,DATA_NOT_AVAILABLE,1396.0,85.0,797.0,6.088825214899714,57.09169054441261,-32.0,2025.0,pond_emd_population_context,,,,,,,0,0.0,pond_emd_population_context,0.0,0.0,0.0,,,,,,,,,,0,3772.564635801842,pond_emd_population_context,0.0,0.0,0.0,243,517.1622973725229,517.1622973725229,AVAILABLE,,500m 이상,D_PRESERVATION,보존·기록형,현재 확보된 자료만으로 활동형 판정에 필요한 인구·도로·생활시설 근거가 부족하여 보존·기록형으로 보수적 표시,RULE_BASED_WITH_MISSING_DATA_GUARD
244,가음면 순호리 975유,가음면,12.8,의성군 주소 자료,미기재,36.2117982151982,128.7118392011965,244,가음면 순호리 975유,가음면,가음면,12.8,VWorld UQ164·UO601,VWorld UQ151,,DATA_NOT_AVAILABLE,,DATA_NOT_AVAILABLE,1396.0,85.0,797.0,6.088825214899714,57.09169054441261,-32.0,2025.0,pond_emd_population_context,,,,,,,0,0.0,pond_emd_population_context,0.0,0.0,0.0,,,,,,,,,,0,3905.069616151373,pond_emd_population_context,183689.20656279905,18.368920656279904,5.856412139537129,244,684.8389309840558,684.8389309840558,AVAILABLE,,500m 이상,D_PRESERVATION,보존·기록형,현재 확보된 자료만으로 활동형 판정에 필요한 인구·도로·생활시설 근거가 부족하여 보존·기록형으로 보수적 표시,RULE_BASED_WITH_MISSING_DATA_GUARD
245,가음면 순호리 132유,가음면,11.5,의성군 주소 자료,미기재,36.20277859602571,128.74368460148037,245,가음면 순호리 132유,가음면,가음면,11.5,VWorld UQ164·UO601,VWorld UQ151,5.0,AVAILABLE,13.0,AVAILABLE,1396.0,85.0,797.0,6.088825214899714,57.09169054441261,-32.0,2025.0,pond_emd_population_context,,,,,,,0,0.0,pond_emd_population_context,296.12803993477974,0.0296128039934779,0.0377648285467113,,,,,,,,,,0,0.0,pond_emd_population_context,40668.07748931155,4.066807748931155,1.2965869206834228,245,2205.520591911621,2205.520591911621,AVAILABLE,,500m 이상,D_PRESERVATION,보존·기록형,현재 확보된 자료만으로 활동형 판정에 필요한 인구·도로·생활시설 근거가 부족하여 보존·기록형으로 보수적 표시,RULE_BASED_WITH_MISSING_DATA_GUARD
246,가음면 순호리 16유,가음면,14.2,의성군 주소 자료,미기재,36.208110658718354,128.74878392940337,246,가음면 순호리 16유,가음면,가음면,14.2,VWorld UQ164·UO601,VWorld UQ151,,DATA_NOT_AVAILABLE,0.0,AVAILABLE,1396.0,85.0,797.0,6.088825214899714,57.09169054441261,-32.0,2025.0,pond_emd_population_context,,,,,,,0,0.0,pond_emd_population_context,0.0,0.0,0.0,,,,,,,,,,0,0.0,pond_emd_population_context,14059.831420997329,1.4059831420997329,0.4482580602013986,246,1472.8209247243617,1472.8209247243617,AVAILABLE,,500m 이상,D_PRESERVATION,보존·기록형,현재 확보된 자료만으로 활동형 판정에 필요한 인구·도로·생활시설 근거가 부족하여 보존·기록형으로 보수적 표시,RULE_BASED_WITH_MISSING_DATA_GUARD
247,가음면 현리리 487유,가음면,6.8,의성군 주소 자료,미기재,36.204182831670096,128.76163797355952,247,가음면 현리리 487유,가음면,가음면,6.8,VWorld UQ164·UO601,VWorld UQ151,,DATA_NOT_AVAILABLE,,DATA_NOT_AVAILABLE,1396.0,85.0,797.0,6.088825214899714,57.09169054441261,-32.0,2025.0,pond_emd_population_context,,,,,,,0,0.0,pond_emd_population_context,0.0,0.0,0.0,,,,,,,,,,0,0.0,pond_emd_population_context,45539.43569082059,4.553943569082059,1.451896434188224,247,1233.0289921552194,1233.0289921552194,AVAILABLE,,500m 이상,D_PRESERVATION,보존·기록형,현재 확보된 자료만으로 활동형 판정에 필요한 인구·도로·생활시설 근거가 부족하여 보존·기록형으로 보수적 표시,RULE_BASED_WITH_MISSING_DATA_GUARD
248,가음면 현리리 249-2유,가음면,21.0,의성군 주소 자료,미기재,36.21463767187116,128.76269500986152,248,가음면 현리리 249-2유,가음면,가음면,21.0,VWorld UQ164·UO601,VWorld UQ151,73.0,AVAILABLE,193.0,AVAILABLE,1396.0,85.0,797.0,6.088825214899714,57.09169054441261,-32.0,2025.0,pond_emd_population_context,,,,,,,0,1925.1722758005972,pond_emd_population_context,102245.47166853285,10.224547166853284,13.039233664229158,,,,,,,,,,0,4004.620834903392,pond_emd_population_context,195271.25372892097,19.527125372892097,6.22567303893123,248,101.27498708633438,101.27498708633438,AVAILABLE,,100–300m,D_PRESERVATION,보존·기록형,현재 확보된 자료만으로 활동형 판정에 필요한 인구·도로·생활시설 근거가 부족하여 보존·기록형으로 보수적 표시,RULE_BASED_WITH_MISSING_DATA_GUARD
249,가음면 현리리 67유,가음면,6.0,의성군 주소 자료,미기재,36.21536450614774,128.78600678765105,249,가음면 현리리 67유,가음면,가음면,6.0,VWorld UQ164·UO601,VWorld UQ151,,DATA_NOT_AVAILABLE,,DATA_NOT_AVAILABLE,1396.0,85.0,797.0,6.088825214899714,57.09169054441261,-32.0,2025.0,pond_emd_population_context,,,,,,,0,1260.953926723754,pond_emd_population_context,0.0,0.0,0.0,,,,,,,,,,0,3587.281596613021,pond_emd_population_context,0.0,0.0,0.0,249,339.9527354273007,339.9527354273007,AVAILABLE,,300–500m,D_PRESERVATION,보존·기록형,현재 확보된 자료만으로 활동형 판정에 필요한 인구·도로·생활시설 근거가 부족하여 보존·기록형으로 보수적 표시,RULE_BASED_WITH_MISSING_DATA_GUARD
250,가음면 현리리 584유,가음면,7.4,의성군 주소 자료,미기재,36.197419722107966,128.76626686795507,250,가음면 현리리 584유,가음면,가음면,7.4,VWorld UQ164·UO601,VWorld UQ151,,DATA_NOT_AVAILABLE,,DATA_NOT_AVAILABLE,1396.0,85.0,797.0,6.088825214899714,57.09169054441261,-32.0,2025.0,pond_emd_population_context,,,,,,,0,0.0,pond_emd_population_context,0.0,0.0,0.0,,,,,,,,,,0,0.0,pond_emd_population_context,0.0,0.0,0.0,250,1889.3980841413547,1889.3980841413547,AVAILABLE,,500m 이상,D_PRESERVATION,보존·기록형,현재 확보된 자료만으로 활동형 판정에 필요한 인구·도로·생활시설 근거가 부족하여 보존·기록형으로 보수적 표시,RULE_BASED_WITH_MISSING_DATA_GUARD
251,가음면 현리리 450답,가음면,2.2,의성군 주소 자료,미기재,36.2066334419607,128.76288252108426,251,가음면 현리리 450답,가음면,가음면,2.2,VWorld UQ164·UO601,VWorld UQ151,58.0,AVAILABLE,98.0,AVAILABLE,1396.0,85.0,797.0,6.088825214899714,57.09169054441261,-32.0,2025.0,pond_emd_population_context,,,,,,,0,0.0,pond_emd_population_context,17007.464949607132,1.7007464949607132,2.168940158377353,,,,,,,,,,0,1063.7486083719714,pond_emd_population_context,71682.56852941451,7.168256852941451,2.285396471486987,251,947.6578975805858,947.6578975805858,AVAILABLE,,500m 이상,D_PRESERVATION,보존·기록형,현재 확보된 자료만으로 활동형 판정에 필요한 인구·도로·생활시설 근거가 부족하여 보존·기록형으로 보수적 표시,RULE_BASED_WITH_MISSING_DATA_GUARD
380,비안면 옥연리 630유,비안면,8.8,의성군 주소 자료,미기재,36.31507389375803,128.47689361380353,380,비안면 옥연리 630유,비안면,비안면,8.8,VWorld UQ164·UO601,VWorld UQ151,,DATA_NOT_AVAILABLE,,DATA_NOT_AVAILABLE,2465.0,177.0,1366.0,7.18052738336714,55.41582150101419,-74.0,2025.0,pond_emd_population_context,,,,,,,0,1710.2990773589256,pond_emd_population_context,196599.5644703593,19.65995644703593,25.072089918322,,,,,,,,,,0,3523.337659244814,pond_emd_population_context,401208.46045042376,40.12084604504238,12.791399898956914,380,313.6489965530694,313.6489965530694,AVAILABLE,,300–500m,D_PRESERVATION,보존·기록형,현재 확보된 자료만으로 활동형 판정에 필요한 인구·도로·생활시설 근거가 부족하여 보존·기록형으로 보수적 표시,RULE_BASED_WITH_MISSING_DATA_GUARD
381,비안면 옥연리 777-1,비안면,15.4,의성군 주소 자료,미기재,36.32786513368836,128.46256881300184,381,비안면 옥연리 777-1,비안면,비안면,15.4,VWorld UQ164·UO601,VWorld UQ151,53.0,AVAILABLE,113.0,AVAILABLE,2465.0,177.0,1366.0,7.18052738336714,55.41582150101419,-74.0,2025.0,pond_emd_population_context,,,,,,,0,0.0,pond_emd_population_context,7.579394155914064,0.0007579394155914,0.0009665904007235,,,,,,,,,,0,0.0,pond_emd_population_context,157734.05058030973,15.773405058030974,5.028905213987513,381,1296.044807415359,1296.044807415359,AVAILABLE,,500m 이상,D_PRESERVATION,보존·기록형,현재 확보된 자료만으로 활동형 판정에 필요한 인구·도로·생활시설 근거가 부족하여 보존·기록형으로 보수적 표시,RULE_BASED_WITH_MISSING_DATA_GUARD
382,비안면 용남리 570답,비안면,10.6,의성군 주소 자료,미기재,36.354327244884544,128.47088340334741,382,비안면 용남리 570답,비안면,비안면,10.6,VWorld UQ164·UO601,VWorld UQ151,128.0,AVAILABLE,463.0,AVAILABLE,2465.0,177.0,1366.0,7.18052738336714,55.41582150101419,-74.0,2025.0,pond_emd_population_context,,,,,,,0,2567.790966660793,pond_emd_population_context,445314.7474603256,44.53147474603255,56.790417722229705,,,,,,,,,,0,8675.25512015964,pond_emd_population_context,1416976.0730507832,141.69760730507832,45.17628461099172,382,339.96968959626133,339.96968959626133,AVAILABLE,,300–500m,D_PRESERVATION,보존·기록형,현재 확보된 자료만으로 활동형 판정에 필요한 인구·도로·생활시설 근거가 부족하여 보존·기록형으로 보수적 표시,RULE_BASED_WITH_MISSING_DATA_GUARD
383,비안면 용남리 105유,비안면,34.5,의성군 주소 자료,미기재,36.34945661202907,128.47857810386537,383,비안면 용남리 105유,비안면,비안면,34.5,VWorld UQ164·UO601,VWorld UQ151,33.0,AVAILABLE,128.0,AVAILABLE,2465.0,177.0,1366.0,7.18052738336714,55.41582150101419,-74.0,2025.0,pond_emd_population_context,,,,,,,0,0.0,pond_emd_population_context,163889.3477314741,16.388934773147408,20.90059799495725,,,,,,,,,,0,5475.211429099798,pond_emd_population_context,779237.9240152802,77.92379240152802,24.843802873255,383,747.2889083830954,747.2889083830954,AVAILABLE,,500m 이상,B_ECO_EDUCATION,생태·교육형,1km 농업지역 비율 상위 25%이고 도로 접근성이 낮음,RULE_BASED_WITH_MISSING_DATA_GUARD
384,비안면 용남리 8답,비안면,5.5,의성군 주소 자료,미기재,36.35423931130094,128.48383733146798,384,비안면 용남리 8답,비안면,비안면,5.5,VWorld UQ164·UO601,VWorld UQ151,8.0,AVAILABLE,63.0,AVAILABLE,2465.0,177.0,1366.0,7.18052738336714,55.41582150101419,-74.0,2025.0,pond_emd_population_context,,,,,,,0,0.0,pond_emd_population_context,124598.56953517377,12.459856953517376,15.889895521875175,,,,,,,,,,0,0.0,pond_emd_population_context,376664.6475665136,37.666464756651365,12.008889666518636,384,1393.8239394881984,1393.8239394881984,AVAILABLE,,500m 이상,D_PRESERVATION,보존·기록형,현재 확보된 자료만으로 활동형 판정에 필요한 인구·도로·생활시설 근거가 부족하여 보존·기록형으로 보수적 표시,RULE_BASED_WITH_MISSING_DATA_GUARD
385,비안면 이두리 401-1유,비안면,6.1,의성군 주소 자료,미기재,36.34350196500233,128.4907956708952,385,비안면 이두리 401-1유,비안면,비안면,6.1,VWorld UQ164·UO601,VWorld UQ151,83.0,AVAILABLE,448.0,AVAILABLE,2465.0,177.0,1366.0,7.18052738336714,55.41582150101419,-74.0,2025.0,pond_emd_population_context,,,,,,,0,0.0,pond_emd_population_context,24590.08065208468,2.4590080652084683,3.135941398795971,,,,,,,,,,2,10200.352442672152,pond_emd_population_context,675856.151279051,67.5856151279051,21.547766703310884,385,519.0193690492085,519.0193690492085,AVAILABLE,,500m 이상,B_ECO_EDUCATION,생태·교육형,1km 농업지역 비율 상위 25%이고 도로 접근성이 낮음,RULE_BASED_WITH_MISSING_DATA_GUARD
386,비안면 이두리 561유,비안면,12.5,의성군 주소 자료,미기재,36.34652549436558,128.48388044247235,386,비안면 이두리 561유,비안면,비안면,12.5,VWorld UQ164·UO601,VWorld UQ151,58.0,AVAILABLE,93.0,AVAILABLE,2465.0,177.0,1366.0,7.18052738336714,55.41582150101419,-74.0,2025.0,pond_emd_population_context,,,,,,,0,0.0,pond_emd_population_context,154112.15296757338,15.411215296757335,19.65372490584405,,,,,,,,,,0,2314.150351032809,pond_emd_population_context,552677.7333174435,55.26777333174435,17.620570349328528,386,633.3642738951996,633.3642738951996,AVAILABLE,,500m 이상,D_PRESERVATION,보존·기록형,현재 확보된 자료만으로 활동형 판정에 필요한 인구·도로·생활시설 근거가 부족하여 보존·기록형으로 보수적 표시,RULE_BASED_WITH_MISSING_DATA_GUARD
387,비안면 이두리 16답,비안면,5.3,의성군 주소 자료,미기재,36.33833308465734,128.50491982898836,387,비안면 이두리 16답,비안면,비안면,5.3,VWorld UQ164·UO601,VWorld UQ151,,DATA_NOT_AVAILABLE,,DATA_NOT_AVAILABLE,2465.0,177.0,1366.0,7.18052738336714,55.41582150101419,-74.0,2025.0,pond_emd_population_context,,,,,,,0,2666.0536093388023,pond_emd_population_context,44402.57916399598,4.440257916399598,5.662603884216446,,,,,,,,,,3,10773.692096629013,pond_emd_population_context,775253.4912875554,77.52534912875554,24.716770476346912,387,255.2349183693505,255.2349183693505,AVAILABLE,,100–300m,A_CULTURE_TOURISM,문화·관광형,도로 255m 이내이며 1km 생활시설 3개,RULE_BASED_WITH_MISSING_DATA_GUARD
388,비안면 외곡리 7-1유,비안면,7.8,의성군 주소 자료,미기재,36.354496671732576,128.51505592517438,388,비안면 외곡리 7-1유,비안면,비안면,7.8,VWorld UQ164·UO601,VWorld UQ151,,DATA_NOT_AVAILABLE,,DATA_NOT_AVAILABLE,2465.0,177.0,1366.0,7.18052738336714,55.41582150101419,-74.0,2025.0,pond_emd_population_context,,,,,,,0,0.0,pond_emd_population_context,3302.122979040821,0.3302122979040821,0.4211155018319022,,,,,,,,,,0,4375.575758345055,pond_emd_population_context,337209.0808306457,33.72090808306457,10.75096023055443,388,792.9954543335759,792.9954543335759,AVAILABLE,,500m 이상,D_PRESERVATION,보존·기록형,현재 확보된 자료만으로 활동형 판정에 필요한 인구·도로·생활시설 근거가 부족하여 보존·기록형으로 보수적 표시,RULE_BASED_WITH_MISSING_DATA_GUARD
389,비안면 외곡리 67유,비안면,11.0,의성군 주소 자료,미기재,36.34972398850921,128.5126800109804,389,비안면 외곡리 67유,비안면,비안면,11.0,VWorld UQ164·UO601,VWorld UQ151,,DATA_NOT_AVAILABLE,,DATA_NOT_AVAILABLE,2465.0,177.0,1366.0,7.18052738336714,55.41582150101419,-74.0,2025.0,pond_emd_population_context,,,,,,,0,0.0,pond_emd_population_context,61475.102676785405,6.14751026767854,7.839840877586581,,,,,,,,,,0,2497.47106737449,pond_emd_population_context,266443.9335397191,26.64439335397191,8.494813147089122,389,783.0298395152437,783.0298395152437,AVAILABLE,,500m 이상,D_PRESERVATION,보존·기록형,현재 확보된 자료만으로 활동형 판정에 필요한 인구·도로·생활시설 근거가 부족하여 보존·기록형으로 보수적 표시,RULE_BASED_WITH_MISSING_DATA_GUARD
390,비안면 외곡리 498-1유,비안면,5.5,의성군 주소 자료,미기재,36.35535606980717,128.49617927653696,390,비안면 외곡리 498-1유,비안면,비안면,5.5,VWorld UQ164·UO601,VWorld UQ151,18.0,AVAILABLE,63.0,AVAILABLE,2465.0,177.0,1366.0,7.18052738336714,55.41582150101419,-74.0,2025.0,pond_emd_population_context,,,,,,,0,0.0,pond_emd_population_context,0.0,0.0,0.0,,,,,,,,,,0,2344.7446848092586,pond_emd_population_context,235745.84991306096,23.5745849913061,7.51609135403579,390,799.4207251174056,799.4207251174056,AVAILABLE,,500m 이상,D_PRESERVATION,보존·기록형,현재 확보된 자료만으로 활동형 판정에 필요한 인구·도로·생활시설 근거가 부족하여 보존·기록형으로 보수적 표시,RULE_BASED_WITH_MISSING_DATA_GUARD
391,비안면 외곡리 521유,비안면,11.0,의성군 주소 자료,미기재,36.34947244503101,128.4932597393834,391,비안면 외곡리 521유,비안면,비안면,11.0,VWorld UQ164·UO601,VWorld UQ151,53.0,AVAILABLE,73.0,AVAILABLE,2465.0,177.0,1366.0,7.18052738336714,55.41582150101419,-74.0,2025.0,pond_emd_population_context,,,,,,,0,0.0,pond_emd_population_context,5925.591057595101,0.5925591057595101,0.7556830159592144,,,,,,,,,,0,2045.52138104204,pond_emd_population_context,419134.34873931465,41.913434873931465,13.362916275729749,391,815.8924358086073,815.8924358086073,AVAILABLE,,500m 이상,D_PRESERVATION,보존·기록형,현재 확보된 자료만으로 활동형 판정에 필요한 인구·도로·생활시설 근거가 부족하여 보존·기록형으로 보수적 표시,RULE_BASED_WITH_MISSING_DATA_GUARD
392,비안면 자락리 78유,비안면,13.8,의성군 주소 자료,미기재,36.37228513634102,128.52135049563464,392,비안면 자락리 78유,비안면,비안면,13.8,VWorld UQ164·UO601,VWorld UQ151,,DATA_NOT_AVAILABLE,,DATA_NOT_AVAILABLE,2465.0,177.0,1366.0,7.18052738336714,55.41582150101419,-74.0,2025.0,pond_emd_population_context,,,,,,,0,0.0,pond_emd_population_context,126871.90728187936,12.687190728187936,16.179811364535713,,,,,,,,,,0,0.0,pond_emd_population_context,323604.2785037997,32.36042785037998,10.317209489322368,392,1024.2577421031035,1024.2577421031035,AVAILABLE,,500m 이상,D_PRESERVATION,보존·기록형,현재 확보된 자료만으로 활동형 판정에 필요한 인구·도로·생활시설 근거가 부족하여 보존·기록형으로 보수적 표시,RULE_BASED_WITH_MISSING_DATA_GUARD
393,비안면 자락리 14유,비안면,11.0,의성군 주소 자료,미기재,36.3786304027253,128.5212176723778,393,비안면 자락리 14유,비안면,비안면,11.0,VWorld UQ164·UO601,VWorld UQ151,63.0,AVAILABLE,118.0,AVAILABLE,2465.0,177.0,1366.0,7.18052738336714,55.41582150101419,-74.0,2025.0,pond_emd_population_context,,,,,,,0,0.0,pond_emd_population_context,65508.64948103299,6.550864948103299,8.354233920309229,,,,,,,,,,0,0.0,pond_emd_population_context,152382.9450793031,15.238294507930313,4.858300311269262,393,1621.8881336881752,1621.8881336881752,AVAILABLE,,500m 이상,D_PRESERVATION,보존·기록형,현재 확보된 자료만으로 활동형 판정에 필요한 인구·도로·생활시설 근거가 부족하여 보존·기록형으로 보수적 표시,RULE_BASED_WITH_MISSING_DATA_GUARD
394,비안면 자락리 448-1유,비안면,4.5,의성군 주소 자료,미기재,36.37002331048683,128.5049834747649,394,비안면 자락리 448-1유,비안면,비안면,4.5,VWorld UQ164·UO601,VWorld UQ151,33.0,AVAILABLE,163.0,AVAILABLE,2465.0,177.0,1366.0,7.18052738336714,55.41582150101419,-74.0,2025.0,pond_emd_population_context,,,,,,,0,1997.1582283021664,pond_emd_population_context,73075.2324852863,7.307523248528629,9.319190531317837,,,,,,,,,,0,5169.136504649876,pond_emd_population_context,441283.3943660795,44.128339436607945,14.069076110131345,394,63.85412564338932,63.85412564338932,AVAILABLE,,0–100m,D_PRESERVATION,보존·기록형,현재 확보된 자료만으로 활동형 판정에 필요한 인구·도로·생활시설 근거가 부족하여 보존·기록형으로 보수적 표시,RULE_BASED_WITH_MISSING_DATA_GUARD
395,비안면 자락리 453답,비안면,2.0,의성군 주소 자료,미기재,36.36825299607582,128.50531708537144,395,비안면 자락리 453답,비안면,비안면,2.0,VWorld UQ164·UO601,VWorld UQ151,108.0,AVAILABLE,163.0,AVAILABLE,2465.0,177.0,1366.0,7.18052738336714,55.41582150101419,-74.0,2025.0,pond_emd_population_context,,,,,,,0,2049.202554951916,pond_emd_population_context,87011.88383181163,8.701188383181163,11.096513775454868,,,,,,,,,,0,5774.286271898756,pond_emd_population_context,498758.34480470855,49.87583448047086,15.90150276037662,395,77.51915827688376,77.51915827688376,AVAILABLE,,0–100m,D_PRESERVATION,보존·기록형,현재 확보된 자료만으로 활동형 판정에 필요한 인구·도로·생활시설 근거가 부족하여 보존·기록형으로 보수적 표시,RULE_BASED_WITH_MISSING_DATA_GUARD
396,비안면 자락리 603구,비안면,13.5,의성군 주소 자료,미기재,36.36909909339015,128.51110485830418,396,비안면 자락리 603구,비안면,비안면,13.5,VWorld UQ164·UO601,VWorld UQ151,128.0,AVAILABLE,143.0,AVAILABLE,2465.0,177.0,1366.0,7.18052738336714,55.41582150101419,-74.0,2025.0,pond_emd_population_context,,,,,,,0,2154.4057427403304,pond_emd_population_context,269033.21886539215,26.903321886539214,34.309460819917895,,,,,,,,,,0,5389.8917488099705,pond_emd_population_context,561819.7506578204,56.18197506578204,17.91203778137788,396,297.7598843268311,297.7598843268311,AVAILABLE,,100–300m,D_PRESERVATION,보존·기록형,현재 확보된 자료만으로 활동형 판정에 필요한 인구·도로·생활시설 근거가 부족하여 보존·기록형으로 보수적 표시,RULE_BASED_WITH_MISSING_DATA_GUARD
397,비안면 자락리 172유,비안면,34.5,의성군 주소 자료,미기재,36.362215166019375,128.51606324948466,397,비안면 자락리 172유,비안면,비안면,34.5,VWorld UQ164·UO601,VWorld UQ151,103.0,AVAILABLE,143.0,AVAILABLE,2465.0,177.0,1366.0,7.18052738336714,55.41582150101419,-74.0,2025.0,pond_emd_population_context,,,,,,,0,2197.082819972464,pond_emd_population_context,121278.8415479854,12.127884154798538,15.466534875968426,,,,,,,,,,0,6432.390310508505,pond_emd_population_context,438084.1362919314,43.80841362919315,13.967076791970278,397,80.45002653832502,80.45002653832502,AVAILABLE,,0–100m,D_PRESERVATION,보존·기록형,현재 확보된 자료만으로 활동형 판정에 필요한 인구·도로·생활시설 근거가 부족하여 보존·기록형으로 보수적 표시,RULE_BASED_WITH_MISSING_DATA_GUARD
398,비안면 자락리 150유,비안면,3.8,의성군 주소 자료,미기재,36.36789307491847,128.51668582455375,398,비안면 자락리 150유,비안면,비안면,3.8,VWorld UQ164·UO601,VWorld UQ151,113.0,AVAILABLE,143.0,AVAILABLE,2465.0,177.0,1366.0,7.18052738336714,55.41582150101419,-74.0,2025.0,pond_emd_population_context,,,,,,,0,1093.0978754014216,pond_emd_population_context,207090.26685221665,20.709026685221662,26.409955717429284,,,,,,,,,,0,5021.244328234052,pond_emd_population_context,530429.7421336562,53.04297421336562,16.91125591497986,398,382.95022793371953,382.95022793371953,AVAILABLE,,300–500m,D_PRESERVATION,보존·기록형,현재 확보된 자료만으로 활동형 판정에 필요한 인구·도로·생활시설 근거가 부족하여 보존·기록형으로 보수적 표시,RULE_BASED_WITH_MISSING_DATA_GUARD
399,비안면 자락리 116유,비안면,4.6,의성군 주소 자료,미기재,36.370825402201405,128.51851428843565,399,비안면 자락리 116유,비안면,비안면,4.6,VWorld UQ164·UO601,VWorld UQ151,,DATA_NOT_AVAILABLE,,DATA_NOT_AVAILABLE,2465.0,177.0,1366.0,7.18052738336714,55.41582150101419,-74.0,2025.0,pond_emd_population_context,,,,,,,0,0.0,pond_emd_population_context,166777.42406638418,16.67774240663842,21.26891066011964,,,,,,,,,,0,2671.1866830497647,pond_emd_population_context,480619.68642746273,48.06196864274627,15.32320280958935,399,743.5165523758145,743.5165523758145,AVAILABLE,,500m 이상,D_PRESERVATION,보존·기록형,현재 확보된 자료만으로 활동형 판정에 필요한 인구·도로·생활시설 근거가 부족하여 보존·기록형으로 보수적 표시,RULE_BASED_WITH_MISSING_DATA_GUARD
400,비안면 현산리 26유,비안면,41.3,의성군 주소 자료,미기재,36.35100268791538,128.52551488717583,400,비안면 현산리 26유,비안면,비안면,41.3,VWorld UQ164·UO601,VWorld UQ151,13.0,AVAILABLE,83.0,AVAILABLE,2465.0,177.0,1366.0,7.18052738336714,55.41582150101419,-74.0,2025.0,pond_emd_population_context,,,,,,,0,0.0,pond_emd_population_context,105612.99355486054,10.561299355486057,13.468689404700315,,,,,,,,,,0,2981.878085822691,pond_emd_population_context,164696.2279052693,16.46962279052693,5.250874596764306,400,643.8737114617419,643.8737114617419,AVAILABLE,,500m 이상,D_PRESERVATION,보존·기록형,현재 확보된 자료만으로 활동형 판정에 필요한 인구·도로·생활시설 근거가 부족하여 보존·기록형으로 보수적 표시,RULE_BASED_WITH_MISSING_DATA_GUARD
401,비안면 현산리 124-3유,비안면,26.4,의성군 주소 자료,미기재,36.3383765184167,128.5249681211495,401,비안면 현산리 124-3유,비안면,비안면,26.4,VWorld UQ164·UO601,VWorld UQ151,,DATA_NOT_AVAILABLE,,DATA_NOT_AVAILABLE,2465.0,177.0,1366.0,7.18052738336714,55.41582150101419,-74.0,2025.0,pond_emd_population_context,,,,,,,0,0.0,pond_emd_population_context,121247.47478278136,12.124747478278136,15.462534712693596,,,,,,,,,,0,1477.5995299271528,pond_emd_population_context,365511.23609804607,36.551123609804606,11.653294607105847,401,846.6276046173825,846.6276046173825,AVAILABLE,,500m 이상,D_PRESERVATION,보존·기록형,현재 확보된 자료만으로 활동형 판정에 필요한 인구·도로·생활시설 근거가 부족하여 보존·기록형으로 보수적 표시,RULE_BASED_WITH_MISSING_DATA_GUARD
402,비안면 산제리 1379유,비안면,164.0,의성군 주소 자료,미기재,36.36026871046514,128.54354274632368,402,비안면 산제리 1379유,비안면,비안면,164.0,VWorld UQ164·UO601,VWorld UQ151,63.0,AVAILABLE,143.0,AVAILABLE,2465.0,177.0,1366.0,7.18052738336714,55.41582150101419,-74.0,2025.0,pond_emd_population_context,,,,,,,0,0.0,pond_emd_population_context,216917.2469821997,21.691724698219968,27.663177870328028,,,,,,,,,,0,1428.0107019001343,pond_emd_population_context,403764.7487413534,40.37647487413534,12.872899939483458,402,930.200433663621,930.200433663621,AVAILABLE,,500m 이상,D_PRESERVATION,보존·기록형,현재 확보된 자료만으로 활동형 판정에 필요한 인구·도로·생활시설 근거가 부족하여 보존·기록형으로 보수적 표시,RULE_BASED_WITH_MISSING_DATA_GUARD
403,비안면 산제리 1506구,비안면,18.0,의성군 주소 자료,미기재,36.3808081335537,128.53834304423006,403,비안면 산제리 1506구,비안면,비안면,18.0,VWorld UQ164·UO601,VWorld UQ151,,DATA_NOT_AVAILABLE,,DATA_NOT_AVAILABLE,2465.0,177.0,1366.0,7.18052738336714,55.41582150101419,-74.0,2025.0,pond_emd_population_context,,,,,,,0,0.0,pond_emd_population_context,0.0,0.0,0.0,,,,,,,,,,0,0.0,pond_emd_population_context,40025.56626343248,4.002556626343248,1.2761022628560144,403,2281.84547541222,2281.84547541222,AVAILABLE,,500m 이상,D_PRESERVATION,보존·기록형,현재 확보된 자료만으로 활동형 판정에 필요한 인구·도로·생활시설 근거가 부족하여 보존·기록형으로 보수적 표시,RULE_BASED_WITH_MISSING_DATA_GUARD
404,비안면 산제리 554-2유,비안면,1.7,의성군 주소 자료,미기재,36.37953128799822,128.5402345665711,404,비안면 산제리 554-2유,비안면,비안면,1.7,VWorld UQ164·UO601,VWorld UQ151,13.0,AVAILABLE,13.0,AVAILABLE,2465.0,177.0,1366.0,7.18052738336714,55.41582150101419,-74.0,2025.0,pond_emd_population_context,,,,,,,0,0.0,pond_emd_population_context,0.0,0.0,0.0,,,,,,,,,,0,0.0,pond_emd_population_context,85120.40146778924,8.512040146778924,2.713823864810529,404,2372.307800277839,2372.307800277839,AVAILABLE,,500m 이상,D_PRESERVATION,보존·기록형,현재 확보된 자료만으로 활동형 판정에 필요한 인구·도로·생활시설 근거가 부족하여 보존·기록형으로 보수적 표시,RULE_BASED_WITH_MISSING_DATA_GUARD
405,비안면 산제리 1212유,비안면,9.0,의성군 주소 자료,미기재,36.3413939900523,128.54471866274966,405,비안면 산제리 1212유,비안면,비안면,9.0,VWorld UQ164·UO601,VWorld UQ151,,DATA_NOT_AVAILABLE,,DATA_NOT_AVAILABLE,2465.0,177.0,1366.0,7.18052738336714,55.41582150101419,-74.0,2025.0,pond_emd_population_context,,,,,,,0,0.0,pond_emd_population_context,64941.90303094624,6.494190303094624,8.281957473534053,,,,,,,,,,0,3966.054970346091,pond_emd_population_context,761221.5531000159,76.12215531000159,24.269401713203788,405,524.9515694343072,524.9515694343072,AVAILABLE,,500m 이상,B_ECO_EDUCATION,생태·교육형,1km 농업지역 비율 상위 25%이고 도로 접근성이 낮음,RULE_BASED_WITH_MISSING_DATA_GUARD
406,비안면 산제리 185유,비안면,3.0,의성군 주소 자료,미기재,36.34869969730114,128.55183579772185,406,비안면 산제리 185유,비안면,비안면,3.0,VWorld UQ164·UO601,VWorld UQ151,68.0,AVAILABLE,248.0,AVAILABLE,2465.0,177.0,1366.0,7.18052738336714,55.41582150101419,-74.0,2025.0,pond_emd_population_context,,,,,,,0,580.2613621028979,pond_emd_population_context,262345.20968119975,26.234520968119973,33.45654759962479,,,,,,,,,,0,3646.015264055687,pond_emd_population_context,632591.4484516103,63.25914484516103,20.168393709147143,406,478.7623643557035,478.7623643557035,AVAILABLE,,300–500m,D_PRESERVATION,보존·기록형,현재 확보된 자료만으로 활동형 판정에 필요한 인구·도로·생활시설 근거가 부족하여 보존·기록형으로 보수적 표시,RULE_BASED_WITH_MISSING_DATA_GUARD
407,비안면 산제리 1297유,비안면,12.8,의성군 주소 자료,미기재,36.34892167361085,128.53884106562572,407,비안면 산제리 1297유,비안면,비안면,12.8,VWorld UQ164·UO601,VWorld UQ151,,DATA_NOT_AVAILABLE,,DATA_NOT_AVAILABLE,2465.0,177.0,1366.0,7.18052738336714,55.41582150101419,-74.0,2025.0,pond_emd_population_context,,,,,,,0,1274.1786373101363,pond_emd_population_context,38872.058037146926,3.887205803714693,4.957303629045002,,,,,,,,,,0,4389.14598562317,pond_emd_population_context,309170.9410123865,30.917094101238654,9.85704324177613,407,314.44570660126345,314.44570660126345,AVAILABLE,,300–500m,D_PRESERVATION,보존·기록형,현재 확보된 자료만으로 활동형 판정에 필요한 인구·도로·생활시설 근거가 부족하여 보존·기록형으로 보수적 표시,RULE_BASED_WITH_MISSING_DATA_GUARD
408,비안면 산제리 1231-1답,비안면,21.0,의성군 주소 자료,미기재,36.34552184042875,128.5432518796157,408,비안면 산제리 1231-1답,비안면,비안면,21.0,VWorld UQ164·UO601,VWorld UQ151,68.0,AVAILABLE,233.0,AVAILABLE,2465.0,177.0,1366.0,7.18052738336714,55.41582150101419,-74.0,2025.0,pond_emd_population_context,,,,,,,0,1332.0498430802415,pond_emd_population_context,109716.21707396774,10.971621707396771,13.991968229366988,,,,,,,,,,0,4397.7000262087495,pond_emd_population_context,572679.9865232006,57.26799865232007,18.258285763773653,408,336.6029797483039,336.6029797483039,AVAILABLE,,300–500m,D_PRESERVATION,보존·기록형,현재 확보된 자료만으로 활동형 판정에 필요한 인구·도로·생활시설 근거가 부족하여 보존·기록형으로 보수적 표시,RULE_BASED_WITH_MISSING_DATA_GUARD
409,비안면 산제리 323유,비안면,31.0,의성군 주소 자료,미기재,36.35261330992027,128.55230328857124,409,비안면 산제리 323유,비안면,비안면,31.0,VWorld UQ164·UO601,VWorld UQ151,48.0,AVAILABLE,153.0,AVAILABLE,2465.0,177.0,1366.0,7.18052738336714,55.41582150101419,-74.0,2025.0,pond_emd_population_context,,,,,,,0,0.0,pond_emd_population_context,15002.769568668004,1.5002769568668006,1.9132839315430947,,,,,,,,,,0,2625.104914025247,pond_emd_population_context,493322.6600273973,49.332266002739736,15.7282012860428,409,720.0878796272366,720.0878796272366,AVAILABLE,,500m 이상,D_PRESERVATION,보존·기록형,현재 확보된 자료만으로 활동형 판정에 필요한 인구·도로·생활시설 근거가 부족하여 보존·기록형으로 보수적 표시,RULE_BASED_WITH_MISSING_DATA_GUARD
410,비안면 산제리 1450-1유,비안면,1.4,의성군 주소 자료,미기재,36.35515055891207,128.53233535970674,410,비안면 산제리 1450-1유,비안면,비안면,1.4,VWorld UQ164·UO601,VWorld UQ151,18.0,AVAILABLE,113.0,AVAILABLE,2465.0,177.0,1366.0,7.18052738336714,55.41582150101419,-74.0,2025.0,pond_emd_population_context,,,,,,,0,2086.923748659189,pond_emd_population_context,0.0,0.0,0.0,,,,,,,,,,0,4262.049380750506,pond_emd_population_context,132995.69419471093,13.299569419471093,4.2401925108310206,410,62.00466409531401,62.00466409531401,AVAILABLE,,0–100m,D_PRESERVATION,보존·기록형,현재 확보된 자료만으로 활동형 판정에 필요한 인구·도로·생활시설 근거가 부족하여 보존·기록형으로 보수적 표시,RULE_BASED_WITH_MISSING_DATA_GUARD
411,비안면 산제리 50유,비안면,30.0,의성군 주소 자료,미기재,36.345626571491074,128.55533916941602,411,비안면 산제리 50유,비안면,비안면,30.0,VWorld UQ164·UO601,VWorld UQ151,28.0,AVAILABLE,243.0,AVAILABLE,2465.0,177.0,1366.0,7.18052738336714,55.41582150101419,-74.0,2025.0,pond_emd_population_context,,,,,,,0,208.73749414787025,pond_emd_population_context,234361.83894790435,23.43618389479043,29.88786427556432,,,,,,,,,,0,3224.365587258799,pond_emd_population_context,721435.8984963732,72.14358984963732,23.000948356797423,411,495.3043301897527,495.3043301897527,AVAILABLE,,300–500m,D_PRESERVATION,보존·기록형,현재 확보된 자료만으로 활동형 판정에 필요한 인구·도로·생활시설 근거가 부족하여 보존·기록형으로 보수적 표시,RULE_BASED_WITH_MISSING_DATA_GUARD
412,비안면 산제리 137유,비안면,8.0,의성군 주소 자료,미기재,36.345425893151,128.5548339528305,412,비안면 산제리 137유,비안면,비안면,8.0,VWorld UQ164·UO601,VWorld UQ151,33.0,AVAILABLE,248.0,AVAILABLE,2465.0,177.0,1366.0,7.18052738336714,55.41582150101419,-74.0,2025.0,pond_emd_population_context,,,,,,,0,825.0744472799681,pond_emd_population_context,275152.43803605024,27.515243803605024,35.089836980414375,,,,,,,,,,0,3363.2457754845354,pond_emd_population_context,734077.5370541238,73.40775370541238,23.403991338465165,412,445.9132556815479,445.9132556815479,AVAILABLE,,300–500m,D_PRESERVATION,보존·기록형,현재 확보된 자료만으로 활동형 판정에 필요한 인구·도로·생활시설 근거가 부족하여 보존·기록형으로 보수적 표시,RULE_BASED_WITH_MISSING_DATA_GUARD
413,비안면 산제리 600유,비안면,13.0,의성군 주소 자료,미기재,36.37144493879182,128.53702232483207,413,비안면 산제리 600유,비안면,비안면,13.0,VWorld UQ164·UO601,VWorld UQ151,,DATA_NOT_AVAILABLE,,DATA_NOT_AVAILABLE,2465.0,177.0,1366.0,7.18052738336714,55.41582150101419,-74.0,2025.0,pond_emd_population_context,,,,,,,0,0.0,pond_emd_population_context,86480.50281973465,8.648050281973465,11.028747437561014,,,,,,,,,,0,0.0,pond_emd_population_context,232323.60063264487,23.232360063264487,7.40698259035076,413,1684.7988196649808,1684.7988196649808,AVAILABLE,,500m 이상,D_PRESERVATION,보존·기록형,현재 확보된 자료만으로 활동형 판정에 필요한 인구·도로·생활시설 근거가 부족하여 보존·기록형으로 보수적 표시,RULE_BASED_WITH_MISSING_DATA_GUARD
414,비안면 산제리 549유,비안면,39.6,의성군 주소 자료,미기재,36.37882073404516,128.54083344327188,414,비안면 산제리 549유,비안면,비안면,39.6,VWorld UQ164·UO601,VWorld UQ151,13.0,AVAILABLE,13.0,AVAILABLE,2465.0,177.0,1366.0,7.18052738336714,55.41582150101419,-74.0,2025.0,pond_emd_population_context,,,,,,,0,0.0,pond_emd_population_context,0.0,0.0,0.0,,,,,,,,,,0,0.0,pond_emd_population_context,117250.84031540364,11.725084031540366,3.738212263219196,414,2434.683997823539,2434.683997823539,AVAILABLE,,500m 이상,D_PRESERVATION,보존·기록형,현재 확보된 자료만으로 활동형 판정에 필요한 인구·도로·생활시설 근거가 부족하여 보존·기록형으로 보수적 표시,RULE_BASED_WITH_MISSING_DATA_GUARD
415,비안면 산제리 185유,비안면,7.4,의성군 주소 자료,미기재,36.34869969730114,128.55183579772185,415,비안면 산제리 185유,비안면,비안면,7.4,VWorld UQ164·UO601,VWorld UQ151,68.0,AVAILABLE,248.0,AVAILABLE,2465.0,177.0,1366.0,7.18052738336714,55.41582150101419,-74.0,2025.0,pond_emd_population_context,,,,,,,0,580.2613621028979,pond_emd_population_context,262345.20968119975,26.234520968119973,33.45654759962479,,,,,,,,,,0,3646.015264055687,pond_emd_population_context,632591.4484516103,63.25914484516103,20.168393709147143,415,478.7623643557035,478.7623643557035,AVAILABLE,,300–500m,D_PRESERVATION,보존·기록형,현재 확보된 자료만으로 활동형 판정에 필요한 인구·도로·생활시설 근거가 부족하여 보존·기록형으로 보수적 표시,RULE_BASED_WITH_MISSING_DATA_GUARD
416,비안면 산제리 1127유,비안면,2.2,의성군 주소 자료,미기재,36.34611017162455,128.5444441643335,416,비안면 산제리 1127유,비안면,비안면,2.2,VWorld UQ164·UO601,VWorld UQ151,68.0,AVAILABLE,253.0,AVAILABLE,2465.0,177.0,1366.0,7.18052738336714,55.41582150101419,-74.0,2025.0,pond_emd_population_context,,,,,,,0,1715.2690861806368,pond_emd_population_context,192968.3495679253,19.29683495679253,24.609005746229123,,,,,,,,,,0,4487.041157363216,pond_emd_population_context,620077.641842696,62.0077641842696,19.769426288537097,416,211.20574137876827,211.20574137876827,AVAILABLE,,100–300m,D_PRESERVATION,보존·기록형,현재 확보된 자료만으로 활동형 판정에 필요한 인구·도로·생활시설 근거가 부족하여 보존·기록형으로 보수적 표시,RULE_BASED_WITH_MISSING_DATA_GUARD
417,비안면 화신리 56-1유,비안면,17.0,의성군 주소 자료,미기재,36.33795077776041,128.5593854495962,417,비안면 화신리 56-1유,비안면,비안면,17.0,VWorld UQ164·UO601,VWorld UQ151,,DATA_NOT_AVAILABLE,,DATA_NOT_AVAILABLE,2465.0,177.0,1366.0,7.18052738336714,55.41582150101419,-74.0,2025.0,pond_emd_population_context,,,,,,,0,0.0,pond_emd_population_context,150036.66911785546,15.003666911785546,19.13398368558208,,,,,,,,,,0,2710.254426687023,pond_emd_population_context,666988.0838373058,66.69880838373058,21.26503339093025,417,606.1890868079895,606.1890868079895,AVAILABLE,,500m 이상,B_ECO_EDUCATION,생태·교육형,1km 농업지역 비율 상위 25%이고 도로 접근성이 낮음,RULE_BASED_WITH_MISSING_DATA_GUARD
418,비안면 화신리 572유,비안면,16.0,의성군 주소 자료,미기재,36.32827716954284,128.55908146028747,418,비안면 화신리 572유,비안면,비안면,16.0,VWorld UQ164·UO601,VWorld UQ151,,DATA_NOT_AVAILABLE,,DATA_NOT_AVAILABLE,2465.0,177.0,1366.0,7.18052738336714,55.41582150101419,-74.0,2025.0,pond_emd_population_context,,,,,,,0,0.0,pond_emd_population_context,146308.26099411218,14.630826099411218,18.65850458682351,,,,,,,,,,0,2270.626171220043,pond_emd_population_context,520304.47926345374,52.030447926345374,16.588440473078624,418,811.2101628902229,811.2101628902229,AVAILABLE,,500m 이상,D_PRESERVATION,보존·기록형,현재 확보된 자료만으로 활동형 판정에 필요한 인구·도로·생활시설 근거가 부족하여 보존·기록형으로 보수적 표시,RULE_BASED_WITH_MISSING_DATA_GUARD
419,비안면 화신리 66-1유,비안면,17.0,의성군 주소 자료,미기재,36.338896784068474,128.5580121070151,419,비안면 화신리 66-1유,비안면,비안면,17.0,VWorld UQ164·UO601,VWorld UQ151,,DATA_NOT_AVAILABLE,,DATA_NOT_AVAILABLE,2465.0,177.0,1366.0,7.18052738336714,55.41582150101419,-74.0,2025.0,pond_emd_population_context,,,,,,,0,296.30407084998166,pond_emd_population_context,252437.48923820187,25.24374892382019,32.19302873832085,,,,,,,,,,0,3059.677484605191,pond_emd_population_context,738219.0878574662,73.82190878574661,23.536033001963297,419,481.44299007595663,481.44299007595663,AVAILABLE,,300–500m,D_PRESERVATION,보존·기록형,현재 확보된 자료만으로 활동형 판정에 필요한 인구·도로·생활시설 근거가 부족하여 보존·기록형으로 보수적 표시,RULE_BASED_WITH_MISSING_DATA_GUARD
420,비안면 화신리 890유,비안면,53.0,의성군 주소 자료,미기재,36.33467129794093,128.54057674296627,420,비안면 화신리 890유,비안면,비안면,53.0,VWorld UQ164·UO601,VWorld UQ151,,DATA_NOT_AVAILABLE,,DATA_NOT_AVAILABLE,2465.0,177.0,1366.0,7.18052738336714,55.41582150101419,-74.0,2025.0,pond_emd_population_context,,,,,,,0,0.0,pond_emd_population_context,44198.65961140075,4.419865961140075,5.636598285615323,,,,,,,,,,0,797.3766666137244,pond_emd_population_context,184093.78365315817,18.409378365315817,5.869310938697371,420,925.1695956152118,925.1695956152118,AVAILABLE,,500m 이상,D_PRESERVATION,보존·기록형,현재 확보된 자료만으로 활동형 판정에 필요한 인구·도로·생활시설 근거가 부족하여 보존·기록형으로 보수적 표시,RULE_BASED_WITH_MISSING_DATA_GUARD
421,비안면 화신리 26,비안면,17.7,의성군 주소 자료,미기재,36.3341172369496,128.5583067895632,421,비안면 화신리 26,비안면,비안면,17.7,VWorld UQ164·UO601,VWorld UQ151,,DATA_NOT_AVAILABLE,,DATA_NOT_AVAILABLE,2465.0,177.0,1366.0,7.18052738336714,55.41582150101419,-74.0,2025.0,pond_emd_population_context,,,,,,,0,0.0,pond_emd_population_context,183085.19638998975,18.308519638998977,23.348619916681123,,,,,,,,,,0,3049.349265450332,pond_emd_population_context,734590.195443799,73.4590195443799,23.42033600494236,421,550.1484048601505,550.1484048601505,AVAILABLE,,500m 이상,B_ECO_EDUCATION,생태·교육형,1km 농업지역 비율 상위 25%이고 도로 접근성이 낮음,RULE_BASED_WITH_MISSING_DATA_GUARD
422,비안면 화신리 907유,비안면,4.8,의성군 주소 자료,미기재,36.324668516672816,128.54133764131998,422,비안면 화신리 907유,비안면,비안면,4.8,VWorld UQ164·UO601,VWorld UQ151,23.0,AVAILABLE,313.0,AVAILABLE,2465.0,177.0,1366.0,7.18052738336714,55.41582150101419,-74.0,2025.0,pond_emd_population_context,,,,,,,0,0.0,pond_emd_population_context,40475.89487093944,4.047589487093944,5.1618388802775925,,,,,,,,,,0,6618.15246666808,pond_emd_population_context,402627.7490793536,40.26277490793536,12.83664991288808,422,517.2966970456507,517.2966970456507,AVAILABLE,,500m 이상,D_PRESERVATION,보존·기록형,현재 확보된 자료만으로 활동형 판정에 필요한 인구·도로·생활시설 근거가 부족하여 보존·기록형으로 보수적 표시,RULE_BASED_WITH_MISSING_DATA_GUARD
423,비안면 화신리 674답,비안면,4.2,의성군 주소 자료,미기재,36.32569864488783,128.55365163603236,423,비안면 화신리 674답,비안면,비안면,4.2,VWorld UQ164·UO601,VWorld UQ151,,DATA_NOT_AVAILABLE,,DATA_NOT_AVAILABLE,2465.0,177.0,1366.0,7.18052738336714,55.41582150101419,-74.0,2025.0,pond_emd_population_context,,,,,,,0,651.8122631549306,pond_emd_population_context,172114.49356491308,17.211449356491308,21.94954027762637,,,,,,,,,,0,3666.953117700854,pond_emd_population_context,610119.7478039452,61.011974780394524,19.45194692965693,423,433.4276791859828,433.4276791859828,AVAILABLE,,300–500m,D_PRESERVATION,보존·기록형,현재 확보된 자료만으로 활동형 판정에 필요한 인구·도로·생활시설 근거가 부족하여 보존·기록형으로 보수적 표시,RULE_BASED_WITH_MISSING_DATA_GUARD
424,비안면 쌍계리 663유,비안면,11.5,의성군 주소 자료,미기재,36.32489923216182,128.5339036529198,424,비안면 쌍계리 663유,비안면,비안면,11.5,VWorld UQ164·UO601,VWorld UQ151,,DATA_NOT_AVAILABLE,83.0,AVAILABLE,2465.0,177.0,1366.0,7.18052738336714,55.41582150101419,-74.0,2025.0,pond_emd_population_context,,,,,,,0,1239.3914305095038,pond_emd_population_context,102542.12303590402,10.254212303590402,13.077065232051602,,,,,,,,,,0,5691.062666685162,pond_emd_population_context,235835.15371994412,23.583515371994416,7.518938553980327,424,369.3293580801191,369.3293580801191,AVAILABLE,,300–500m,D_PRESERVATION,보존·기록형,현재 확보된 자료만으로 활동형 판정에 필요한 인구·도로·생활시설 근거가 부족하여 보존·기록형으로 보수적 표시,RULE_BASED_WITH_MISSING_DATA_GUARD
425,비안면 산제리 1476,비안면,0.45,의성군 주소 자료,미기재,36.36955728897523,128.5436592115373,425,비안면 산제리 1476,비안면,비안면,0.45,VWorld UQ164·UO601,VWorld UQ151,,DATA_NOT_AVAILABLE,,DATA_NOT_AVAILABLE,2465.0,177.0,1366.0,7.18052738336714,55.41582150101419,-74.0,2025.0,pond_emd_population_context,,,,,,,0,0.0,pond_emd_population_context,184700.11370979555,18.47001137097956,23.554568248061734,,,,,,,,,,0,0.0,pond_emd_population_context,332138.9461643308,33.21389461643307,10.589313290244174,425,1913.7965637421528,1913.7965637421528,AVAILABLE,,500m 이상,D_PRESERVATION,보존·기록형,현재 확보된 자료만으로 활동형 판정에 필요한 인구·도로·생활시설 근거가 부족하여 보존·기록형으로 보수적 표시,RULE_BASED_WITH_MISSING_DATA_GUARD
426,비안면 쌍계리 692답,비안면,28.5,의성군 주소 자료,미기재,36.3299839324059,128.53510572462105,426,비안면 쌍계리 692답,비안면,비안면,28.5,VWorld UQ164·UO601,VWorld UQ151,,DATA_NOT_AVAILABLE,,DATA_NOT_AVAILABLE,2465.0,177.0,1366.0,7.18052738336714,55.41582150101419,-74.0,2025.0,pond_emd_population_context,,,,,,,0,0.0,pond_emd_population_context,40408.05597768471,4.040805597768471,5.153187473362098,,,,,,,,,,0,1610.986019031665,pond_emd_population_context,140148.99767750627,14.014899767750627,4.468255411958059,426,884.9549221256623,884.9549221256623,AVAILABLE,,500m 이상,D_PRESERVATION,보존·기록형,현재 확보된 자료만으로 활동형 판정에 필요한 인구·도로·생활시설 근거가 부족하여 보존·기록형으로 보수적 표시,RULE_BASED_WITH_MISSING_DATA_GUARD
427,비안면 도암리 209-1유,비안면,190.1,의성군 주소 자료,미기재,36.30301660279769,128.54334981520532,427,비안면 도암리 209-1유,비안면,비안면,190.1,VWorld UQ164·UO601,VWorld UQ151,93.0,AVAILABLE,466.0,AVAILABLE,2465.0,177.0,1366.0,7.18052738336714,55.41582150101419,-74.0,2025.0,pond_emd_population_context,,,,,,,0,0.0,pond_emd_population_context,140254.8100503483,14.025481005034829,17.886515763821404,,,,,,,,,,1,2133.2384430907064,pond_emd_population_context,336723.2459371716,33.67232459371716,10.735470755580952,427,719.9363589956259,719.9363589956259,AVAILABLE,,500m 이상,D_PRESERVATION,보존·기록형,현재 확보된 자료만으로 활동형 판정에 필요한 인구·도로·생활시설 근거가 부족하여 보존·기록형으로 보수적 표시,RULE_BASED_WITH_MISSING_DATA_GUARD
428,비안면 도암리 289답,비안면,16.2,의성군 주소 자료,미기재,36.299394330638926,128.53212435326844,428,비안면 도암리 289답,비안면,비안면,16.2,VWorld UQ164·UO601,VWorld UQ151,,DATA_NOT_AVAILABLE,,DATA_NOT_AVAILABLE,2465.0,177.0,1366.0,7.18052738336714,55.41582150101419,-74.0,2025.0,pond_emd_population_context,,,,,,,0,0.0,pond_emd_population_context,0.0,0.0,0.0,,,,,,,,,,0,0.0,pond_emd_population_context,109788.81529380952,10.978881529380953,3.500306646772138,428,1521.4380146916612,1521.4380146916612,AVAILABLE,,500m 이상,D_PRESERVATION,보존·기록형,현재 확보된 자료만으로 활동형 판정에 필요한 인구·도로·생활시설 근거가 부족하여 보존·기록형으로 보수적 표시,RULE_BASED_WITH_MISSING_DATA_GUARD
429,비안면 도암리 543-2유,비안면,13.8,의성군 주소 자료,미기재,36.30562528563199,128.51265240199137,429,비안면 도암리 543-2유,비안면,비안면,13.8,VWorld UQ164·UO601,VWorld UQ151,63.0,AVAILABLE,98.0,AVAILABLE,2465.0,177.0,1366.0,7.18052738336714,55.41582150101419,-74.0,2025.0,pond_emd_population_context,,,,,,,0,0.0,pond_emd_population_context,0.0,0.0,0.0,,,,,,,,,,0,0.0,pond_emd_population_context,0.0,0.0,0.0,429,1917.147402417784,1917.147402417784,AVAILABLE,,500m 이상,D_PRESERVATION,보존·기록형,현재 확보된 자료만으로 활동형 판정에 필요한 인구·도로·생활시설 근거가 부족하여 보존·기록형으로 보수적 표시,RULE_BASED_WITH_MISSING_DATA_GUARD
430,비안면 화신리 823,비안면,6.6,의성군 주소 자료,미기재,36.33593963016892,128.54563566038073,430,비안면 화신리 823,비안면,비안면,6.6,VWorld UQ164·UO601,VWorld UQ151,,DATA_NOT_AVAILABLE,,DATA_NOT_AVAILABLE,2465.0,177.0,1366.0,7.18052738336714,55.41582150101419,-74.0,2025.0,pond_emd_population_context,,,,,,,0,0.0,pond_emd_population_context,111560.27357024646,11.156027357024646,14.227138385586416,,,,,,,,,,0,4174.790612842039,pond_emd_population_context,658309.7587247682,65.83097587247681,20.988349477428017,430,594.7462771862234,594.7462771862234,AVAILABLE,,500m 이상,B_ECO_EDUCATION,생태·교육형,1km 농업지역 비율 상위 25%이고 도로 접근성이 낮음,RULE_BASED_WITH_MISSING_DATA_GUARD
431,구천면 위성리 223,구천면,1.0,의성군 주소 자료,미기재,36.3308021524756,128.4544828894988,431,구천면 위성리 223,구천면,구천면,1.0,VWorld UQ164·UO601,VWorld UQ151,,DATA_NOT_AVAILABLE,,DATA_NOT_AVAILABLE,1618.0,106.0,941.0,6.551297898640297,58.15822002472187,-64.0,2025.0,pond_emd_population_context,,,,,,,0,0.0,pond_emd_population_context,31466.60895297008,3.146660895297008,4.012896219881947,,,,,,,,,,0,0.0,pond_emd_population_context,65072.23232438306,6.507223232438307,2.0746445502284403,431,1236.879338626987,1236.879338626987,AVAILABLE,,500m 이상,D_PRESERVATION,보존·기록형,현재 확보된 자료만으로 활동형 판정에 필요한 인구·도로·생활시설 근거가 부족하여 보존·기록형으로 보수적 표시,RULE_BASED_WITH_MISSING_DATA_GUARD
432,구천면 모흥리 307,구천면,36.0,의성군 주소 자료,미기재,36.33655372051568,128.44609194670815,432,구천면 모흥리 307,구천면,구천면,36.0,VWorld UQ164·UO601,VWorld UQ151,,DATA_NOT_AVAILABLE,,DATA_NOT_AVAILABLE,1618.0,106.0,941.0,6.551297898640297,58.15822002472187,-64.0,2025.0,pond_emd_population_context,,,,,,,0,0.0,pond_emd_population_context,47000.54518556218,4.700054518556218,5.993919153774296,,,,,,,,,,0,2897.4703943954864,pond_emd_population_context,856729.0546804178,85.67290546804178,27.314388961712076,432,650.3378767428047,650.3378767428047,AVAILABLE,,500m 이상,B_ECO_EDUCATION,생태·교육형,1km 농업지역 비율 상위 25%이고 도로 접근성이 낮음,RULE_BASED_WITH_MISSING_DATA_GUARD
433,구천면 위성리 18,구천면,1.0,의성군 주소 자료,미기재,36.36027104217658,128.4616035591495,433,구천면 위성리 18,구천면,구천면,1.0,VWorld UQ164·UO601,VWorld UQ151,,DATA_NOT_AVAILABLE,,DATA_NOT_AVAILABLE,1618.0,106.0,941.0,6.551297898640297,58.15822002472187,-64.0,2025.0,pond_emd_population_context,,,,,,,0,0.0,pond_emd_population_context,428325.66244291095,42.83256624429109,54.62382153299525,,,,,,,,,,0,8681.825513399392,pond_emd_population_context,1849364.119685269,184.9364119685269,58.96175765366194,433,527.368912280459,527.368912280459,AVAILABLE,,500m 이상,B_ECO_EDUCATION,생태·교육형,1km 농업지역 비율 상위 25%이고 도로 접근성이 낮음,RULE_BASED_WITH_MISSING_DATA_GUARD
434,구천면 위성리 224-2,구천면,1.0,의성군 주소 자료,미기재,36.334016269824104,128.4532284239467,434,구천면 위성리 224-2,구천면,구천면,1.0,VWorld UQ164·UO601,VWorld UQ151,,DATA_NOT_AVAILABLE,,DATA_NOT_AVAILABLE,1618.0,106.0,941.0,6.551297898640297,58.15822002472187,-64.0,2025.0,pond_emd_population_context,,,,,,,0,0.0,pond_emd_population_context,10379.236176245597,1.0379236176245596,1.323650657087616,,,,,,,,,,0,0.0,pond_emd_population_context,86859.6716077369,8.685967160773691,2.7692755865100382,434,1142.379349917631,1142.379349917631,AVAILABLE,,500m 이상,D_PRESERVATION,보존·기록형,현재 확보된 자료만으로 활동형 판정에 필요한 인구·도로·생활시설 근거가 부족하여 보존·기록형으로 보수적 표시,RULE_BASED_WITH_MISSING_DATA_GUARD
435,구천면 모흥리 464-1,구천면,0.5,의성군 주소 자료,미기재,36.317879122411036,128.44119315232518,435,구천면 모흥리 464-1,구천면,구천면,0.5,VWorld UQ164·UO601,VWorld UQ151,,DATA_NOT_AVAILABLE,,DATA_NOT_AVAILABLE,1618.0,106.0,941.0,6.551297898640297,58.15822002472187,-64.0,2025.0,pond_emd_population_context,,,,,,,0,0.0,pond_emd_population_context,0.0,0.0,0.0,,,,,,,,,,0,1622.1506858799862,pond_emd_population_context,69586.90600279003,6.958690600279002,2.21858218396868,435,782.1456945433534,782.1456945433534,AVAILABLE,,500m 이상,D_PRESERVATION,보존·기록형,현재 확보된 자료만으로 활동형 판정에 필요한 인구·도로·생활시설 근거가 부족하여 보존·기록형으로 보수적 표시,RULE_BASED_WITH_MISSING_DATA_GUARD
436,구천면 장국리 393,구천면,26.4,의성군 주소 자료,미기재,36.32856746592404,128.39392720180638,436,구천면 장국리 393,구천면,구천면,26.4,VWorld UQ164·UO601,VWorld UQ151,,DATA_NOT_AVAILABLE,,DATA_NOT_AVAILABLE,1618.0,106.0,941.0,6.551297898640297,58.15822002472187,-64.0,2025.0,pond_emd_population_context,,,,,,,0,0.0,pond_emd_population_context,0.0,0.0,0.0,,,,,,,,,,0,0.0,pond_emd_population_context,16107.136793912434,1.610713679391243,0.5135306162956542,436,1128.3549653582943,1128.3549653582943,AVAILABLE,,500m 이상,D_PRESERVATION,보존·기록형,현재 확보된 자료만으로 활동형 판정에 필요한 인구·도로·생활시설 근거가 부족하여 보존·기록형으로 보수적 표시,RULE_BASED_WITH_MISSING_DATA_GUARD
437,구천면 청산리 산182,구천면,5.0,의성군 주소 자료,미기재,36.31914809562166,128.40879174420323,437,구천면 청산리 산182,구천면,구천면,5.0,VWorld UQ164·UO601,VWorld UQ151,,DATA_NOT_AVAILABLE,,DATA_NOT_AVAILABLE,1618.0,106.0,941.0,6.551297898640297,58.15822002472187,-64.0,2025.0,pond_emd_population_context,,,,,,,0,1646.2429681087983,pond_emd_population_context,8027.392656716858,0.8027392656716859,1.023723074062184,,,,,,,,,,0,3820.324861618988,pond_emd_population_context,63005.58482590872,6.300558482590872,2.008755325027441,437,199.6901008720509,199.6901008720509,AVAILABLE,,100–300m,D_PRESERVATION,보존·기록형,현재 확보된 자료만으로 활동형 판정에 필요한 인구·도로·생활시설 근거가 부족하여 보존·기록형으로 보수적 표시,RULE_BASED_WITH_MISSING_DATA_GUARD
438,구천면 장국리 433,구천면,19.0,의성군 주소 자료,미기재,36.320045324315046,128.38830827079386,438,구천면 장국리 433,구천면,구천면,19.0,VWorld UQ164·UO601,VWorld UQ151,,DATA_NOT_AVAILABLE,,DATA_NOT_AVAILABLE,1618.0,106.0,941.0,6.551297898640297,58.15822002472187,-64.0,2025.0,pond_emd_population_context,,,,,,,0,252.52285763221693,pond_emd_population_context,0.0,0.0,0.0,,,,,,,,,,0,3620.227258748625,pond_emd_population_context,0.0,0.0,0.0,438,484.59578146931455,484.59578146931455,AVAILABLE,,300–500m,D_PRESERVATION,보존·기록형,현재 확보된 자료만으로 활동형 판정에 필요한 인구·도로·생활시설 근거가 부족하여 보존·기록형으로 보수적 표시,RULE_BASED_WITH_MISSING_DATA_GUARD
439,구천면 소호리 500-1,구천면,1.0,의성군 주소 자료,미기재,36.336848711929214,128.41387693764568,439,구천면 소호리 500-1,구천면,구천면,1.0,VWorld UQ164·UO601,VWorld UQ151,98.0,AVAILABLE,153.0,AVAILABLE,1618.0,106.0,941.0,6.551297898640297,58.15822002472187,-64.0,2025.0,pond_emd_population_context,,,,,,,0,566.8774575362227,pond_emd_population_context,369311.8660131965,36.93118660131965,47.0978678794691,,,,,,,,,,0,5902.640377644447,pond_emd_population_context,1548831.740943603,154.8831740943603,49.380130599352974,439,424.4050649551991,424.4050649551991,AVAILABLE,,300–500m,D_PRESERVATION,보존·기록형,현재 확보된 자료만으로 활동형 판정에 필요한 인구·도로·생활시설 근거가 부족하여 보존·기록형으로 보수적 표시,RULE_BASED_WITH_MISSING_DATA_GUARD
440,구천면 소호리 562-1,구천면,13.0,의성군 주소 자료,미기재,36.3377473681224,128.41103081643914,440,구천면 소호리 562-1,구천면,구천면,13.0,VWorld UQ164·UO601,VWorld UQ151,73.0,AVAILABLE,218.0,AVAILABLE,1618.0,106.0,941.0,6.551297898640297,58.15822002472187,-64.0,2025.0,pond_emd_population_context,,,,,,,0,0.0,pond_emd_population_context,226660.7931490051,22.66607931490051,28.905759797076385,,,,,,,,,,0,4830.68291116623,pond_emd_population_context,1401970.1987453245,140.19701987453243,44.69786464233224,440,643.7243607853126,643.7243607853126,AVAILABLE,,500m 이상,B_ECO_EDUCATION,생태·교육형,1km 농업지역 비율 상위 25%이고 도로 접근성이 낮음,RULE_BASED_WITH_MISSING_DATA_GUARD
441,구천면 소호리 1106,구천면,49.5,의성군 주소 자료,미기재,36.3390276388998,128.39792250057022,441,구천면 소호리 1106,구천면,구천면,49.5,VWorld UQ164·UO601,VWorld UQ151,,DATA_NOT_AVAILABLE,,DATA_NOT_AVAILABLE,1618.0,106.0,941.0,6.551297898640297,58.15822002472187,-64.0,2025.0,pond_emd_population_context,,,,,,,0,0.0,pond_emd_population_context,159694.13681283753,15.969413681283752,20.365588135389427,,,,,,,,,,0,0.0,pond_emd_population_context,425577.9645763872,42.55779645763872,13.568352788396288,441,1295.7967840153233,1295.7967840153233,AVAILABLE,,500m 이상,D_PRESERVATION,보존·기록형,현재 확보된 자료만으로 활동형 판정에 필요한 인구·도로·생활시설 근거가 부족하여 보존·기록형으로 보수적 표시,RULE_BASED_WITH_MISSING_DATA_GUARD
442,구천면 소호리 1089,구천면,9.0,의성군 주소 자료,미기재,36.340680761643696,128.3937084446569,442,구천면 소호리 1089,구천면,구천면,9.0,VWorld UQ164·UO601,VWorld UQ151,,DATA_NOT_AVAILABLE,,DATA_NOT_AVAILABLE,1618.0,106.0,941.0,6.551297898640297,58.15822002472187,-64.0,2025.0,pond_emd_population_context,,,,,,,0,0.0,pond_emd_population_context,126173.45612186486,12.617345612186488,16.090738785282465,,,,,,,,,,0,0.0,pond_emd_population_context,632793.1050277193,63.27931050277193,20.17482296017632,442,1459.186706248204,1459.186706248204,AVAILABLE,,500m 이상,B_ECO_EDUCATION,생태·교육형,1km 농업지역 비율 상위 25%이고 도로 접근성이 낮음,RULE_BASED_WITH_MISSING_DATA_GUARD
443,구천면 소호리 1141,구천면,5.0,의성군 주소 자료,미기재,36.33769616213967,128.3923299519289,443,구천면 소호리 1141,구천면,구천면,5.0,VWorld UQ164·UO601,VWorld UQ151,23.0,AVAILABLE,73.0,AVAILABLE,1618.0,106.0,941.0,6.551297898640297,58.15822002472187,-64.0,2025.0,pond_emd_population_context,,,,,,,0,0.0,pond_emd_population_context,77383.7569514804,7.738375695148041,9.868651122050707,,,,,,,,,,0,0.0,pond_emd_population_context,381261.099404852,38.12610994048519,12.155434566181206,443,1648.407998152481,1648.407998152481,AVAILABLE,,500m 이상,D_PRESERVATION,보존·기록형,현재 확보된 자료만으로 활동형 판정에 필요한 인구·도로·생활시설 근거가 부족하여 보존·기록형으로 보수적 표시,RULE_BASED_WITH_MISSING_DATA_GUARD
444,구천면 용사리 152-2,구천면,50.0,의성군 주소 자료,미기재,36.352522690275805,128.4203871116763,444,구천면 용사리 152-2,구천면,구천면,50.0,VWorld UQ164·UO601,VWorld UQ151,308.0,AVAILABLE,828.0,AVAILABLE,1618.0,106.0,941.0,6.551297898640297,58.15822002472187,-64.0,2025.0,pond_emd_population_context,,,,,,,0,2687.644333791722,pond_emd_population_context,133354.27964464875,13.335427964464875,17.00649998513997,,,,,,,,,,0,6194.993541507114,pond_emd_population_context,730339.9963684333,73.03399963684333,23.284830397802008,444,49.27426128531967,49.27426128531967,AVAILABLE,,0–100m,D_PRESERVATION,보존·기록형,현재 확보된 자료만으로 활동형 판정에 필요한 인구·도로·생활시설 근거가 부족하여 보존·기록형으로 보수적 표시,RULE_BASED_WITH_MISSING_DATA_GUARD
445,구천면 내산리 845,구천면,7.4,의성군 주소 자료,미기재,36.35736625558642,128.4177122297084,445,구천면 내산리 845,구천면,구천면,7.4,VWorld UQ164·UO601,VWorld UQ151,193.0,AVAILABLE,433.0,AVAILABLE,1618.0,106.0,941.0,6.551297898640297,58.15822002472187,-64.0,2025.0,pond_emd_population_context,,,,,,,0,725.3641588482755,pond_emd_population_context,103128.53791073868,10.312853791073868,13.151849967770143,,,,,,,,,,0,5396.145858245432,pond_emd_population_context,764504.0809243713,76.45040809243713,24.374055852435163,445,444.14693073262686,444.14693073262686,AVAILABLE,,300–500m,D_PRESERVATION,보존·기록형,현재 확보된 자료만으로 활동형 판정에 필요한 인구·도로·생활시설 근거가 부족하여 보존·기록형으로 보수적 표시,RULE_BASED_WITH_MISSING_DATA_GUARD
446,구천면 청산리 산98-1,구천면,40.0,의성군 주소 자료,미기재,36.30565097793856,128.41020797198132,446,구천면 청산리 산98-1,구천면,구천면,40.0,VWorld UQ164·UO601,VWorld UQ151,,DATA_NOT_AVAILABLE,43.0,AVAILABLE,1618.0,106.0,941.0,6.551297898640297,58.15822002472187,-64.0,2025.0,pond_emd_population_context,,,,,,,0,0.0,pond_emd_population_context,0.0,0.0,0.0,,,,,,,,,,0,0.0,pond_emd_population_context,10654.479019816388,1.0654479019816387,0.3396880058424351,446,1366.978454847304,1366.978454847304,AVAILABLE,,500m 이상,D_PRESERVATION,보존·기록형,현재 확보된 자료만으로 활동형 판정에 필요한 인구·도로·생활시설 근거가 부족하여 보존·기록형으로 보수적 표시,RULE_BASED_WITH_MISSING_DATA_GUARD
447,구천면 조성리 26,구천면,24.96,의성군 주소 자료,미기재,36.316476420042065,128.43193687414376,447,구천면 조성리 26,구천면,구천면,24.96,VWorld UQ164·UO601,VWorld UQ151,,DATA_NOT_AVAILABLE,,DATA_NOT_AVAILABLE,1618.0,106.0,941.0,6.551297898640297,58.15822002472187,-64.0,2025.0,pond_emd_population_context,,,,,,,0,0.0,pond_emd_population_context,0.0,0.0,0.0,,,,,,,,,,0,5105.901355271098,pond_emd_population_context,275394.9046120164,27.53949046120164,8.780189607847726,447,528.2233187561761,528.2233187561761,AVAILABLE,,500m 이상,D_PRESERVATION,보존·기록형,현재 확보된 자료만으로 활동형 판정에 필요한 인구·도로·생활시설 근거가 부족하여 보존·기록형으로 보수적 표시,RULE_BASED_WITH_MISSING_DATA_GUARD
448,구천면 청산리 산50-2,구천면,20.0,의성군 주소 자료,미기재,36.302340169542,128.41434537325384,448,구천면 청산리 산50-2,구천면,구천면,20.0,VWorld UQ164·UO601,VWorld UQ151,,DATA_NOT_AVAILABLE,,DATA_NOT_AVAILABLE,1618.0,106.0,941.0,6.551297898640297,58.15822002472187,-64.0,2025.0,pond_emd_population_context,,,,,,,0,0.0,pond_emd_population_context,0.0,0.0,0.0,,,,,,,,,,0,0.0,pond_emd_population_context,39140.251095929474,3.9140251095929472,1.247876486332186,448,1099.45356678769,1099.45356678769,AVAILABLE,,500m 이상,D_PRESERVATION,보존·기록형,현재 확보된 자료만으로 활동형 판정에 필요한 인구·도로·생활시설 근거가 부족하여 보존·기록형으로 보수적 표시,RULE_BASED_WITH_MISSING_DATA_GUARD
449,단밀면 용곡리 산64임,단밀면,6.6,의성군 주소 자료,미기재,36.33580189797985,128.38551365897973,449,단밀면 용곡리 산64임,단밀면,단밀면,6.6,VWorld UQ164·UO601,VWorld UQ151,,DATA_NOT_AVAILABLE,,DATA_NOT_AVAILABLE,1569.0,119.0,840.0,7.58444869343531,53.53728489483748,-37.0,2025.0,pond_emd_population_context,,,,,,,0,0.0,pond_emd_population_context,59433.32983859964,5.943332983859964,7.579456210256866,,,,,,,,,,0,0.0,pond_emd_population_context,233868.30459323444,23.386830459323445,7.456231118318543,449,2143.13119319564,2143.13119319564,AVAILABLE,,500m 이상,D_PRESERVATION,보존·기록형,현재 확보된 자료만으로 활동형 판정에 필요한 인구·도로·생활시설 근거가 부족하여 보존·기록형으로 보수적 표시,RULE_BASED_WITH_MISSING_DATA_GUARD
450,단밀면 용곡리 1544유,단밀면,10.0,의성군 주소 자료,미기재,36.33520072783547,128.379834178696,450,단밀면 용곡리 1544유,단밀면,단밀면,10.0,VWorld UQ164·UO601,VWorld UQ151,,DATA_NOT_AVAILABLE,,DATA_NOT_AVAILABLE,1569.0,119.0,840.0,7.58444869343531,53.53728489483748,-37.0,2025.0,pond_emd_population_context,,,,,,,0,0.0,pond_emd_population_context,57361.8828121004,5.73618828121004,7.315287231809004,,,,,,,,,,0,0.0,pond_emd_population_context,137032.94854731648,13.703294854731649,4.368908976231587,450,2251.895457826736,2251.895457826736,AVAILABLE,,500m 이상,D_PRESERVATION,보존·기록형,현재 확보된 자료만으로 활동형 판정에 필요한 인구·도로·생활시설 근거가 부족하여 보존·기록형으로 보수적 표시,RULE_BASED_WITH_MISSING_DATA_GUARD
451,단밀면 위중리 1459유,단밀면,15.8,의성군 주소 자료,미기재,36.36209705346345,128.36661602177375,451,단밀면 위중리 1459유,단밀면,단밀면,15.8,VWorld UQ164·UO601,VWorld UQ151,,DATA_NOT_AVAILABLE,,DATA_NOT_AVAILABLE,1569.0,119.0,840.0,7.58444869343531,53.53728489483748,-37.0,2025.0,pond_emd_population_context,,,,,,,0,0.0,pond_emd_population_context,89650.46137491155,8.965046137491155,11.433008180187084,,,,,,,,,,0,2290.365504975847,pond_emd_population_context,346499.2740166376,34.64992740166375,11.04715183141742,451,825.13740061215,825.13740061215,AVAILABLE,,500m 이상,D_PRESERVATION,보존·기록형,현재 확보된 자료만으로 활동형 판정에 필요한 인구·도로·생활시설 근거가 부족하여 보존·기록형으로 보수적 표시,RULE_BASED_WITH_MISSING_DATA_GUARD
452,단밀면 위중리 1332답,단밀면,4.0,의성군 주소 자료,미기재,36.34659342229179,128.3654542054099,452,단밀면 위중리 1332답,단밀면,단밀면,4.0,VWorld UQ164·UO601,VWorld UQ151,,DATA_NOT_AVAILABLE,,DATA_NOT_AVAILABLE,1569.0,119.0,840.0,7.58444869343531,53.53728489483748,-37.0,2025.0,pond_emd_population_context,,,,,,,0,0.0,pond_emd_population_context,0.0,0.0,0.0,,,,,,,,,,0,0.0,pond_emd_population_context,21654.253295339637,2.165425329533963,0.6903847767891762,452,2538.2868659563137,2538.2868659563137,AVAILABLE,,500m 이상,D_PRESERVATION,보존·기록형,현재 확보된 자료만으로 활동형 판정에 필요한 인구·도로·생활시설 근거가 부족하여 보존·기록형으로 보수적 표시,RULE_BASED_WITH_MISSING_DATA_GUARD
453,단밀면 위중리 산27-1,단밀면,25.4,의성군 주소 자료,미기재,36.3472167092025,128.36532027102913,453,단밀면 위중리 산27-1,단밀면,단밀면,25.4,VWorld UQ164·UO601,VWorld UQ151,,DATA_NOT_AVAILABLE,,DATA_NOT_AVAILABLE,1569.0,119.0,840.0,7.58444869343531,53.53728489483748,-37.0,2025.0,pond_emd_population_context,,,,,,,0,0.0,pond_emd_population_context,0.0,0.0,0.0,,,,,,,,,,0,0.0,pond_emd_population_context,23888.41349386652,2.3888413493866514,0.7616146718557126,453,2474.106614365377,2474.106614365377,AVAILABLE,,500m 이상,D_PRESERVATION,보존·기록형,현재 확보된 자료만으로 활동형 판정에 필요한 인구·도로·생활시설 근거가 부족하여 보존·기록형으로 보수적 표시,RULE_BASED_WITH_MISSING_DATA_GUARD
454,단밀면 주선리 748유,단밀면,8.3,의성군 주소 자료,미기재,36.3763469521026,128.36787904346795,454,단밀면 주선리 748유,단밀면,단밀면,8.3,VWorld UQ164·UO601,VWorld UQ151,98.0,AVAILABLE,398.0,AVAILABLE,1569.0,119.0,840.0,7.58444869343531,53.53728489483748,-37.0,2025.0,pond_emd_population_context,,,,,,,0,0.0,pond_emd_population_context,203334.09078539585,20.33340907853958,25.93093540855887,,,,,,,,,,0,6357.772491175238,pond_emd_population_context,807705.5617968289,80.77055617968288,25.751413192921824,454,693.4266194373724,693.4266194373724,AVAILABLE,,500m 이상,B_ECO_EDUCATION,생태·교육형,1km 농업지역 비율 상위 25%이고 도로 접근성이 낮음,RULE_BASED_WITH_MISSING_DATA_GUARD
455,단밀면 서제리 1068-1답,단밀면,4.8,의성군 주소 자료,미기재,36.37789712817292,128.36548805910445,455,단밀면 서제리 1068-1답,단밀면,단밀면,4.8,VWorld UQ164·UO601,VWorld UQ151,68.0,AVAILABLE,388.0,AVAILABLE,1569.0,119.0,840.0,7.58444869343531,53.53728489483748,-37.0,2025.0,pond_emd_population_context,,,,,,,0,0.0,pond_emd_population_context,171195.9244732665,17.11959244732665,21.83239634130078,,,,,,,,,,0,6767.7029212900325,pond_emd_population_context,793830.2621745673,79.38302621745673,25.30903840853433,455,598.6910064333,598.6910064333,AVAILABLE,,500m 이상,B_ECO_EDUCATION,생태·교육형,1km 농업지역 비율 상위 25%이고 도로 접근성이 낮음,RULE_BASED_WITH_MISSING_DATA_GUARD
456,단밀면 팔등리 179유,단밀면,61.0,의성군 주소 자료,미기재,36.39746279026289,128.34695949343308,456,단밀면 팔등리 179유,단밀면,단밀면,61.0,VWorld UQ164·UO601,VWorld UQ151,,DATA_NOT_AVAILABLE,,DATA_NOT_AVAILABLE,1569.0,119.0,840.0,7.58444869343531,53.53728489483748,-37.0,2025.0,pond_emd_population_context,,,,,,,0,0.0,pond_emd_population_context,97551.48257396504,9.755148257396504,12.440615264581735,,,,,,,,,,0,4420.714382398864,pond_emd_population_context,541115.1692213258,54.11151692213258,17.251930612657173,456,640.4694380504758,640.4694380504758,AVAILABLE,,500m 이상,D_PRESERVATION,보존·기록형,현재 확보된 자료만으로 활동형 판정에 필요한 인구·도로·생활시설 근거가 부족하여 보존·기록형으로 보수적 표시,RULE_BASED_WITH_MISSING_DATA_GUARD
457,단밀면 팔등리 988답,단밀면,4.4,의성군 주소 자료,미기재,36.39210610208959,128.33608957072974,457,단밀면 팔등리 988답,단밀면,단밀면,4.4,VWorld UQ164·UO601,VWorld UQ151,,DATA_NOT_AVAILABLE,,DATA_NOT_AVAILABLE,1569.0,119.0,840.0,7.58444869343531,53.53728489483748,-37.0,2025.0,pond_emd_population_context,,,,,,,0,0.0,pond_emd_population_context,0.0,0.0,0.0,,,,,,,,,,0,0.0,pond_emd_population_context,6869.80492272238,0.686980492272238,0.2190243493263103,457,1408.4675086605232,1408.4675086605232,AVAILABLE,,500m 이상,D_PRESERVATION,보존·기록형,현재 확보된 자료만으로 활동형 판정에 필요한 인구·도로·생활시설 근거가 부족하여 보존·기록형으로 보수적 표시,RULE_BASED_WITH_MISSING_DATA_GUARD
458,단밀면 서제리 340-2답,단밀면,7.6,의성군 주소 자료,미기재,36.380763944282236,128.365370970474,458,단밀면 서제리 340-2답,단밀면,단밀면,7.6,VWorld UQ164·UO601,VWorld UQ151,138.0,AVAILABLE,393.0,AVAILABLE,1569.0,119.0,840.0,7.58444869343531,53.53728489483748,-37.0,2025.0,pond_emd_population_context,,,,,,,0,1081.3877764954923,pond_emd_population_context,164451.7679464506,16.44517679464506,20.972322722526005,,,,,,,,,,0,6724.400923266452,pond_emd_population_context,997981.7883676348,99.79817883676348,31.817833882553465,458,339.86470272152474,339.86470272152474,AVAILABLE,,300–500m,D_PRESERVATION,보존·기록형,현재 확보된 자료만으로 활동형 판정에 필요한 인구·도로·생활시설 근거가 부족하여 보존·기록형으로 보수적 표시,RULE_BASED_WITH_MISSING_DATA_GUARD
459,단밀면 생송리 544,단밀면,4.4,의성군 주소 자료,미기재,36.36646471634898,128.33332286900688,459,단밀면 생송리 544,단밀면,단밀면,4.4,VWorld UQ164·UO601,VWorld UQ151,,DATA_NOT_AVAILABLE,,DATA_NOT_AVAILABLE,1569.0,119.0,840.0,7.58444869343531,53.53728489483748,-37.0,2025.0,pond_emd_population_context,,,,,,,0,0.0,pond_emd_population_context,64429.83040999887,6.442983040999887,8.216653509958697,,,,,,,,,,0,4666.590538388058,pond_emd_population_context,749043.887412299,74.90438874122991,23.881151197567817,459,704.2089828921252,704.2089828921252,AVAILABLE,,500m 이상,B_ECO_EDUCATION,생태·교육형,1km 농업지역 비율 상위 25%이고 도로 접근성이 낮음,RULE_BASED_WITH_MISSING_DATA_GUARD
460,단밀면 생송리 산1-3구,단밀면,6.5,의성군 주소 자료,미기재,36.385140058587716,128.3337193322062,460,단밀면 생송리 산1-3구,단밀면,단밀면,6.5,VWorld UQ164·UO601,VWorld UQ151,,DATA_NOT_AVAILABLE,,DATA_NOT_AVAILABLE,1569.0,119.0,840.0,7.58444869343531,53.53728489483748,-37.0,2025.0,pond_emd_population_context,,,,,,,0,0.0,pond_emd_population_context,0.0,0.0,0.0,,,,,,,,,,0,0.0,pond_emd_population_context,0.0,0.0,0.0,460,1051.7447238611735,1051.7447238611735,AVAILABLE,,500m 이상,D_PRESERVATION,보존·기록형,현재 확보된 자료만으로 활동형 판정에 필요한 인구·도로·생활시설 근거가 부족하여 보존·기록형으로 보수적 표시,RULE_BASED_WITH_MISSING_DATA_GUARD
461,단밀면 생송리 445-1,단밀면,2.0,의성군 주소 자료,미기재,36.36548911022182,128.34079339570113,461,단밀면 생송리 445-1,단밀면,단밀면,2.0,VWorld UQ164·UO601,VWorld UQ151,,DATA_NOT_AVAILABLE,,DATA_NOT_AVAILABLE,1569.0,119.0,840.0,7.58444869343531,53.53728489483748,-37.0,2025.0,pond_emd_population_context,,,,,,,0,0.0,pond_emd_population_context,0.0,0.0,0.0,,,,,,,,,,0,913.8112526834036,pond_emd_population_context,262051.1772705861,26.205117727058614,8.354762505998336,461,923.675642584432,923.675642584432,AVAILABLE,,500m 이상,D_PRESERVATION,보존·기록형,현재 확보된 자료만으로 활동형 판정에 필요한 인구·도로·생활시설 근거가 부족하여 보존·기록형으로 보수적 표시,RULE_BASED_WITH_MISSING_DATA_GUARD
462,단밀면 생송리 447,단밀면,46.0,의성군 주소 자료,미기재,36.35896386001108,128.33930013393473,462,단밀면 생송리 447,단밀면,단밀면,46.0,VWorld UQ164·UO601,VWorld UQ151,,DATA_NOT_AVAILABLE,,DATA_NOT_AVAILABLE,1569.0,119.0,840.0,7.58444869343531,53.53728489483748,-37.0,2025.0,pond_emd_population_context,,,,,,,0,0.0,pond_emd_population_context,57528.33672671251,5.752833672671251,7.336514885723977,,,,,,,,,,0,0.0,pond_emd_population_context,99270.7088300704,9.92707088300704,3.164966495155082,462,1656.456996531978,1656.456996531978,AVAILABLE,,500m 이상,D_PRESERVATION,보존·기록형,현재 확보된 자료만으로 활동형 판정에 필요한 인구·도로·생활시설 근거가 부족하여 보존·기록형으로 보수적 표시,RULE_BASED_WITH_MISSING_DATA_GUARD
463,단밀면 생송리 296답,단밀면,18.6,의성군 주소 자료,미기재,36.3669698422824,128.35014446091134,463,단밀면 생송리 296답,단밀면,단밀면,18.6,VWorld UQ164·UO601,VWorld UQ151,8.0,AVAILABLE,28.0,AVAILABLE,1569.0,119.0,840.0,7.58444869343531,53.53728489483748,-37.0,2025.0,pond_emd_population_context,,,,,,,0,0.0,pond_emd_population_context,117411.93602339896,11.741193602339898,14.97339338158478,,,,,,,,,,0,3356.576126823251,pond_emd_population_context,253400.50630947333,25.34005063094733,8.078960267098239,463,713.0964491390649,713.0964491390649,AVAILABLE,,500m 이상,D_PRESERVATION,보존·기록형,현재 확보된 자료만으로 활동형 판정에 필요한 인구·도로·생활시설 근거가 부족하여 보존·기록형으로 보수적 표시,RULE_BASED_WITH_MISSING_DATA_GUARD
464,단밀면 생송리 484,단밀면,71.4,의성군 주소 자료,미기재,36.35832951498987,128.33559060494005,464,단밀면 생송리 484,단밀면,단밀면,71.4,VWorld UQ164·UO601,VWorld UQ151,,DATA_NOT_AVAILABLE,,DATA_NOT_AVAILABLE,1569.0,119.0,840.0,7.58444869343531,53.53728489483748,-37.0,2025.0,pond_emd_population_context,,,,,,,0,0.0,pond_emd_population_context,57578.23976617664,5.757823976617663,7.342878956244749,,,,,,,,,,0,0.0,pond_emd_population_context,246203.06052523,24.620306052523,7.849490013220842,464,1553.523282384183,1553.523282384183,AVAILABLE,,500m 이상,D_PRESERVATION,보존·기록형,현재 확보된 자료만으로 활동형 판정에 필요한 인구·도로·생활시설 근거가 부족하여 보존·기록형으로 보수적 표시,RULE_BASED_WITH_MISSING_DATA_GUARD
465,단밀면 생송리 64유,단밀면,54.4,의성군 주소 자료,미기재,36.36745520567131,128.35741732898452,465,단밀면 생송리 64유,단밀면,단밀면,54.4,VWorld UQ164·UO601,VWorld UQ151,,DATA_NOT_AVAILABLE,,DATA_NOT_AVAILABLE,1569.0,119.0,840.0,7.58444869343531,53.53728489483748,-37.0,2025.0,pond_emd_population_context,,,,,,,0,1153.7058311076207,pond_emd_population_context,0.0,0.0,0.0,,,,,,,,,,0,3462.238914331299,pond_emd_population_context,201658.21229919908,20.165821229919903,6.429303194483726,465,410.5459330314008,410.5459330314008,AVAILABLE,,300–500m,D_PRESERVATION,보존·기록형,현재 확보된 자료만으로 활동형 판정에 필요한 인구·도로·생활시설 근거가 부족하여 보존·기록형으로 보수적 표시,RULE_BASED_WITH_MISSING_DATA_GUARD
466,단밀면 생송리 산51임,단밀면,4.8,의성군 주소 자료,미기재,36.362369622430855,128.3585100480575,466,단밀면 생송리 산51임,단밀면,단밀면,4.8,VWorld UQ164·UO601,VWorld UQ151,,DATA_NOT_AVAILABLE,,DATA_NOT_AVAILABLE,1569.0,119.0,840.0,7.58444869343531,53.53728489483748,-37.0,2025.0,pond_emd_population_context,,,,,,,0,0.0,pond_emd_population_context,15091.777247941533,1.5091777247941534,1.924634966547567,,,,,,,,,,0,1225.0260689388504,pond_emd_population_context,147291.70466554177,14.729170466554176,4.695980473743803,466,902.9822529938332,902.9822529938332,AVAILABLE,,500m 이상,D_PRESERVATION,보존·기록형,현재 확보된 자료만으로 활동형 판정에 필요한 인구·도로·생활시설 근거가 부족하여 보존·기록형으로 보수적 표시,RULE_BASED_WITH_MISSING_DATA_GUARD
467,단밀면 생송리 132답,단밀면,3.6,의성군 주소 자료,미기재,36.38132838135088,128.3505818200302,467,단밀면 생송리 132답,단밀면,단밀면,3.6,VWorld UQ164·UO601,VWorld UQ151,33.0,AVAILABLE,208.0,AVAILABLE,1569.0,119.0,840.0,7.58444869343531,53.53728489483748,-37.0,2025.0,pond_emd_population_context,,,,,,,0,2054.065024904527,pond_emd_population_context,0.0,0.0,0.0,,,,,,,,,,0,6076.725285027274,pond_emd_population_context,104576.60819779112,10.457660819779113,3.3341301278460347,467,70.933746861064,70.933746861064,AVAILABLE,,0–100m,D_PRESERVATION,보존·기록형,현재 확보된 자료만으로 활동형 판정에 필요한 인구·도로·생활시설 근거가 부족하여 보존·기록형으로 보수적 표시,RULE_BASED_WITH_MISSING_DATA_GUARD
468,단밀면 생송리 1172,단밀면,1.7,의성군 주소 자료,미기재,36.37566547507927,128.32598044363687,468,단밀면 생송리 1172,단밀면,단밀면,1.7,VWorld UQ164·UO601,VWorld UQ151,63.0,AVAILABLE,628.0,AVAILABLE,1569.0,119.0,840.0,7.58444869343531,53.53728489483748,-37.0,2025.0,pond_emd_population_context,,,,,,,0,2072.4650561268245,pond_emd_population_context,35426.45422049208,3.542645422049208,4.517890200298021,,,,,,,,,,0,7392.735256908401,pond_emd_population_context,511368.0315149872,51.13680315149872,16.303527047528128,468,41.85047033997064,41.85047033997064,AVAILABLE,,0–100m,D_PRESERVATION,보존·기록형,현재 확보된 자료만으로 활동형 판정에 필요한 인구·도로·생활시설 근거가 부족하여 보존·기록형으로 보수적 표시,RULE_BASED_WITH_MISSING_DATA_GUARD
469,단밀면 생송리 550,단밀면,7.3,의성군 주소 자료,미기재,36.37188449266935,128.3361786005175,469,단밀면 생송리 550,단밀면,단밀면,7.3,VWorld UQ164·UO601,VWorld UQ151,,DATA_NOT_AVAILABLE,,DATA_NOT_AVAILABLE,1569.0,119.0,840.0,7.58444869343531,53.53728489483748,-37.0,2025.0,pond_emd_population_context,,,,,,,0,3205.643358726633,pond_emd_population_context,139720.76458481484,13.972076458481483,17.818409631600822,,,,,,,,,,0,7738.864562747984,pond_emd_population_context,454092.5082343703,45.40925082343704,14.4774585696055,469,272.5118226124991,272.5118226124991,AVAILABLE,,100–300m,D_PRESERVATION,보존·기록형,현재 확보된 자료만으로 활동형 판정에 필요한 인구·도로·생활시설 근거가 부족하여 보존·기록형으로 보수적 표시,RULE_BASED_WITH_MISSING_DATA_GUARD
470,단밀면 생송리 산67-15임,단밀면,5.8,의성군 주소 자료,미기재,36.36401816074588,128.34819948573727,470,단밀면 생송리 산67-15임,단밀면,단밀면,5.8,VWorld UQ164·UO601,VWorld UQ151,,DATA_NOT_AVAILABLE,,DATA_NOT_AVAILABLE,1569.0,119.0,840.0,7.58444869343531,53.53728489483748,-37.0,2025.0,pond_emd_population_context,,,,,,,0,0.0,pond_emd_population_context,72827.74466351053,7.282774466351053,9.287628727312988,,,,,,,,,,0,0.0,pond_emd_population_context,140185.37538337478,14.018537538337478,4.469415212483323,470,1083.6153775612645,1083.6153775612645,AVAILABLE,,500m 이상,D_PRESERVATION,보존·기록형,현재 확보된 자료만으로 활동형 판정에 필요한 인구·도로·생활시설 근거가 부족하여 보존·기록형으로 보수적 표시,RULE_BASED_WITH_MISSING_DATA_GUARD
471,단밀면 생송리 1425,단밀면,6.2,의성군 주소 자료,미기재,36.35867429512609,128.31995503153502,471,단밀면 생송리 1425,단밀면,단밀면,6.2,VWorld UQ164·UO601,VWorld UQ151,18.0,AVAILABLE,48.0,AVAILABLE,1569.0,119.0,840.0,7.58444869343531,53.53728489483748,-37.0,2025.0,pond_emd_population_context,,,,,,,0,0.0,pond_emd_population_context,55386.85825340716,5.538685825340716,7.06341488682262,,,,,,,,,,0,3611.707602314289,pond_emd_population_context,485931.8598487197,48.593185984871965,15.492566472777366,471,587.4146742006734,587.4146742006734,AVAILABLE,,500m 이상,D_PRESERVATION,보존·기록형,현재 확보된 자료만으로 활동형 판정에 필요한 인구·도로·생활시설 근거가 부족하여 보존·기록형으로 보수적 표시,RULE_BASED_WITH_MISSING_DATA_GUARD
472,단밀면 생송리 377답,단밀면,2.6,의성군 주소 자료,미기재,36.38216761043516,128.34327473192423,472,단밀면 생송리 377답,단밀면,단밀면,2.6,VWorld UQ164·UO601,VWorld UQ151,,DATA_NOT_AVAILABLE,,DATA_NOT_AVAILABLE,1569.0,119.0,840.0,7.58444869343531,53.53728489483748,-37.0,2025.0,pond_emd_population_context,,,,,,,0,763.2433862043317,pond_emd_population_context,0.0,0.0,0.0,,,,,,,,,,0,6068.032576163048,pond_emd_population_context,87282.68218213854,8.728268218213854,2.782762085305662,472,467.4901592845908,467.4901592845908,AVAILABLE,,300–500m,D_PRESERVATION,보존·기록형,현재 확보된 자료만으로 활동형 판정에 필요한 인구·도로·생활시설 근거가 부족하여 보존·기록형으로 보수적 표시,RULE_BASED_WITH_MISSING_DATA_GUARD
473,단밀면 서제리 871답,단밀면,25.5,의성군 주소 자료,미기재,36.387231171379334,128.36165016430485,473,단밀면 서제리 871답,단밀면,단밀면,25.5,VWorld UQ164·UO601,VWorld UQ151,43.0,AVAILABLE,373.0,AVAILABLE,1569.0,119.0,840.0,7.58444869343531,53.53728489483748,-37.0,2025.0,pond_emd_population_context,,,,,,,0,3583.978603353564,pond_emd_population_context,174764.06317651036,17.476406317651037,22.28743648673438,,,,,,,,,,0,8066.317880449474,pond_emd_population_context,741231.1759361377,74.12311759361377,23.63206493285008,473,170.11697125960052,170.11697125960052,AVAILABLE,,100–300m,D_PRESERVATION,보존·기록형,현재 확보된 자료만으로 활동형 판정에 필요한 인구·도로·생활시설 근거가 부족하여 보존·기록형으로 보수적 표시,RULE_BASED_WITH_MISSING_DATA_GUARD
474,단북면 노연리 348-2유,단북면,11.0,의성군 주소 자료,미기재,36.387096111272065,128.42731181642733,474,단북면 노연리 348-2유,단북면,단북면,11.0,VWorld UQ164·UO601,VWorld UQ151,2298.0,AVAILABLE,3877.0,AVAILABLE,1631.0,117.0,902.0,7.173513182096873,55.30349478847333,-39.0,2025.0,pond_emd_population_context,,,,,,,2,6042.193468091745,pond_emd_population_context,0.0,0.0,0.0,,,,,,,,,,3,25617.680147585277,pond_emd_population_context,596018.067558986,59.6018067558986,19.00235463776461,474,65.96833834048813,65.96833834048813,AVAILABLE,,0–100m,A_CULTURE_TOURISM,문화·관광형,도로 66m 이내이며 1km 생활시설 3개,RULE_BASED_WITH_MISSING_DATA_GUARD
475,안계면 용기리 80유,안계면,66.2,의성군 주소 자료,미기재,36.40404654063811,128.45117501150648,475,안계면 용기리 80유,안계면,안계면,66.2,VWorld UQ164·UO601,VWorld UQ151,214.0,AVAILABLE,1704.0,AVAILABLE,4208.0,575.0,1772.0,13.66444866920152,42.11026615969582,-43.0,2025.0,pond_emd_population_context,,,,,,,0,2014.162945460425,pond_emd_population_context,203619.18707875008,20.36191870787501,25.96729337263481,,,,,,,,,,0,10385.841839565444,pond_emd_population_context,467488.185958499,46.7488185958499,14.90454196284828,475,103.46944347886766,103.46944347886766,AVAILABLE,,100–300m,D_PRESERVATION,보존·기록형,현재 확보된 자료만으로 활동형 판정에 필요한 인구·도로·생활시설 근거가 부족하여 보존·기록형으로 보수적 표시,RULE_BASED_WITH_MISSING_DATA_GUARD
476,안계면 용기리 306-1유,안계면,28.0,의성군 주소 자료,미기재,36.402063187837214,128.443067978862,476,안계면 용기리 306-1유,안계면,안계면,28.0,VWorld UQ164·UO601,VWorld UQ151,,DATA_NOT_AVAILABLE,,DATA_NOT_AVAILABLE,4208.0,575.0,1772.0,13.66444866920152,42.11026615969582,-43.0,2025.0,pond_emd_population_context,,,,,,,0,2246.523552346076,pond_emd_population_context,152108.25274632013,15.210825274632011,19.398170084703125,,,,,,,,,,0,11066.967464049869,pond_emd_population_context,562680.6246326657,56.26806246326657,17.939484319425677,476,220.74156318492888,220.74156318492888,AVAILABLE,,100–300m,D_PRESERVATION,보존·기록형,현재 확보된 자료만으로 활동형 판정에 필요한 인구·도로·생활시설 근거가 부족하여 보존·기록형으로 보수적 표시,RULE_BASED_WITH_MISSING_DATA_GUARD
477,안계면 토매리 57답,안계면,9.0,의성군 주소 자료,미기재,36.386791465577076,128.45112204169519,477,안계면 토매리 57답,안계면,안계면,9.0,VWorld UQ164·UO601,VWorld UQ151,63.0,AVAILABLE,855.0,AVAILABLE,4208.0,575.0,1772.0,13.66444866920152,42.11026615969582,-43.0,2025.0,pond_emd_population_context,,,,,,,0,2040.196373460723,pond_emd_population_context,0.0,0.0,0.0,,,,,,,,,,1,9166.354047779558,pond_emd_population_context,669948.1397860759,66.9948139786076,21.359406424144694,477,79.84076967426157,79.84076967426157,AVAILABLE,,0–100m,A_CULTURE_TOURISM,문화·관광형,도로 80m 이내이며 1km 생활시설 1개,RULE_BASED_WITH_MISSING_DATA_GUARD
478,안계면 위양리 19-2유,안계면,9.0,의성군 주소 자료,미기재,36.37780848697959,128.45993671069087,478,안계면 위양리 19-2유,안계면,안계면,9.0,VWorld UQ164·UO601,VWorld UQ151,78.0,AVAILABLE,193.0,AVAILABLE,4208.0,575.0,1772.0,13.66444866920152,42.11026615969582,-43.0,2025.0,pond_emd_population_context,,,,,,,0,2541.39910620627,pond_emd_population_context,243067.56791537744,24.306756791537744,30.99809470799203,,,,,,,,,,0,11338.35309901382,pond_emd_population_context,1344413.739221314,134.4413739221314,42.86283930484757,478,216.13678596053904,216.13678596053904,AVAILABLE,,100–300m,D_PRESERVATION,보존·기록형,현재 확보된 자료만으로 활동형 판정에 필요한 인구·도로·생활시설 근거가 부족하여 보존·기록형으로 보수적 표시,RULE_BASED_WITH_MISSING_DATA_GUARD
479,안계면 교촌리 134-2유,안계면,14.7,의성군 주소 자료,미기재,36.36181750257255,128.4750906452168,479,안계면 교촌리 134-2유,안계면,안계면,14.7,VWorld UQ164·UO601,VWorld UQ151,13.0,AVAILABLE,143.0,AVAILABLE,4208.0,575.0,1772.0,13.66444866920152,42.11026615969582,-43.0,2025.0,pond_emd_population_context,,,,,,,0,0.0,pond_emd_population_context,385296.2417809658,38.52962417809658,49.13633478867825,,,,,,,,,,0,7425.091938032567,pond_emd_population_context,1259135.498911223,125.91354989112229,40.14398319383464,479,574.5477656402027,574.5477656402027,AVAILABLE,,500m 이상,B_ECO_EDUCATION,생태·교육형,1km 농업지역 비율 상위 25%이고 도로 접근성이 낮음,RULE_BASED_WITH_MISSING_DATA_GUARD
480,안계면 교촌리 294유,안계면,1.5,의성군 주소 자료,미기재,36.374427475475805,128.47258739333844,480,안계면 교촌리 294유,안계면,안계면,1.5,VWorld UQ164·UO601,VWorld UQ151,,DATA_NOT_AVAILABLE,,DATA_NOT_AVAILABLE,4208.0,575.0,1772.0,13.66444866920152,42.11026615969582,-43.0,2025.0,pond_emd_population_context,,,,,,,0,0.0,pond_emd_population_context,91495.25728655758,9.14952572865576,11.6682726330985,,,,,,,,,,0,7359.755358216354,pond_emd_population_context,872187.3165243388,87.21873165243387,27.807232030789912,480,600.7274344160893,600.7274344160893,AVAILABLE,,500m 이상,B_ECO_EDUCATION,생태·교육형,1km 농업지역 비율 상위 25%이고 도로 접근성이 낮음,RULE_BASED_WITH_MISSING_DATA_GUARD
481,안계면 안정리 337유,안계면,192.0,의성군 주소 자료,미기재,36.36605102425454,128.48613369145025,481,안계면 안정리 337유,안계면,안계면,192.0,VWorld UQ164·UO601,VWorld UQ151,48.0,AVAILABLE,138.0,AVAILABLE,4208.0,575.0,1772.0,13.66444866920152,42.11026615969582,-43.0,2025.0,pond_emd_population_context,,,,,,,0,0.0,pond_emd_population_context,174688.07354475922,17.46880735447592,22.27774562660833,,,,,,,,,,0,3633.0624659045534,pond_emd_population_context,534085.576165289,53.4085576165289,17.02781186948374,481,684.2846552597445,684.2846552597445,AVAILABLE,,500m 이상,D_PRESERVATION,보존·기록형,현재 확보된 자료만으로 활동형 판정에 필요한 인구·도로·생활시설 근거가 부족하여 보존·기록형으로 보수적 표시,RULE_BASED_WITH_MISSING_DATA_GUARD
482,안계면 안정리 174-1유,안계면,14.1,의성군 주소 자료,미기재,36.37176077154388,128.4972173318995,482,안계면 안정리 174-1유,안계면,안계면,14.1,VWorld UQ164·UO601,VWorld UQ151,13.0,AVAILABLE,233.0,AVAILABLE,4208.0,575.0,1772.0,13.66444866920152,42.11026615969582,-43.0,2025.0,pond_emd_population_context,,,,,,,0,2069.009364949586,pond_emd_population_context,77961.60443725358,7.796160443725358,9.94234326964733,,,,,,,,,,0,4314.071440039837,pond_emd_population_context,211608.1021671253,21.16081021671253,6.746527362957987,482,48.13591469564095,48.13591469564095,AVAILABLE,,0–100m,D_PRESERVATION,보존·기록형,현재 확보된 자료만으로 활동형 판정에 필요한 인구·도로·생활시설 근거가 부족하여 보존·기록형으로 보수적 표시,RULE_BASED_WITH_MISSING_DATA_GUARD
483,안계면 안정리 145유,안계면,9.6,의성군 주소 자료,미기재,36.38175470141138,128.4985788123309,483,안계면 안정리 145유,안계면,안계면,9.6,VWorld UQ164·UO601,VWorld UQ151,,DATA_NOT_AVAILABLE,,DATA_NOT_AVAILABLE,4208.0,575.0,1772.0,13.66444866920152,42.11026615969582,-43.0,2025.0,pond_emd_population_context,,,,,,,0,0.0,pond_emd_population_context,0.0,0.0,0.0,,,,,,,,,,0,0.0,pond_emd_population_context,84568.53872133902,8.456853872133902,2.696229278018276,483,1076.9523854750926,1076.9523854750926,AVAILABLE,,500m 이상,D_PRESERVATION,보존·기록형,현재 확보된 자료만으로 활동형 판정에 필요한 인구·도로·생활시설 근거가 부족하여 보존·기록형으로 보수적 표시,RULE_BASED_WITH_MISSING_DATA_GUARD
484,안계면 안정리 483-2유,안계면,6.0,의성군 주소 자료,미기재,36.37869681404506,128.4807578296175,484,안계면 안정리 483-2유,안계면,안계면,6.0,VWorld UQ164·UO601,VWorld UQ151,,DATA_NOT_AVAILABLE,,DATA_NOT_AVAILABLE,4208.0,575.0,1772.0,13.66444866920152,42.11026615969582,-43.0,2025.0,pond_emd_population_context,,,,,,,0,0.0,pond_emd_population_context,1182.48131801827,0.118248131801827,0.1508003235508683,,,,,,,,,,0,2430.200227488711,pond_emd_population_context,184957.36572800804,18.495736572800805,5.896843816873903,484,786.7498133115547,786.7498133115547,AVAILABLE,,500m 이상,D_PRESERVATION,보존·기록형,현재 확보된 자료만으로 활동형 판정에 필요한 인구·도로·생활시설 근거가 부족하여 보존·기록형으로 보수적 표시,RULE_BASED_WITH_MISSING_DATA_GUARD
485,안계면 안정리 313유,안계면,14.1,의성군 주소 자료,미기재,36.360667193364826,128.4828563111122,485,안계면 안정리 313유,안계면,안계면,14.1,VWorld UQ164·UO601,VWorld UQ151,5.0,AVAILABLE,78.0,AVAILABLE,4208.0,575.0,1772.0,13.66444866920152,42.11026615969582,-43.0,2025.0,pond_emd_population_context,,,,,,,0,0.0,pond_emd_population_context,54482.6664280868,5.44826664280868,6.948104464803542,,,,,,,,,,0,0.0,pond_emd_population_context,693241.8323002559,69.32418323002558,22.1020600953502,485,1078.0036218727023,1078.0036218727023,AVAILABLE,,500m 이상,B_ECO_EDUCATION,생태·교육형,1km 농업지역 비율 상위 25%이고 도로 접근성이 낮음,RULE_BASED_WITH_MISSING_DATA_GUARD
486,안계면 안정리 산2임,안계면,2.0,의성군 주소 자료,미기재,36.388768022091156,128.50408502425975,486,안계면 안정리 산2임,안계면,안계면,2.0,VWorld UQ164·UO601,VWorld UQ151,,DATA_NOT_AVAILABLE,,DATA_NOT_AVAILABLE,4208.0,575.0,1772.0,13.66444866920152,42.11026615969582,-43.0,2025.0,pond_emd_population_context,,,,,,,0,0.0,pond_emd_population_context,0.0,0.0,0.0,,,,,,,,,,0,0.0,pond_emd_population_context,0.0,0.0,0.0,486,1969.1782366017508,1969.1782366017508,AVAILABLE,,500m 이상,D_PRESERVATION,보존·기록형,현재 확보된 자료만으로 활동형 판정에 필요한 인구·도로·생활시설 근거가 부족하여 보존·기록형으로 보수적 표시,RULE_BASED_WITH_MISSING_DATA_GUARD
487,안계면 안정리 24-1유,안계면,21.0,의성군 주소 자료,미기재,36.38969794768763,128.4953208028127,487,안계면 안정리 24-1유,안계면,안계면,21.0,VWorld UQ164·UO601,VWorld UQ151,,DATA_NOT_AVAILABLE,,DATA_NOT_AVAILABLE,4208.0,575.0,1772.0,13.66444866920152,42.11026615969582,-43.0,2025.0,pond_emd_population_context,,,,,,,0,0.0,pond_emd_population_context,0.0,0.0,0.0,,,,,,,,,,0,0.0,pond_emd_population_context,47052.77159387559,4.705277159387559,1.5001448801349857,487,1817.889120704908,1817.889120704908,AVAILABLE,,500m 이상,D_PRESERVATION,보존·기록형,현재 확보된 자료만으로 활동형 판정에 필요한 인구·도로·생활시설 근거가 부족하여 보존·기록형으로 보수적 표시,RULE_BASED_WITH_MISSING_DATA_GUARD
488,안계면 봉양리 472유,안계면,21.39,의성군 주소 자료,미기재,36.37545798771927,128.46498510226436,488,안계면 봉양리 472유,안계면,안계면,21.39,VWorld UQ164·UO601,VWorld UQ151,53.0,AVAILABLE,348.0,AVAILABLE,4208.0,575.0,1772.0,13.66444866920152,42.11026615969582,-43.0,2025.0,pond_emd_population_context,,,,,,,0,3160.699369653284,pond_emd_population_context,242396.539438738,24.2396539438738,30.912519308324267,,,,,,,,,,0,10191.93129026704,pond_emd_population_context,1020983.0671346848,102.09830671346846,32.55116476636986,488,61.18155625656455,61.18155625656455,AVAILABLE,,0–100m,D_PRESERVATION,보존·기록형,현재 확보된 자료만으로 활동형 판정에 필요한 인구·도로·생활시설 근거가 부족하여 보존·기록형으로 보수적 표시,RULE_BASED_WITH_MISSING_DATA_GUARD
489,안계면 봉양리 37유,안계면,18.0,의성군 주소 자료,미기재,36.388675363503985,128.48046764993853,489,안계면 봉양리 37유,안계면,안계면,18.0,VWorld UQ164·UO601,VWorld UQ151,,DATA_NOT_AVAILABLE,,DATA_NOT_AVAILABLE,4208.0,575.0,1772.0,13.66444866920152,42.11026615969582,-43.0,2025.0,pond_emd_population_context,,,,,,,0,0.0,pond_emd_population_context,31715.576128392324,3.171557612839232,4.044646683957049,,,,,,,,,,0,0.0,pond_emd_population_context,130992.78923070434,13.099278923070434,4.176335536515345,489,1188.595281085319,1188.595281085319,AVAILABLE,,500m 이상,D_PRESERVATION,보존·기록형,현재 확보된 자료만으로 활동형 판정에 필요한 인구·도로·생활시설 근거가 부족하여 보존·기록형으로 보수적 표시,RULE_BASED_WITH_MISSING_DATA_GUARD
490,안계면 도덕리 17-1유,안계면,48.0,의성군 주소 자료,미기재,36.406215434635754,128.47932863130163,490,안계면 도덕리 17-1유,안계면,안계면,48.0,VWorld UQ164·UO601,VWorld UQ151,18.0,AVAILABLE,128.0,AVAILABLE,4208.0,575.0,1772.0,13.66444866920152,42.11026615969582,-43.0,2025.0,pond_emd_population_context,,,,,,,0,2045.794111006168,pond_emd_population_context,84161.71203876993,8.416171203876992,10.733035027827324,,,,,,,,,,0,4247.78234156664,pond_emd_population_context,248119.679855049,24.8119679855049,7.910596013513713,490,181.30713641213924,181.30713641213924,AVAILABLE,,100–300m,D_PRESERVATION,보존·기록형,현재 확보된 자료만으로 활동형 판정에 필요한 인구·도로·생활시설 근거가 부족하여 보존·기록형으로 보수적 표시,RULE_BASED_WITH_MISSING_DATA_GUARD
491,안계면 도덕리 172-1유,안계면,10.6,의성군 주소 자료,미기재,36.3963813282325,128.47595470717755,491,안계면 도덕리 172-1유,안계면,안계면,10.6,VWorld UQ164·UO601,VWorld UQ151,,DATA_NOT_AVAILABLE,,DATA_NOT_AVAILABLE,4208.0,575.0,1772.0,13.66444866920152,42.11026615969582,-43.0,2025.0,pond_emd_population_context,,,,,,,0,0.0,pond_emd_population_context,175155.76680529164,17.515576680529165,22.337389947356712,,,,,,,,,,0,2216.188845766466,pond_emd_population_context,513011.19958196685,51.301119958196686,16.355914825747803,491,865.87499686315,865.87499686315,AVAILABLE,,500m 이상,D_PRESERVATION,보존·기록형,현재 확보된 자료만으로 활동형 판정에 필요한 인구·도로·생활시설 근거가 부족하여 보존·기록형으로 보수적 표시,RULE_BASED_WITH_MISSING_DATA_GUARD
492,안계면 도덕리 1011-1유,안계면,32.5,의성군 주소 자료,미기재,36.42489471148514,128.46028177629077,492,안계면 도덕리 1011-1유,안계면,안계면,32.5,VWorld UQ164·UO601,VWorld UQ151,,DATA_NOT_AVAILABLE,,DATA_NOT_AVAILABLE,4208.0,575.0,1772.0,13.66444866920152,42.11026615969582,-43.0,2025.0,pond_emd_population_context,,,,,,,0,1950.5133878200595,pond_emd_population_context,102996.25108038496,10.299625108038496,13.134979598221902,,,,,,,,,,0,4155.6039292499845,pond_emd_population_context,265543.2097297018,26.55432097297018,8.466096109468559,492,145.41342997323576,145.41342997323576,AVAILABLE,,100–300m,D_PRESERVATION,보존·기록형,현재 확보된 자료만으로 활동형 판정에 필요한 인구·도로·생활시설 근거가 부족하여 보존·기록형으로 보수적 표시,RULE_BASED_WITH_MISSING_DATA_GUARD
493,안계면 도덕리 882유,안계면,16.0,의성군 주소 자료,미기재,36.41084347675779,128.4657155512135,493,안계면 도덕리 882유,안계면,안계면,16.0,VWorld UQ164·UO601,VWorld UQ151,69.0,AVAILABLE,279.0,AVAILABLE,4208.0,575.0,1772.0,13.66444866920152,42.11026615969582,-43.0,2025.0,pond_emd_population_context,,,,,,,0,2749.834810732733,pond_emd_population_context,124376.29999193813,12.437629999193812,15.861549772538847,,,,,,,,,,0,7991.575287725553,pond_emd_population_context,328398.49976174923,32.839849976174925,10.470059708995365,493,379.9268988333943,379.9268988333943,AVAILABLE,,300–500m,D_PRESERVATION,보존·기록형,현재 확보된 자료만으로 활동형 판정에 필요한 인구·도로·생활시설 근거가 부족하여 보존·기록형으로 보수적 표시,RULE_BASED_WITH_MISSING_DATA_GUARD
494,안계면 도덕리 313-2유,안계면,11.5,의성군 주소 자료,미기재,36.4050565725596,128.46734589097963,494,안계면 도덕리 313-2유,안계면,안계면,11.5,VWorld UQ164·UO601,VWorld UQ151,,DATA_NOT_AVAILABLE,,DATA_NOT_AVAILABLE,4208.0,575.0,1772.0,13.66444866920152,42.11026615969582,-43.0,2025.0,pond_emd_population_context,,,,,,,0,2350.1259938816597,pond_emd_population_context,140710.5840300394,14.07105840300394,17.944640033994798,,,,,,,,,,0,8553.82143135176,pond_emd_population_context,619102.0279568556,61.91020279568556,19.7383215921238,494,104.92602667148468,104.92602667148468,AVAILABLE,,100–300m,D_PRESERVATION,보존·기록형,현재 확보된 자료만으로 활동형 판정에 필요한 인구·도로·생활시설 근거가 부족하여 보존·기록형으로 보수적 표시,RULE_BASED_WITH_MISSING_DATA_GUARD
495,안계면 도덕리 46-1유,안계면,19.2,의성군 주소 자료,미기재,36.40207025099447,128.48007497525967,495,안계면 도덕리 46-1유,안계면,안계면,19.2,VWorld UQ164·UO601,VWorld UQ151,,DATA_NOT_AVAILABLE,,DATA_NOT_AVAILABLE,4208.0,575.0,1772.0,13.66444866920152,42.11026615969582,-43.0,2025.0,pond_emd_population_context,,,,,,,0,1664.196600368986,pond_emd_population_context,147599.948086384,14.7599948086384,18.82323178248654,,,,,,,,,,0,3698.755795312181,pond_emd_population_context,314343.2342252305,31.43432342252305,10.021947219139598,495,242.49962051410245,242.49962051410245,AVAILABLE,,100–300m,D_PRESERVATION,보존·기록형,현재 확보된 자료만으로 활동형 판정에 필요한 인구·도로·생활시설 근거가 부족하여 보존·기록형으로 보수적 표시,RULE_BASED_WITH_MISSING_DATA_GUARD
496,안계면 양곡리 885-1유,안계면,34.1,의성군 주소 자료,미기재,36.426947736975514,128.43510953162897,496,안계면 양곡리 885-1유,안계면,안계면,34.1,VWorld UQ164·UO601,VWorld UQ151,,DATA_NOT_AVAILABLE,,DATA_NOT_AVAILABLE,4208.0,575.0,1772.0,13.66444866920152,42.11026615969582,-43.0,2025.0,pond_emd_population_context,,,,,,,0,0.0,pond_emd_population_context,124623.37520429862,12.46233752042986,15.893058956994976,,,,,,,,,,0,0.0,pond_emd_population_context,709432.0639999035,70.94320639999034,22.618239958293422,496,1816.461380060484,1816.461380060484,AVAILABLE,,500m 이상,B_ECO_EDUCATION,생태·교육형,1km 농업지역 비율 상위 25%이고 도로 접근성이 낮음,RULE_BASED_WITH_MISSING_DATA_GUARD
497,안계면 양곡리 296유,안계면,44.7,의성군 주소 자료,미기재,36.41828400426348,128.44071428993155,497,안계면 양곡리 296유,안계면,안계면,44.7,VWorld UQ164·UO601,VWorld UQ151,,DATA_NOT_AVAILABLE,,DATA_NOT_AVAILABLE,4208.0,575.0,1772.0,13.66444866920152,42.11026615969582,-43.0,2025.0,pond_emd_population_context,,,,,,,0,0.0,pond_emd_population_context,532533.7649514957,53.25337649514957,67.9133469871926,,,,,,,,,,0,2161.135380249268,pond_emd_population_context,1464285.0579225854,146.42850579225853,46.68459812868161,497,837.8719942896424,837.8719942896424,AVAILABLE,,500m 이상,B_ECO_EDUCATION,생태·교육형,1km 농업지역 비율 상위 25%이고 도로 접근성이 낮음,RULE_BASED_WITH_MISSING_DATA_GUARD
498,안계면 양곡리 901유,안계면,87.9,의성군 주소 자료,미기재,36.42856749835636,128.42776884967125,498,안계면 양곡리 901유,안계면,안계면,87.9,VWorld UQ164·UO601,VWorld UQ151,,DATA_NOT_AVAILABLE,,DATA_NOT_AVAILABLE,4208.0,575.0,1772.0,13.66444866920152,42.11026615969582,-43.0,2025.0,pond_emd_population_context,,,,,,,0,0.0,pond_emd_population_context,180874.3076688301,18.08743076688301,23.06666811803064,,,,,,,,,,0,0.0,pond_emd_population_context,901638.2437550876,90.16382437550875,28.746191760553973,498,1472.322942159555,1472.322942159555,AVAILABLE,,500m 이상,B_ECO_EDUCATION,생태·교육형,1km 농업지역 비율 상위 25%이고 도로 접근성이 낮음,RULE_BASED_WITH_MISSING_DATA_GUARD
499,안계면 양곡리 123유,안계면,34.0,의성군 주소 자료,미기재,36.422748126664054,128.44860141980817,499,안계면 양곡리 123유,안계면,안계면,34.0,VWorld UQ164·UO601,VWorld UQ151,,DATA_NOT_AVAILABLE,158.0,AVAILABLE,4208.0,575.0,1772.0,13.66444866920152,42.11026615969582,-43.0,2025.0,pond_emd_population_context,,,,,,,0,0.0,pond_emd_population_context,106443.36568350968,10.644336568350967,13.574585695626732,,,,,,,,,,0,0.0,pond_emd_population_context,563887.7764228393,56.38877764228393,17.97797094871938,499,1186.303736204659,1186.303736204659,AVAILABLE,,500m 이상,D_PRESERVATION,보존·기록형,현재 확보된 자료만으로 활동형 판정에 필요한 인구·도로·생활시설 근거가 부족하여 보존·기록형으로 보수적 표시,RULE_BASED_WITH_MISSING_DATA_GUARD
500,안계면 양곡리 59-1유,안계면,16.4,의성군 주소 자료,미기재,36.41521981034553,128.44746951281147,500,안계면 양곡리 59-1유,안계면,안계면,16.4,VWorld UQ164·UO601,VWorld UQ151,,DATA_NOT_AVAILABLE,,DATA_NOT_AVAILABLE,4208.0,575.0,1772.0,13.66444866920152,42.11026615969582,-43.0,2025.0,pond_emd_population_context,,,,,,,0,298.17339672150047,pond_emd_population_context,278621.1969218116,27.86211969218116,35.532203345381056,,,,,,,,,,0,3449.612002108872,pond_emd_population_context,810783.1094073714,81.07831094073714,25.849532116312258,500,455.1694079292639,455.1694079292639,AVAILABLE,,300–500m,D_PRESERVATION,보존·기록형,현재 확보된 자료만으로 활동형 판정에 필요한 인구·도로·생활시설 근거가 부족하여 보존·기록형으로 보수적 표시,RULE_BASED_WITH_MISSING_DATA_GUARD
501,다인면 송호리 662-2대,다인면,13.9,의성군 주소 자료,미기재,36.460332832103006,128.38080755028042,501,다인면 송호리 662-2대,다인면,다인면,13.9,VWorld UQ164·UO601,VWorld UQ151,68.0,AVAILABLE,78.0,AVAILABLE,3543.0,296.0,1983.0,8.354501834603443,55.96951735817104,-53.0,2025.0,pond_emd_population_context,,,,,,,0,0.0,pond_emd_population_context,106377.46376977715,10.637746376977717,13.566181309221587,,,,,,,,,,0,4497.531023652787,pond_emd_population_context,850122.7814656675,85.01227814656676,27.103766577436406,501,521.006202592486,521.006202592486,AVAILABLE,,500m 이상,B_ECO_EDUCATION,생태·교육형,1km 농업지역 비율 상위 25%이고 도로 접근성이 낮음,RULE_BASED_WITH_MISSING_DATA_GUARD
502,다인면 평림리 117유,다인면,11.4,의성군 주소 자료,미기재,36.46908040034859,128.368445088262,502,다인면 평림리 117유,다인면,다인면,11.4,VWorld UQ164·UO601,VWorld UQ151,,DATA_NOT_AVAILABLE,158.0,AVAILABLE,3543.0,296.0,1983.0,8.354501834603443,55.96951735817104,-53.0,2025.0,pond_emd_population_context,,,,,,,0,0.0,pond_emd_population_context,364449.036224773,36.444903622477305,46.47771744301566,,,,,,,,,,0,2261.873653960293,pond_emd_population_context,1244697.507722389,124.4697507722389,39.68366857627485,502,822.6959779651746,822.6959779651746,AVAILABLE,,500m 이상,B_ECO_EDUCATION,생태·교육형,1km 농업지역 비율 상위 25%이고 도로 접근성이 낮음,RULE_BASED_WITH_MISSING_DATA_GUARD
503,다인면 평림리 716유,다인면,12.5,의성군 주소 자료,미기재,36.47732491465487,128.35742116902514,503,다인면 평림리 716유,다인면,다인면,12.5,VWorld UQ164·UO601,VWorld UQ151,,DATA_NOT_AVAILABLE,,DATA_NOT_AVAILABLE,3543.0,296.0,1983.0,8.354501834603443,55.96951735817104,-53.0,2025.0,pond_emd_population_context,,,,,,,0,0.0,pond_emd_population_context,165423.84246927232,16.54238424692723,21.096290137759883,,,,,,,,,,0,0.0,pond_emd_population_context,337312.39934455755,33.73123993445576,10.75425424989522,503,1553.017393448718,1553.017393448718,AVAILABLE,,500m 이상,D_PRESERVATION,보존·기록형,현재 확보된 자료만으로 활동형 판정에 필요한 인구·도로·생활시설 근거가 부족하여 보존·기록형으로 보수적 표시,RULE_BASED_WITH_MISSING_DATA_GUARD
504,다인면 평림리 747-1유,다인면,5.3,의성군 주소 자료,미기재,36.47600490146246,128.3601875154699,504,다인면 평림리 747-1유,다인면,다인면,5.3,VWorld UQ164·UO601,VWorld UQ151,,DATA_NOT_AVAILABLE,,DATA_NOT_AVAILABLE,3543.0,296.0,1983.0,8.354501834603443,55.96951735817104,-53.0,2025.0,pond_emd_population_context,,,,,,,0,0.0,pond_emd_population_context,207683.4460337884,20.76834460337884,26.485603096497037,,,,,,,,,,0,0.0,pond_emd_population_context,475913.0625187723,47.59130625187724,15.17314538427369,504,1782.7235090053978,1782.7235090053978,AVAILABLE,,500m 이상,D_PRESERVATION,보존·기록형,현재 확보된 자료만으로 활동형 판정에 필요한 인구·도로·생활시설 근거가 부족하여 보존·기록형으로 보수적 표시,RULE_BASED_WITH_MISSING_DATA_GUARD
505,다인면 평림리 169-1유,다인면,23.5,의성군 주소 자료,미기재,36.47236243694846,128.36511104348074,505,다인면 평림리 169-1유,다인면,다인면,23.5,VWorld UQ164·UO601,VWorld UQ151,,DATA_NOT_AVAILABLE,,DATA_NOT_AVAILABLE,3543.0,296.0,1983.0,8.354501834603443,55.96951735817104,-53.0,2025.0,pond_emd_population_context,,,,,,,0,0.0,pond_emd_population_context,265832.51773013826,26.583251773013828,33.90127951554446,,,,,,,,,,0,0.0,pond_emd_population_context,913454.9422776564,91.34549422776564,29.12293385646566,505,1257.332266289838,1257.332266289838,AVAILABLE,,500m 이상,B_ECO_EDUCATION,생태·교육형,1km 농업지역 비율 상위 25%이고 도로 접근성이 낮음,RULE_BASED_WITH_MISSING_DATA_GUARD
506,다인면 덕지리 1158-1유,다인면,14.6,의성군 주소 자료,미기재,36.467413950175185,128.3268591254019,506,다인면 덕지리 1158-1유,다인면,다인면,14.6,VWorld UQ164·UO601,VWorld UQ151,,DATA_NOT_AVAILABLE,,DATA_NOT_AVAILABLE,3543.0,296.0,1983.0,8.354501834603443,55.96951735817104,-53.0,2025.0,pond_emd_population_context,,,,,,,0,0.0,pond_emd_population_context,72590.65384261885,7.259065384261885,9.2573928394756,,,,,,,,,,0,397.0070378696827,pond_emd_population_context,452354.8828966352,45.23548828966352,14.422059287784334,506,968.4761833400464,968.4761833400464,AVAILABLE,,500m 이상,D_PRESERVATION,보존·기록형,현재 확보된 자료만으로 활동형 판정에 필요한 인구·도로·생활시설 근거가 부족하여 보존·기록형으로 보수적 표시,RULE_BASED_WITH_MISSING_DATA_GUARD
507,다인면 덕지리 324유,다인면,20.5,의성군 주소 자료,미기재,36.472027381168445,128.33092066928452,507,다인면 덕지리 324유,다인면,다인면,20.5,VWorld UQ164·UO601,VWorld UQ151,43.0,AVAILABLE,113.0,AVAILABLE,3543.0,296.0,1983.0,8.354501834603443,55.96951735817104,-53.0,2025.0,pond_emd_population_context,,,,,,,0,0.0,pond_emd_population_context,99886.33122543935,9.988633122543936,12.73837551391465,,,,,,,,,,0,2260.1927164150197,pond_emd_population_context,507431.0912878492,50.74310912878492,16.178008815018586,507,670.7886215835316,670.7886215835316,AVAILABLE,,500m 이상,D_PRESERVATION,보존·기록형,현재 확보된 자료만으로 활동형 판정에 필요한 인구·도로·생활시설 근거가 부족하여 보존·기록형으로 보수적 표시,RULE_BASED_WITH_MISSING_DATA_GUARD
508,다인면 덕미리 458-1유,다인면,8.9,의성군 주소 자료,미기재,36.48805463725117,128.3408583257008,508,다인면 덕미리 458-1유,다인면,다인면,8.9,VWorld UQ164·UO601,VWorld UQ151,153.0,AVAILABLE,608.0,AVAILABLE,3543.0,296.0,1983.0,8.354501834603443,55.96951735817104,-53.0,2025.0,pond_emd_population_context,,,,,,,0,1351.1122017988823,pond_emd_population_context,76498.33800484869,7.649833800484869,9.755734781136416,,,,,,,,,,0,2051.206699400036,pond_emd_population_context,240189.56057172667,24.018956057172662,7.657766532087709,508,48.01584383060102,48.01584383060102,AVAILABLE,,0–100m,D_PRESERVATION,보존·기록형,현재 확보된 자료만으로 활동형 판정에 필요한 인구·도로·생활시설 근거가 부족하여 보존·기록형으로 보수적 표시,RULE_BASED_WITH_MISSING_DATA_GUARD
509,다인면 덕미리 389유,다인면,20.0,의성군 주소 자료,미기재,36.49792994927701,128.34491226174725,509,다인면 덕미리 389유,다인면,다인면,20.0,VWorld UQ164·UO601,VWorld UQ151,,DATA_NOT_AVAILABLE,,DATA_NOT_AVAILABLE,3543.0,296.0,1983.0,8.354501834603443,55.96951735817104,-53.0,2025.0,pond_emd_population_context,,,,,,,0,0.0,pond_emd_population_context,74503.44776805672,7.450344776805672,9.501328991740216,,,,,,,,,,0,254.2714722641821,pond_emd_population_context,304127.823914137,30.412782391413703,9.696257680403484,509,891.6431709977825,891.6431709977825,AVAILABLE,,500m 이상,D_PRESERVATION,보존·기록형,현재 확보된 자료만으로 활동형 판정에 필요한 인구·도로·생활시설 근거가 부족하여 보존·기록형으로 보수적 표시,RULE_BASED_WITH_MISSING_DATA_GUARD
510,다인면 덕미리 313-1유,다인면,6.3,의성군 주소 자료,미기재,36.499703059415985,128.35306795169993,510,다인면 덕미리 313-1유,다인면,다인면,6.3,VWorld UQ164·UO601,VWorld UQ151,,DATA_NOT_AVAILABLE,,DATA_NOT_AVAILABLE,3543.0,296.0,1983.0,8.354501834603443,55.96951735817104,-53.0,2025.0,pond_emd_population_context,,,,,,,0,0.0,pond_emd_population_context,203934.2428251944,20.39342428251944,26.00747202727942,,,,,,,,,,0,0.0,pond_emd_population_context,357686.7382522976,35.768673825229754,11.403832567244743,510,1413.13657150444,1413.13657150444,AVAILABLE,,500m 이상,D_PRESERVATION,보존·기록형,현재 확보된 자료만으로 활동형 판정에 필요한 인구·도로·생활시설 근거가 부족하여 보존·기록형으로 보수적 표시,RULE_BASED_WITH_MISSING_DATA_GUARD
511,다인면 덕미리 686유,다인면,14.8,의성군 주소 자료,미기재,36.477429071595324,128.34502689790864,511,다인면 덕미리 686유,다인면,다인면,14.8,VWorld UQ164·UO601,VWorld UQ151,,DATA_NOT_AVAILABLE,123.0,AVAILABLE,3543.0,296.0,1983.0,8.354501834603443,55.96951735817104,-53.0,2025.0,pond_emd_population_context,,,,,,,0,0.0,pond_emd_population_context,141407.20997138828,14.140720997138828,18.03347984545617,,,,,,,,,,0,2276.0590855407786,pond_emd_population_context,424834.9668535733,42.48349668535733,13.544664402099906,511,518.4173887951677,518.4173887951677,AVAILABLE,,500m 이상,D_PRESERVATION,보존·기록형,현재 확보된 자료만으로 활동형 판정에 필요한 인구·도로·생활시설 근거가 부족하여 보존·기록형으로 보수적 표시,RULE_BASED_WITH_MISSING_DATA_GUARD
512,다인면 덕미리 546-2유,다인면,12.2,의성군 주소 자료,미기재,36.48175405206829,128.34504578125507,512,다인면 덕미리 546-2유,다인면,다인면,12.2,VWorld UQ164·UO601,VWorld UQ151,108.0,AVAILABLE,193.0,AVAILABLE,3543.0,296.0,1983.0,8.354501834603443,55.96951735817104,-53.0,2025.0,pond_emd_population_context,,,,,,,0,700.0944976011534,pond_emd_population_context,121730.08217683388,12.173008217683387,15.524081013732102,,,,,,,,,,0,2728.837209271659,pond_emd_population_context,403935.5396405441,40.39355396405441,12.878345125480282,512,375.9300497356341,375.9300497356341,AVAILABLE,,300–500m,D_PRESERVATION,보존·기록형,현재 확보된 자료만으로 활동형 판정에 필요한 인구·도로·생활시설 근거가 부족하여 보존·기록형으로 보수적 표시,RULE_BASED_WITH_MISSING_DATA_GUARD
513,다인면 용곡리 690-1유,다인면,18.6,의성군 주소 자료,미기재,36.52351765532042,128.34596861365506,513,다인면 용곡리 690-1유,다인면,다인면,18.6,VWorld UQ164·UO601,VWorld UQ151,38.0,AVAILABLE,153.0,AVAILABLE,3543.0,296.0,1983.0,8.354501834603443,55.96951735817104,-53.0,2025.0,pond_emd_population_context,,,,,,,0,0.0,pond_emd_population_context,92062.2061952218,9.20622061952218,11.740574899155998,,,,,,,,,,0,0.0,pond_emd_population_context,114807.20418412422,11.48072041841242,3.660303818996351,513,1148.80820337871,1148.80820337871,AVAILABLE,,500m 이상,D_PRESERVATION,보존·기록형,현재 확보된 자료만으로 활동형 판정에 필요한 인구·도로·생활시설 근거가 부족하여 보존·기록형으로 보수적 표시,RULE_BASED_WITH_MISSING_DATA_GUARD
514,다인면 봉정리 15유,다인면,15.7,의성군 주소 자료,미기재,36.47888269158817,128.40887441693113,514,다인면 봉정리 15유,다인면,다인면,15.7,VWorld UQ164·UO601,VWorld UQ151,,DATA_NOT_AVAILABLE,,DATA_NOT_AVAILABLE,3543.0,296.0,1983.0,8.354501834603443,55.96951735817104,-53.0,2025.0,pond_emd_population_context,,,,,,,0,0.0,pond_emd_population_context,34949.36502098745,3.494936502098745,4.457047627521906,,,,,,,,,,0,0.0,pond_emd_population_context,77523.58420447324,7.752358420447324,2.471620778003037,514,1889.3922113014232,1889.3922113014232,AVAILABLE,,500m 이상,D_PRESERVATION,보존·기록형,현재 확보된 자료만으로 활동형 판정에 필요한 인구·도로·생활시설 근거가 부족하여 보존·기록형으로 보수적 표시,RULE_BASED_WITH_MISSING_DATA_GUARD
515,다인면 달제리 17유,다인면,9.5,의성군 주소 자료,미기재,36.456657300491905,128.4191810228275,515,다인면 달제리 17유,다인면,다인면,9.5,VWorld UQ164·UO601,VWorld UQ151,,DATA_NOT_AVAILABLE,,DATA_NOT_AVAILABLE,3543.0,296.0,1983.0,8.354501834603443,55.96951735817104,-53.0,2025.0,pond_emd_population_context,,,,,,,0,0.0,pond_emd_population_context,0.0,0.0,0.0,,,,,,,,,,0,0.0,pond_emd_population_context,35146.58554558328,3.514658554558328,1.120549726921841,515,1743.957110261545,1743.957110261545,AVAILABLE,,500m 이상,D_PRESERVATION,보존·기록형,현재 확보된 자료만으로 활동형 판정에 필요한 인구·도로·생활시설 근거가 부족하여 보존·기록형으로 보수적 표시,RULE_BASED_WITH_MISSING_DATA_GUARD
516,다인면 달제리 1643-1유,다인면,12.8,의성군 주소 자료,미기재,36.47218619945819,128.37888661969362,516,다인면 달제리 1643-1유,다인면,다인면,12.8,VWorld UQ164·UO601,VWorld UQ151,,DATA_NOT_AVAILABLE,,DATA_NOT_AVAILABLE,3543.0,296.0,1983.0,8.354501834603443,55.96951735817104,-53.0,2025.0,pond_emd_population_context,,,,,,,0,0.0,pond_emd_population_context,63337.22494136661,6.33372249413666,8.077314938031552,,,,,,,,,,0,5035.487570982921,pond_emd_population_context,575464.7203078947,57.546472030789474,18.347069144393718,516,600.4514553821546,600.4514553821546,AVAILABLE,,500m 이상,B_ECO_EDUCATION,생태·교육형,1km 농업지역 비율 상위 25%이고 도로 접근성이 낮음,RULE_BASED_WITH_MISSING_DATA_GUARD
517,다인면 달제리 1165유,다인면,8.8,의성군 주소 자료,미기재,36.47273682334376,128.40739098998398,517,다인면 달제리 1165유,다인면,다인면,8.8,VWorld UQ164·UO601,VWorld UQ151,,DATA_NOT_AVAILABLE,,DATA_NOT_AVAILABLE,3543.0,296.0,1983.0,8.354501834603443,55.96951735817104,-53.0,2025.0,pond_emd_population_context,,,,,,,0,0.0,pond_emd_population_context,0.0,0.0,0.0,,,,,,,,,,0,0.0,pond_emd_population_context,30835.60459701849,3.083560459701849,0.9831062612282984,517,1643.4383493170155,1643.4383493170155,AVAILABLE,,500m 이상,D_PRESERVATION,보존·기록형,현재 확보된 자료만으로 활동형 판정에 필요한 인구·도로·생활시설 근거가 부족하여 보존·기록형으로 보수적 표시,RULE_BASED_WITH_MISSING_DATA_GUARD
518,다인면 삼분리 450-1유,다인면,24.5,의성군 주소 자료,미기재,36.43420207422013,128.41693252307084,518,다인면 삼분리 450-1유,다인면,다인면,24.5,VWorld UQ164·UO601,VWorld UQ151,,DATA_NOT_AVAILABLE,,DATA_NOT_AVAILABLE,3543.0,296.0,1983.0,8.354501834603443,55.96951735817104,-53.0,2025.0,pond_emd_population_context,,,,,,,0,681.1741365088162,pond_emd_population_context,218547.53691292912,21.854753691292917,27.87108665103311,,,,,,,,,,0,3256.1476167478795,pond_emd_population_context,834209.8277814221,83.4209827781422,26.59642694177607,518,452.6826490286776,452.6826490286776,AVAILABLE,,300–500m,D_PRESERVATION,보존·기록형,현재 확보된 자료만으로 활동형 판정에 필요한 인구·도로·생활시설 근거가 부족하여 보존·기록형으로 보수적 표시,RULE_BASED_WITH_MISSING_DATA_GUARD
519,다인면 삼분리 393유,다인면,74.5,의성군 주소 자료,미기재,36.43141440236453,128.41949121577136,519,다인면 삼분리 393유,다인면,다인면,74.5,VWorld UQ164·UO601,VWorld UQ151,43.0,AVAILABLE,103.0,AVAILABLE,3543.0,296.0,1983.0,8.354501834603443,55.96951735817104,-53.0,2025.0,pond_emd_population_context,,,,,,,0,0.0,pond_emd_population_context,369450.593964635,36.9450593964635,47.11555967691544,,,,,,,,,,0,2274.320332523801,pond_emd_population_context,1103200.328830368,110.32003288303682,35.172430209690766,519,713.7273442344938,713.7273442344938,AVAILABLE,,500m 이상,B_ECO_EDUCATION,생태·교육형,1km 농업지역 비율 상위 25%이고 도로 접근성이 낮음,RULE_BASED_WITH_MISSING_DATA_GUARD
543,안평면 창길리 1453유,안평면,67.0,의성군 주소 자료,미기재,36.38990527849014,128.56981661654063,543,안평면 창길리 1453유,안평면,안평면,67.0,VWorld UQ164·UO601,VWorld UQ151,103.0,AVAILABLE,353.0,AVAILABLE,2053.0,108.0,1225.0,5.260594252313687,59.6687773989284,5.0,2025.0,pond_emd_population_context,,,,,,,0,1564.5994010265986,pond_emd_population_context,152152.9330117887,15.21529330117887,19.403868101565067,,,,,,,,,,0,6147.581953532919,pond_emd_population_context,453054.6561569597,45.30546561569597,14.444369584036206,543,287.8833181085647,287.8833181085647,AVAILABLE,,100–300m,D_PRESERVATION,보존·기록형,현재 확보된 자료만으로 활동형 판정에 필요한 인구·도로·생활시설 근거가 부족하여 보존·기록형으로 보수적 표시,RULE_BASED_WITH_MISSING_DATA_GUARD
544,안평면 창길리 762유,안평면,7.7,의성군 주소 자료,미기재,36.39810773854362,128.57029351731927,544,안평면 창길리 762유,안평면,안평면,7.7,VWorld UQ164·UO601,VWorld UQ151,,DATA_NOT_AVAILABLE,,DATA_NOT_AVAILABLE,2053.0,108.0,1225.0,5.260594252313687,59.6687773989284,5.0,2025.0,pond_emd_population_context,,,,,,,0,2565.7585083652607,pond_emd_population_context,208032.63476494368,20.80326347649437,26.5301346868369,,,,,,,,,,0,6014.858101435389,pond_emd_population_context,558494.6094924989,55.84946094924989,17.806025035987716,544,233.59749895462303,233.59749895462303,AVAILABLE,,100–300m,D_PRESERVATION,보존·기록형,현재 확보된 자료만으로 활동형 판정에 필요한 인구·도로·생활시설 근거가 부족하여 보존·기록형으로 보수적 표시,RULE_BASED_WITH_MISSING_DATA_GUARD
545,안평면 창길리 317-1유,안평면,27.3,의성군 주소 자료,미기재,36.40562391790192,128.5919917257598,545,안평면 창길리 317-1유,안평면,안평면,27.3,VWorld UQ164·UO601,VWorld UQ151,,DATA_NOT_AVAILABLE,,DATA_NOT_AVAILABLE,2053.0,108.0,1225.0,5.260594252313687,59.6687773989284,5.0,2025.0,pond_emd_population_context,,,,,,,0,3473.173925037857,pond_emd_population_context,94343.4912898384,9.43434912898384,12.031504256886992,,,,,,,,,,0,6325.151273026923,pond_emd_population_context,175474.07753894362,17.547407753894362,5.594495926584667,545,116.60656866750789,116.60656866750789,AVAILABLE,,100–300m,D_PRESERVATION,보존·기록형,현재 확보된 자료만으로 활동형 판정에 필요한 인구·도로·생활시설 근거가 부족하여 보존·기록형으로 보수적 표시,RULE_BASED_WITH_MISSING_DATA_GUARD
546,안평면 창길리 1496,안평면,5.2,의성군 주소 자료,미기재,36.38940563443856,128.56187156896684,546,안평면 창길리 1496,안평면,안평면,5.2,VWorld UQ164·UO601,VWorld UQ151,,DATA_NOT_AVAILABLE,,DATA_NOT_AVAILABLE,2053.0,108.0,1225.0,5.260594252313687,59.6687773989284,5.0,2025.0,pond_emd_population_context,,,,,,,0,0.0,pond_emd_population_context,36589.149672191976,3.658914967219197,4.6661672577329005,,,,,,,,,,0,1706.6194199482852,pond_emd_population_context,214095.38259956645,21.409538259956644,6.825827282596987,546,834.3547558458766,834.3547558458766,AVAILABLE,,500m 이상,D_PRESERVATION,보존·기록형,현재 확보된 자료만으로 활동형 판정에 필요한 인구·도로·생활시설 근거가 부족하여 보존·기록형으로 보수적 표시,RULE_BASED_WITH_MISSING_DATA_GUARD
547,안평면 창길리 598답,안평면,3.0,의성군 주소 자료,미기재,36.396012758057935,128.57269229643092,547,안평면 창길리 598답,안평면,안평면,3.0,VWorld UQ164·UO601,VWorld UQ151,,DATA_NOT_AVAILABLE,,DATA_NOT_AVAILABLE,2053.0,108.0,1225.0,5.260594252313687,59.6687773989284,5.0,2025.0,pond_emd_population_context,,,,,,,0,1799.403999748696,pond_emd_population_context,97642.17637775176,9.764217637775175,12.452181328879492,,,,,,,,,,0,6682.049093520336,pond_emd_population_context,549374.4631808139,54.93744631808139,17.51525489998712,547,363.7283906400054,363.7283906400054,AVAILABLE,,300–500m,D_PRESERVATION,보존·기록형,현재 확보된 자료만으로 활동형 판정에 필요한 인구·도로·생활시설 근거가 부족하여 보존·기록형으로 보수적 표시,RULE_BASED_WITH_MISSING_DATA_GUARD
548,안평면 평팔리 산186,안평면,4.2,의성군 주소 자료,미기재,36.37821357881473,128.60076005443335,548,안평면 평팔리 산186,안평면,안평면,4.2,VWorld UQ164·UO601,VWorld UQ151,,DATA_NOT_AVAILABLE,,DATA_NOT_AVAILABLE,2053.0,108.0,1225.0,5.260594252313687,59.6687773989284,5.0,2025.0,pond_emd_population_context,,,,,,,0,1520.2324263192563,pond_emd_population_context,266296.0762310119,26.62960762310119,33.96039653570478,,,,,,,,,,0,3899.249265207992,pond_emd_population_context,544407.9196401186,54.44079196401186,17.35691067047288,548,286.1535226545262,286.1535226545262,AVAILABLE,,100–300m,D_PRESERVATION,보존·기록형,현재 확보된 자료만으로 활동형 판정에 필요한 인구·도로·생활시설 근거가 부족하여 보존·기록형으로 보수적 표시,RULE_BASED_WITH_MISSING_DATA_GUARD
549,안평면 창길리 1,안평면,2.4,의성군 주소 자료,미기재,36.40736409297341,128.60067742460856,549,안평면 창길리 1,안평면,안평면,2.4,VWorld UQ164·UO601,VWorld UQ151,,DATA_NOT_AVAILABLE,,DATA_NOT_AVAILABLE,2053.0,108.0,1225.0,5.260594252313687,59.6687773989284,5.0,2025.0,pond_emd_population_context,,,,,,,0,1690.6223967324372,pond_emd_population_context,0.0,0.0,0.0,,,,,,,,,,0,4172.624652990373,pond_emd_population_context,102925.94206676126,10.292594206676126,3.28150329500716,549,223.8129852878876,223.8129852878876,AVAILABLE,,100–300m,D_PRESERVATION,보존·기록형,현재 확보된 자료만으로 활동형 판정에 필요한 인구·도로·생활시설 근거가 부족하여 보존·기록형으로 보수적 표시,RULE_BASED_WITH_MISSING_DATA_GUARD
550,안평면 창길리 1305유,안평면,19.0,의성군 주소 자료,미기재,36.384896965232265,128.58199672250205,550,안평면 창길리 1305유,안평면,안평면,19.0,VWorld UQ164·UO601,VWorld UQ151,103.0,AVAILABLE,288.0,AVAILABLE,2053.0,108.0,1225.0,5.260594252313687,59.6687773989284,5.0,2025.0,pond_emd_population_context,,,,,,,0,3498.134664332822,pond_emd_population_context,224236.9343812552,22.42369343812552,28.596648201951258,,,,,,,,,,2,11878.38920282322,pond_emd_population_context,532004.1256561929,53.20041256561929,16.96145069205033,550,225.6798924658576,225.6798924658576,AVAILABLE,,100–300m,A_CULTURE_TOURISM,문화·관광형,도로 226m 이내이며 1km 생활시설 2개,RULE_BASED_WITH_MISSING_DATA_GUARD
551,안평면 창길리 92,안평면,29.0,의성군 주소 자료,미기재,36.40998219302963,128.59288320527378,551,안평면 창길리 92,안평면,안평면,29.0,VWorld UQ164·UO601,VWorld UQ151,48.0,AVAILABLE,58.0,AVAILABLE,2053.0,108.0,1225.0,5.260594252313687,59.6687773989284,5.0,2025.0,pond_emd_population_context,,,,,,,0,1905.8552294369924,pond_emd_population_context,66956.02245950013,6.695602245950013,8.538815537055125,,,,,,,,,,0,4270.3925945025485,pond_emd_population_context,136347.25135443648,13.634725135443649,4.34704745567972,551,361.1718148790632,361.1718148790632,AVAILABLE,,300–500m,D_PRESERVATION,보존·기록형,현재 확보된 자료만으로 활동형 판정에 필요한 인구·도로·생활시설 근거가 부족하여 보존·기록형으로 보수적 표시,RULE_BASED_WITH_MISSING_DATA_GUARD
556,안평면 박곡리 128유,안평면,23.8,의성군 주소 자료,미기재,36.40008291090373,128.610782650375,556,안평면 박곡리 128유,안평면,안평면,23.8,VWorld UQ164·UO601,VWorld UQ151,28.0,AVAILABLE,68.0,AVAILABLE,2053.0,108.0,1225.0,5.260594252313687,59.6687773989284,5.0,2025.0,pond_emd_population_context,,,,,,,0,0.0,pond_emd_population_context,0.0,0.0,0.0,,,,,,,,,,0,0.0,pond_emd_population_context,0.0,0.0,0.0,556,1438.028286450308,1438.028286450308,AVAILABLE,,500m 이상,D_PRESERVATION,보존·기록형,현재 확보된 자료만으로 활동형 판정에 필요한 인구·도로·생활시설 근거가 부족하여 보존·기록형으로 보수적 표시,RULE_BASED_WITH_MISSING_DATA_GUARD
557,안평면 박곡리 566유,안평면,44.0,의성군 주소 자료,미기재,36.38246633633577,128.60078028597349,557,안평면 박곡리 566유,안평면,안평면,44.0,VWorld UQ164·UO601,VWorld UQ151,78.0,AVAILABLE,418.0,AVAILABLE,2053.0,108.0,1225.0,5.260594252313687,59.6687773989284,5.0,2025.0,pond_emd_population_context,,,,,,,0,2029.4892647528616,pond_emd_population_context,282106.1396390776,28.21061396390776,35.97663361359088,,,,,,,,,,0,4182.07536285255,pond_emd_population_context,528454.2271200586,52.84542271200586,16.84827219196228,557,139.02976772004283,139.02976772004283,AVAILABLE,,100–300m,D_PRESERVATION,보존·기록형,현재 확보된 자료만으로 활동형 판정에 필요한 인구·도로·생활시설 근거가 부족하여 보존·기록형으로 보수적 표시,RULE_BASED_WITH_MISSING_DATA_GUARD
558,안평면 박곡리 135유,안평면,1.6,의성군 주소 자료,미기재,36.40163290617049,128.61077003022265,558,안평면 박곡리 135유,안평면,안평면,1.6,VWorld UQ164·UO601,VWorld UQ151,18.0,AVAILABLE,68.0,AVAILABLE,2053.0,108.0,1225.0,5.260594252313687,59.6687773989284,5.0,2025.0,pond_emd_population_context,,,,,,,0,0.0,pond_emd_population_context,0.0,0.0,0.0,,,,,,,,,,0,0.0,pond_emd_population_context,0.0,0.0,0.0,558,1330.2220688121429,1330.2220688121429,AVAILABLE,,500m 이상,D_PRESERVATION,보존·기록형,현재 확보된 자료만으로 활동형 판정에 필요한 인구·도로·생활시설 근거가 부족하여 보존·기록형으로 보수적 표시,RULE_BASED_WITH_MISSING_DATA_GUARD
559,안평면 창길리 1079,안평면,4.4,의성군 주소 자료,미기재,36.3882831505516,128.5807725092834,559,안평면 창길리 1079,안평면,안평면,4.4,VWorld UQ164·UO601,VWorld UQ151,53.0,AVAILABLE,143.0,AVAILABLE,2053.0,108.0,1225.0,5.260594252313687,59.6687773989284,5.0,2025.0,pond_emd_population_context,,,,,,,0,5064.246258826814,pond_emd_population_context,218451.6620984157,21.845166209841565,27.85885985909255,,,,,,,,,,0,10247.969221057256,pond_emd_population_context,545909.2416916055,54.59092416916055,17.404776088655073,559,42.76108801795368,42.76108801795368,AVAILABLE,,0–100m,D_PRESERVATION,보존·기록형,현재 확보된 자료만으로 활동형 판정에 필요한 인구·도로·생활시설 근거가 부족하여 보존·기록형으로 보수적 표시,RULE_BASED_WITH_MISSING_DATA_GUARD
560,안평면 석탑리 17,안평면,19.8,의성군 주소 자료,미기재,36.375439456985816,128.65168057929603,560,안평면 석탑리 17,안평면,안평면,19.8,VWorld UQ164·UO601,VWorld UQ151,8.0,AVAILABLE,33.0,AVAILABLE,2053.0,108.0,1225.0,5.260594252313687,59.6687773989284,5.0,2025.0,pond_emd_population_context,,,,,,,0,0.0,pond_emd_population_context,62068.13634459138,6.206813634459138,7.915469699470696,,,,,,,,,,0,0.0,pond_emd_population_context,160663.892034325,16.0663892034325,5.122314943275815,560,1193.8713529163058,1193.8713529163058,AVAILABLE,,500m 이상,D_PRESERVATION,보존·기록형,현재 확보된 자료만으로 활동형 판정에 필요한 인구·도로·생활시설 근거가 부족하여 보존·기록형으로 보수적 표시,RULE_BASED_WITH_MISSING_DATA_GUARD
561,안평면 석탑리 780,안평면,7.7,의성군 주소 자료,미기재,36.386694081033184,128.63197036739405,561,안평면 석탑리 780,안평면,안평면,7.7,VWorld UQ164·UO601,VWorld UQ151,,DATA_NOT_AVAILABLE,,DATA_NOT_AVAILABLE,2053.0,108.0,1225.0,5.260594252313687,59.6687773989284,5.0,2025.0,pond_emd_population_context,,,,,,,0,0.0,pond_emd_population_context,92561.22966751715,9.256122966751716,11.804214721565822,,,,,,,,,,0,829.0614415793603,pond_emd_population_context,323138.58502994955,32.313858502994954,10.30236216669197,561,935.27487387456,935.27487387456,AVAILABLE,,500m 이상,D_PRESERVATION,보존·기록형,현재 확보된 자료만으로 활동형 판정에 필요한 인구·도로·생활시설 근거가 부족하여 보존·기록형으로 보수적 표시,RULE_BASED_WITH_MISSING_DATA_GUARD
562,안평면 석탑리 890,안평면,4.6,의성군 주소 자료,미기재,36.392829215195654,128.63336904607584,562,안평면 석탑리 890,안평면,안평면,4.6,VWorld UQ164·UO601,VWorld UQ151,,DATA_NOT_AVAILABLE,,DATA_NOT_AVAILABLE,2053.0,108.0,1225.0,5.260594252313687,59.6687773989284,5.0,2025.0,pond_emd_population_context,,,,,,,0,0.0,pond_emd_population_context,38999.45366354686,3.899945366354686,4.973550229635929,,,,,,,,,,0,0.0,pond_emd_population_context,197207.1904638592,19.72071904638592,6.287394920189354,562,1613.701897314126,1613.701897314126,AVAILABLE,,500m 이상,D_PRESERVATION,보존·기록형,현재 확보된 자료만으로 활동형 판정에 필요한 인구·도로·생활시설 근거가 부족하여 보존·기록형으로 보수적 표시,RULE_BASED_WITH_MISSING_DATA_GUARD
563,안평면 석탑리 815,안평면,9.9,의성군 주소 자료,미기재,36.384512763307725,128.63992611141614,563,안평면 석탑리 815,안평면,안평면,9.9,VWorld UQ164·UO601,VWorld UQ151,18.0,AVAILABLE,23.0,AVAILABLE,2053.0,108.0,1225.0,5.260594252313687,59.6687773989284,5.0,2025.0,pond_emd_population_context,,,,,,,0,0.0,pond_emd_population_context,77484.3326935458,7.74843326935458,9.881477417243472,,,,,,,,,,0,0.0,pond_emd_population_context,181953.16799531036,18.19531679953103,5.801063447408778,563,1162.1048869208112,1162.1048869208112,AVAILABLE,,500m 이상,D_PRESERVATION,보존·기록형,현재 확보된 자료만으로 활동형 판정에 필요한 인구·도로·생활시설 근거가 부족하여 보존·기록형으로 보수적 표시,RULE_BASED_WITH_MISSING_DATA_GUARD
564,안평면 석탑리 1242,안평면,8.1,의성군 주소 자료,미기재,36.403431664557615,128.6249967468907,564,안평면 석탑리 1242,안평면,안평면,8.1,VWorld UQ164·UO601,VWorld UQ151,5.0,AVAILABLE,13.0,AVAILABLE,2053.0,108.0,1225.0,5.260594252313687,59.6687773989284,5.0,2025.0,pond_emd_population_context,,,,,,,0,0.0,pond_emd_population_context,79140.13568493238,7.914013568493238,10.0926398458018,,,,,,,,,,0,0.0,pond_emd_population_context,119572.98866788004,11.957298866788005,3.812247412348111,564,2427.1876531839607,2427.1876531839607,AVAILABLE,,500m 이상,D_PRESERVATION,보존·기록형,현재 확보된 자료만으로 활동형 판정에 필요한 인구·도로·생활시설 근거가 부족하여 보존·기록형으로 보수적 표시,RULE_BASED_WITH_MISSING_DATA_GUARD
565,안평면 석탑리 619,안평면,11.6,의성군 주소 자료,미기재,36.38350683600392,128.6205260563935,565,안평면 석탑리 619,안평면,안평면,11.6,VWorld UQ164·UO601,VWorld UQ151,,DATA_NOT_AVAILABLE,,DATA_NOT_AVAILABLE,2053.0,108.0,1225.0,5.260594252313687,59.6687773989284,5.0,2025.0,pond_emd_population_context,,,,,,,0,1444.0542362176382,pond_emd_population_context,104731.84489392332,10.473184489392333,13.356317647835326,,,,,,,,,,0,3967.9217247421225,pond_emd_population_context,337085.79275105445,33.70857927510544,10.747029537948755,565,313.5273274880878,313.5273274880878,AVAILABLE,,300–500m,D_PRESERVATION,보존·기록형,현재 확보된 자료만으로 활동형 판정에 필요한 인구·도로·생활시설 근거가 부족하여 보존·기록형으로 보수적 표시,RULE_BASED_WITH_MISSING_DATA_GUARD
566,안평면 신월리 317-1유,안평면,5.4,의성군 주소 자료,미기재,36.35750914695844,128.63852435342815,566,안평면 신월리 317-1유,안평면,안평면,5.4,VWorld UQ164·UO601,VWorld UQ151,13.0,AVAILABLE,78.0,AVAILABLE,2053.0,108.0,1225.0,5.260594252313687,59.6687773989284,5.0,2025.0,pond_emd_population_context,,,,,,,0,0.0,pond_emd_population_context,41171.160758652026,4.117116075865202,5.250505245845763,,,,,,,,,,0,0.0,pond_emd_population_context,152389.62113436477,15.238962113436475,4.858513158450863,566,1042.5820562038832,1042.5820562038832,AVAILABLE,,500m 이상,D_PRESERVATION,보존·기록형,현재 확보된 자료만으로 활동형 판정에 필요한 인구·도로·생활시설 근거가 부족하여 보존·기록형으로 보수적 표시,RULE_BASED_WITH_MISSING_DATA_GUARD
567,안평면 신월리 512,안평면,2.2,의성군 주소 자료,미기재,36.3601451359648,128.6375100910562,567,안평면 신월리 512,안평면,안평면,2.2,VWorld UQ164·UO601,VWorld UQ151,,DATA_NOT_AVAILABLE,,DATA_NOT_AVAILABLE,2053.0,108.0,1225.0,5.260594252313687,59.6687773989284,5.0,2025.0,pond_emd_population_context,,,,,,,0,0.0,pond_emd_population_context,47610.7497343085,4.7610749734308495,6.071737756048175,,,,,,,,,,0,1868.9813940519912,pond_emd_population_context,313901.5188739603,31.39015188739603,10.007864371302183,567,847.6126288417505,847.6126288417505,AVAILABLE,,500m 이상,D_PRESERVATION,보존·기록형,현재 확보된 자료만으로 활동형 판정에 필요한 인구·도로·생활시설 근거가 부족하여 보존·기록형으로 보수적 표시,RULE_BASED_WITH_MISSING_DATA_GUARD
568,안평면 신월리 27,안평면,8.1,의성군 주소 자료,미기재,36.3685473825021,128.6489947171807,568,안평면 신월리 27,안평면,안평면,8.1,VWorld UQ164·UO601,VWorld UQ151,18.0,AVAILABLE,148.0,AVAILABLE,2053.0,108.0,1225.0,5.260594252313687,59.6687773989284,5.0,2025.0,pond_emd_population_context,,,,,,,0,1263.4841767834034,pond_emd_population_context,98797.40608404478,9.879740608404475,12.599506289392629,,,,,,,,,,0,3982.575912625796,pond_emd_population_context,403399.8060379082,40.33998060379082,12.861264770936083,568,399.5254319844161,399.5254319844161,AVAILABLE,,300–500m,D_PRESERVATION,보존·기록형,현재 확보된 자료만으로 활동형 판정에 필요한 인구·도로·생활시설 근거가 부족하여 보존·기록형으로 보수적 표시,RULE_BASED_WITH_MISSING_DATA_GUARD
569,안평면 신월리 813,안평면,6.8,의성군 주소 자료,미기재,36.3672180298569,128.62896788921736,569,안평면 신월리 813,안평면,안평면,6.8,VWorld UQ164·UO601,VWorld UQ151,110.0,AVAILABLE,190.0,AVAILABLE,2053.0,108.0,1225.0,5.260594252313687,59.6687773989284,5.0,2025.0,pond_emd_population_context,,,,,,,0,0.0,pond_emd_population_context,118945.19926290755,11.894519926290757,15.168928472992436,,,,,,,,,,0,2698.1613485631306,pond_emd_population_context,369593.2601374012,36.959326013740124,11.78343842766718,569,609.051695732802,609.051695732802,AVAILABLE,,500m 이상,D_PRESERVATION,보존·기록형,현재 확보된 자료만으로 활동형 판정에 필요한 인구·도로·생활시설 근거가 부족하여 보존·기록형으로 보수적 표시,RULE_BASED_WITH_MISSING_DATA_GUARD
570,안평면 신월리 250-1,안평면,8.0,의성군 주소 자료,미기재,36.35313715400528,128.64849164692745,570,안평면 신월리 250-1,안평면,안평면,8.0,VWorld UQ164·UO601,VWorld UQ151,18.0,AVAILABLE,33.0,AVAILABLE,2053.0,108.0,1225.0,5.260594252313687,59.6687773989284,5.0,2025.0,pond_emd_population_context,,,,,,,0,0.0,pond_emd_population_context,0.0,0.0,0.0,,,,,,,,,,0,0.0,pond_emd_population_context,73026.94316472091,7.302694316472091,2.3282580640738253,570,1270.952092035436,1270.952092035436,AVAILABLE,,500m 이상,D_PRESERVATION,보존·기록형,현재 확보된 자료만으로 활동형 판정에 필요한 인구·도로·생활시설 근거가 부족하여 보존·기록형으로 보수적 표시,RULE_BASED_WITH_MISSING_DATA_GUARD
571,안평면 신월리 1055,안평면,24.7,의성군 주소 자료,미기재,36.37599769490223,128.6274014121537,571,안평면 신월리 1055,안평면,안평면,24.7,VWorld UQ164·UO601,VWorld UQ151,73.0,AVAILABLE,200.0,AVAILABLE,2053.0,108.0,1225.0,5.260594252313687,59.6687773989284,5.0,2025.0,pond_emd_population_context,,,,,,,0,2352.520279199525,pond_emd_population_context,155307.50446621564,15.530750446621564,19.80616654699773,,,,,,,,,,0,4507.002786080698,pond_emd_population_context,396207.72653864446,39.62077265386445,12.631965605916257,571,227.37745278939832,227.37745278939832,AVAILABLE,,100–300m,D_PRESERVATION,보존·기록형,현재 확보된 자료만으로 활동형 판정에 필요한 인구·도로·생활시설 근거가 부족하여 보존·기록형으로 보수적 표시,RULE_BASED_WITH_MISSING_DATA_GUARD
572,안평면 신월리 49-2,안평면,16.4,의성군 주소 자료,미기재,36.36561773182165,128.6497351048916,572,안평면 신월리 49-2,안평면,안평면,16.4,VWorld UQ164·UO601,VWorld UQ151,,DATA_NOT_AVAILABLE,,DATA_NOT_AVAILABLE,2053.0,108.0,1225.0,5.260594252313687,59.6687773989284,5.0,2025.0,pond_emd_population_context,,,,,,,0,2045.510715746414,pond_emd_population_context,120119.78218107398,12.011978218107398,15.318721523755954,,,,,,,,,,0,4135.904032889921,pond_emd_population_context,340520.6720921052,34.05206720921052,10.85654097548604,572,99.52031331863996,99.52031331863996,AVAILABLE,,0–100m,D_PRESERVATION,보존·기록형,현재 확보된 자료만으로 활동형 판정에 필요한 인구·도로·생활시설 근거가 부족하여 보존·기록형으로 보수적 표시,RULE_BASED_WITH_MISSING_DATA_GUARD
573,안평면 신월리 988,안평면,2.9,의성군 주소 자료,미기재,36.37119129427242,128.6283375743664,573,안평면 신월리 988,안평면,안평면,2.9,VWorld UQ164·UO601,VWorld UQ151,,DATA_NOT_AVAILABLE,,DATA_NOT_AVAILABLE,2053.0,108.0,1225.0,5.260594252313687,59.6687773989284,5.0,2025.0,pond_emd_population_context,,,,,,,0,1220.33287329083,pond_emd_population_context,123936.94956931988,12.393694956931988,15.805519977502358,,,,,,,,,,0,4085.76928087062,pond_emd_population_context,433484.8367787633,43.34848367787633,13.820441102229433,573,385.6734813531694,385.6734813531694,AVAILABLE,,300–500m,D_PRESERVATION,보존·기록형,현재 확보된 자료만으로 활동형 판정에 필요한 인구·도로·생활시설 근거가 부족하여 보존·기록형으로 보수적 표시,RULE_BASED_WITH_MISSING_DATA_GUARD
574,안평면 신월리 613-1,안평면,5.3,의성군 주소 자료,미기재,36.359877248437485,128.6313995709634,574,안평면 신월리 613-1,안평면,안평면,5.3,VWorld UQ164·UO601,VWorld UQ151,73.0,AVAILABLE,180.0,AVAILABLE,2053.0,108.0,1225.0,5.260594252313687,59.6687773989284,5.0,2025.0,pond_emd_population_context,,,,,,,0,0.0,pond_emd_population_context,63892.3456283653,6.38923456283653,8.148108766173783,,,,,,,,,,0,0.0,pond_emd_population_context,189439.62380710716,18.943962380710712,6.039747970678934,574,1193.6446741156687,1193.6446741156687,AVAILABLE,,500m 이상,D_PRESERVATION,보존·기록형,현재 확보된 자료만으로 활동형 판정에 필요한 인구·도로·생활시설 근거가 부족하여 보존·기록형으로 보수적 표시,RULE_BASED_WITH_MISSING_DATA_GUARD
575,안평면 신월리 1181,안평면,1.3,의성군 주소 자료,미기재,36.37000544024012,128.62675302661174,575,안평면 신월리 1181,안평면,안평면,1.3,VWorld UQ164·UO601,VWorld UQ151,,DATA_NOT_AVAILABLE,,DATA_NOT_AVAILABLE,2053.0,108.0,1225.0,5.260594252313687,59.6687773989284,5.0,2025.0,pond_emd_population_context,,,,,,,0,0.0,pond_emd_population_context,45376.20906417002,4.537620906417002,5.786769654726129,,,,,,,,,,0,3078.568259715661,pond_emd_population_context,354288.01135720685,35.42880113572068,11.295473748456034,575,578.013952239142,578.013952239142,AVAILABLE,,500m 이상,D_PRESERVATION,보존·기록형,현재 확보된 자료만으로 활동형 판정에 필요한 인구·도로·생활시설 근거가 부족하여 보존·기록형으로 보수적 표시,RULE_BASED_WITH_MISSING_DATA_GUARD
576,안평면 신월리 1150,안평면,5.8,의성군 주소 자료,미기재,36.373765285804,128.62259716060785,576,안평면 신월리 1150,안평면,안평면,5.8,VWorld UQ164·UO601,VWorld UQ151,8.0,AVAILABLE,78.0,AVAILABLE,2053.0,108.0,1225.0,5.260594252313687,59.6687773989284,5.0,2025.0,pond_emd_population_context,,,,,,,0,0.0,pond_emd_population_context,12880.12620731712,1.288012620731712,1.642585950274971,,,,,,,,,,0,4226.200175657862,pond_emd_population_context,317439.1664893487,31.743916648934867,10.120652285343734,576,597.7818856066569,597.7818856066569,AVAILABLE,,500m 이상,D_PRESERVATION,보존·기록형,현재 확보된 자료만으로 활동형 판정에 필요한 인구·도로·생활시설 근거가 부족하여 보존·기록형으로 보수적 표시,RULE_BASED_WITH_MISSING_DATA_GUARD
587,안평면 대사리 1159-1,안평면,5.0,의성군 주소 자료,미기재,36.3506910855534,128.56428431567028,587,안평면 대사리 1159-1,안평면,안평면,5.0,VWorld UQ164·UO601,VWorld UQ151,,DATA_NOT_AVAILABLE,,DATA_NOT_AVAILABLE,2053.0,108.0,1225.0,5.260594252313687,59.6687773989284,5.0,2025.0,pond_emd_population_context,,,,,,,0,0.0,pond_emd_population_context,72872.99105913096,7.287299105913096,9.293398942025984,,,,,,,,,,0,0.0,pond_emd_population_context,225022.76223390008,22.50227622339001,7.174215954644322,587,1355.682059449088,1355.682059449088,AVAILABLE,,500m 이상,D_PRESERVATION,보존·기록형,현재 확보된 자료만으로 활동형 판정에 필요한 인구·도로·생활시설 근거가 부족하여 보존·기록형으로 보수적 표시,RULE_BASED_WITH_MISSING_DATA_GUARD
588,안평면 대사리 319,안평면,4.8,의성군 주소 자료,미기재,36.33631651775588,128.5870397092934,588,안평면 대사리 319,안평면,안평면,4.8,VWorld UQ164·UO601,VWorld UQ151,138.0,AVAILABLE,445.0,AVAILABLE,2053.0,108.0,1225.0,5.260594252313687,59.6687773989284,5.0,2025.0,pond_emd_population_context,,,,,,,0,3847.230762131104,pond_emd_population_context,82702.35029287764,8.270235029287765,10.546924498971666,,,,,,,,,,0,8374.359191045934,pond_emd_population_context,236538.1217101428,23.65381217101428,7.541350705181479,588,41.35275696296677,41.35275696296677,AVAILABLE,,0–100m,D_PRESERVATION,보존·기록형,현재 확보된 자료만으로 활동형 판정에 필요한 인구·도로·생활시설 근거가 부족하여 보존·기록형으로 보수적 표시,RULE_BASED_WITH_MISSING_DATA_GUARD
589,안평면 대사리 1101,안평면,13.5,의성군 주소 자료,미기재,36.355970554178136,128.5650359788252,589,안평면 대사리 1101,안평면,안평면,13.5,VWorld UQ164·UO601,VWorld UQ151,,DATA_NOT_AVAILABLE,,DATA_NOT_AVAILABLE,2053.0,108.0,1225.0,5.260594252313687,59.6687773989284,5.0,2025.0,pond_emd_population_context,,,,,,,0,0.0,pond_emd_population_context,60461.06227692664,6.046106227692664,7.710521607960715,,,,,,,,,,0,800.6832083504166,pond_emd_population_context,267827.0970076609,26.78270970076609,8.538911412176077,589,976.8888004546492,976.8888004546492,AVAILABLE,,500m 이상,D_PRESERVATION,보존·기록형,현재 확보된 자료만으로 활동형 판정에 필요한 인구·도로·생활시설 근거가 부족하여 보존·기록형으로 보수적 표시,RULE_BASED_WITH_MISSING_DATA_GUARD
590,안평면 대사리 895,안평면,24.8,의성군 주소 자료,미기재,36.347489152213655,128.56796291669852,590,안평면 대사리 895,안평면,안평면,24.8,VWorld UQ164·UO601,VWorld UQ151,43.0,AVAILABLE,58.0,AVAILABLE,2053.0,108.0,1225.0,5.260594252313687,59.6687773989284,5.0,2025.0,pond_emd_population_context,,,,,,,0,0.0,pond_emd_population_context,135857.2101665517,13.58572101665517,17.325695499501983,,,,,,,,,,0,0.0,pond_emd_population_context,242986.60971863745,24.298660971863743,7.74694255328877,590,1274.8511557343804,1274.8511557343804,AVAILABLE,,500m 이상,D_PRESERVATION,보존·기록형,현재 확보된 자료만으로 활동형 판정에 필요한 인구·도로·생활시설 근거가 부족하여 보존·기록형으로 보수적 표시,RULE_BASED_WITH_MISSING_DATA_GUARD
591,안평면 대사리 780,안평면,6.1,의성군 주소 자료,미기재,36.34208204526688,128.57213156364685,591,안평면 대사리 780,안평면,안평면,6.1,VWorld UQ164·UO601,VWorld UQ151,,DATA_NOT_AVAILABLE,,DATA_NOT_AVAILABLE,2053.0,108.0,1225.0,5.260594252313687,59.6687773989284,5.0,2025.0,pond_emd_population_context,,,,,,,0,0.0,pond_emd_population_context,45919.138823825466,4.5919138823825465,5.85600878956392,,,,,,,,,,0,0.0,pond_emd_population_context,238742.69423875847,23.874269423875848,7.611637280863655,591,1145.828992486166,1145.828992486166,AVAILABLE,,500m 이상,D_PRESERVATION,보존·기록형,현재 확보된 자료만으로 활동형 판정에 필요한 인구·도로·생활시설 근거가 부족하여 보존·기록형으로 보수적 표시,RULE_BASED_WITH_MISSING_DATA_GUARD
592,안평면 도옥리 829유,안평면,3.2,의성군 주소 자료,미기재,36.35977704178739,128.58253576807428,592,안평면 도옥리 829유,안평면,안평면,3.2,VWorld UQ164·UO601,VWorld UQ151,73.0,AVAILABLE,348.0,AVAILABLE,2053.0,108.0,1225.0,5.260594252313687,59.6687773989284,5.0,2025.0,pond_emd_population_context,,,,,,,0,1503.747165900865,pond_emd_population_context,173558.74729644076,17.355874729644075,22.133724100816853,,,,,,,,,,0,7646.041939652684,pond_emd_population_context,496450.3884016753,49.64503884016753,15.827920081518322,592,330.7694064595313,330.7694064595313,AVAILABLE,,300–500m,D_PRESERVATION,보존·기록형,현재 확보된 자료만으로 활동형 판정에 필요한 인구·도로·생활시설 근거가 부족하여 보존·기록형으로 보수적 표시,RULE_BASED_WITH_MISSING_DATA_GUARD
593,안평면 도옥리 838,안평면,4.1,의성군 주소 자료,미기재,36.3611165855239,128.58140424414415,593,안평면 도옥리 838,안평면,안평면,4.1,VWorld UQ164·UO601,VWorld UQ151,,DATA_NOT_AVAILABLE,,DATA_NOT_AVAILABLE,2053.0,108.0,1225.0,5.260594252313687,59.6687773989284,5.0,2025.0,pond_emd_population_context,,,,,,,0,1899.082532541952,pond_emd_population_context,178439.20628800808,17.84392062880081,22.756122766901928,,,,,,,,,,0,7883.69352180506,pond_emd_population_context,586376.0382104632,58.637603821046326,18.694945733436,593,311.348315097762,311.348315097762,AVAILABLE,,300–500m,D_PRESERVATION,보존·기록형,현재 확보된 자료만으로 활동형 판정에 필요한 인구·도로·생활시설 근거가 부족하여 보존·기록형으로 보수적 표시,RULE_BASED_WITH_MISSING_DATA_GUARD
594,안평면 도옥리 507유,안평면,38.5,의성군 주소 자료,미기재,36.35008858125537,128.58744149604593,594,안평면 도옥리 507유,안평면,안평면,38.5,VWorld UQ164·UO601,VWorld UQ151,125.0,AVAILABLE,575.0,AVAILABLE,2053.0,108.0,1225.0,5.260594252313687,59.6687773989284,5.0,2025.0,pond_emd_population_context,,,,,,,0,3418.359286219559,pond_emd_population_context,203018.1993179966,20.30181993179966,25.89065017549439,,,,,,,,,,0,7693.882524965718,pond_emd_population_context,488601.32663236937,48.86013266323694,15.577674890252688,594,131.41693146537102,131.41693146537102,AVAILABLE,,100–300m,D_PRESERVATION,보존·기록형,현재 확보된 자료만으로 활동형 판정에 필요한 인구·도로·생활시설 근거가 부족하여 보존·기록형으로 보수적 표시,RULE_BASED_WITH_MISSING_DATA_GUARD
595,안평면 도옥리 310답,안평면,4.0,의성군 주소 자료,미기재,36.35871932497565,128.5902679947893,595,안평면 도옥리 310답,안평면,안평면,4.0,VWorld UQ164·UO601,VWorld UQ151,,DATA_NOT_AVAILABLE,,DATA_NOT_AVAILABLE,2053.0,108.0,1225.0,5.260594252313687,59.6687773989284,5.0,2025.0,pond_emd_population_context,,,,,,,0,0.0,pond_emd_population_context,0.0,0.0,0.0,,,,,,,,,,0,2046.2336906298576,pond_emd_population_context,244850.6123235174,24.48506123235174,7.806371017745748,595,889.9444961253225,889.9444961253225,AVAILABLE,,500m 이상,D_PRESERVATION,보존·기록형,현재 확보된 자료만으로 활동형 판정에 필요한 인구·도로·생활시설 근거가 부족하여 보존·기록형으로 보수적 표시,RULE_BASED_WITH_MISSING_DATA_GUARD
596,안평면 마전리 459유,안평면,2.8,의성군 주소 자료,미기재,36.36281309104425,128.56202000400808,596,안평면 마전리 459유,안평면,안평면,2.8,VWorld UQ164·UO601,VWorld UQ151,,DATA_NOT_AVAILABLE,,DATA_NOT_AVAILABLE,2053.0,108.0,1225.0,5.260594252313687,59.6687773989284,5.0,2025.0,pond_emd_population_context,,,,,,,0,0.0,pond_emd_population_context,122667.3619121568,12.26673619121568,15.6436110944113,,,,,,,,,,0,1116.79193490688,pond_emd_population_context,231592.01953691704,23.159201953691703,7.383658191001191,596,921.0583143036748,921.0583143036748,AVAILABLE,,500m 이상,D_PRESERVATION,보존·기록형,현재 확보된 자료만으로 활동형 판정에 필요한 인구·도로·생활시설 근거가 부족하여 보존·기록형으로 보수적 표시,RULE_BASED_WITH_MISSING_DATA_GUARD
597,안평면 마전리 419유,안평면,13.3,의성군 주소 자료,미기재,36.37047720042145,128.5698944699664,597,안평면 마전리 419유,안평면,안평면,13.3,VWorld UQ164·UO601,VWorld UQ151,,DATA_NOT_AVAILABLE,,DATA_NOT_AVAILABLE,2053.0,108.0,1225.0,5.260594252313687,59.6687773989284,5.0,2025.0,pond_emd_population_context,,,,,,,0,1606.588899710701,pond_emd_population_context,213643.18913025325,21.364318913025325,27.24564147810389,,,,,,,,,,1,5959.474341663865,pond_emd_population_context,764947.4688858301,76.49474688858301,24.388192026729783,597,274.6698809751059,274.6698809751059,AVAILABLE,,100–300m,A_CULTURE_TOURISM,문화·관광형,도로 275m 이내이며 1km 생활시설 1개,RULE_BASED_WITH_MISSING_DATA_GUARD
598,안평면 마전리 616유,안평면,3.6,의성군 주소 자료,미기재,36.35986155060244,128.56102526815732,598,안평면 마전리 616유,안평면,안평면,3.6,VWorld UQ164·UO601,VWorld UQ151,,DATA_NOT_AVAILABLE,,DATA_NOT_AVAILABLE,2053.0,108.0,1225.0,5.260594252313687,59.6687773989284,5.0,2025.0,pond_emd_population_context,,,,,,,0,0.0,pond_emd_population_context,99272.17051668109,9.927217051668109,12.660052387636265,,,,,,,,,,0,0.0,pond_emd_population_context,200375.5110139962,20.03755110139962,6.388407882676204,598,1094.6256713436817,1094.6256713436817,AVAILABLE,,500m 이상,D_PRESERVATION,보존·기록형,현재 확보된 자료만으로 활동형 판정에 필요한 인구·도로·생활시설 근거가 부족하여 보존·기록형으로 보수적 표시,RULE_BASED_WITH_MISSING_DATA_GUARD
599,안평면 기도리 1235유,안평면,93.8,의성군 주소 자료,미기재,36.37899750817124,128.5529384650663,599,안평면 기도리 1235유,안평면,안평면,93.8,VWorld UQ164·UO601,VWorld UQ151,,DATA_NOT_AVAILABLE,73.0,AVAILABLE,2053.0,108.0,1225.0,5.260594252313687,59.6687773989284,5.0,2025.0,pond_emd_population_context,,,,,,,0,0.0,pond_emd_population_context,111187.32618815685,11.118732618815685,14.17957688501166,,,,,,,,,,0,0.0,pond_emd_population_context,185538.1440212316,18.553814402123155,5.915360294300416,599,2041.2636122040597,2041.2636122040597,AVAILABLE,,500m 이상,D_PRESERVATION,보존·기록형,현재 확보된 자료만으로 활동형 판정에 필요한 인구·도로·생활시설 근거가 부족하여 보존·기록형으로 보수적 표시,RULE_BASED_WITH_MISSING_DATA_GUARD
600,안평면 기도리 503유,안평면,2.4,의성군 주소 자료,미기재,36.37343209791775,128.57268368179743,600,안평면 기도리 503유,안평면,안평면,2.4,VWorld UQ164·UO601,VWorld UQ151,,DATA_NOT_AVAILABLE,,DATA_NOT_AVAILABLE,2053.0,108.0,1225.0,5.260594252313687,59.6687773989284,5.0,2025.0,pond_emd_population_context,,,,,,,0,1935.0709828157935,pond_emd_population_context,287026.7295259201,28.70267295259201,36.60415012120095,,,,,,,,,,2,9003.06035382806,pond_emd_population_context,796297.9170944112,79.62979170944112,25.387712624070357,600,168.6176968870523,168.6176968870523,AVAILABLE,,100–300m,A_CULTURE_TOURISM,문화·관광형,도로 169m 이내이며 1km 생활시설 2개,RULE_BASED_WITH_MISSING_DATA_GUARD
601,안평면 기도리 1123유,안평면,1.3,의성군 주소 자료,미기재,36.37519104232888,128.55739792083716,601,안평면 기도리 1123유,안평면,안평면,1.3,VWorld UQ164·UO601,VWorld UQ151,,DATA_NOT_AVAILABLE,,DATA_NOT_AVAILABLE,2053.0,108.0,1225.0,5.260594252313687,59.6687773989284,5.0,2025.0,pond_emd_population_context,,,,,,,0,0.0,pond_emd_population_context,99628.65497595152,9.962865497595152,12.705514392811054,,,,,,,,,,0,0.0,pond_emd_population_context,207989.88631593343,20.798988631593343,6.631170758011569,601,1509.9634833276218,1509.9634833276218,AVAILABLE,,500m 이상,D_PRESERVATION,보존·기록형,현재 확보된 자료만으로 활동형 판정에 필요한 인구·도로·생활시설 근거가 부족하여 보존·기록형으로 보수적 표시,RULE_BASED_WITH_MISSING_DATA_GUARD
602,안평면 금곡리 869-1유,안평면,8.5,의성군 주소 자료,미기재,36.41929222331867,128.52432867993488,602,안평면 금곡리 869-1유,안평면,안평면,8.5,VWorld UQ164·UO601,VWorld UQ151,99.0,AVAILABLE,164.0,AVAILABLE,2053.0,108.0,1225.0,5.260594252313687,59.6687773989284,5.0,2025.0,pond_emd_population_context,,,,,,,0,4731.641652814934,pond_emd_population_context,0.0,0.0,0.0,,,,,,,,,,0,8847.362548198507,pond_emd_population_context,31786.00826911992,3.178600826911992,1.0134072010979067,602,49.5492988358358,49.5492988358358,AVAILABLE,,0–100m,D_PRESERVATION,보존·기록형,현재 확보된 자료만으로 활동형 판정에 필요한 인구·도로·생활시설 근거가 부족하여 보존·기록형으로 보수적 표시,RULE_BASED_WITH_MISSING_DATA_GUARD
603,안평면 금곡리 493-1,안평면,6.8,의성군 주소 자료,미기재,36.396084795371905,128.52753154754913,603,안평면 금곡리 493-1,안평면,안평면,6.8,VWorld UQ164·UO601,VWorld UQ151,,DATA_NOT_AVAILABLE,18.0,AVAILABLE,2053.0,108.0,1225.0,5.260594252313687,59.6687773989284,5.0,2025.0,pond_emd_population_context,,,,,,,0,0.0,pond_emd_population_context,5619.290507340439,0.5619290507340439,0.7166209002383312,,,,,,,,,,0,0.0,pond_emd_population_context,59848.37406515339,5.9848374065153385,1.9080965668328296,603,1057.4206375014396,1057.4206375014396,AVAILABLE,,500m 이상,D_PRESERVATION,보존·기록형,현재 확보된 자료만으로 활동형 판정에 필요한 인구·도로·생활시설 근거가 부족하여 보존·기록형으로 보수적 표시,RULE_BASED_WITH_MISSING_DATA_GUARD
604,안평면 금곡리 379,안평면,4.2,의성군 주소 자료,미기재,36.40577532475074,128.54195586283413,604,안평면 금곡리 379,안평면,안평면,4.2,VWorld UQ164·UO601,VWorld UQ151,13.0,AVAILABLE,109.0,AVAILABLE,2053.0,108.0,1225.0,5.260594252313687,59.6687773989284,5.0,2025.0,pond_emd_population_context,,,,,,,0,899.1363993767104,pond_emd_population_context,11427.462798289003,1.1427462798289003,1.4573296517153664,,,,,,,,,,0,4396.171711979518,pond_emd_population_context,215008.77220164,21.500877220164,6.854948133265378,604,439.671257172662,439.671257172662,AVAILABLE,,300–500m,D_PRESERVATION,보존·기록형,현재 확보된 자료만으로 활동형 판정에 필요한 인구·도로·생활시설 근거가 부족하여 보존·기록형으로 보수적 표시,RULE_BASED_WITH_MISSING_DATA_GUARD
605,안평면 금곡리 470,안평면,25.9,의성군 주소 자료,미기재,36.3943876986557,128.53901160718513,605,안평면 금곡리 470,안평면,안평면,25.9,VWorld UQ164·UO601,VWorld UQ151,,DATA_NOT_AVAILABLE,,DATA_NOT_AVAILABLE,2053.0,108.0,1225.0,5.260594252313687,59.6687773989284,5.0,2025.0,pond_emd_population_context,,,,,,,0,0.0,pond_emd_population_context,0.0,0.0,0.0,,,,,,,,,,0,2119.388022597966,pond_emd_population_context,155490.7374985766,15.54907374985766,4.957383505061448,605,796.4855341709506,796.4855341709506,AVAILABLE,,500m 이상,D_PRESERVATION,보존·기록형,현재 확보된 자료만으로 활동형 판정에 필요한 인구·도로·생활시설 근거가 부족하여 보존·기록형으로 보수적 표시,RULE_BASED_WITH_MISSING_DATA_GUARD
606,안평면 금곡리 306유,안평면,6.6,의성군 주소 자료,미기재,36.39614582619041,128.54869839423466,606,안평면 금곡리 306유,안평면,안평면,6.6,VWorld UQ164·UO601,VWorld UQ151,,DATA_NOT_AVAILABLE,,DATA_NOT_AVAILABLE,2053.0,108.0,1225.0,5.260594252313687,59.6687773989284,5.0,2025.0,pond_emd_population_context,,,,,,,0,567.9073235913453,pond_emd_population_context,17156.591752737586,1.7156591752737589,2.1879581080223143,,,,,,,,,,0,3554.612763247186,pond_emd_population_context,193901.4276154244,19.39014276154244,6.18199999776431,606,434.4387470291004,434.4387470291004,AVAILABLE,,300–500m,D_PRESERVATION,보존·기록형,현재 확보된 자료만으로 활동형 판정에 필요한 인구·도로·생활시설 근거가 부족하여 보존·기록형으로 보수적 표시,RULE_BASED_WITH_MISSING_DATA_GUARD
607,안평면 금곡리 148유,안평면,1.3,의성군 주소 자료,미기재,36.401690644651076,128.5540025736003,607,안평면 금곡리 148유,안평면,안평면,1.3,VWorld UQ164·UO601,VWorld UQ151,63.0,AVAILABLE,304.0,AVAILABLE,2053.0,108.0,1225.0,5.260594252313687,59.6687773989284,5.0,2025.0,pond_emd_population_context,,,,,,,0,2054.2254060530367,pond_emd_population_context,121039.61712395192,12.103961712395192,15.436026892463053,,,,,,,,,,0,4173.983420426101,pond_emd_population_context,262083.37407835232,26.20833740783523,8.355789010382477,607,123.26296500134652,123.26296500134652,AVAILABLE,,100–300m,D_PRESERVATION,보존·기록형,현재 확보된 자료만으로 활동형 판정에 필요한 인구·도로·생활시설 근거가 부족하여 보존·기록형으로 보수적 표시,RULE_BASED_WITH_MISSING_DATA_GUARD
608,안평면 금곡리 626답,안평면,2.8,의성군 주소 자료,미기재,36.40782825393061,128.53366932387866,608,안평면 금곡리 626답,안평면,안평면,2.8,VWorld UQ164·UO601,VWorld UQ151,,DATA_NOT_AVAILABLE,,DATA_NOT_AVAILABLE,2053.0,108.0,1225.0,5.260594252313687,59.6687773989284,5.0,2025.0,pond_emd_population_context,,,,,,,0,1991.00861414114,pond_emd_population_context,55395.92040350518,5.539592040350518,7.064570571183991,,,,,,,,,,0,4415.5855409768565,pond_emd_population_context,151531.56325479472,15.153156325479472,4.831156403656337,608,247.02211570501171,247.02211570501171,AVAILABLE,,100–300m,D_PRESERVATION,보존·기록형,현재 확보된 자료만으로 활동형 판정에 필요한 인구·도로·생활시설 근거가 부족하여 보존·기록형으로 보수적 표시,RULE_BASED_WITH_MISSING_DATA_GUARD
609,안평면 하령리 50-1,안평면,12.5,의성군 주소 자료,미기재,36.40683265665591,128.5721521598129,609,안평면 하령리 50-1,안평면,안평면,12.5,VWorld UQ164·UO601,VWorld UQ151,73.0,AVAILABLE,248.0,AVAILABLE,2053.0,108.0,1225.0,5.260594252313687,59.6687773989284,5.0,2025.0,pond_emd_population_context,,,,,,,0,1127.2942667370123,pond_emd_population_context,176570.64634950456,17.657064634950455,22.517827718171045,,,,,,,,,,0,3704.1406593285656,pond_emd_population_context,422165.53809443786,42.21655380944379,13.459557196928948,609,353.1330559801977,353.1330559801977,AVAILABLE,,300–500m,D_PRESERVATION,보존·기록형,현재 확보된 자료만으로 활동형 판정에 필요한 인구·도로·생활시설 근거가 부족하여 보존·기록형으로 보수적 표시,RULE_BASED_WITH_MISSING_DATA_GUARD
610,안평면 하령리 131유,안평면,3.8,의성군 주소 자료,미기재,36.40389617232487,128.57276185187305,610,안평면 하령리 131유,안평면,안평면,3.8,VWorld UQ164·UO601,VWorld UQ151,53.0,AVAILABLE,223.0,AVAILABLE,2053.0,108.0,1225.0,5.260594252313687,59.6687773989284,5.0,2025.0,pond_emd_population_context,,,,,,,0,848.6958741954684,pond_emd_population_context,135381.27140599323,13.538127140599324,17.264999640726895,,,,,,,,,,0,4607.345453968781,pond_emd_population_context,479697.03577524633,47.96970357752463,15.29378669646381,610,404.16746735012526,404.16746735012526,AVAILABLE,,300–500m,D_PRESERVATION,보존·기록형,현재 확보된 자료만으로 활동형 판정에 필요한 인구·도로·생활시설 근거가 부족하여 보존·기록형으로 보수적 표시,RULE_BASED_WITH_MISSING_DATA_GUARD
611,안평면 삼춘리 131-2,안평면,5.4,의성군 주소 자료,미기재,36.43426138939394,128.58032090664244,611,안평면 삼춘리 131-2,안평면,안평면,5.4,VWorld UQ164·UO601,VWorld UQ151,,DATA_NOT_AVAILABLE,,DATA_NOT_AVAILABLE,2053.0,108.0,1225.0,5.260594252313687,59.6687773989284,5.0,2025.0,pond_emd_population_context,,,,,,,0,0.0,pond_emd_population_context,0.0,0.0,0.0,,,,,,,,,,0,0.0,pond_emd_population_context,0.0,0.0,0.0,611,1028.5390293747396,1028.5390293747396,AVAILABLE,,500m 이상,D_PRESERVATION,보존·기록형,현재 확보된 자료만으로 활동형 판정에 필요한 인구·도로·생활시설 근거가 부족하여 보존·기록형으로 보수적 표시,RULE_BASED_WITH_MISSING_DATA_GUARD
612,안평면 삼춘리 468유,안평면,4.3,의성군 주소 자료,미기재,36.44262492197193,128.56856857696965,612,안평면 삼춘리 468유,안평면,안평면,4.3,VWorld UQ164·UO601,VWorld UQ151,,DATA_NOT_AVAILABLE,,DATA_NOT_AVAILABLE,2053.0,108.0,1225.0,5.260594252313687,59.6687773989284,5.0,2025.0,pond_emd_population_context,,,,,,,0,484.7743068439372,pond_emd_population_context,0.0,0.0,0.0,,,,,,,,,,0,3766.455114641352,pond_emd_population_context,0.0,0.0,0.0,612,458.32590078760506,458.32590078760506,AVAILABLE,,300–500m,D_PRESERVATION,보존·기록형,현재 확보된 자료만으로 활동형 판정에 필요한 인구·도로·생활시설 근거가 부족하여 보존·기록형으로 보수적 표시,RULE_BASED_WITH_MISSING_DATA_GUARD
613,안평면 삼춘리 1077유,안평면,17.4,의성군 주소 자료,미기재,36.43316841580591,128.54190606971443,613,안평면 삼춘리 1077유,안평면,안평면,17.4,VWorld UQ164·UO601,VWorld UQ151,8.0,AVAILABLE,23.0,AVAILABLE,2053.0,108.0,1225.0,5.260594252313687,59.6687773989284,5.0,2025.0,pond_emd_population_context,,,,,,,0,0.0,pond_emd_population_context,0.0,0.0,0.0,,,,,,,,,,0,0.0,pond_emd_population_context,0.0,0.0,0.0,613,1764.0981142173434,1764.0981142173434,AVAILABLE,,500m 이상,D_PRESERVATION,보존·기록형,현재 확보된 자료만으로 활동형 판정에 필요한 인구·도로·생활시설 근거가 부족하여 보존·기록형으로 보수적 표시,RULE_BASED_WITH_MISSING_DATA_GUARD
614,안평면 삼춘리 998유,안평면,49.2,의성군 주소 자료,미기재,36.41880948372674,128.55272671055644,614,안평면 삼춘리 998유,안평면,안평면,49.2,VWorld UQ164·UO601,VWorld UQ151,13.0,AVAILABLE,33.0,AVAILABLE,2053.0,108.0,1225.0,5.260594252313687,59.6687773989284,5.0,2025.0,pond_emd_population_context,,,,,,,0,2007.159889814605,pond_emd_population_context,0.0,0.0,0.0,,,,,,,,,,0,4166.39596607176,pond_emd_population_context,44789.3732685962,4.47893732685962,1.4279828098815954,614,160.21637781952427,160.21637781952427,AVAILABLE,,100–300m,D_PRESERVATION,보존·기록형,현재 확보된 자료만으로 활동형 판정에 필요한 인구·도로·생활시설 근거가 부족하여 보존·기록형으로 보수적 표시,RULE_BASED_WITH_MISSING_DATA_GUARD
615,안평면 삼춘리 508유,안평면,2.0,의성군 주소 자료,미기재,36.440735090597876,128.5621962228671,615,안평면 삼춘리 508유,안평면,안평면,2.0,VWorld UQ164·UO601,VWorld UQ151,18.0,AVAILABLE,38.0,AVAILABLE,2053.0,108.0,1225.0,5.260594252313687,59.6687773989284,5.0,2025.0,pond_emd_population_context,,,,,,,0,3151.5391502515718,pond_emd_population_context,0.0,0.0,0.0,,,,,,,,,,0,5535.12445534138,pond_emd_population_context,0.0,0.0,0.0,615,68.70536420869345,68.70536420869345,AVAILABLE,,0–100m,D_PRESERVATION,보존·기록형,현재 확보된 자료만으로 활동형 판정에 필요한 인구·도로·생활시설 근거가 부족하여 보존·기록형으로 보수적 표시,RULE_BASED_WITH_MISSING_DATA_GUARD
616,안사면 중하리 502유,안사면,11.0,의성군 주소 자료,미기재,36.42283511507527,128.49782851169078,616,안사면 중하리 502유,안사면,안사면,11.0,VWorld UQ164·UO601,VWorld UQ151,,DATA_NOT_AVAILABLE,38.0,AVAILABLE,833.0,62.0,478.0,7.44297719087635,57.38295318127251,-21.0,2025.0,pond_emd_population_context,,,,,,,0,0.0,pond_emd_population_context,56742.175129104166,5.674217512910417,7.236256707031319,,,,,,,,,,0,0.0,pond_emd_population_context,106188.26620810748,10.618826620810747,3.3855132968030643,616,1116.7945279883456,1116.7945279883456,AVAILABLE,,500m 이상,D_PRESERVATION,보존·기록형,현재 확보된 자료만으로 활동형 판정에 필요한 인구·도로·생활시설 근거가 부족하여 보존·기록형으로 보수적 표시,RULE_BASED_WITH_MISSING_DATA_GUARD
617,안사면 중하리 3유,안사면,11.8,의성군 주소 자료,미기재,36.392616921483295,128.51255146243344,617,안사면 중하리 3유,안사면,안사면,11.8,VWorld UQ164·UO601,VWorld UQ151,,DATA_NOT_AVAILABLE,,DATA_NOT_AVAILABLE,833.0,62.0,478.0,7.44297719087635,57.38295318127251,-21.0,2025.0,pond_emd_population_context,,,,,,,0,0.0,pond_emd_population_context,0.0,0.0,0.0,,,,,,,,,,0,0.0,pond_emd_population_context,0.0,0.0,0.0,617,2249.0553471535663,2249.0553471535663,AVAILABLE,,500m 이상,D_PRESERVATION,보존·기록형,현재 확보된 자료만으로 활동형 판정에 필요한 인구·도로·생활시설 근거가 부족하여 보존·기록형으로 보수적 표시,RULE_BASED_WITH_MISSING_DATA_GUARD
618,안사면 중하리 883유,안사면,27.0,의성군 주소 자료,미기재,36.426512292143705,128.482589996303,618,안사면 중하리 883유,안사면,안사면,27.0,VWorld UQ164·UO601,VWorld UQ151,23.0,AVAILABLE,113.0,AVAILABLE,833.0,62.0,478.0,7.44297719087635,57.38295318127251,-21.0,2025.0,pond_emd_population_context,,,,,,,0,0.0,pond_emd_population_context,92998.82755322762,9.29988275532276,11.860021017821651,,,,,,,,,,0,0.0,pond_emd_population_context,445435.1709189055,44.54351709189055,14.20144379280356,618,1695.9839042631766,1695.9839042631766,AVAILABLE,,500m 이상,D_PRESERVATION,보존·기록형,현재 확보된 자료만으로 활동형 판정에 필요한 인구·도로·생활시설 근거가 부족하여 보존·기록형으로 보수적 표시,RULE_BASED_WITH_MISSING_DATA_GUARD
619,안사면 중하리 642유,안사면,13.2,의성군 주소 자료,미기재,36.40269997982811,128.49103296746873,619,안사면 중하리 642유,안사면,안사면,13.2,VWorld UQ164·UO601,VWorld UQ151,,DATA_NOT_AVAILABLE,,DATA_NOT_AVAILABLE,833.0,62.0,478.0,7.44297719087635,57.38295318127251,-21.0,2025.0,pond_emd_population_context,,,,,,,0,0.0,pond_emd_population_context,23671.196838481763,2.3671196838481765,3.01875732638356,,,,,,,,,,0,3294.189547798051,pond_emd_population_context,113156.96459995468,11.315696459995468,3.607690585400772,619,516.8399083595034,516.8399083595034,AVAILABLE,,500m 이상,D_PRESERVATION,보존·기록형,현재 확보된 자료만으로 활동형 판정에 필요한 인구·도로·생활시설 근거가 부족하여 보존·기록형으로 보수적 표시,RULE_BASED_WITH_MISSING_DATA_GUARD
620,안사면 중하리 1100유,안사면,9.4,의성군 주소 자료,미기재,36.416322625293276,128.48028937681775,620,안사면 중하리 1100유,안사면,안사면,9.4,VWorld UQ164·UO601,VWorld UQ151,,DATA_NOT_AVAILABLE,,DATA_NOT_AVAILABLE,833.0,62.0,478.0,7.44297719087635,57.38295318127251,-21.0,2025.0,pond_emd_population_context,,,,,,,0,0.0,pond_emd_population_context,126072.13553784988,12.60721355378499,16.077817501352644,,,,,,,,,,0,0.0,pond_emd_population_context,491455.73224471055,49.14557322447106,15.668679560543769,620,1229.3567451763138,1229.3567451763138,AVAILABLE,,500m 이상,D_PRESERVATION,보존·기록형,현재 확보된 자료만으로 활동형 판정에 필요한 인구·도로·생활시설 근거가 부족하여 보존·기록형으로 보수적 표시,RULE_BASED_WITH_MISSING_DATA_GUARD
621,안사면 안사리 391유,안사면,7.0,의성군 주소 자료,미기재,36.433762110420645,128.46977009979852,621,안사면 안사리 391유,안사면,안사면,7.0,VWorld UQ164·UO601,VWorld UQ151,,DATA_NOT_AVAILABLE,,DATA_NOT_AVAILABLE,833.0,62.0,478.0,7.44297719087635,57.38295318127251,-21.0,2025.0,pond_emd_population_context,,,,,,,0,0.0,pond_emd_population_context,196948.84616022283,19.69488461602228,25.11663336356652,,,,,,,,,,0,4354.668382046113,pond_emd_population_context,565832.7748539225,56.58327748539225,18.03998173659484,621,682.9107167249244,682.9107167249244,AVAILABLE,,500m 이상,B_ECO_EDUCATION,생태·교육형,1km 농업지역 비율 상위 25%이고 도로 접근성이 낮음,RULE_BASED_WITH_MISSING_DATA_GUARD
622,안사면 안사리 407유,안사면,4.0,의성군 주소 자료,미기재,36.43322806817831,128.4743542880928,622,안사면 안사리 407유,안사면,안사면,4.0,VWorld UQ164·UO601,VWorld UQ151,,DATA_NOT_AVAILABLE,,DATA_NOT_AVAILABLE,833.0,62.0,478.0,7.44297719087635,57.38295318127251,-21.0,2025.0,pond_emd_population_context,,,,,,,0,0.0,pond_emd_population_context,53507.69422164706,5.350769422164706,6.823767511700031,,,,,,,,,,0,0.0,pond_emd_population_context,364668.5069550472,36.46685069550472,11.626426565832489,622,1062.9601277850136,1062.9601277850136,AVAILABLE,,500m 이상,D_PRESERVATION,보존·기록형,현재 확보된 자료만으로 활동형 판정에 필요한 인구·도로·생활시설 근거가 부족하여 보존·기록형으로 보수적 표시,RULE_BASED_WITH_MISSING_DATA_GUARD
623,안사면 안사리 303유,안사면,31.7,의성군 주소 자료,미기재,36.44247850316003,128.4702577497309,623,안사면 안사리 303유,안사면,안사면,31.7,VWorld UQ164·UO601,VWorld UQ151,180.0,AVAILABLE,315.0,AVAILABLE,833.0,62.0,478.0,7.44297719087635,57.38295318127251,-21.0,2025.0,pond_emd_population_context,,,,,,,0,2064.464454233081,pond_emd_population_context,64456.65722382084,6.445665722382084,8.22007469906549,,,,,,,,,,0,4956.940059922191,pond_emd_population_context,375649.94324868737,37.564994324868735,11.976538681960776,623,57.36469863263996,57.36469863263996,AVAILABLE,,0–100m,D_PRESERVATION,보존·기록형,현재 확보된 자료만으로 활동형 판정에 필요한 인구·도로·생활시설 근거가 부족하여 보존·기록형으로 보수적 표시,RULE_BASED_WITH_MISSING_DATA_GUARD
624,안사면 안사리 25유,안사면,4.5,의성군 주소 자료,미기재,36.44256970860667,128.48980964972523,624,안사면 안사리 25유,안사면,안사면,4.5,VWorld UQ164·UO601,VWorld UQ151,18.0,AVAILABLE,240.0,AVAILABLE,833.0,62.0,478.0,7.44297719087635,57.38295318127251,-21.0,2025.0,pond_emd_population_context,,,,,,,0,2977.557025364399,pond_emd_population_context,0.0,0.0,0.0,,,,,,,,,,0,7720.574622703035,pond_emd_population_context,0.0,0.0,0.0,624,48.0967940857412,48.0967940857412,AVAILABLE,,0–100m,D_PRESERVATION,보존·기록형,현재 확보된 자료만으로 활동형 판정에 필요한 인구·도로·생활시설 근거가 부족하여 보존·기록형으로 보수적 표시,RULE_BASED_WITH_MISSING_DATA_GUARD
625,안사면 안사리 507유,안사면,8.0,의성군 주소 자료,미기재,36.42841772898904,128.47424110239388,625,안사면 안사리 507유,안사면,안사면,8.0,VWorld UQ164·UO601,VWorld UQ151,,DATA_NOT_AVAILABLE,,DATA_NOT_AVAILABLE,833.0,62.0,478.0,7.44297719087635,57.38295318127251,-21.0,2025.0,pond_emd_population_context,,,,,,,0,0.0,pond_emd_population_context,152991.59630612368,15.299159630612367,19.510821754201125,,,,,,,,,,0,0.0,pond_emd_population_context,507311.60406187386,50.731160406187385,16.174199301907745,625,1046.349167657861,1046.349167657861,AVAILABLE,,500m 이상,D_PRESERVATION,보존·기록형,현재 확보된 자료만으로 활동형 판정에 필요한 인구·도로·생활시설 근거가 부족하여 보존·기록형으로 보수적 표시,RULE_BASED_WITH_MISSING_DATA_GUARD
626,안사면 안사리 329 유,안사면,7.7,의성군 주소 자료,미기재,36.44384896654302,128.47311634614826,626,안사면 안사리 329 유,안사면,안사면,7.7,VWorld UQ164·UO601,VWorld UQ151,13.0,AVAILABLE,63.0,AVAILABLE,833.0,62.0,478.0,7.44297719087635,57.38295318127251,-21.0,2025.0,pond_emd_population_context,,,,,,,0,2034.6893248934475,pond_emd_population_context,46237.70449377318,4.623770449377318,5.896635060244311,,,,,,,,,,0,4179.68635446849,pond_emd_population_context,107579.68044554848,10.757968044554849,3.4298746143989813,626,74.33346283091663,74.33346283091663,AVAILABLE,,0–100m,D_PRESERVATION,보존·기록형,현재 확보된 자료만으로 활동형 판정에 필요한 인구·도로·생활시설 근거가 부족하여 보존·기록형으로 보수적 표시,RULE_BASED_WITH_MISSING_DATA_GUARD
627,안사면 만리리 595-2답,안사면,2.1,의성군 주소 자료,미기재,36.44387600351705,128.45620947985884,627,안사면 만리리 595-2답,안사면,안사면,2.1,VWorld UQ164·UO601,VWorld UQ151,,DATA_NOT_AVAILABLE,,DATA_NOT_AVAILABLE,833.0,62.0,478.0,7.44297719087635,57.38295318127251,-21.0,2025.0,pond_emd_population_context,,,,,,,0,2003.665025076806,pond_emd_population_context,137388.2563435256,13.73882563435256,17.52094785177248,,,,,,,,,,0,5904.279521390934,pond_emd_population_context,621760.7480633074,62.17607480633074,19.823087382114466,627,277.744046192897,277.744046192897,AVAILABLE,,100–300m,D_PRESERVATION,보존·기록형,현재 확보된 자료만으로 활동형 판정에 필요한 인구·도로·생활시설 근거가 부족하여 보존·기록형으로 보수적 표시,RULE_BASED_WITH_MISSING_DATA_GUARD
628,안사면 만리리 546유,안사면,5.1,의성군 주소 자료,미기재,36.44242201569998,128.4535169037991,628,안사면 만리리 546유,안사면,안사면,5.1,VWorld UQ164·UO601,VWorld UQ151,,DATA_NOT_AVAILABLE,,DATA_NOT_AVAILABLE,833.0,62.0,478.0,7.44297719087635,57.38295318127251,-21.0,2025.0,pond_emd_population_context,,,,,,,0,0.0,pond_emd_population_context,28772.6898186464,2.87726898186464,3.669344173109053,,,,,,,,,,0,4890.620077264205,pond_emd_population_context,595684.4112621875,59.56844112621875,18.99171694803005,628,530.1984682382805,530.1984682382805,AVAILABLE,,500m 이상,B_ECO_EDUCATION,생태·교육형,1km 농업지역 비율 상위 25%이고 도로 접근성이 낮음,RULE_BASED_WITH_MISSING_DATA_GUARD
629,안사면 만리리 16임,안사면,15.0,의성군 주소 자료,미기재,36.457533577149746,128.46233187017225,629,안사면 만리리 16임,안사면,안사면,15.0,VWorld UQ164·UO601,VWorld UQ151,8.0,AVAILABLE,78.0,AVAILABLE,833.0,62.0,478.0,7.44297719087635,57.38295318127251,-21.0,2025.0,pond_emd_population_context,,,,,,,0,0.0,pond_emd_population_context,2342.1410092721467,0.2342141009272146,0.2986902343556009,,,,,,,,,,0,1011.6294447573138,pond_emd_population_context,278752.2120042348,27.87522120042348,8.887227882637287,629,906.5552701521748,906.5552701521748,AVAILABLE,,500m 이상,D_PRESERVATION,보존·기록형,현재 확보된 자료만으로 활동형 판정에 필요한 인구·도로·생활시설 근거가 부족하여 보존·기록형으로 보수적 표시,RULE_BASED_WITH_MISSING_DATA_GUARD
630,안사면 만리리 1002-1유,안사면,13.8,의성군 주소 자료,미기재,36.45069489315422,128.4355464503793,630,안사면 만리리 1002-1유,안사면,안사면,13.8,VWorld UQ164·UO601,VWorld UQ151,,DATA_NOT_AVAILABLE,,DATA_NOT_AVAILABLE,833.0,62.0,478.0,7.44297719087635,57.38295318127251,-21.0,2025.0,pond_emd_population_context,,,,,,,0,0.0,pond_emd_population_context,0.0,0.0,0.0,,,,,,,,,,0,0.0,pond_emd_population_context,3304.095872771632,0.3304095872771632,0.1053417756087859,630,1483.9900064376395,1483.9900064376395,AVAILABLE,,500m 이상,D_PRESERVATION,보존·기록형,현재 확보된 자료만으로 활동형 판정에 필요한 인구·도로·생활시설 근거가 부족하여 보존·기록형으로 보수적 표시,RULE_BASED_WITH_MISSING_DATA_GUARD
631,안사면 만리리 943유,안사면,21.0,의성군 주소 자료,미기재,36.439491202001825,128.44180843158856,631,안사면 만리리 943유,안사면,안사면,21.0,VWorld UQ164·UO601,VWorld UQ151,13.0,AVAILABLE,48.0,AVAILABLE,833.0,62.0,478.0,7.44297719087635,57.38295318127251,-21.0,2025.0,pond_emd_population_context,,,,,,,0,0.0,pond_emd_population_context,84067.77662524507,8.406777662524506,10.721055565203615,,,,,,,,,,0,0.0,pond_emd_population_context,185040.0872862936,18.504008728629355,5.899481160391304,631,1550.982450884416,1550.982450884416,AVAILABLE,,500m 이상,D_PRESERVATION,보존·기록형,현재 확보된 자료만으로 활동형 판정에 필요한 인구·도로·생활시설 근거가 부족하여 보존·기록형으로 보수적 표시,RULE_BASED_WITH_MISSING_DATA_GUARD
632,안사면 만리리 580-1,안사면,25.0,의성군 주소 자료,미기재,36.44173690185602,128.45724016785655,632,안사면 만리리 580-1,안사면,안사면,25.0,VWorld UQ164·UO601,VWorld UQ151,160.0,AVAILABLE,310.0,AVAILABLE,833.0,62.0,478.0,7.44297719087635,57.38295318127251,-21.0,2025.0,pond_emd_population_context,,,,,,,0,2401.743022194795,pond_emd_population_context,288582.8011791704,28.85828011791704,36.80259394031493,,,,,,,,,,0,6146.8410415798135,pond_emd_population_context,686949.4138171915,68.69494138171915,21.901444083768336,632,187.78588902060528,187.78588902060528,AVAILABLE,,100–300m,D_PRESERVATION,보존·기록형,현재 확보된 자료만으로 활동형 판정에 필요한 인구·도로·생활시설 근거가 부족하여 보존·기록형으로 보수적 표시,RULE_BASED_WITH_MISSING_DATA_GUARD
633,안사면 신수리 산120임,안사면,5.9,의성군 주소 자료,미기재,36.4608640631656,128.43662611561203,633,안사면 신수리 산120임,안사면,안사면,5.9,VWorld UQ164·UO601,VWorld UQ151,,DATA_NOT_AVAILABLE,,DATA_NOT_AVAILABLE,833.0,62.0,478.0,7.44297719087635,57.38295318127251,-21.0,2025.0,pond_emd_population_context,,,,,,,0,0.0,pond_emd_population_context,0.0,0.0,0.0,,,,,,,,,,0,0.0,pond_emd_population_context,0.0,0.0,0.0,633,1364.9741530516028,1364.9741530516028,AVAILABLE,,500m 이상,D_PRESERVATION,보존·기록형,현재 확보된 자료만으로 활동형 판정에 필요한 인구·도로·생활시설 근거가 부족하여 보존·기록형으로 보수적 표시,RULE_BASED_WITH_MISSING_DATA_GUARD
634,안사면 신수리 33유,안사면,9.2,의성군 주소 자료,미기재,36.47799105534306,128.45838669399132,634,안사면 신수리 33유,안사면,안사면,9.2,VWorld UQ164·UO601,VWorld UQ151,18.0,AVAILABLE,33.0,AVAILABLE,833.0,62.0,478.0,7.44297719087635,57.38295318127251,-21.0,2025.0,pond_emd_population_context,,,,,,,0,0.0,pond_emd_population_context,39138.69737280047,3.913869737280047,4.991307801013934,,,,,,,,,,0,1106.3164903562388,pond_emd_population_context,90972.9532811282,9.09729532811282,2.900415968550661,634,822.697847179896,822.697847179896,AVAILABLE,,500m 이상,D_PRESERVATION,보존·기록형,현재 확보된 자료만으로 활동형 판정에 필요한 인구·도로·생활시설 근거가 부족하여 보존·기록형으로 보수적 표시,RULE_BASED_WITH_MISSING_DATA_GUARD
635,안사면 신수리 84답,안사면,2.2,의성군 주소 자료,미기재,36.4796617281936,128.4469701001508,635,안사면 신수리 84답,안사면,안사면,2.2,VWorld UQ164·UO601,VWorld UQ151,,DATA_NOT_AVAILABLE,,DATA_NOT_AVAILABLE,833.0,62.0,478.0,7.44297719087635,57.38295318127251,-21.0,2025.0,pond_emd_population_context,,,,,,,0,1476.758015420613,pond_emd_population_context,69842.64255776747,6.984264255776747,8.90694249022905,,,,,,,,,,0,5129.490870790946,pond_emd_population_context,136739.20053980252,13.673920053980252,4.35954364971426,635,266.0036788841897,266.0036788841897,AVAILABLE,,100–300m,D_PRESERVATION,보존·기록형,현재 확보된 자료만으로 활동형 판정에 필요한 인구·도로·생활시설 근거가 부족하여 보존·기록형으로 보수적 표시,RULE_BASED_WITH_MISSING_DATA_GUARD
636,안사면 월소리 251-3유,안사면,2.6,의성군 주소 자료,미기재,36.496575270950146,128.43273149454947,636,안사면 월소리 251-3유,안사면,안사면,2.6,VWorld UQ164·UO601,VWorld UQ151,43.0,AVAILABLE,103.0,AVAILABLE,833.0,62.0,478.0,7.44297719087635,57.38295318127251,-21.0,2025.0,pond_emd_population_context,,,,,,,0,928.450140621406,pond_emd_population_context,211366.97630894583,21.136697630894584,26.95535898087252,,,,,,,,,,0,3701.8908034895,pond_emd_population_context,724804.1674039438,72.48041674039439,23.1083361085801,636,441.6366948333842,441.6366948333842,AVAILABLE,,300–500m,D_PRESERVATION,보존·기록형,현재 확보된 자료만으로 활동형 판정에 필요한 인구·도로·생활시설 근거가 부족하여 보존·기록형으로 보수적 표시,RULE_BASED_WITH_MISSING_DATA_GUARD
637,안사면 월소리 136-1유,안사면,12.3,의성군 주소 자료,미기재,36.49317200304702,128.43625114031656,637,안사면 월소리 136-1유,안사면,안사면,12.3,VWorld UQ164·UO601,VWorld UQ151,48.0,AVAILABLE,113.0,AVAILABLE,833.0,62.0,478.0,7.44297719087635,57.38295318127251,-21.0,2025.0,pond_emd_population_context,,,,,,,0,1442.4479211834137,pond_emd_population_context,321291.89093429106,32.129189093429105,40.97394214088784,,,,,,,,,,0,3605.443632804751,pond_emd_population_context,697423.9501159295,69.74239501159295,22.23539512359157,637,312.1967494686332,312.1967494686332,AVAILABLE,,300–500m,D_PRESERVATION,보존·기록형,현재 확보된 자료만으로 활동형 판정에 필요한 인구·도로·생활시설 근거가 부족하여 보존·기록형으로 보수적 표시,RULE_BASED_WITH_MISSING_DATA_GUARD
638,안사면 월소리 1000유,안사면,16.5,의성군 주소 자료,미기재,36.49961504753622,128.41203974228304,638,안사면 월소리 1000유,안사면,안사면,16.5,VWorld UQ164·UO601,VWorld UQ151,28.0,AVAILABLE,68.0,AVAILABLE,833.0,62.0,478.0,7.44297719087635,57.38295318127251,-21.0,2025.0,pond_emd_population_context,,,,,,,0,0.0,pond_emd_population_context,323849.5609388181,32.38495609388181,41.30011851115423,,,,,,,,,,0,2100.766102803086,pond_emd_population_context,881059.2510093771,88.10592510093771,28.0900886329365,638,819.3549451177801,819.3549451177801,AVAILABLE,,500m 이상,B_ECO_EDUCATION,생태·교육형,1km 농업지역 비율 상위 25%이고 도로 접근성이 낮음,RULE_BASED_WITH_MISSING_DATA_GUARD
639,안사면 월소리 366유,안사면,15.0,의성군 주소 자료,미기재,36.4910648673475,128.42711732964418,639,안사면 월소리 366유,안사면,안사면,15.0,VWorld UQ164·UO601,VWorld UQ151,,DATA_NOT_AVAILABLE,,DATA_NOT_AVAILABLE,833.0,62.0,478.0,7.44297719087635,57.38295318127251,-21.0,2025.0,pond_emd_population_context,,,,,,,0,1622.5318754703062,pond_emd_population_context,309708.20798309,30.970820798309003,39.4966899337415,,,,,,,,,,0,4119.349799781142,pond_emd_population_context,841407.4372408913,84.14074372408913,26.82590241397629,639,312.5560807472166,312.5560807472166,AVAILABLE,,300–500m,D_PRESERVATION,보존·기록형,현재 확보된 자료만으로 활동형 판정에 필요한 인구·도로·생활시설 근거가 부족하여 보존·기록형으로 보수적 표시,RULE_BASED_WITH_MISSING_DATA_GUARD
640,안사면 월소리 541,안사면,7.2,의성군 주소 자료,미기재,36.47379460279585,128.43436534807935,640,안사면 월소리 541,안사면,안사면,7.2,VWorld UQ164·UO601,VWorld UQ151,,DATA_NOT_AVAILABLE,,DATA_NOT_AVAILABLE,833.0,62.0,478.0,7.44297719087635,57.38295318127251,-21.0,2025.0,pond_emd_population_context,,,,,,,0,834.8160844798031,pond_emd_population_context,0.0,0.0,0.0,,,,,,,,,,0,3875.690506799304,pond_emd_population_context,108854.6269329607,10.88546269329607,3.470522686356266,640,394.1419204416919,394.1419204416919,AVAILABLE,,300–500m,D_PRESERVATION,보존·기록형,현재 확보된 자료만으로 활동형 판정에 필요한 인구·도로·생활시설 근거가 부족하여 보존·기록형으로 보수적 표시,RULE_BASED_WITH_MISSING_DATA_GUARD
641,안사면 월소리 521구,안사면,15.0,의성군 주소 자료,미기재,36.47571646380349,128.43264904567934,641,안사면 월소리 521구,안사면,안사면,15.0,VWorld UQ164·UO601,VWorld UQ151,13.0,AVAILABLE,38.0,AVAILABLE,833.0,62.0,478.0,7.44297719087635,57.38295318127251,-21.0,2025.0,pond_emd_population_context,,,,,,,0,1352.356824006287,pond_emd_population_context,0.0,0.0,0.0,,,,,,,,,,0,3444.0689995345147,pond_emd_population_context,132677.4845711913,13.267748457119133,4.230047294696828,641,384.3115763339924,384.3115763339924,AVAILABLE,,300–500m,D_PRESERVATION,보존·기록형,현재 확보된 자료만으로 활동형 판정에 필요한 인구·도로·생활시설 근거가 부족하여 보존·기록형으로 보수적 표시,RULE_BASED_WITH_MISSING_DATA_GUARD
642,안사면 쌍호리 368유,안사면,10.0,의성군 주소 자료,미기재,36.5075733215551,128.424026834381,642,안사면 쌍호리 368유,안사면,안사면,10.0,VWorld UQ164·UO601,VWorld UQ151,68.0,AVAILABLE,138.0,AVAILABLE,833.0,62.0,478.0,7.44297719087635,57.38295318127251,-21.0,2025.0,pond_emd_population_context,,,,,,,0,1881.984123711032,pond_emd_population_context,132532.81034840213,13.253281034840212,16.90173906099387,,,,,,,,,,0,4135.300924287094,pond_emd_population_context,781749.1609914799,78.17491609914799,24.923866579707138,642,278.0955734298283,278.0955734298283,AVAILABLE,,100–300m,D_PRESERVATION,보존·기록형,현재 확보된 자료만으로 활동형 판정에 필요한 인구·도로·생활시설 근거가 부족하여 보존·기록형으로 보수적 표시,RULE_BASED_WITH_MISSING_DATA_GUARD
643,단촌면 후평리 188-01,단촌면,35.0,의성군 주소 자료,미기재,36.44017004658488,128.72070796032853,643,단촌면 후평리 188-01,단촌면,단촌면,35.0,VWorld UQ164·UO601,VWorld UQ151,,DATA_NOT_AVAILABLE,,DATA_NOT_AVAILABLE,1820.0,122.0,1025.0,6.703296703296704,56.31868131868132,-6.0,2025.0,pond_emd_population_context,,,,,,,0,2857.3385944509664,pond_emd_population_context,141493.04626921538,14.149304626921538,18.04442643825853,,,,,,,,,,0,6027.660182494657,pond_emd_population_context,773274.7158146072,77.32747158146073,24.653682802781127,643,215.5886349700572,215.5886349700572,AVAILABLE,,100–300m,D_PRESERVATION,보존·기록형,현재 확보된 자료만으로 활동형 판정에 필요한 인구·도로·생활시설 근거가 부족하여 보존·기록형으로 보수적 표시,RULE_BASED_WITH_MISSING_DATA_GUARD
644,점곡면 동변리 524,점곡면,798.5,의성군 주소 자료,미기재,36.44087851869835,128.78901674905714,644,점곡면 동변리 524,점곡면,점곡면,798.5,VWorld UQ164·UO601,VWorld UQ151,23.0,AVAILABLE,23.0,AVAILABLE,1476.0,101.0,880.0,6.842818428184281,59.62059620596206,-30.0,2025.0,pond_emd_population_context,,,,,,,0,2080.863308607548,pond_emd_population_context,74897.17640708563,7.489717640708563,9.551540699318236,,,,,,,,,,0,4188.6964560262,pond_emd_population_context,214743.0464259251,21.47430464259251,6.846476216554515,644,60.46737338865544,60.46737338865544,AVAILABLE,,0–100m,D_PRESERVATION,보존·기록형,현재 확보된 자료만으로 활동형 판정에 필요한 인구·도로·생활시설 근거가 부족하여 보존·기록형으로 보수적 표시,RULE_BASED_WITH_MISSING_DATA_GUARD
645,점곡면 사촌리 496,점곡면,6.7,의성군 주소 자료,미기재,36.431071556826225,128.7527986759378,645,점곡면 사촌리 496,점곡면,점곡면,6.7,VWorld UQ164·UO601,VWorld UQ151,58.0,AVAILABLE,348.0,AVAILABLE,1476.0,101.0,880.0,6.842818428184281,59.62059620596206,-30.0,2025.0,pond_emd_population_context,,,,,,,0,0.0,pond_emd_population_context,96186.84795529173,9.618684795529171,12.266585164580212,,,,,,,,,,1,3848.399037715324,pond_emd_population_context,1007305.2840133024,100.73052840133025,32.11508723839254,645,580.7293692190474,580.7293692190474,AVAILABLE,,500m 이상,B_ECO_EDUCATION,생태·교육형,1km 농업지역 비율 상위 25%이고 도로 접근성이 낮음,RULE_BASED_WITH_MISSING_DATA_GUARD
646,점곡면 송내리 66,점곡면,20.5,의성군 주소 자료,미기재,36.432063763263734,128.74718998237265,646,점곡면 송내리 66,점곡면,점곡면,20.5,VWorld UQ164·UO601,VWorld UQ151,118.0,AVAILABLE,443.0,AVAILABLE,1476.0,101.0,880.0,6.842818428184281,59.62059620596206,-30.0,2025.0,pond_emd_population_context,,,,,,,0,0.0,pond_emd_population_context,190775.5950460885,19.07755950460885,24.329366578724315,,,,,,,,,,0,3616.539188593742,pond_emd_population_context,862568.6741202027,86.25686741202027,27.500568753205386,646,564.9561152287623,564.9561152287623,AVAILABLE,,500m 이상,B_ECO_EDUCATION,생태·교육형,1km 농업지역 비율 상위 25%이고 도로 접근성이 낮음,RULE_BASED_WITH_MISSING_DATA_GUARD
647,점곡면 윤암리 112,점곡면,4.0,의성군 주소 자료,미기재,36.41339091672739,128.78641341874837,647,점곡면 윤암리 112,점곡면,점곡면,4.0,VWorld UQ164·UO601,VWorld UQ151,,DATA_NOT_AVAILABLE,,DATA_NOT_AVAILABLE,1476.0,101.0,880.0,6.842818428184281,59.62059620596206,-30.0,2025.0,pond_emd_population_context,,,,,,,0,3090.7093003619884,pond_emd_population_context,148392.83161253907,14.839283161253906,18.924347200092225,,,,,,,,,,0,8272.600345293024,pond_emd_population_context,1041361.4657968236,104.13614657968236,33.20087251753528,647,177.55066721957144,177.55066721957144,AVAILABLE,,100–300m,D_PRESERVATION,보존·기록형,현재 확보된 자료만으로 활동형 판정에 필요한 인구·도로·생활시설 근거가 부족하여 보존·기록형으로 보수적 표시,RULE_BASED_WITH_MISSING_DATA_GUARD
656,가음면 양지리 164,가음면,4703.87,의성군 주소 자료,미기재,36.23147715137333,128.74124039204702,656,가음면 양지리 164,가음면,가음면,4703.87,VWorld UQ164·UO601,VWorld UQ151,118.0,AVAILABLE,699.0,AVAILABLE,1396.0,85.0,797.0,6.088825214899714,57.09169054441261,-32.0,2025.0,pond_emd_population_context,,,,,,,0,3436.101823320011,pond_emd_population_context,265208.8289695428,26.52088289695428,33.821741289054366,,,,,,,,,,0,7839.251712126017,pond_emd_population_context,746608.816933145,74.66088169331451,23.803515844998145,656,179.88998479318468,179.88998479318468,AVAILABLE,,100–300m,D_PRESERVATION,보존·기록형,현재 확보된 자료만으로 활동형 판정에 필요한 인구·도로·생활시설 근거가 부족하여 보존·기록형으로 보수적 표시,RULE_BASED_WITH_MISSING_DATA_GUARD
657,구천면 위성리 210,구천면,159.0,의성군 주소 자료,미기재,36.338800563117594,128.4584516629637,657,구천면 위성리 210,구천면,구천면,159.0,VWorld UQ164·UO601,VWorld UQ151,,DATA_NOT_AVAILABLE,,DATA_NOT_AVAILABLE,1618.0,106.0,941.0,6.551297898640297,58.15822002472187,-64.0,2025.0,pond_emd_population_context,,,,,,,0,0.0,pond_emd_population_context,42705.12621602231,4.27051262160223,5.446129890195298,,,,,,,,,,0,0.0,pond_emd_population_context,441440.16852880747,44.144016852880746,14.074074412029134,657,1174.7125051264547,1174.7125051264547,AVAILABLE,,500m 이상,D_PRESERVATION,보존·기록형,현재 확보된 자료만으로 활동형 판정에 필요한 인구·도로·생활시설 근거가 부족하여 보존·기록형으로 보수적 표시,RULE_BASED_WITH_MISSING_DATA_GUARD
658,구천면 노연리 185,구천면,3597.0,의성군 주소 자료,미기재,36.341327468708606,128.43578835561908,658,구천면 노연리 185,구천면,구천면,3597.0,VWorld UQ164·UO601,VWorld UQ151,273.0,AVAILABLE,773.0,AVAILABLE,1618.0,106.0,941.0,6.551297898640297,58.15822002472187,-64.0,2025.0,pond_emd_population_context,,,,,,,0,3113.158634202822,pond_emd_population_context,361981.44653182174,36.198144653182176,46.163028899173405,,,,,,,,,,1,7700.344393808285,pond_emd_population_context,1578945.5290884576,157.89455290884575,50.34022377934437,658,27.67506506006915,27.67506506006915,AVAILABLE,,0–100m,A_CULTURE_TOURISM,문화·관광형,도로 28m 이내이며 1km 생활시설 1개,RULE_BASED_WITH_MISSING_DATA_GUARD
659,단밀면 위중리 1219,단밀면,828.0,의성군 주소 자료,미기재,36.3619187238998,128.37588225456048,659,단밀면 위중리 1219,단밀면,단밀면,828.0,VWorld UQ164·UO601,VWorld UQ151,,DATA_NOT_AVAILABLE,,DATA_NOT_AVAILABLE,1569.0,119.0,840.0,7.58444869343531,53.53728489483748,-37.0,2025.0,pond_emd_population_context,,,,,,,0,0.0,pond_emd_population_context,296715.4341090168,29.67154341090168,37.839738171224745,,,,,,,,,,0,1648.0989904442238,pond_emd_population_context,998718.9833207732,99.87189833207732,31.84133726390913,659,761.6677183847329,761.6677183847329,AVAILABLE,,500m 이상,B_ECO_EDUCATION,생태·교육형,1km 농업지역 비율 상위 25%이고 도로 접근성이 낮음,RULE_BASED_WITH_MISSING_DATA_GUARD
660,단북면 노연리 396,단북면,8.0,의성군 주소 자료,미기재,36.39116816539203,128.4266283152434,660,단북면 노연리 396,단북면,단북면,8.0,VWorld UQ164·UO601,VWorld UQ151,520.0,AVAILABLE,3037.0,AVAILABLE,1631.0,117.0,902.0,7.173513182096873,55.30349478847333,-39.0,2025.0,pond_emd_population_context,,,,,,,2,4279.215889486716,pond_emd_population_context,0.0,0.0,0.0,,,,,,,,,,3,20851.930548528417,pond_emd_population_context,490945.6078383303,49.09456078383303,15.65241568297523,660,267.41774612767455,267.41774612767455,AVAILABLE,,100–300m,A_CULTURE_TOURISM,문화·관광형,도로 267m 이내이며 1km 생활시설 3개,RULE_BASED_WITH_MISSING_DATA_GUARD
661,단북면 정안리 478,단북면,49.0,의성군 주소 자료,미기재,36.402881705123875,128.4206222861686,661,단북면 정안리 478,단북면,단북면,49.0,VWorld UQ164·UO601,VWorld UQ151,,DATA_NOT_AVAILABLE,,DATA_NOT_AVAILABLE,1631.0,117.0,902.0,7.173513182096873,55.30349478847333,-39.0,2025.0,pond_emd_population_context,,,,,,,0,3522.695589771106,pond_emd_population_context,479686.7568214719,47.96867568214719,61.17383592408434,,,,,,,,,,0,7389.913601920793,pond_emd_population_context,1672857.5616255766,167.28575616255765,53.33434399843826,661,248.52694393939169,248.52694393939169,AVAILABLE,,100–300m,D_PRESERVATION,보존·기록형,현재 확보된 자료만으로 활동형 판정에 필요한 인구·도로·생활시설 근거가 부족하여 보존·기록형으로 보수적 표시,RULE_BASED_WITH_MISSING_DATA_GUARD
662,단북면 정안리 935-01,단북면,20.0,의성군 주소 자료,미기재,36.38735878103263,128.41125723579302,662,단북면 정안리 935-01,단북면,단북면,20.0,VWorld UQ164·UO601,VWorld UQ151,623.0,AVAILABLE,2803.0,AVAILABLE,1631.0,117.0,902.0,7.173513182096873,55.30349478847333,-39.0,2025.0,pond_emd_population_context,,,,,,,0,2069.7510281840214,pond_emd_population_context,559299.447561327,55.9299447561327,71.32674010902798,,,,,,,,,,0,9556.00141836262,pond_emd_population_context,1912788.5508216028,191.27885508216028,60.98386671167605,662,100.6462537342709,100.6462537342709,AVAILABLE,,100–300m,D_PRESERVATION,보존·기록형,현재 확보된 자료만으로 활동형 판정에 필요한 인구·도로·생활시설 근거가 부족하여 보존·기록형으로 보수적 표시,RULE_BASED_WITH_MISSING_DATA_GUARD
666,단북면 효제리 485,단북면,6.0,의성군 주소 자료,미기재,36.40424206544172,128.38377260962156,666,단북면 효제리 485,단북면,단북면,6.0,VWorld UQ164·UO601,VWorld UQ151,,DATA_NOT_AVAILABLE,,DATA_NOT_AVAILABLE,1631.0,117.0,902.0,7.173513182096873,55.30349478847333,-39.0,2025.0,pond_emd_population_context,,,,,,,1,982.3616505597809,pond_emd_population_context,631044.8882439598,63.10448882439597,80.47634399991456,,,,,,,,,,1,4430.204098381975,pond_emd_population_context,2066457.3738619008,206.6457373861901,65.88316361409863,666,409.61271612858,409.61271612858,AVAILABLE,,300–500m,D_PRESERVATION,보존·기록형,현재 확보된 자료만으로 활동형 판정에 필요한 인구·도로·생활시설 근거가 부족하여 보존·기록형으로 보수적 표시,RULE_BASED_WITH_MISSING_DATA_GUARD
667,단북면 성암리 843,단북면,8.0,의성군 주소 자료,미기재,36.40372360370206,128.37560382129388,667,단북면 성암리 843,단북면,단북면,8.0,VWorld UQ164·UO601,VWorld UQ151,363.0,AVAILABLE,973.0,AVAILABLE,1631.0,117.0,902.0,7.173513182096873,55.30349478847333,-39.0,2025.0,pond_emd_population_context,,,,,,,0,2114.0086965175847,pond_emd_population_context,353805.2312167929,35.38052312167929,45.12032666266428,,,,,,,,,,1,4417.302838932588,pond_emd_population_context,1955823.9999387783,195.58239999387783,62.35593059804325,667,63.22362067131668,63.22362067131668,AVAILABLE,,0–100m,A_CULTURE_TOURISM,문화·관광형,도로 63m 이내이며 1km 생활시설 1개,RULE_BASED_WITH_MISSING_DATA_GUARD
668,안계면 용기리 169,안계면,32.0,의성군 주소 자료,미기재,36.39403450972693,128.44679833436777,668,안계면 용기리 169,안계면,안계면,32.0,VWorld UQ164·UO601,VWorld UQ151,28.0,AVAILABLE,1957.0,AVAILABLE,4208.0,575.0,1772.0,13.66444866920152,42.11026615969582,-43.0,2025.0,pond_emd_population_context,,,,,,,0,4389.496760129759,pond_emd_population_context,800.287240940138,0.0800287240940137,0.1020596038419102,,,,,,,,,,0,9697.882578044688,pond_emd_population_context,195682.86872750075,19.568286872750075,6.238796221940211,668,109.14366750893949,109.14366750893949,AVAILABLE,,100–300m,D_PRESERVATION,보존·기록형,현재 확보된 자료만으로 활동형 판정에 필요한 인구·도로·생활시설 근거가 부족하여 보존·기록형으로 보수적 표시,RULE_BASED_WITH_MISSING_DATA_GUARD
669,안계면 봉양리 851,안계면,1271.0,의성군 주소 자료,미기재,36.383921300056,128.45891417818675,669,안계면 봉양리 851,안계면,안계면,1271.0,VWorld UQ164·UO601,VWorld UQ151,,DATA_NOT_AVAILABLE,,DATA_NOT_AVAILABLE,4208.0,575.0,1772.0,13.66444866920152,42.11026615969582,-43.0,2025.0,pond_emd_population_context,,,,,,,0,836.7640068670905,pond_emd_population_context,372444.0476777064,37.24440476777063,47.49731098375405,,,,,,,,,,0,7957.061248670594,pond_emd_population_context,1287849.6372743696,128.78496372743697,41.05945248913475,669,449.4739403499459,449.4739403499459,AVAILABLE,,300–500m,D_PRESERVATION,보존·기록형,현재 확보된 자료만으로 활동형 판정에 필요한 인구·도로·생활시설 근거가 부족하여 보존·기록형으로 보수적 표시,RULE_BASED_WITH_MISSING_DATA_GUARD
670,안계면 시안리 357,안계면,20.0,의성군 주소 자료,미기재,36.394771330867336,128.42899010209575,670,안계면 시안리 357,안계면,안계면,20.0,VWorld UQ164·UO601,VWorld UQ151,934.0,AVAILABLE,3258.0,AVAILABLE,4208.0,575.0,1772.0,13.66444866920152,42.11026615969582,-43.0,2025.0,pond_emd_population_context,,,,,,,0,4294.325973867382,pond_emd_population_context,225.32042467180148,0.0225320424671801,0.0287348243269258,,,,,,,,,,2,16542.21938155485,pond_emd_population_context,616975.5364996376,61.697553649963766,19.670524411126035,670,113.4707636378878,113.4707636378878,AVAILABLE,,100–300m,A_CULTURE_TOURISM,문화·관광형,도로 113m 이내이며 1km 생활시설 2개,RULE_BASED_WITH_MISSING_DATA_GUARD
671,안계면 시안리 185,안계면,23.9,의성군 주소 자료,미기재,36.40790022906773,128.42822700243428,671,안계면 시안리 185,안계면,안계면,23.9,VWorld UQ164·UO601,VWorld UQ151,204.0,AVAILABLE,519.0,AVAILABLE,4208.0,575.0,1772.0,13.66444866920152,42.11026615969582,-43.0,2025.0,pond_emd_population_context,,,,,,,0,2011.892633753362,pond_emd_population_context,489761.3515345778,48.976135153457776,62.45863604669969,,,,,,,,,,0,7251.623618201482,pond_emd_population_context,1773015.6518915987,177.30156518915987,56.52760214725744,671,154.8104947742817,154.8104947742817,AVAILABLE,,100–300m,D_PRESERVATION,보존·기록형,현재 확보된 자료만으로 활동형 판정에 필요한 인구·도로·생활시설 근거가 부족하여 보존·기록형으로 보수적 표시,RULE_BASED_WITH_MISSING_DATA_GUARD
672,안계면 양곡리 413,안계면,32.0,의성군 주소 자료,미기재,36.40663838524833,128.43802473534336,672,안계면 양곡리 413,안계면,안계면,32.0,VWorld UQ164·UO601,VWorld UQ151,23.0,AVAILABLE,249.0,AVAILABLE,4208.0,575.0,1772.0,13.66444866920152,42.11026615969582,-43.0,2025.0,pond_emd_population_context,,,,,,,0,1173.2184531685616,pond_emd_population_context,267585.0592587527,26.75850592587527,34.12477888549163,,,,,,,,,,0,7699.473900078469,pond_emd_population_context,1243400.9699935312,124.34009699935312,39.64233212849584,672,410.8163571626682,410.8163571626682,AVAILABLE,,300–500m,D_PRESERVATION,보존·기록형,현재 확보된 자료만으로 활동형 판정에 필요한 인구·도로·생활시설 근거가 부족하여 보존·기록형으로 보수적 표시,RULE_BASED_WITH_MISSING_DATA_GUARD
673,안계면 시안리 295,안계면,23.0,의성군 주소 자료,미기재,36.39939143924987,128.4307019650277,673,안계면 시안리 295,안계면,안계면,23.0,VWorld UQ164·UO601,VWorld UQ151,98.0,AVAILABLE,608.0,AVAILABLE,4208.0,575.0,1772.0,13.66444866920152,42.11026615969582,-43.0,2025.0,pond_emd_population_context,,,,,,,0,2109.8526603884084,pond_emd_population_context,198776.55387172583,19.877655387172585,25.349718580264053,,,,,,,,,,0,10394.73689707305,pond_emd_population_context,936883.2946790542,93.68832946790542,29.869880778281622,673,88.18528252200288,88.18528252200288,AVAILABLE,,0–100m,D_PRESERVATION,보존·기록형,현재 확보된 자료만으로 활동형 판정에 필요한 인구·도로·생활시설 근거가 부족하여 보존·기록형으로 보수적 표시,RULE_BASED_WITH_MISSING_DATA_GUARD
674,다인면 산내리 167,다인면,27.0,의성군 주소 자료,미기재,36.429825794594365,128.3377051329773,674,다인면 산내리 167,다인면,다인면,27.0,VWorld UQ164·UO601,VWorld UQ151,,DATA_NOT_AVAILABLE,,DATA_NOT_AVAILABLE,3543.0,296.0,1983.0,8.354501834603443,55.96951735817104,-53.0,2025.0,pond_emd_population_context,,,,,,,0,0.0,pond_emd_population_context,316843.1076649908,31.68431076649908,40.40659452516186,,,,,,,,,,0,2487.183217828184,pond_emd_population_context,1211805.1565997018,121.18051565997018,38.6349887544315,674,841.1219880373318,841.1219880373318,AVAILABLE,,500m 이상,B_ECO_EDUCATION,생태·교육형,1km 농업지역 비율 상위 25%이고 도로 접근성이 낮음,RULE_BASED_WITH_MISSING_DATA_GUARD
675,다인면 가원리 1279-1,다인면,18.0,의성군 주소 자료,미기재,36.42747744067815,128.3438199333226,675,다인면 가원리 1279-1,다인면,다인면,18.0,VWorld UQ164·UO601,VWorld UQ151,158.0,AVAILABLE,457.0,AVAILABLE,3543.0,296.0,1983.0,8.354501834603443,55.96951735817104,-53.0,2025.0,pond_emd_population_context,,,,,,,0,1245.3545354663397,pond_emd_population_context,243155.2630041656,24.31552630041656,31.009278350017965,,,,,,,,,,0,5021.431296643777,pond_emd_population_context,1162541.5402749844,116.25415402749844,37.064357327141074,675,351.9397722087122,351.9397722087122,AVAILABLE,,300–500m,D_PRESERVATION,보존·기록형,현재 확보된 자료만으로 활동형 판정에 필요한 인구·도로·생활시설 근거가 부족하여 보존·기록형으로 보수적 표시,RULE_BASED_WITH_MISSING_DATA_GUARD
676,다인면 송호리 24,다인면,9.1,의성군 주소 자료,미기재,36.45079013997401,128.38705195625863,676,다인면 송호리 24,다인면,다인면,9.1,VWorld UQ164·UO601,VWorld UQ151,53.0,AVAILABLE,103.0,AVAILABLE,3543.0,296.0,1983.0,8.354501834603443,55.96951735817104,-53.0,2025.0,pond_emd_population_context,,,,,,,0,0.0,pond_emd_population_context,170517.71712679334,17.051771712679333,21.74590542958462,,,,,,,,,,0,0.0,pond_emd_population_context,703469.9834150913,70.34699834150913,22.42815583867012,676,1198.0014607717944,1198.0014607717944,AVAILABLE,,500m 이상,B_ECO_EDUCATION,생태·교육형,1km 농업지역 비율 상위 25%이고 도로 접근성이 낮음,RULE_BASED_WITH_MISSING_DATA_GUARD
677,다인면 도암리 999,다인면,15.0,의성군 주소 자료,미기재,36.455485748886424,128.34839617017812,677,다인면 도암리 999,다인면,다인면,15.0,VWorld UQ164·UO601,VWorld UQ151,439.0,AVAILABLE,1129.0,AVAILABLE,3543.0,296.0,1983.0,8.354501834603443,55.96951735817104,-53.0,2025.0,pond_emd_population_context,,,,,,,1,2540.275723497025,pond_emd_population_context,479751.55803091126,47.97515580309113,61.182099939084864,,,,,,,,,,2,12107.915571163703,pond_emd_population_context,1331484.7661619466,133.14847661619467,42.45063547320468,677,74.40473416966091,74.40473416966091,AVAILABLE,,0–100m,A_CULTURE_TOURISM,문화·관광형,도로 74m 이내이며 1km 생활시설 2개,RULE_BASED_WITH_MISSING_DATA_GUARD
678,다인면 도암리 539-01,다인면,21.0,의성군 주소 자료,미기재,36.46034123085993,128.36123047079033,678,다인면 도암리 539-01,다인면,다인면,21.0,VWorld UQ164·UO601,VWorld UQ151,198.0,AVAILABLE,979.0,AVAILABLE,3543.0,296.0,1983.0,8.354501834603443,55.96951735817104,-53.0,2025.0,pond_emd_population_context,,,,,,,0,2175.208920139148,pond_emd_population_context,628697.5777830533,62.86975777830533,80.17699451203237,,,,,,,,,,1,6337.040819539015,pond_emd_population_context,1976616.4746666148,197.6616474666615,63.0188399963997,678,74.17885021292514,74.17885021292514,AVAILABLE,,0–100m,A_CULTURE_TOURISM,문화·관광형,도로 74m 이내이며 1km 생활시설 1개,RULE_BASED_WITH_MISSING_DATA_GUARD
679,다인면 도암리 61,다인면,615.0,의성군 주소 자료,미기재,36.46054502829467,128.3670570200263,679,다인면 도암리 61,다인면,다인면,615.0,VWorld UQ164·UO601,VWorld UQ151,128.0,AVAILABLE,423.0,AVAILABLE,3543.0,296.0,1983.0,8.354501834603443,55.96951735817104,-53.0,2025.0,pond_emd_population_context,,,,,,,0,2316.762926398228,pond_emd_population_context,544489.9267589552,54.448992675895525,69.43810094441628,,,,,,,,,,0,6487.568553714489,pond_emd_population_context,1948665.5194760857,194.86655194760857,62.127702643517125,679,77.44226605769346,77.44226605769346,AVAILABLE,,0–100m,D_PRESERVATION,보존·기록형,현재 확보된 자료만으로 활동형 판정에 필요한 인구·도로·생활시설 근거가 부족하여 보존·기록형으로 보수적 표시,RULE_BASED_WITH_MISSING_DATA_GUARD
680,다인면 덕지리 521,다인면,3.3,의성군 주소 자료,미기재,36.44680112303413,128.33378029355035,680,다인면 덕지리 521,다인면,다인면,3.3,VWorld UQ164·UO601,VWorld UQ151,148.0,AVAILABLE,839.0,AVAILABLE,3543.0,296.0,1983.0,8.354501834603443,55.96951735817104,-53.0,2025.0,pond_emd_population_context,,,,,,,0,2170.117546181528,pond_emd_population_context,154019.27784404362,15.401927784404362,19.64188066064144,,,,,,,,,,0,4547.292107293595,pond_emd_population_context,756979.1259729352,75.69791259729352,24.13414389270881,680,59.38072486735462,59.38072486735462,AVAILABLE,,0–100m,D_PRESERVATION,보존·기록형,현재 확보된 자료만으로 활동형 판정에 필요한 인구·도로·생활시설 근거가 부족하여 보존·기록형으로 보수적 표시,RULE_BASED_WITH_MISSING_DATA_GUARD
681,다인면 삼분리 650,다인면,97.5,의성군 주소 자료,미기재,36.422714348753395,128.41227525315443,681,다인면 삼분리 650,다인면,다인면,97.5,VWorld UQ164·UO601,VWorld UQ151,,DATA_NOT_AVAILABLE,,DATA_NOT_AVAILABLE,3543.0,296.0,1983.0,8.354501834603443,55.96951735817104,-53.0,2025.0,pond_emd_population_context,,,,,,,0,0.0,pond_emd_population_context,581119.5960648956,58.11195960648956,74.10943561899231,,,,,,,,,,0,3142.817231387106,pond_emd_population_context,2288763.107503157,228.87631075031567,72.97075477716606,681,591.1632720018548,591.1632720018548,AVAILABLE,,500m 이상,B_ECO_EDUCATION,생태·교육형,1km 농업지역 비율 상위 25%이고 도로 접근성이 낮음,RULE_BASED_WITH_MISSING_DATA_GUARD
682,다인면 삼분리 1073,다인면,25.0,의성군 주소 자료,미기재,36.4213635294153,128.40532698659334,682,다인면 삼분리 1073,다인면,다인면,25.0,VWorld UQ164·UO601,VWorld UQ151,183.0,AVAILABLE,368.0,AVAILABLE,3543.0,296.0,1983.0,8.354501834603443,55.96951735817104,-53.0,2025.0,pond_emd_population_context,,,,,,,0,1820.736318493616,pond_emd_population_context,608435.4532059231,60.84354532059231,77.59299179207395,,,,,,,,,,0,4985.738905085824,pond_emd_population_context,2469297.134044094,246.9297134044094,78.7265729028892,682,257.5343493907396,257.5343493907396,AVAILABLE,,100–300m,D_PRESERVATION,보존·기록형,현재 확보된 자료만으로 활동형 판정에 필요한 인구·도로·생활시설 근거가 부족하여 보존·기록형으로 보수적 표시,RULE_BASED_WITH_MISSING_DATA_GUARD
683,다인면 삼분리 1814,다인면,35.0,의성군 주소 자료,미기재,36.42020146700119,128.3898865424606,683,다인면 삼분리 1814,다인면,다인면,35.0,VWorld UQ164·UO601,VWorld UQ151,138.0,AVAILABLE,483.0,AVAILABLE,3543.0,296.0,1983.0,8.354501834603443,55.96951735817104,-53.0,2025.0,pond_emd_population_context,,,,,,,0,1374.6226982322637,pond_emd_population_context,647188.0141524909,64.71880141524909,82.53505611065532,,,,,,,,,,0,3508.3759786984406,pond_emd_population_context,2127119.8667348674,212.71198667348676,67.81721606238101,683,103.134935331447,103.134935331447,AVAILABLE,,100–300m,D_PRESERVATION,보존·기록형,현재 확보된 자료만으로 활동형 판정에 필요한 인구·도로·생활시설 근거가 부족하여 보존·기록형으로 보수적 표시,RULE_BASED_WITH_MISSING_DATA_GUARD
684,다인면 삼분리 1351,다인면,9.8,의성군 주소 자료,미기재,36.42936359435605,128.39931588267655,684,다인면 삼분리 1351,다인면,다인면,9.8,VWorld UQ164·UO601,VWorld UQ151,,DATA_NOT_AVAILABLE,,DATA_NOT_AVAILABLE,3543.0,296.0,1983.0,8.354501834603443,55.96951735817104,-53.0,2025.0,pond_emd_population_context,,,,,,,0,0.0,pond_emd_population_context,234520.1983089765,23.45201983089765,29.908059641464067,,,,,,,,,,0,2965.407798430316,pond_emd_population_context,1423075.188547915,142.3075188547915,45.370737702200586,684,709.532586143598,709.532586143598,AVAILABLE,,500m 이상,B_ECO_EDUCATION,생태·교육형,1km 농업지역 비율 상위 25%이고 도로 접근성이 낮음,RULE_BASED_WITH_MISSING_DATA_GUARD
685,다인면 삼분리 1310-01,다인면,35.0,의성군 주소 자료,미기재,36.43055070507012,128.40718733461298,685,다인면 삼분리 1310-01,다인면,다인면,35.0,VWorld UQ164·UO601,VWorld UQ151,78.0,AVAILABLE,233.0,AVAILABLE,3543.0,296.0,1983.0,8.354501834603443,55.96951735817104,-53.0,2025.0,pond_emd_population_context,,,,,,,0,1938.945847220935,pond_emd_population_context,328113.97120502533,32.811397120502534,41.84395327462892,,,,,,,,,,0,4697.127198306785,pond_emd_population_context,1364054.3832919942,136.40543832919943,43.4890258321683,685,267.9035015371732,267.9035015371732,AVAILABLE,,100–300m,D_PRESERVATION,보존·기록형,현재 확보된 자료만으로 활동형 판정에 필요한 인구·도로·생활시설 근거가 부족하여 보존·기록형으로 보수적 표시,RULE_BASED_WITH_MISSING_DATA_GUARD
686,다인면 외정리 496,다인면,38.0,의성군 주소 자료,미기재,36.43540400937311,128.38356675042039,686,다인면 외정리 496,다인면,다인면,38.0,VWorld UQ164·UO601,VWorld UQ151,,DATA_NOT_AVAILABLE,,DATA_NOT_AVAILABLE,3543.0,296.0,1983.0,8.354501834603443,55.96951735817104,-53.0,2025.0,pond_emd_population_context,,,,,,,0,478.8987910258117,pond_emd_population_context,468590.805295482,46.8590805295482,59.75878347908819,,,,,,,,,,0,2148.132721488212,pond_emd_population_context,1676361.732560675,167.63617325606748,53.446064602970935,686,461.5233376400492,461.5233376400492,AVAILABLE,,300–500m,D_PRESERVATION,보존·기록형,현재 확보된 자료만으로 활동형 판정에 필요한 인구·도로·생활시설 근거가 부족하여 보존·기록형으로 보수적 표시,RULE_BASED_WITH_MISSING_DATA_GUARD
687,다인면 외정리 107-01,다인면,9.0,의성군 주소 자료,미기재,36.437786535024024,128.39719196310875,687,다인면 외정리 107-01,다인면,다인면,9.0,VWorld UQ164·UO601,VWorld UQ151,,DATA_NOT_AVAILABLE,,DATA_NOT_AVAILABLE,3543.0,296.0,1983.0,8.354501834603443,55.96951735817104,-53.0,2025.0,pond_emd_population_context,,,,,,,0,0.0,pond_emd_population_context,167234.71763475335,16.723471763475334,21.327228721485188,,,,,,,,,,0,1913.347042342388,pond_emd_population_context,743663.6728879721,74.3663672887972,23.70961823576143,687,775.7416370077633,775.7416370077633,AVAILABLE,,500m 이상,B_ECO_EDUCATION,생태·교육형,1km 농업지역 비율 상위 25%이고 도로 접근성이 낮음,RULE_BASED_WITH_MISSING_DATA_GUARD
688,다인면 외정리 232,다인면,12.0,의성군 주소 자료,미기재,36.44294889996663,128.3864329503481,688,다인면 외정리 232,다인면,다인면,12.0,VWorld UQ164·UO601,VWorld UQ151,78.0,AVAILABLE,278.0,AVAILABLE,3543.0,296.0,1983.0,8.354501834603443,55.96951735817104,-53.0,2025.0,pond_emd_population_context,,,,,,,0,0.0,pond_emd_population_context,279631.74456720776,27.963174456720772,35.66107718851687,,,,,,,,,,0,1191.0989570488464,pond_emd_population_context,1103280.429336575,110.32804293365751,35.174983988356985,688,932.397551644058,932.397551644058,AVAILABLE,,500m 이상,B_ECO_EDUCATION,생태·교육형,1km 농업지역 비율 상위 25%이고 도로 접근성이 낮음,RULE_BASED_WITH_MISSING_DATA_GUARD
689,다인면 달제리 484,다인면,53.0,의성군 주소 자료,미기재,36.443356058435434,128.4040390667984,689,다인면 달제리 484,다인면,다인면,53.0,VWorld UQ164·UO601,VWorld UQ151,43.0,AVAILABLE,78.0,AVAILABLE,3543.0,296.0,1983.0,8.354501834603443,55.96951735817104,-53.0,2025.0,pond_emd_population_context,,,,,,,0,2207.410231971717,pond_emd_population_context,271681.42540495115,27.168142540495115,34.64718319819977,,,,,,,,,,0,4391.39675021828,pond_emd_population_context,594947.2310357224,59.49472310357224,18.96821403619281,689,82.32214499988913,82.32214499988913,AVAILABLE,,0–100m,D_PRESERVATION,보존·기록형,현재 확보된 자료만으로 활동형 판정에 필요한 인구·도로·생활시설 근거가 부족하여 보존·기록형으로 보수적 표시,RULE_BASED_WITH_MISSING_DATA_GUARD
690,다인면 외정리 295,다인면,9.0,의성군 주소 자료,미기재,36.442975601552234,128.39188704766755,690,다인면 외정리 295,다인면,다인면,9.0,VWorld UQ164·UO601,VWorld UQ151,78.0,AVAILABLE,218.0,AVAILABLE,3543.0,296.0,1983.0,8.354501834603443,55.96951735817104,-53.0,2025.0,pond_emd_population_context,,,,,,,0,0.0,pond_emd_population_context,247678.0447262512,24.76780447262512,31.58606289337421,,,,,,,,,,0,1085.6536467947617,pond_emd_population_context,862789.7973211478,86.27897973211478,27.50761864264952,690,880.7961186723858,880.7961186723858,AVAILABLE,,500m 이상,B_ECO_EDUCATION,생태·교육형,1km 농업지역 비율 상위 25%이고 도로 접근성이 낮음,RULE_BASED_WITH_MISSING_DATA_GUARD
691,다인면 신락리 137,다인면,41.0,의성군 주소 자료,미기재,36.42405682992456,128.38144781391756,691,다인면 신락리 137,다인면,다인면,41.0,VWorld UQ164·UO601,VWorld UQ151,,DATA_NOT_AVAILABLE,,DATA_NOT_AVAILABLE,3543.0,296.0,1983.0,8.354501834603443,55.96951735817104,-53.0,2025.0,pond_emd_population_context,,,,,,,0,820.0722504304701,pond_emd_population_context,622295.5354368477,62.22955354368477,79.36055027525396,,,,,,,,,,0,2270.72376944417,pond_emd_population_context,2089473.122315414,208.9473122315414,66.616955823047,691,239.7955125699464,239.7955125699464,AVAILABLE,,100–300m,D_PRESERVATION,보존·기록형,현재 확보된 자료만으로 활동형 판정에 필요한 인구·도로·생활시설 근거가 부족하여 보존·기록형으로 보수적 표시,RULE_BASED_WITH_MISSING_DATA_GUARD
692,다인면 신락리 63,다인면,3.2,의성군 주소 자료,미기재,36.41714240974989,128.38093525439163,692,다인면 신락리 63,다인면,다인면,3.2,VWorld UQ164·UO601,VWorld UQ151,,DATA_NOT_AVAILABLE,,DATA_NOT_AVAILABLE,3543.0,296.0,1983.0,8.354501834603443,55.96951735817104,-53.0,2025.0,pond_emd_population_context,,,,,,,0,0.0,pond_emd_population_context,237598.0290613529,23.759802906135285,30.300571443740164,,,,,,,,,,0,1657.7107405767329,pond_emd_population_context,1890783.6925889049,189.0783692588905,60.28230388556243,692,719.3479864212226,719.3479864212226,AVAILABLE,,500m 이상,B_ECO_EDUCATION,생태·교육형,1km 농업지역 비율 상위 25%이고 도로 접근성이 낮음,RULE_BASED_WITH_MISSING_DATA_GUARD
693,안평면 삼춘리 147-1,안평면,223.0,의성군 주소 자료,미기재,36.42502934737549,128.58207399344482,693,안평면 삼춘리 147-1,안평면,안평면,223.0,VWorld UQ164·UO601,VWorld UQ151,13.0,AVAILABLE,48.0,AVAILABLE,2053.0,108.0,1225.0,5.260594252313687,59.6687773989284,5.0,2025.0,pond_emd_population_context,,,,,,,0,2031.107530146555,pond_emd_population_context,0.0,0.0,0.0,,,,,,,,,,0,4123.827475818535,pond_emd_population_context,0.0,0.0,0.0,693,111.68004878375558,111.68004878375558,AVAILABLE,,100–300m,D_PRESERVATION,보존·기록형,현재 확보된 자료만으로 활동형 판정에 필요한 인구·도로·생활시설 근거가 부족하여 보존·기록형으로 보수적 표시,RULE_BASED_WITH_MISSING_DATA_GUARD
695,안사면 중하리 126,안사면,913.2,의성군 주소 자료,미기재,36.40112029253525,128.50777822798813,695,안사면 중하리 126,안사면,안사면,913.2,VWorld UQ164·UO601,VWorld UQ151,5.0,AVAILABLE,28.0,AVAILABLE,833.0,62.0,478.0,7.44297719087635,57.38295318127251,-21.0,2025.0,pond_emd_population_context,,,,,,,0,0.0,pond_emd_population_context,0.0,0.0,0.0,,,,,,,,,,0,0.0,pond_emd_population_context,46242.802130550896,4.62428021305509,1.4743212888286157,695,1411.4892531226328,1411.4892531226328,AVAILABLE,,500m 이상,D_PRESERVATION,보존·기록형,현재 확보된 자료만으로 활동형 판정에 필요한 인구·도로·생활시설 근거가 부족하여 보존·기록형으로 보수적 표시,RULE_BASED_WITH_MISSING_DATA_GUARD
696,비안면 현산리 250-1,비안면,372.87,의성군 주소 자료,미기재,36.34520996128531,128.52612597954675,696,비안면 현산리 250-1,비안면,비안면,372.87,VWorld UQ164·UO601,VWorld UQ151,,DATA_NOT_AVAILABLE,,DATA_NOT_AVAILABLE,2465.0,177.0,1366.0,7.18052738336714,55.41582150101419,-74.0,2025.0,pond_emd_population_context,,,,,,,0,0.0,pond_emd_population_context,96674.43071430884,9.667443071430885,12.328765967521631,,,,,,,,,,0,0.0,pond_emd_population_context,291779.4282637714,29.17794282637714,9.302563921560418,696,1160.9057223785353,1160.9057223785353,AVAILABLE,,500m 이상,D_PRESERVATION,보존·기록형,현재 확보된 자료만으로 활동형 판정에 필요한 인구·도로·생활시설 근거가 부족하여 보존·기록형으로 보수적 표시,RULE_BASED_WITH_MISSING_DATA_GUARD
