pond_id,address,region,emd_name,capacity,facility_source,road_source,emd_total_population,emd_youth_population,emd_elderly_population,emd_youth_ratio,emd_elderly_ratio,emd_population_change,emd_year,population_context_method,population_500m,youth_population_500m,elderly_population_500m,facility_count_500m,road_length_500m,population_context_method_500m,agricultural_area_500m,agricultural_area_ha_500m,agricultural_ratio_500m,population_1000m,youth_population_1000m,elderly_population_1000m,facility_count_1000m,road_length_1000m,population_context_method_1000m,agricultural_area_1000m,agricultural_area_ha_1000m,agricultural_ratio_1000m
1,의성읍 중리리 82유,의성읍,의성읍,12.4,VWorld UQ164·UO601,DATA_NOT_AVAILABLE,12086.0,1873.0,4338.0,15.497269568095318,35.89276849247063,-210.0,2025.0,pond_emd_population_context,,,,7,,pond_emd_population_context,0.0,0.0,0.0,,,,13,,pond_emd_population_context,38793.792155644755,3.8793792155644753,1.236830620428024
2,의성읍 중리리 237-1유,의성읍,의성읍,4.3,VWorld UQ164·UO601,DATA_NOT_AVAILABLE,12086.0,1873.0,4338.0,15.497269568095318,35.89276849247063,-210.0,2025.0,pond_emd_population_context,,,,7,,pond_emd_population_context,0.0,0.0,0.0,,,,13,,pond_emd_population_context,38793.792155644755,3.8793792155644753,1.236830620428024
3,의성읍 중리리 산 46-2 임,의성읍,의성읍,2.2,VWorld UQ164·UO601,DATA_NOT_AVAILABLE,12086.0,1873.0,4338.0,15.497269568095318,35.89276849247063,-210.0,2025.0,pond_emd_population_context,,,,7,,pond_emd_population_context,0.0,0.0,0.0,,,,13,,pond_emd_population_context,38793.792155644755,3.8793792155644753,1.236830620428024
4,의성읍 중리리 산60-5구,의성읍,의성읍,2.0,VWorld UQ164·UO601,DATA_NOT_AVAILABLE,12086.0,1873.0,4338.0,15.497269568095318,35.89276849247063,-210.0,2025.0,pond_emd_population_context,,,,7,,pond_emd_population_context,0.0,0.0,0.0,,,,13,,pond_emd_population_context,38793.792155644755,3.8793792155644753,1.236830620428024
5,의성읍 상리리 43유,의성읍,의성읍,9.3,VWorld UQ164·UO601,DATA_NOT_AVAILABLE,12086.0,1873.0,4338.0,15.497269568095318,35.89276849247063,-210.0,2025.0,pond_emd_population_context,,,,7,,pond_emd_population_context,0.0,0.0,0.0,,,,13,,pond_emd_population_context,38793.792155644755,3.8793792155644753,1.236830620428024
6,의성읍 상리리 50-3유,의성읍,의성읍,1.1,VWorld UQ164·UO601,DATA_NOT_AVAILABLE,12086.0,1873.0,4338.0,15.497269568095318,35.89276849247063,-210.0,2025.0,pond_emd_population_context,,,,7,,pond_emd_population_context,0.0,0.0,0.0,,,,13,,pond_emd_population_context,38793.792155644755,3.8793792155644753,1.236830620428024
7,의성읍 상리리 16-1유,의성읍,의성읍,15.6,VWorld UQ164·UO601,DATA_NOT_AVAILABLE,12086.0,1873.0,4338.0,15.497269568095318,35.89276849247063,-210.0,2025.0,pond_emd_population_context,,,,7,,pond_emd_population_context,0.0,0.0,0.0,,,,13,,pond_emd_population_context,38793.792155644755,3.8793792155644753,1.236830620428024
8,의성읍 상리리 296답,의성읍,의성읍,1.0,VWorld UQ164·UO601,DATA_NOT_AVAILABLE,12086.0,1873.0,4338.0,15.497269568095318,35.89276849247063,-210.0,2025.0,pond_emd_population_context,,,,7,,pond_emd_population_context,0.0,0.0,0.0,,,,13,,pond_emd_population_context,38793.792155644755,3.8793792155644753,1.236830620428024
9,의성읍 도동리 27유,의성읍,의성읍,13.5,VWorld UQ164·UO601,DATA_NOT_AVAILABLE,12086.0,1873.0,4338.0,15.497269568095318,35.89276849247063,-210.0,2025.0,pond_emd_population_context,,,,7,,pond_emd_population_context,0.0,0.0,0.0,,,,13,,pond_emd_population_context,38793.792155644755,3.8793792155644753,1.236830620428024
10,의성읍 오로리 716-1유,의성읍,의성읍,165.0,VWorld UQ164·UO601,DATA_NOT_AVAILABLE,12086.0,1873.0,4338.0,15.497269568095318,35.89276849247063,-210.0,2025.0,pond_emd_population_context,,,,7,,pond_emd_population_context,0.0,0.0,0.0,,,,13,,pond_emd_population_context,38793.792155644755,3.8793792155644753,1.236830620428024
11,의성읍 오로리 895유,의성읍,의성읍,15.0,VWorld UQ164·UO601,DATA_NOT_AVAILABLE,12086.0,1873.0,4338.0,15.497269568095318,35.89276849247063,-210.0,2025.0,pond_emd_population_context,,,,7,,pond_emd_population_context,0.0,0.0,0.0,,,,13,,pond_emd_population_context,38793.792155644755,3.8793792155644753,1.236830620428024
12,의성읍 비봉리 570-1유,의성읍,의성읍,40.0,VWorld UQ164·UO601,DATA_NOT_AVAILABLE,12086.0,1873.0,4338.0,15.497269568095318,35.89276849247063,-210.0,2025.0,pond_emd_population_context,,,,7,,pond_emd_population_context,0.0,0.0,0.0,,,,13,,pond_emd_population_context,38793.792155644755,3.8793792155644753,1.236830620428024
13,의성읍 비봉리 1009유,의성읍,의성읍,19.0,VWorld UQ164·UO601,DATA_NOT_AVAILABLE,12086.0,1873.0,4338.0,15.497269568095318,35.89276849247063,-210.0,2025.0,pond_emd_population_context,,,,7,,pond_emd_population_context,0.0,0.0,0.0,,,,13,,pond_emd_population_context,38793.792155644755,3.8793792155644753,1.236830620428024
14,의성읍 비봉리 105-1유,의성읍,의성읍,9.9,VWorld UQ164·UO601,DATA_NOT_AVAILABLE,12086.0,1873.0,4338.0,15.497269568095318,35.89276849247063,-210.0,2025.0,pond_emd_population_context,,,,7,,pond_emd_population_context,0.0,0.0,0.0,,,,13,,pond_emd_population_context,38793.792155644755,3.8793792155644753,1.236830620428024
15,의성읍 비봉리 360유,의성읍,의성읍,7.0,VWorld UQ164·UO601,DATA_NOT_AVAILABLE,12086.0,1873.0,4338.0,15.497269568095318,35.89276849247063,-210.0,2025.0,pond_emd_population_context,,,,7,,pond_emd_population_context,0.0,0.0,0.0,,,,13,,pond_emd_population_context,38793.792155644755,3.8793792155644753,1.236830620428024
16,의성읍 비봉리 697유,의성읍,의성읍,0.44,VWorld UQ164·UO601,DATA_NOT_AVAILABLE,12086.0,1873.0,4338.0,15.497269568095318,35.89276849247063,-210.0,2025.0,pond_emd_population_context,,,,7,,pond_emd_population_context,0.0,0.0,0.0,,,,13,,pond_emd_population_context,38793.792155644755,3.8793792155644753,1.236830620428024
17,의성읍 비봉리 535유,의성읍,의성읍,0.56,VWorld UQ164·UO601,DATA_NOT_AVAILABLE,12086.0,1873.0,4338.0,15.497269568095318,35.89276849247063,-210.0,2025.0,pond_emd_population_context,,,,7,,pond_emd_population_context,0.0,0.0,0.0,,,,13,,pond_emd_population_context,38793.792155644755,3.8793792155644753,1.236830620428024
18,의성읍 비봉리 894-3유,의성읍,의성읍,0.4,VWorld UQ164·UO601,DATA_NOT_AVAILABLE,12086.0,1873.0,4338.0,15.497269568095318,35.89276849247063,-210.0,2025.0,pond_emd_population_context,,,,7,,pond_emd_population_context,0.0,0.0,0.0,,,,13,,pond_emd_population_context,38793.792155644755,3.8793792155644753,1.236830620428024
19,의성읍 팔성리 449,의성읍,의성읍,2.0,VWorld UQ164·UO601,DATA_NOT_AVAILABLE,12086.0,1873.0,4338.0,15.497269568095318,35.89276849247063,-210.0,2025.0,pond_emd_population_context,,,,7,,pond_emd_population_context,0.0,0.0,0.0,,,,13,,pond_emd_population_context,38793.792155644755,3.8793792155644753,1.236830620428024
20,의성읍 팔성리 560유,의성읍,의성읍,20.3,VWorld UQ164·UO601,DATA_NOT_AVAILABLE,12086.0,1873.0,4338.0,15.497269568095318,35.89276849247063,-210.0,2025.0,pond_emd_population_context,,,,7,,pond_emd_population_context,0.0,0.0,0.0,,,,13,,pond_emd_population_context,38793.792155644755,3.8793792155644753,1.236830620428024
21,의성읍 팔성리 321유,의성읍,의성읍,42.0,VWorld UQ164·UO601,DATA_NOT_AVAILABLE,12086.0,1873.0,4338.0,15.497269568095318,35.89276849247063,-210.0,2025.0,pond_emd_population_context,,,,7,,pond_emd_population_context,0.0,0.0,0.0,,,,13,,pond_emd_population_context,38793.792155644755,3.8793792155644753,1.236830620428024
22,의성읍 팔성리 395유,의성읍,의성읍,5.8,VWorld UQ164·UO601,DATA_NOT_AVAILABLE,12086.0,1873.0,4338.0,15.497269568095318,35.89276849247063,-210.0,2025.0,pond_emd_population_context,,,,7,,pond_emd_population_context,0.0,0.0,0.0,,,,13,,pond_emd_population_context,38793.792155644755,3.8793792155644753,1.236830620428024
23,의성읍 오로리 847-4,의성읍,의성읍,2.0,VWorld UQ164·UO601,DATA_NOT_AVAILABLE,12086.0,1873.0,4338.0,15.497269568095318,35.89276849247063,-210.0,2025.0,pond_emd_population_context,,,,7,,pond_emd_population_context,0.0,0.0,0.0,,,,13,,pond_emd_population_context,38793.792155644755,3.8793792155644753,1.236830620428024
24,의성읍 팔성리 730,의성읍,의성읍,11.4,VWorld UQ164·UO601,DATA_NOT_AVAILABLE,12086.0,1873.0,4338.0,15.497269568095318,35.89276849247063,-210.0,2025.0,pond_emd_population_context,,,,7,,pond_emd_population_context,0.0,0.0,0.0,,,,13,,pond_emd_population_context,38793.792155644755,3.8793792155644753,1.236830620428024
25,의성읍 팔성리 846답,의성읍,의성읍,0.4,VWorld UQ164·UO601,DATA_NOT_AVAILABLE,12086.0,1873.0,4338.0,15.497269568095318,35.89276849247063,-210.0,2025.0,pond_emd_population_context,,,,7,,pond_emd_population_context,0.0,0.0,0.0,,,,13,,pond_emd_population_context,38793.792155644755,3.8793792155644753,1.236830620428024
26,의성읍 용연리 512유,의성읍,의성읍,93.4,VWorld UQ164·UO601,DATA_NOT_AVAILABLE,12086.0,1873.0,4338.0,15.497269568095318,35.89276849247063,-210.0,2025.0,pond_emd_population_context,,,,7,,pond_emd_population_context,0.0,0.0,0.0,,,,13,,pond_emd_population_context,38793.792155644755,3.8793792155644753,1.236830620428024
27,의성읍 용연리 151유,의성읍,의성읍,17.6,VWorld UQ164·UO601,DATA_NOT_AVAILABLE,12086.0,1873.0,4338.0,15.497269568095318,35.89276849247063,-210.0,2025.0,pond_emd_population_context,,,,7,,pond_emd_population_context,0.0,0.0,0.0,,,,13,,pond_emd_population_context,38793.792155644755,3.8793792155644753,1.236830620428024
28,의성읍 용연리 296답,의성읍,의성읍,2.2,VWorld UQ164·UO601,DATA_NOT_AVAILABLE,12086.0,1873.0,4338.0,15.497269568095318,35.89276849247063,-210.0,2025.0,pond_emd_population_context,,,,7,,pond_emd_population_context,0.0,0.0,0.0,,,,13,,pond_emd_population_context,38793.792155644755,3.8793792155644753,1.236830620428024
29,의성읍 상리리 210,의성읍,의성읍,3.6,VWorld UQ164·UO601,DATA_NOT_AVAILABLE,12086.0,1873.0,4338.0,15.497269568095318,35.89276849247063,-210.0,2025.0,pond_emd_population_context,,,,7,,pond_emd_population_context,0.0,0.0,0.0,,,,13,,pond_emd_population_context,38793.792155644755,3.8793792155644753,1.236830620428024
30,의성읍 철파리 502유,의성읍,의성읍,18.5,VWorld UQ164·UO601,DATA_NOT_AVAILABLE,12086.0,1873.0,4338.0,15.497269568095318,35.89276849247063,-210.0,2025.0,pond_emd_population_context,,,,7,,pond_emd_population_context,0.0,0.0,0.0,,,,13,,pond_emd_population_context,38793.792155644755,3.8793792155644753,1.236830620428024
31,의성읍 철파리 36유,의성읍,의성읍,7.0,VWorld UQ164·UO601,DATA_NOT_AVAILABLE,12086.0,1873.0,4338.0,15.497269568095318,35.89276849247063,-210.0,2025.0,pond_emd_population_context,,,,7,,pond_emd_population_context,0.0,0.0,0.0,,,,13,,pond_emd_population_context,38793.792155644755,3.8793792155644753,1.236830620428024
32,의성읍 업리 202유,의성읍,의성읍,4.0,VWorld UQ164·UO601,DATA_NOT_AVAILABLE,12086.0,1873.0,4338.0,15.497269568095318,35.89276849247063,-210.0,2025.0,pond_emd_population_context,,,,7,,pond_emd_population_context,0.0,0.0,0.0,,,,13,,pond_emd_population_context,38793.792155644755,3.8793792155644753,1.236830620428024
33,의성읍 업리 470유,의성읍,의성읍,19.0,VWorld UQ164·UO601,DATA_NOT_AVAILABLE,12086.0,1873.0,4338.0,15.497269568095318,35.89276849247063,-210.0,2025.0,pond_emd_population_context,,,,7,,pond_emd_population_context,0.0,0.0,0.0,,,,13,,pond_emd_population_context,38793.792155644755,3.8793792155644753,1.236830620428024
34,의성읍 업리 850유,의성읍,의성읍,3.0,VWorld UQ164·UO601,DATA_NOT_AVAILABLE,12086.0,1873.0,4338.0,15.497269568095318,35.89276849247063,-210.0,2025.0,pond_emd_population_context,,,,7,,pond_emd_population_context,0.0,0.0,0.0,,,,13,,pond_emd_population_context,38793.792155644755,3.8793792155644753,1.236830620428024
35,의성읍 업리 244유,의성읍,의성읍,6.0,VWorld UQ164·UO601,DATA_NOT_AVAILABLE,12086.0,1873.0,4338.0,15.497269568095318,35.89276849247063,-210.0,2025.0,pond_emd_population_context,,,,7,,pond_emd_population_context,0.0,0.0,0.0,,,,13,,pond_emd_population_context,38793.792155644755,3.8793792155644753,1.236830620428024
36,의성읍 업리 306답,의성읍,의성읍,9.2,VWorld UQ164·UO601,DATA_NOT_AVAILABLE,12086.0,1873.0,4338.0,15.497269568095318,35.89276849247063,-210.0,2025.0,pond_emd_population_context,,,,7,,pond_emd_population_context,0.0,0.0,0.0,,,,13,,pond_emd_population_context,38793.792155644755,3.8793792155644753,1.236830620428024
37,의성읍 업리 922-1유,의성읍,의성읍,0.5,VWorld UQ164·UO601,DATA_NOT_AVAILABLE,12086.0,1873.0,4338.0,15.497269568095318,35.89276849247063,-210.0,2025.0,pond_emd_population_context,,,,7,,pond_emd_population_context,0.0,0.0,0.0,,,,13,,pond_emd_population_context,38793.792155644755,3.8793792155644753,1.236830620428024
38,의성읍 업리 871유,의성읍,의성읍,1.5,VWorld UQ164·UO601,DATA_NOT_AVAILABLE,12086.0,1873.0,4338.0,15.497269568095318,35.89276849247063,-210.0,2025.0,pond_emd_population_context,,,,7,,pond_emd_population_context,0.0,0.0,0.0,,,,13,,pond_emd_population_context,38793.792155644755,3.8793792155644753,1.236830620428024
39,의성읍 업리 148유,의성읍,의성읍,11.7,VWorld UQ164·UO601,DATA_NOT_AVAILABLE,12086.0,1873.0,4338.0,15.497269568095318,35.89276849247063,-210.0,2025.0,pond_emd_population_context,,,,7,,pond_emd_population_context,0.0,0.0,0.0,,,,13,,pond_emd_population_context,38793.792155644755,3.8793792155644753,1.236830620428024
40,의성읍 업리 1141유,의성읍,의성읍,19.3,VWorld UQ164·UO601,DATA_NOT_AVAILABLE,12086.0,1873.0,4338.0,15.497269568095318,35.89276849247063,-210.0,2025.0,pond_emd_population_context,,,,7,,pond_emd_population_context,0.0,0.0,0.0,,,,13,,pond_emd_population_context,38793.792155644755,3.8793792155644753,1.236830620428024
41,의성읍 업리 393,의성읍,의성읍,2.9,VWorld UQ164·UO601,DATA_NOT_AVAILABLE,12086.0,1873.0,4338.0,15.497269568095318,35.89276849247063,-210.0,2025.0,pond_emd_population_context,,,,7,,pond_emd_population_context,0.0,0.0,0.0,,,,13,,pond_emd_population_context,38793.792155644755,3.8793792155644753,1.236830620428024
42,단촌면 세촌리 1319유,단촌면,단촌면,4.6,VWorld UQ164·UO601,DATA_NOT_AVAILABLE,1820.0,122.0,1025.0,6.703296703296704,56.31868131868132,-6.0,2025.0,pond_emd_population_context,,,,0,,pond_emd_population_context,43394.43208253036,4.339443208253035,5.534036181915097,,,,0,,pond_emd_population_context,142663.3793475631,14.266337934756312,4.548419378102234
43,단촌면 하화리 117유,단촌면,단촌면,52.5,VWorld UQ164·UO601,DATA_NOT_AVAILABLE,1820.0,122.0,1025.0,6.703296703296704,56.31868131868132,-6.0,2025.0,pond_emd_population_context,,,,0,,pond_emd_population_context,64173.45206335971,6.4173452063359715,8.183957908738192,,,,0,,pond_emd_population_context,447365.33532438887,44.736533532438884,14.26298163962153
44,단촌면 하화리 209유,단촌면,단촌면,10.6,VWorld UQ164·UO601,DATA_NOT_AVAILABLE,1820.0,122.0,1025.0,6.703296703296704,56.31868131868132,-6.0,2025.0,pond_emd_population_context,,,,0,,pond_emd_population_context,125696.53313802207,12.569653313802208,16.029917409776196,,,,0,,pond_emd_population_context,313743.37386873044,31.374337386873044,10.002822363958556
45,단촌면 하화리 223유,단촌면,단촌면,0.9,VWorld UQ164·UO601,DATA_NOT_AVAILABLE,1820.0,122.0,1025.0,6.703296703296704,56.31868131868132,-6.0,2025.0,pond_emd_population_context,,,,0,,pond_emd_population_context,44801.882330762135,4.4801882330762135,5.713526504156131,,,,0,,pond_emd_population_context,375276.7303914975,37.52767303914975,11.964639842892456
46,단촌면 하화리 1213임,단촌면,단촌면,0.8,VWorld UQ164·UO601,DATA_NOT_AVAILABLE,1820.0,122.0,1025.0,6.703296703296704,56.31868131868132,-6.0,2025.0,pond_emd_population_context,,,,0,,pond_emd_population_context,0.0,0.0,0.0,,,,0,,pond_emd_population_context,0.0,0.0,0.0
47,단촌면 상화리 32유,단촌면,단촌면,47.0,VWorld UQ164·UO601,DATA_NOT_AVAILABLE,1820.0,122.0,1025.0,6.703296703296704,56.31868131868132,-6.0,2025.0,pond_emd_population_context,,,,0,,pond_emd_population_context,141718.5671102001,14.171856711020009,18.073186821420396,,,,0,,pond_emd_population_context,350509.6305567123,35.050963055671225,11.175010735947753
48,단촌면 상화리 산56임,단촌면,단촌면,4.3,VWorld UQ164·UO601,DATA_NOT_AVAILABLE,1820.0,122.0,1025.0,6.703296703296704,56.31868131868132,-6.0,2025.0,pond_emd_population_context,,,,0,,pond_emd_population_context,37291.15629347635,3.729115629347635,4.755693260394788,,,,0,,pond_emd_population_context,297381.95147010015,29.738195147010014,9.481184568530033
49,단촌면 상화리 569-1유,단촌면,단촌면,16.5,VWorld UQ164·UO601,DATA_NOT_AVAILABLE,1820.0,122.0,1025.0,6.703296703296704,56.31868131868132,-6.0,2025.0,pond_emd_population_context,,,,0,,pond_emd_population_context,0.0,0.0,0.0,,,,0,,pond_emd_population_context,141125.84585412027,14.112584585412026,4.499399460250581
50,단촌면 상화리 632답,단촌면,단촌면,4.4,VWorld UQ164·UO601,DATA_NOT_AVAILABLE,1820.0,122.0,1025.0,6.703296703296704,56.31868131868132,-6.0,2025.0,pond_emd_population_context,,,,0,,pond_emd_population_context,0.0,0.0,0.0,,,,0,,pond_emd_population_context,144765.42069206524,14.476542069206523,4.615437036233075
51,단촌면 관덕리 624 유,단촌면,단촌면,9.1,VWorld UQ164·UO601,DATA_NOT_AVAILABLE,1820.0,122.0,1025.0,6.703296703296704,56.31868131868132,-6.0,2025.0,pond_emd_population_context,,,,0,,pond_emd_population_context,66330.37738045119,6.633037738045119,8.459027823785618,,,,0,,pond_emd_population_context,770414.4795365519,77.04144795365518,24.562492238162832
52,단촌면 병방리 산55임,단촌면,단촌면,5.5,VWorld UQ164·UO601,DATA_NOT_AVAILABLE,1820.0,122.0,1025.0,6.703296703296704,56.31868131868132,-6.0,2025.0,pond_emd_population_context,,,,0,,pond_emd_population_context,0.0,0.0,0.0,,,,0,,pond_emd_population_context,0.0,0.0,0.0
53,단촌면 병방리 641유,단촌면,단촌면,21.2,VWorld UQ164·UO601,DATA_NOT_AVAILABLE,1820.0,122.0,1025.0,6.703296703296704,56.31868131868132,-6.0,2025.0,pond_emd_population_context,,,,0,,pond_emd_population_context,0.0,0.0,0.0,,,,0,,pond_emd_population_context,0.0,0.0,0.0
54,단촌면 병방리 705유,단촌면,단촌면,21.9,VWorld UQ164·UO601,DATA_NOT_AVAILABLE,1820.0,122.0,1025.0,6.703296703296704,56.31868131868132,-6.0,2025.0,pond_emd_population_context,,,,0,,pond_emd_population_context,76186.70984766491,7.618670984766491,9.715993242547349,,,,0,,pond_emd_population_context,367093.8497903035,36.709384979030354,11.703751779919461
55,단촌면 병방리 889유,단촌면,단촌면,0.8,VWorld UQ164·UO601,DATA_NOT_AVAILABLE,1820.0,122.0,1025.0,6.703296703296704,56.31868131868132,-6.0,2025.0,pond_emd_population_context,,,,0,,pond_emd_population_context,251525.87570632776,25.152587570632775,32.07677183559839,,,,0,,pond_emd_population_context,1400017.5017553952,140.0017501755395,44.63560840762664
56,단촌면 병방리 375유,단촌면,단촌면,0.8,VWorld UQ164·UO601,DATA_NOT_AVAILABLE,1820.0,122.0,1025.0,6.703296703296704,56.31868131868132,-6.0,2025.0,pond_emd_population_context,,,,0,,pond_emd_population_context,201498.19437918253,20.149819437918254,25.69680589814358,,,,0,,pond_emd_population_context,971406.237067873,97.1406237067873,30.97054740253044
57,단촌면 구계리 산124임,단촌면,단촌면,4.7,VWorld UQ164·UO601,DATA_NOT_AVAILABLE,1820.0,122.0,1025.0,6.703296703296704,56.31868131868132,-6.0,2025.0,pond_emd_population_context,,,,0,,pond_emd_population_context,0.0,0.0,0.0,,,,0,,pond_emd_population_context,0.0,0.0,0.0
58,단촌면 구계리 산220 임,단촌면,단촌면,2.0,VWorld UQ164·UO601,DATA_NOT_AVAILABLE,1820.0,122.0,1025.0,6.703296703296704,56.31868131868132,-6.0,2025.0,pond_emd_population_context,,,,0,,pond_emd_population_context,0.0,0.0,0.0,,,,0,,pond_emd_population_context,0.0,0.0,0.0
59,단촌면 구계리 291유,단촌면,단촌면,9.5,VWorld UQ164·UO601,DATA_NOT_AVAILABLE,1820.0,122.0,1025.0,6.703296703296704,56.31868131868132,-6.0,2025.0,pond_emd_population_context,,,,0,,pond_emd_population_context,0.0,0.0,0.0,,,,1,,pond_emd_population_context,0.0,0.0,0.0
60,단촌면 구계리 937유,단촌면,단촌면,8.1,VWorld UQ164·UO601,DATA_NOT_AVAILABLE,1820.0,122.0,1025.0,6.703296703296704,56.31868131868132,-6.0,2025.0,pond_emd_population_context,,,,0,,pond_emd_population_context,0.0,0.0,0.0,,,,0,,pond_emd_population_context,0.0,0.0,0.0
61,단촌면 구계리 733유,단촌면,단촌면,3.5,VWorld UQ164·UO601,DATA_NOT_AVAILABLE,1820.0,122.0,1025.0,6.703296703296704,56.31868131868132,-6.0,2025.0,pond_emd_population_context,,,,0,,pond_emd_population_context,0.0,0.0,0.0,,,,0,,pond_emd_population_context,28976.493630739278,2.8976493630739277,0.9238337528681411
62,단촌면 구계리 905유,단촌면,단촌면,0.3,VWorld UQ164·UO601,DATA_NOT_AVAILABLE,1820.0,122.0,1025.0,6.703296703296704,56.31868131868132,-6.0,2025.0,pond_emd_population_context,,,,0,,pond_emd_population_context,0.0,0.0,0.0,,,,0,,pond_emd_population_context,0.0,0.0,0.0
63,단촌면 방하리 1225유,단촌면,단촌면,22.3,VWorld UQ164·UO601,DATA_NOT_AVAILABLE,1820.0,122.0,1025.0,6.703296703296704,56.31868131868132,-6.0,2025.0,pond_emd_population_context,,,,0,,pond_emd_population_context,101287.26271202379,10.128726271202378,12.917034506856362,,,,0,,pond_emd_population_context,317307.8356034911,31.73078356034911,10.116465170550086
64,단촌면 방하리 730 유,단촌면,단촌면,10.2,VWorld UQ164·UO601,DATA_NOT_AVAILABLE,1820.0,122.0,1025.0,6.703296703296704,56.31868131868132,-6.0,2025.0,pond_emd_population_context,,,,0,,pond_emd_population_context,58562.33934419006,5.856233934419007,7.468379911320645,,,,0,,pond_emd_population_context,113072.5913658911,11.30725913658911,3.6050005828607854
65,단촌면 방하리 896유,단촌면,단촌면,2.4,VWorld UQ164·UO601,DATA_NOT_AVAILABLE,1820.0,122.0,1025.0,6.703296703296704,56.31868131868132,-6.0,2025.0,pond_emd_population_context,,,,0,,pond_emd_population_context,2102.550293269333,0.2102550293269333,0.26813553810588797,,,,0,,pond_emd_population_context,102102.10283788838,10.210210283788838,3.2552375053547418
66,단촌면 방하리 1249-1,단촌면,단촌면,3.3,VWorld UQ164·UO601,DATA_NOT_AVAILABLE,1820.0,122.0,1025.0,6.703296703296704,56.31868131868132,-6.0,2025.0,pond_emd_population_context,,,,0,,pond_emd_population_context,64761.32476013984,6.476132476013984,8.258928558616818,,,,0,,pond_emd_population_context,120013.49111959968,12.001349111959968,3.826291590305103
67,단촌면 방하리 298유,단촌면,단촌면,27.1,VWorld UQ164·UO601,DATA_NOT_AVAILABLE,1820.0,122.0,1025.0,6.703296703296704,56.31868131868132,-6.0,2025.0,pond_emd_population_context,,,,0,,pond_emd_population_context,93518.96719853715,9.351896719853716,11.926353758651558,,,,0,,pond_emd_population_context,381217.6470699483,38.12176470699483,12.154049211067628
68,단촌면 방하리 1273답,단촌면,단촌면,0.3,VWorld UQ164·UO601,DATA_NOT_AVAILABLE,1820.0,122.0,1025.0,6.703296703296704,56.31868131868132,-6.0,2025.0,pond_emd_population_context,,,,0,,pond_emd_population_context,0.0,0.0,0.0,,,,0,,pond_emd_population_context,43405.74709843811,4.3405747098438106,1.3838697928398191
69,단촌면 방하리 828-2유,단촌면,단촌면,1.9,VWorld UQ164·UO601,DATA_NOT_AVAILABLE,1820.0,122.0,1025.0,6.703296703296704,56.31868131868132,-6.0,2025.0,pond_emd_population_context,,,,0,,pond_emd_population_context,28917.34165137998,2.891734165137998,3.6877914355275467,,,,0,,pond_emd_population_context,79271.41355487297,7.927141355487297,2.527345385981137
70,단촌면 방하리 110임,단촌면,단촌면,2.8,VWorld UQ164·UO601,DATA_NOT_AVAILABLE,1820.0,122.0,1025.0,6.703296703296704,56.31868131868132,-6.0,2025.0,pond_emd_population_context,,,,0,,pond_emd_population_context,124735.11793876345,12.473511793876344,15.90730936438407,,,,0,,pond_emd_population_context,194855.78653005103,19.485578653005103,6.212427039383567
71,단촌면 방하리 1337 유,단촌면,단촌면,2.0,VWorld UQ164·UO601,DATA_NOT_AVAILABLE,1820.0,122.0,1025.0,6.703296703296704,56.31868131868132,-6.0,2025.0,pond_emd_population_context,,,,0,,pond_emd_population_context,0.0,0.0,0.0,,,,0,,pond_emd_population_context,86324.01536566917,8.632401536566917,2.752197698389313
72,단촌면 장림리 169유,단촌면,단촌면,17.0,VWorld UQ164·UO601,DATA_NOT_AVAILABLE,1820.0,122.0,1025.0,6.703296703296704,56.31868131868132,-6.0,2025.0,pond_emd_population_context,,,,0,,pond_emd_population_context,0.0,0.0,0.0,,,,0,,pond_emd_population_context,47237.731364206884,4.7237731364206885,1.5060418006158516
73,단촌면 장림리 산10임,단촌면,단촌면,9.3,VWorld UQ164·UO601,DATA_NOT_AVAILABLE,1820.0,122.0,1025.0,6.703296703296704,56.31868131868132,-6.0,2025.0,pond_emd_population_context,,,,0,,pond_emd_population_context,2752.786642900114,0.2752786642900114,0.35105934452440285,,,,0,,pond_emd_population_context,57331.39293735662,5.733139293735662,1.8278497243120342
74,단촌면 장림리 616유,단촌면,단촌면,13.8,VWorld UQ164·UO601,DATA_NOT_AVAILABLE,1820.0,122.0,1025.0,6.703296703296704,56.31868131868132,-6.0,2025.0,pond_emd_population_context,,,,0,,pond_emd_population_context,159212.66943015548,15.921266943015548,20.30418721853661,,,,0,,pond_emd_population_context,246513.67579619342,24.651367579619343,7.8593931048484595
75,단촌면 장림리 103유,단촌면,단촌면,7.0,VWorld UQ164·UO601,DATA_NOT_AVAILABLE,1820.0,122.0,1025.0,6.703296703296704,56.31868131868132,-6.0,2025.0,pond_emd_population_context,,,,0,,pond_emd_population_context,0.0,0.0,0.0,,,,0,,pond_emd_population_context,53648.21905440941,5.364821905440941,1.710422115778357
76,단촌면 장림리 821유,단촌면,단촌면,2.0,VWorld UQ164·UO601,DATA_NOT_AVAILABLE,1820.0,122.0,1025.0,6.703296703296704,56.31868131868132,-6.0,2025.0,pond_emd_population_context,,,,0,,pond_emd_population_context,0.0,0.0,0.0,,,,0,,pond_emd_population_context,94276.16575875907,9.427616575875907,3.0057295795975594
77,단촌면 장림리 1010-1유,단촌면,단촌면,14.8,VWorld UQ164·UO601,DATA_NOT_AVAILABLE,1820.0,122.0,1025.0,6.703296703296704,56.31868131868132,-6.0,2025.0,pond_emd_population_context,,,,0,,pond_emd_population_context,0.0,0.0,0.0,,,,0,,pond_emd_population_context,0.0,0.0,0.0
78,단촌면 장림리 982유,단촌면,단촌면,1.5,VWorld UQ164·UO601,DATA_NOT_AVAILABLE,1820.0,122.0,1025.0,6.703296703296704,56.31868131868132,-6.0,2025.0,pond_emd_population_context,,,,0,,pond_emd_population_context,0.0,0.0,0.0,,,,0,,pond_emd_population_context,0.0,0.0,0.0
79,점곡면 황룡리 107유,점곡면,점곡면,23.3,VWorld UQ164·UO601,DATA_NOT_AVAILABLE,1476.0,101.0,880.0,6.842818428184281,59.62059620596206,-30.0,2025.0,pond_emd_population_context,,,,0,,pond_emd_population_context,57201.7473502345,5.72017473502345,7.294865362056494,,,,0,,pond_emd_population_context,175636.10318483246,17.563610318483246,5.599661657207906
80,점곡면 황룡리 412유,점곡면,점곡면,7.4,VWorld UQ164·UO601,DATA_NOT_AVAILABLE,1476.0,101.0,880.0,6.842818428184281,59.62059620596206,-30.0,2025.0,pond_emd_population_context,,,,0,,pond_emd_population_context,24847.791804025484,2.4847791804025485,3.168806970964562,,,,0,,pond_emd_population_context,288215.664612668,28.821566461266798,9.188943371396913
81,점곡면 황룡리 493답,점곡면,점곡면,6.6,VWorld UQ164·UO601,DATA_NOT_AVAILABLE,1476.0,101.0,880.0,6.842818428184281,59.62059620596206,-30.0,2025.0,pond_emd_population_context,,,,0,,pond_emd_population_context,108624.75892205683,10.862475892205683,13.852775973267553,,,,0,,pond_emd_population_context,413287.37190811365,41.32873719081137,13.176501914567318
82,점곡면 황룡리 384유,점곡면,점곡면,14.27,VWorld UQ164·UO601,DATA_NOT_AVAILABLE,1476.0,101.0,880.0,6.842818428184281,59.62059620596206,-30.0,2025.0,pond_emd_population_context,,,,0,,pond_emd_population_context,0.0,0.0,0.0,,,,0,,pond_emd_population_context,377442.571058994,37.7442571058994,12.033691562450587
83,점곡면 황룡리 371유,점곡면,점곡면,1.1,VWorld UQ164·UO601,DATA_NOT_AVAILABLE,1476.0,101.0,880.0,6.842818428184281,59.62059620596206,-30.0,2025.0,pond_emd_population_context,,,,0,,pond_emd_population_context,83895.55402329739,8.389555402329739,10.699092238002804,,,,0,,pond_emd_population_context,251101.3044576899,25.11013044576899,8.005656702408784
84,점곡면 황룡리 산32임,점곡면,점곡면,356.0,VWorld UQ164·UO601,DATA_NOT_AVAILABLE,1476.0,101.0,880.0,6.842818428184281,59.62059620596206,-30.0,2025.0,pond_emd_population_context,,,,0,,pond_emd_population_context,100243.6088128462,10.02436088128462,12.783938665701877,,,,0,,pond_emd_population_context,250549.3153639188,25.05493153639188,7.988058087388647
85,점곡면 구암리 271유,점곡면,점곡면,4.0,VWorld UQ164·UO601,DATA_NOT_AVAILABLE,1476.0,101.0,880.0,6.842818428184281,59.62059620596206,-30.0,2025.0,pond_emd_population_context,,,,0,,pond_emd_population_context,90815.23475281474,9.081523475281474,11.581550232881503,,,,0,,pond_emd_population_context,422400.8812762165,42.24008812762165,13.467060450345498
86,점곡면 구암리 78유,점곡면,점곡면,19.6,VWorld UQ164·UO601,DATA_NOT_AVAILABLE,1476.0,101.0,880.0,6.842818428184281,59.62059620596206,-30.0,2025.0,pond_emd_population_context,,,,0,,pond_emd_population_context,141745.72258038918,14.174572258038918,18.07664992365152,,,,0,,pond_emd_population_context,269203.9374502882,26.92039374502882,8.582808085438975
87,점곡면 구암리 658-1,점곡면,점곡면,11.2,VWorld UQ164·UO601,DATA_NOT_AVAILABLE,1476.0,101.0,880.0,6.842818428184281,59.62059620596206,-30.0,2025.0,pond_emd_population_context,,,,0,,pond_emd_population_context,87229.64959529125,8.722964959529126,11.124285163544165,,,,0,,pond_emd_population_context,151594.56079033183,15.159456079033182,4.8331649023524985
88,점곡면 구암리 664유,점곡면,점곡면,18.4,VWorld UQ164·UO601,DATA_NOT_AVAILABLE,1476.0,101.0,880.0,6.842818428184281,59.62059620596206,-30.0,2025.0,pond_emd_population_context,,,,0,,pond_emd_population_context,113194.7643366906,11.31947643366906,14.43558289347409,,,,0,,pond_emd_population_context,191950.019657438,19.195001965743803,6.119784860205675
89,점곡면 구암리 120유,점곡면,점곡면,52.0,VWorld UQ164·UO601,DATA_NOT_AVAILABLE,1476.0,101.0,880.0,6.842818428184281,59.62059620596206,-30.0,2025.0,pond_emd_population_context,,,,0,,pond_emd_population_context,91769.30731851122,9.176930731851122,11.7032218816473,,,,0,,pond_emd_population_context,152877.1598819733,15.287715988197329,4.8740569560066165
90,점곡면 명고리 767유,점곡면,점곡면,32.0,VWorld UQ164·UO601,DATA_NOT_AVAILABLE,1476.0,101.0,880.0,6.842818428184281,59.62059620596206,-30.0,2025.0,pond_emd_population_context,,,,0,,pond_emd_population_context,118831.11191415202,11.883111191415201,15.154379059954582,,,,0,,pond_emd_population_context,323974.45202868734,32.39744520286873,10.32901142785459
91,점곡면 명고리 757유,점곡면,점곡면,8.0,VWorld UQ164·UO601,DATA_NOT_AVAILABLE,1476.0,101.0,880.0,6.842818428184281,59.62059620596206,-30.0,2025.0,pond_emd_population_context,,,,0,,pond_emd_population_context,45977.32141899184,4.5977321418991846,5.863428741188039,,,,0,,pond_emd_population_context,283015.8253876453,28.301582538764528,9.023161167146096
92,점곡면 명고리 362유,점곡면,점곡면,78.4,VWorld UQ164·UO601,DATA_NOT_AVAILABLE,1476.0,101.0,880.0,6.842818428184281,59.62059620596206,-30.0,2025.0,pond_emd_population_context,,,,0,,pond_emd_population_context,124031.41184099915,12.403141184099916,15.817566629669733,,,,0,,pond_emd_population_context,653944.2396159393,65.39442396159393,20.84916721635387
93,점곡면 명고리 363유,점곡면,점곡면,96.9,VWorld UQ164·UO601,DATA_NOT_AVAILABLE,1476.0,101.0,880.0,6.842818428184281,59.62059620596206,-30.0,2025.0,pond_emd_population_context,,,,0,,pond_emd_population_context,109061.31426414958,10.906131426414959,13.908449315274998,,,,0,,pond_emd_population_context,475770.4550362206,47.57704550362206,15.16859874700723
94,점곡면 동변리 702유,점곡면,점곡면,6.5,VWorld UQ164·UO601,DATA_NOT_AVAILABLE,1476.0,101.0,880.0,6.842818428184281,59.62059620596206,-30.0,2025.0,pond_emd_population_context,,,,0,,pond_emd_population_context,0.0,0.0,0.0,,,,0,,pond_emd_population_context,756844.6693172115,75.68446693172115,24.12985712156119
95,점곡면 동변리 118-1유,점곡면,점곡면,3.4,VWorld UQ164·UO601,DATA_NOT_AVAILABLE,1476.0,101.0,880.0,6.842818428184281,59.62059620596206,-30.0,2025.0,pond_emd_population_context,,,,0,,pond_emd_population_context,0.0,0.0,0.0,,,,0,,pond_emd_population_context,0.0,0.0,0.0
96,점곡면 동변리 299유,점곡면,점곡면,5.0,VWorld UQ164·UO601,DATA_NOT_AVAILABLE,1476.0,101.0,880.0,6.842818428184281,59.62059620596206,-30.0,2025.0,pond_emd_population_context,,,,0,,pond_emd_population_context,0.0,0.0,0.0,,,,0,,pond_emd_population_context,13857.92592304311,1.385792592304311,0.4418208730014303
97,점곡면 사촌리 32답,점곡면,점곡면,4.0,VWorld UQ164·UO601,DATA_NOT_AVAILABLE,1476.0,101.0,880.0,6.842818428184281,59.62059620596206,-30.0,2025.0,pond_emd_population_context,,,,0,,pond_emd_population_context,3105.5558435274966,0.31055558435274966,0.3960475475368148,,,,0,,pond_emd_population_context,63646.91589860486,6.364691589860485,2.029202356999981
98,점곡면 송내리 456유,점곡면,점곡면,6.1,VWorld UQ164·UO601,DATA_NOT_AVAILABLE,1476.0,101.0,880.0,6.842818428184281,59.62059620596206,-30.0,2025.0,pond_emd_population_context,,,,0,,pond_emd_population_context,144335.84252600037,14.433584252600037,18.40696459322137,,,,0,,pond_emd_population_context,700787.138644502,70.07871386445021,22.342620901822315
99,점곡면 윤암리 808,점곡면,점곡면,0.6,VWorld UQ164·UO601,DATA_NOT_AVAILABLE,1476.0,101.0,880.0,6.842818428184281,59.62059620596206,-30.0,2025.0,pond_emd_population_context,,,,0,,pond_emd_population_context,53414.35028513495,5.341435028513494,6.811863479379987,,,,0,,pond_emd_population_context,296061.01317080436,29.606101317080437,9.439070177399868
100,점곡면 윤암리 916유,점곡면,점곡면,5.8,VWorld UQ164·UO601,DATA_NOT_AVAILABLE,1476.0,101.0,880.0,6.842818428184281,59.62059620596206,-30.0,2025.0,pond_emd_population_context,,,,0,,pond_emd_population_context,0.0,0.0,0.0,,,,0,,pond_emd_population_context,84432.81431550052,8.443281431550052,2.6919020882347415
101,점곡면 윤암리 289유,점곡면,점곡면,4.4,VWorld UQ164·UO601,DATA_NOT_AVAILABLE,1476.0,101.0,880.0,6.842818428184281,59.62059620596206,-30.0,2025.0,pond_emd_population_context,,,,0,,pond_emd_population_context,223624.10747300842,22.362410747300842,28.51849517353879,,,,0,,pond_emd_population_context,901075.6169981253,90.10756169981254,28.728253993653258
102,점곡면 윤암리 678유,점곡면,점곡면,17.4,VWorld UQ164·UO601,DATA_NOT_AVAILABLE,1476.0,101.0,880.0,6.842818428184281,59.62059620596206,-30.0,2025.0,pond_emd_population_context,,,,0,,pond_emd_population_context,53555.87939747452,5.355587939747452,6.82991250527787,,,,0,,pond_emd_population_context,220003.08273177146,22.000308273177147,7.01417763490341
103,점곡면 윤암리 1022유,점곡면,점곡면,21.3,VWorld UQ164·UO601,DATA_NOT_AVAILABLE,1476.0,101.0,880.0,6.842818428184281,59.62059620596206,-30.0,2025.0,pond_emd_population_context,,,,0,,pond_emd_population_context,110003.8483734497,11.00038483734497,14.028649479518092,,,,0,,pond_emd_population_context,172321.25700639465,17.232125700639465,5.493977138430997
188,춘산면 옥정리 895유,춘산면,춘산면,26.7,VWorld UQ164·UO601,DATA_NOT_AVAILABLE,1465.0,88.0,841.0,6.006825938566553,57.40614334470989,-17.0,2025.0,pond_emd_population_context,,,,0,,pond_emd_population_context,27332.009893635728,2.733200989363573,3.4856161128730148,,,,0,,pond_emd_population_context,70672.94788948396,7.067294788948396,2.2532075656571005
189,춘산면 옥정리 1186,춘산면,춘산면,6.6,VWorld UQ164·UO601,DATA_NOT_AVAILABLE,1465.0,88.0,841.0,6.006825938566553,57.40614334470989,-17.0,2025.0,pond_emd_population_context,,,,0,,pond_emd_population_context,0.0,0.0,0.0,,,,0,,pond_emd_population_context,0.0,0.0,0.0
190,춘산면 옥정리 480유,춘산면,춘산면,13.2,VWorld UQ164·UO601,DATA_NOT_AVAILABLE,1465.0,88.0,841.0,6.006825938566553,57.40614334470989,-17.0,2025.0,pond_emd_population_context,,,,0,,pond_emd_population_context,168801.3778456909,16.88013778456909,21.527022885759674,,,,3,,pond_emd_population_context,406627.73839842086,40.66277383984209,12.964178287823906
191,춘산면 옥정리 875유,춘산면,춘산면,12.3,VWorld UQ164·UO601,DATA_NOT_AVAILABLE,1465.0,88.0,841.0,6.006825938566553,57.40614334470989,-17.0,2025.0,pond_emd_population_context,,,,0,,pond_emd_population_context,12112.557564818746,1.2112557564818747,1.5446989072642268,,,,0,,pond_emd_population_context,67972.21420765154,6.797221420765155,2.167102291341308
192,춘산면 옥정리 253유,춘산면,춘산면,3.8,VWorld UQ164·UO601,DATA_NOT_AVAILABLE,1465.0,88.0,841.0,6.006825938566553,57.40614334470989,-17.0,2025.0,pond_emd_population_context,,,,3,,pond_emd_population_context,85610.72859378744,8.561072859378744,10.917826247779459,,,,3,,pond_emd_population_context,451076.2970231636,45.10762970231636,14.381295184269739
193,춘산면 옥정리 568,춘산면,춘산면,2.0,VWorld UQ164·UO601,DATA_NOT_AVAILABLE,1465.0,88.0,841.0,6.006825938566553,57.40614334470989,-17.0,2025.0,pond_emd_population_context,,,,0,,pond_emd_population_context,85903.25542107904,8.590325542107903,10.955131818303663,,,,3,,pond_emd_population_context,312540.4470173761,31.25404470173761,9.96447043491999
194,춘산면 금오리 37유,춘산면,춘산면,10.8,VWorld UQ164·UO601,DATA_NOT_AVAILABLE,1465.0,88.0,841.0,6.006825938566553,57.40614334470989,-17.0,2025.0,pond_emd_population_context,,,,0,,pond_emd_population_context,0.0,0.0,0.0,,,,0,,pond_emd_population_context,0.0,0.0,0.0
195,춘산면 금오리 산61임,춘산면,춘산면,8.0,VWorld UQ164·UO601,DATA_NOT_AVAILABLE,1465.0,88.0,841.0,6.006825938566553,57.40614334470989,-17.0,2025.0,pond_emd_population_context,,,,0,,pond_emd_population_context,0.0,0.0,0.0,,,,0,,pond_emd_population_context,0.0,0.0,0.0
196,춘산면 금오리 382-1유,춘산면,춘산면,6.4,VWorld UQ164·UO601,DATA_NOT_AVAILABLE,1465.0,88.0,841.0,6.006825938566553,57.40614334470989,-17.0,2025.0,pond_emd_population_context,,,,0,,pond_emd_population_context,0.0,0.0,0.0,,,,0,,pond_emd_population_context,0.0,0.0,0.0
197,춘산면 신흥리 782답,춘산면,춘산면,5.4,VWorld UQ164·UO601,DATA_NOT_AVAILABLE,1465.0,88.0,841.0,6.006825938566553,57.40614334470989,-17.0,2025.0,pond_emd_population_context,,,,0,,pond_emd_population_context,84192.70064907809,8.41927006490781,10.736986965494038,,,,0,,pond_emd_population_context,210778.8830015059,21.07788830015059,6.720090049199924
198,춘산면 신흥리 535 유,춘산면,춘산면,11.3,VWorld UQ164·UO601,DATA_NOT_AVAILABLE,1465.0,88.0,841.0,6.006825938566553,57.40614334470989,-17.0,2025.0,pond_emd_population_context,,,,0,,pond_emd_population_context,0.0,0.0,0.0,,,,0,,pond_emd_population_context,43434.798023002346,4.343479802300235,1.3847959996130221
199,춘산면 신흥리 480답,춘산면,춘산면,5.0,VWorld UQ164·UO601,DATA_NOT_AVAILABLE,1465.0,88.0,841.0,6.006825938566553,57.40614334470989,-17.0,2025.0,pond_emd_population_context,,,,0,,pond_emd_population_context,42291.68806035676,4.229168806035676,5.393404653278131,,,,0,,pond_emd_population_context,139837.77662007895,13.983777662007896,4.458333006538044
200,춘산면 신흥리 126유,춘산면,춘산면,33.0,VWorld UQ164·UO601,DATA_NOT_AVAILABLE,1465.0,88.0,841.0,6.006825938566553,57.40614334470989,-17.0,2025.0,pond_emd_population_context,,,,0,,pond_emd_population_context,0.0,0.0,0.0,,,,0,,pond_emd_population_context,0.0,0.0,0.0
201,춘산면 신흥리 144,춘산면,춘산면,3.0,VWorld UQ164·UO601,DATA_NOT_AVAILABLE,1465.0,88.0,841.0,6.006825938566553,57.40614334470989,-17.0,2025.0,pond_emd_population_context,,,,0,,pond_emd_population_context,0.0,0.0,0.0,,,,0,,pond_emd_population_context,0.0,0.0,0.0
202,춘산면 대사리 516유,춘산면,춘산면,8.4,VWorld UQ164·UO601,DATA_NOT_AVAILABLE,1465.0,88.0,841.0,6.006825938566553,57.40614334470989,-17.0,2025.0,pond_emd_population_context,,,,0,,pond_emd_population_context,75548.76184082322,7.554876184082322,9.634636552699947,,,,0,,pond_emd_population_context,130183.27166947955,13.018327166947955,4.1505263528325544
203,춘산면 대사리 186유,춘산면,춘산면,3.8,VWorld UQ164·UO601,DATA_NOT_AVAILABLE,1465.0,88.0,841.0,6.006825938566553,57.40614334470989,-17.0,2025.0,pond_emd_population_context,,,,0,,pond_emd_population_context,0.0,0.0,0.0,,,,0,,pond_emd_population_context,74946.48278086093,7.494648278086093,2.3894571694575246
204,춘산면 대사리 147 유,춘산면,춘산면,3.7,VWorld UQ164·UO601,DATA_NOT_AVAILABLE,1465.0,88.0,841.0,6.006825938566553,57.40614334470989,-17.0,2025.0,pond_emd_population_context,,,,0,,pond_emd_population_context,0.0,0.0,0.0,,,,0,,pond_emd_population_context,8797.861870835643,0.8797861870835643,0.28049500581144854
213,춘산면 빙계리 142유,춘산면,춘산면,58.3,VWorld UQ164·UO601,DATA_NOT_AVAILABLE,1465.0,88.0,841.0,6.006825938566553,57.40614334470989,-17.0,2025.0,pond_emd_population_context,,,,0,,pond_emd_population_context,118152.3630726378,11.815236307263781,15.067819092071403,,,,0,,pond_emd_population_context,280266.1639921235,28.02661639921235,8.935495970710914
214,춘산면 빙계리 109유,춘산면,춘산면,28.3,VWorld UQ164·UO601,DATA_NOT_AVAILABLE,1465.0,88.0,841.0,6.006825938566553,57.40614334470989,-17.0,2025.0,pond_emd_population_context,,,,0,,pond_emd_population_context,114498.41275798023,11.449841275798024,14.601835502062038,,,,0,,pond_emd_population_context,247631.61184404822,24.763161184404822,7.8950353418878185
215,춘산면 사미리 645-1답,춘산면,춘산면,17.3,VWorld UQ164·UO601,DATA_NOT_AVAILABLE,1465.0,88.0,841.0,6.006825938566553,57.40614334470989,-17.0,2025.0,pond_emd_population_context,,,,0,,pond_emd_population_context,20137.23724208234,2.013723724208234,2.5680759985416475,,,,0,,pond_emd_population_context,504447.79094778263,50.44477909477826,16.082894699963177
216,춘산면 사미리 292유,춘산면,춘산면,3.2,VWorld UQ164·UO601,DATA_NOT_AVAILABLE,1465.0,88.0,841.0,6.006825938566553,57.40614334470989,-17.0,2025.0,pond_emd_population_context,,,,0,,pond_emd_population_context,236250.222877061,23.6250222877061,30.128687452358633,,,,0,,pond_emd_population_context,599997.5625216954,59.99975625216954,19.12922960796527
217,춘산면 사미리 618답,춘산면,춘산면,15.8,VWorld UQ164·UO601,DATA_NOT_AVAILABLE,1465.0,88.0,841.0,6.006825938566553,57.40614334470989,-17.0,2025.0,pond_emd_population_context,,,,0,,pond_emd_population_context,0.0,0.0,0.0,,,,0,,pond_emd_population_context,164433.37602567155,16.443337602567155,5.242494306123493
218,춘산면 사미리 921유,춘산면,춘산면,6.0,VWorld UQ164·UO601,DATA_NOT_AVAILABLE,1465.0,88.0,841.0,6.006825938566553,57.40614334470989,-17.0,2025.0,pond_emd_population_context,,,,0,,pond_emd_population_context,61345.27558928027,6.134527558928027,7.823284195884198,,,,0,,pond_emd_population_context,445574.8158263494,44.55748158263494,14.205895976720528
219,춘산면 효선리 62유,춘산면,춘산면,23.9,VWorld UQ164·UO601,DATA_NOT_AVAILABLE,1465.0,88.0,841.0,6.006825938566553,57.40614334470989,-17.0,2025.0,pond_emd_population_context,,,,0,,pond_emd_population_context,101986.29904742955,10.198629904742955,13.00618171277558,,,,0,,pond_emd_population_context,165579.78661863896,16.557978661863896,5.279044373703283
220,춘산면 효선리 1011유,춘산면,춘산면,0.8,VWorld UQ164·UO601,DATA_NOT_AVAILABLE,1465.0,88.0,841.0,6.006825938566553,57.40614334470989,-17.0,2025.0,pond_emd_population_context,,,,0,,pond_emd_population_context,210784.55962609328,21.07845596260933,26.881084129441646,,,,0,,pond_emd_population_context,491933.5375002832,49.19335375002832,15.683913033165437
221,춘산면 효선리 1213답,춘산면,춘산면,0.7,VWorld UQ164·UO601,DATA_NOT_AVAILABLE,1465.0,88.0,841.0,6.006825938566553,57.40614334470989,-17.0,2025.0,pond_emd_population_context,,,,0,,pond_emd_population_context,7952.351848671084,0.7952351848671083,1.0141532162044835,,,,0,,pond_emd_population_context,342850.64728723373,34.28506472872337,10.930825661412353
222,춘산면 효선리 342유,춘산면,춘산면,2.2,VWorld UQ164·UO601,DATA_NOT_AVAILABLE,1465.0,88.0,841.0,6.006825938566553,57.40614334470989,-17.0,2025.0,pond_emd_population_context,,,,0,,pond_emd_population_context,132871.96728364198,13.287196728364197,16.94499130928681,,,,0,,pond_emd_population_context,350405.84780345834,35.04058478034583,11.17170191564522
223,춘산면 효선리 356유,춘산면,춘산면,16.0,VWorld UQ164·UO601,DATA_NOT_AVAILABLE,1465.0,88.0,841.0,6.006825938566553,57.40614334470989,-17.0,2025.0,pond_emd_population_context,,,,0,,pond_emd_population_context,105950.08147521703,10.595008147521703,13.5116777941829,,,,0,,pond_emd_population_context,293433.2316892525,29.34332316892525,9.355290778182146
224,춘산면 효선리 1029유,춘산면,춘산면,15.4,VWorld UQ164·UO601,DATA_NOT_AVAILABLE,1465.0,88.0,841.0,6.006825938566553,57.40614334470989,-17.0,2025.0,pond_emd_population_context,,,,0,,pond_emd_population_context,292987.52514415927,29.298752514415927,37.36432272955769,,,,0,,pond_emd_population_context,510127.9738128929,51.01279738128929,16.2639913060648
225,가음면 장리 499유,가음면,가음면,4.8,VWorld UQ164·UO601,DATA_NOT_AVAILABLE,1396.0,85.0,797.0,6.088825214899714,57.09169054441261,-32.0,2025.0,pond_emd_population_context,,,,0,,pond_emd_population_context,57936.40611335752,5.793640611335753,7.388555450424317,,,,0,,pond_emd_population_context,343327.9737194866,34.332797371948665,10.946043868103294
226,가음면 장리 176유,가음면,가음면,18.9,VWorld UQ164·UO601,DATA_NOT_AVAILABLE,1396.0,85.0,797.0,6.088825214899714,57.09169054441261,-32.0,2025.0,pond_emd_population_context,,,,0,,pond_emd_population_context,197192.95509064093,19.719295509064093,25.147764261896814,,,,0,,pond_emd_population_context,680777.3672463674,68.07773672463674,21.704665791023057
227,가음면 장리 828유,가음면,가음면,5.7,VWorld UQ164·UO601,DATA_NOT_AVAILABLE,1396.0,85.0,797.0,6.088825214899714,57.09169054441261,-32.0,2025.0,pond_emd_population_context,,,,0,,pond_emd_population_context,82598.16346666962,8.259816346666963,10.53363768685675,,,,1,,pond_emd_population_context,737199.4693270362,73.71994693270362,23.503525341600216
228,가음면 장리 738유,가음면,가음면,11.0,VWorld UQ164·UO601,DATA_NOT_AVAILABLE,1396.0,85.0,797.0,6.088825214899714,57.09169054441261,-32.0,2025.0,pond_emd_population_context,,,,0,,pond_emd_population_context,121520.62361080527,12.152062361080526,15.497369031862865,,,,1,,pond_emd_population_context,748763.7085850609,74.87637085850609,23.87221848608312
229,가음면 장리 1271유,가음면,가음면,59.4,VWorld UQ164·UO601,DATA_NOT_AVAILABLE,1396.0,85.0,797.0,6.088825214899714,57.09169054441261,-32.0,2025.0,pond_emd_population_context,,,,1,,pond_emd_population_context,345722.13910487207,34.57221391048721,44.089500308627706,,,,2,,pond_emd_population_context,1458698.6066458302,145.86986066458303,46.50648988984539
230,가음면 장리 436유,가음면,가음면,6.6,VWorld UQ164·UO601,DATA_NOT_AVAILABLE,1396.0,85.0,797.0,6.088825214899714,57.09169054441261,-32.0,2025.0,pond_emd_population_context,,,,0,,pond_emd_population_context,160397.67225282628,16.039767225282628,20.455309106336863,,,,0,,pond_emd_population_context,439796.84112272604,43.9796841122726,14.02168155373172
231,가음면 장리 393유,가음면,가음면,3.3,VWorld UQ164·UO601,DATA_NOT_AVAILABLE,1396.0,85.0,797.0,6.088825214899714,57.09169054441261,-32.0,2025.0,pond_emd_population_context,,,,0,,pond_emd_population_context,72330.59207145397,7.233059207145397,9.22422749585681,,,,0,,pond_emd_population_context,532260.697281103,53.2260697281103,16.969630754487863
232,가음면 장리 624유,가음면,가음면,4.1,VWorld UQ164·UO601,DATA_NOT_AVAILABLE,1396.0,85.0,797.0,6.088825214899714,57.09169054441261,-32.0,2025.0,pond_emd_population_context,,,,0,,pond_emd_population_context,44223.80575620462,4.422380575620462,5.639805141161114,,,,0,,pond_emd_population_context,370455.69262073986,37.04556926207399,11.810934654361526
233,가음면 장리 산45-8임,가음면,가음면,1.5,VWorld UQ164·UO601,DATA_NOT_AVAILABLE,1396.0,85.0,797.0,6.088825214899714,57.09169054441261,-32.0,2025.0,pond_emd_population_context,,,,0,,pond_emd_population_context,1045.5517767739098,0.10455517767739098,0.1333378750464578,,,,0,,pond_emd_population_context,89251.29587724776,8.925129587724776,2.8455257792527813
234,가음면 이리 690유,가음면,가음면,7.6,VWorld UQ164·UO601,DATA_NOT_AVAILABLE,1396.0,85.0,797.0,6.088825214899714,57.09169054441261,-32.0,2025.0,pond_emd_population_context,,,,0,,pond_emd_population_context,5817.439896040677,0.5817439896040677,0.7418906372498897,,,,0,,pond_emd_population_context,98544.58577732465,9.854458577732466,3.1418161101081297
235,가음면 이리 1033-2유,가음면,가음면,6.3,VWorld UQ164·UO601,DATA_NOT_AVAILABLE,1396.0,85.0,797.0,6.088825214899714,57.09169054441261,-32.0,2025.0,pond_emd_population_context,,,,0,,pond_emd_population_context,0.0,0.0,0.0,,,,0,,pond_emd_population_context,161428.25753707555,16.142825753707555,5.146684580954126
236,가음면 이리 1089유,가음면,가음면,4.2,VWorld UQ164·UO601,DATA_NOT_AVAILABLE,1396.0,85.0,797.0,6.088825214899714,57.09169054441261,-32.0,2025.0,pond_emd_population_context,,,,0,,pond_emd_population_context,1743.7228661961767,0.17437228661961768,0.22237473725683685,,,,0,,pond_emd_population_context,193247.30679463453,19.324730679463453,6.161145200755383
237,가음면 이리 1104유,가음면,가음면,12.0,VWorld UQ164·UO601,DATA_NOT_AVAILABLE,1396.0,85.0,797.0,6.088825214899714,57.09169054441261,-32.0,2025.0,pond_emd_population_context,,,,0,,pond_emd_population_context,46346.19117235962,4.634619117235962,5.910470227009745,,,,0,,pond_emd_population_context,291320.87036281114,29.132087036281114,9.287944096541215
238,가음면 이리 802-2임,가음면,가음면,5.6,VWorld UQ164·UO601,DATA_NOT_AVAILABLE,1396.0,85.0,797.0,6.088825214899714,57.09169054441261,-32.0,2025.0,pond_emd_population_context,,,,0,,pond_emd_population_context,0.0,0.0,0.0,,,,0,,pond_emd_population_context,18390.580711075632,1.8390580711075633,0.5863317836949752
239,가음면 이리 651유,가음면,가음면,6.3,VWorld UQ164·UO601,DATA_NOT_AVAILABLE,1396.0,85.0,797.0,6.088825214899714,57.09169054441261,-32.0,2025.0,pond_emd_population_context,,,,0,,pond_emd_population_context,132988.51238015055,13.298851238015056,16.959854155738554,,,,0,,pond_emd_population_context,649325.8394549948,64.93258394549947,20.701922556344144
240,가음면 가산리 169유,가음면,가음면,3.08,VWorld UQ164·UO601,DATA_NOT_AVAILABLE,1396.0,85.0,797.0,6.088825214899714,57.09169054441261,-32.0,2025.0,pond_emd_population_context,,,,0,,pond_emd_population_context,153516.4501326551,15.35164501326551,19.577755688506738,,,,0,,pond_emd_population_context,1137071.8441781139,113.70718441781139,36.252327920497414
241,가음면 순호리 1134유,가음면,가음면,9.7,VWorld UQ164·UO601,DATA_NOT_AVAILABLE,1396.0,85.0,797.0,6.088825214899714,57.09169054441261,-32.0,2025.0,pond_emd_population_context,,,,0,,pond_emd_population_context,0.0,0.0,0.0,,,,0,,pond_emd_population_context,0.0,0.0,0.0
242,가음면 순호리 495유,가음면,가음면,140.5,VWorld UQ164·UO601,DATA_NOT_AVAILABLE,1396.0,85.0,797.0,6.088825214899714,57.09169054441261,-32.0,2025.0,pond_emd_population_context,,,,0,,pond_emd_population_context,288879.7489852649,28.88797489852649,36.84046331258698,,,,0,,pond_emd_population_context,481324.3362043988,48.132433620439876,15.345668579816083
243,가음면 순호리 1003유,가음면,가음면,3.1,VWorld UQ164·UO601,DATA_NOT_AVAILABLE,1396.0,85.0,797.0,6.088825214899714,57.09169054441261,-32.0,2025.0,pond_emd_population_context,,,,0,,pond_emd_population_context,0.0,0.0,0.0,,,,0,,pond_emd_population_context,0.0,0.0,0.0
244,가음면 순호리 975유,가음면,가음면,12.8,VWorld UQ164·UO601,DATA_NOT_AVAILABLE,1396.0,85.0,797.0,6.088825214899714,57.09169054441261,-32.0,2025.0,pond_emd_population_context,,,,0,,pond_emd_population_context,0.0,0.0,0.0,,,,0,,pond_emd_population_context,183689.20656279905,18.368920656279904,5.856412139537129
245,가음면 순호리 132유,가음면,가음면,11.5,VWorld UQ164·UO601,DATA_NOT_AVAILABLE,1396.0,85.0,797.0,6.088825214899714,57.09169054441261,-32.0,2025.0,pond_emd_population_context,,,,0,,pond_emd_population_context,296.12803993477974,0.029612803993477974,0.03776482854671136,,,,0,,pond_emd_population_context,40668.07748931155,4.066807748931155,1.2965869206834228
246,가음면 순호리 16유,가음면,가음면,14.2,VWorld UQ164·UO601,DATA_NOT_AVAILABLE,1396.0,85.0,797.0,6.088825214899714,57.09169054441261,-32.0,2025.0,pond_emd_population_context,,,,0,,pond_emd_population_context,0.0,0.0,0.0,,,,0,,pond_emd_population_context,14059.831420997329,1.4059831420997329,0.44825806020139863
247,가음면 현리리 487유,가음면,가음면,6.8,VWorld UQ164·UO601,DATA_NOT_AVAILABLE,1396.0,85.0,797.0,6.088825214899714,57.09169054441261,-32.0,2025.0,pond_emd_population_context,,,,0,,pond_emd_population_context,0.0,0.0,0.0,,,,0,,pond_emd_population_context,45539.43569082059,4.553943569082059,1.4518964341882241
248,가음면 현리리 249-2유,가음면,가음면,21.0,VWorld UQ164·UO601,DATA_NOT_AVAILABLE,1396.0,85.0,797.0,6.088825214899714,57.09169054441261,-32.0,2025.0,pond_emd_population_context,,,,0,,pond_emd_population_context,102245.47166853283,10.224547166853283,13.039233664229158,,,,0,,pond_emd_population_context,195271.25372892097,19.527125372892097,6.22567303893123
249,가음면 현리리 67유,가음면,가음면,6.0,VWorld UQ164·UO601,DATA_NOT_AVAILABLE,1396.0,85.0,797.0,6.088825214899714,57.09169054441261,-32.0,2025.0,pond_emd_population_context,,,,0,,pond_emd_population_context,0.0,0.0,0.0,,,,0,,pond_emd_population_context,0.0,0.0,0.0
250,가음면 현리리 584유,가음면,가음면,7.4,VWorld UQ164·UO601,DATA_NOT_AVAILABLE,1396.0,85.0,797.0,6.088825214899714,57.09169054441261,-32.0,2025.0,pond_emd_population_context,,,,0,,pond_emd_population_context,0.0,0.0,0.0,,,,0,,pond_emd_population_context,0.0,0.0,0.0
251,가음면 현리리 450답,가음면,가음면,2.2,VWorld UQ164·UO601,DATA_NOT_AVAILABLE,1396.0,85.0,797.0,6.088825214899714,57.09169054441261,-32.0,2025.0,pond_emd_population_context,,,,0,,pond_emd_population_context,17007.464949607132,1.7007464949607132,2.168940158377353,,,,0,,pond_emd_population_context,71682.56852941451,7.168256852941451,2.285396471486987
380,비안면 옥연리 630유,비안면,비안면,8.8,VWorld UQ164·UO601,DATA_NOT_AVAILABLE,2465.0,177.0,1366.0,7.18052738336714,55.41582150101419,-74.0,2025.0,pond_emd_population_context,,,,0,,pond_emd_population_context,196599.5644703593,19.65995644703593,25.072089918322,,,,0,,pond_emd_population_context,401208.46045042376,40.12084604504238,12.791399898956914
381,비안면 옥연리 777-1,비안면,비안면,15.4,VWorld UQ164·UO601,DATA_NOT_AVAILABLE,2465.0,177.0,1366.0,7.18052738336714,55.41582150101419,-74.0,2025.0,pond_emd_population_context,,,,0,,pond_emd_population_context,7.5793941559140645,0.0007579394155914065,0.0009665904007235585,,,,0,,pond_emd_population_context,157734.05058030973,15.773405058030974,5.028905213987513
382,비안면 용남리 570답,비안면,비안면,10.6,VWorld UQ164·UO601,DATA_NOT_AVAILABLE,2465.0,177.0,1366.0,7.18052738336714,55.41582150101419,-74.0,2025.0,pond_emd_population_context,,,,0,,pond_emd_population_context,445314.74746032554,44.53147474603255,56.790417722229705,,,,0,,pond_emd_population_context,1416976.0730507832,141.69760730507832,45.176284610991715
383,비안면 용남리 105유,비안면,비안면,34.5,VWorld UQ164·UO601,DATA_NOT_AVAILABLE,2465.0,177.0,1366.0,7.18052738336714,55.41582150101419,-74.0,2025.0,pond_emd_population_context,,,,0,,pond_emd_population_context,163889.3477314741,16.388934773147408,20.90059799495725,,,,0,,pond_emd_population_context,779237.9240152802,77.92379240152802,24.843802873254997
384,비안면 용남리 8답,비안면,비안면,5.5,VWorld UQ164·UO601,DATA_NOT_AVAILABLE,2465.0,177.0,1366.0,7.18052738336714,55.41582150101419,-74.0,2025.0,pond_emd_population_context,,,,0,,pond_emd_population_context,124598.56953517375,12.459856953517376,15.889895521875177,,,,0,,pond_emd_population_context,376664.6475665136,37.666464756651365,12.008889666518636
385,비안면 이두리 401-1유,비안면,비안면,6.1,VWorld UQ164·UO601,DATA_NOT_AVAILABLE,2465.0,177.0,1366.0,7.18052738336714,55.41582150101419,-74.0,2025.0,pond_emd_population_context,,,,0,,pond_emd_population_context,24590.08065208468,2.4590080652084683,3.135941398795971,,,,2,,pond_emd_population_context,675856.151279051,67.5856151279051,21.547766703310884
386,비안면 이두리 561유,비안면,비안면,12.5,VWorld UQ164·UO601,DATA_NOT_AVAILABLE,2465.0,177.0,1366.0,7.18052738336714,55.41582150101419,-74.0,2025.0,pond_emd_population_context,,,,0,,pond_emd_population_context,154112.15296757338,15.411215296757337,19.653724905844054,,,,0,,pond_emd_population_context,552677.7333174435,55.26777333174435,17.620570349328528
387,비안면 이두리 16답,비안면,비안면,5.3,VWorld UQ164·UO601,DATA_NOT_AVAILABLE,2465.0,177.0,1366.0,7.18052738336714,55.41582150101419,-74.0,2025.0,pond_emd_population_context,,,,0,,pond_emd_population_context,44402.57916399598,4.440257916399598,5.662603884216446,,,,3,,pond_emd_population_context,775253.4912875554,77.52534912875554,24.716770476346912
388,비안면 외곡리 7-1유,비안면,비안면,7.8,VWorld UQ164·UO601,DATA_NOT_AVAILABLE,2465.0,177.0,1366.0,7.18052738336714,55.41582150101419,-74.0,2025.0,pond_emd_population_context,,,,0,,pond_emd_population_context,3302.122979040821,0.33021229790408213,0.4211155018319022,,,,0,,pond_emd_population_context,337209.0808306457,33.72090808306457,10.75096023055443
389,비안면 외곡리 67유,비안면,비안면,11.0,VWorld UQ164·UO601,DATA_NOT_AVAILABLE,2465.0,177.0,1366.0,7.18052738336714,55.41582150101419,-74.0,2025.0,pond_emd_population_context,,,,0,,pond_emd_population_context,61475.102676785405,6.14751026767854,7.839840877586581,,,,0,,pond_emd_population_context,266443.9335397191,26.64439335397191,8.494813147089122
390,비안면 외곡리 498-1유,비안면,비안면,5.5,VWorld UQ164·UO601,DATA_NOT_AVAILABLE,2465.0,177.0,1366.0,7.18052738336714,55.41582150101419,-74.0,2025.0,pond_emd_population_context,,,,0,,pond_emd_population_context,0.0,0.0,0.0,,,,0,,pond_emd_population_context,235745.84991306099,23.5745849913061,7.51609135403579
391,비안면 외곡리 521유,비안면,비안면,11.0,VWorld UQ164·UO601,DATA_NOT_AVAILABLE,2465.0,177.0,1366.0,7.18052738336714,55.41582150101419,-74.0,2025.0,pond_emd_population_context,,,,0,,pond_emd_population_context,5925.591057595101,0.5925591057595101,0.7556830159592144,,,,0,,pond_emd_population_context,419134.34873931465,41.913434873931465,13.362916275729747
392,비안면 자락리 78유,비안면,비안면,13.8,VWorld UQ164·UO601,DATA_NOT_AVAILABLE,2465.0,177.0,1366.0,7.18052738336714,55.41582150101419,-74.0,2025.0,pond_emd_population_context,,,,0,,pond_emd_population_context,126871.90728187936,12.687190728187936,16.179811364535713,,,,0,,pond_emd_population_context,323604.27850379975,32.36042785037998,10.317209489322368
393,비안면 자락리 14유,비안면,비안면,11.0,VWorld UQ164·UO601,DATA_NOT_AVAILABLE,2465.0,177.0,1366.0,7.18052738336714,55.41582150101419,-74.0,2025.0,pond_emd_population_context,,,,0,,pond_emd_population_context,65508.64948103299,6.550864948103299,8.354233920309229,,,,0,,pond_emd_population_context,152382.9450793031,15.238294507930311,4.858300311269262
394,비안면 자락리 448-1유,비안면,비안면,4.5,VWorld UQ164·UO601,DATA_NOT_AVAILABLE,2465.0,177.0,1366.0,7.18052738336714,55.41582150101419,-74.0,2025.0,pond_emd_population_context,,,,0,,pond_emd_population_context,73075.2324852863,7.3075232485286294,9.319190531317835,,,,0,,pond_emd_population_context,441283.3943660795,44.128339436607945,14.069076110131345
395,비안면 자락리 453답,비안면,비안면,2.0,VWorld UQ164·UO601,DATA_NOT_AVAILABLE,2465.0,177.0,1366.0,7.18052738336714,55.41582150101419,-74.0,2025.0,pond_emd_population_context,,,,0,,pond_emd_population_context,87011.88383181163,8.701188383181163,11.096513775454868,,,,0,,pond_emd_population_context,498758.34480470855,49.87583448047086,15.901502760376621
396,비안면 자락리 603구,비안면,비안면,13.5,VWorld UQ164·UO601,DATA_NOT_AVAILABLE,2465.0,177.0,1366.0,7.18052738336714,55.41582150101419,-74.0,2025.0,pond_emd_population_context,,,,0,,pond_emd_population_context,269033.21886539215,26.903321886539214,34.309460819917895,,,,0,,pond_emd_population_context,561819.7506578204,56.18197506578204,17.91203778137788
397,비안면 자락리 172유,비안면,비안면,34.5,VWorld UQ164·UO601,DATA_NOT_AVAILABLE,2465.0,177.0,1366.0,7.18052738336714,55.41582150101419,-74.0,2025.0,pond_emd_population_context,,,,0,,pond_emd_population_context,121278.84154798539,12.127884154798538,15.466534875968426,,,,0,,pond_emd_population_context,438084.13629193144,43.80841362919315,13.967076791970278
398,비안면 자락리 150유,비안면,비안면,3.8,VWorld UQ164·UO601,DATA_NOT_AVAILABLE,2465.0,177.0,1366.0,7.18052738336714,55.41582150101419,-74.0,2025.0,pond_emd_population_context,,,,0,,pond_emd_population_context,207090.26685221662,20.709026685221662,26.409955717429284,,,,0,,pond_emd_population_context,530429.7421336562,53.04297421336562,16.91125591497986
399,비안면 자락리 116유,비안면,비안면,4.6,VWorld UQ164·UO601,DATA_NOT_AVAILABLE,2465.0,177.0,1366.0,7.18052738336714,55.41582150101419,-74.0,2025.0,pond_emd_population_context,,,,0,,pond_emd_population_context,166777.42406638418,16.67774240663842,21.268910660119637,,,,0,,pond_emd_population_context,480619.68642746273,48.06196864274627,15.32320280958935
400,비안면 현산리 26유,비안면,비안면,41.3,VWorld UQ164·UO601,DATA_NOT_AVAILABLE,2465.0,177.0,1366.0,7.18052738336714,55.41582150101419,-74.0,2025.0,pond_emd_population_context,,,,0,,pond_emd_population_context,105612.99355486054,10.561299355486055,13.468689404700317,,,,0,,pond_emd_population_context,164696.2279052693,16.46962279052693,5.250874596764306
401,비안면 현산리 124-3유,비안면,비안면,26.4,VWorld UQ164·UO601,DATA_NOT_AVAILABLE,2465.0,177.0,1366.0,7.18052738336714,55.41582150101419,-74.0,2025.0,pond_emd_population_context,,,,0,,pond_emd_population_context,121247.47478278136,12.124747478278136,15.462534712693596,,,,0,,pond_emd_population_context,365511.23609804607,36.551123609804606,11.653294607105849
402,비안면 산제리 1379유,비안면,비안면,164.0,VWorld UQ164·UO601,DATA_NOT_AVAILABLE,2465.0,177.0,1366.0,7.18052738336714,55.41582150101419,-74.0,2025.0,pond_emd_population_context,,,,0,,pond_emd_population_context,216917.24698219966,21.691724698219968,27.663177870328028,,,,0,,pond_emd_population_context,403764.7487413534,40.37647487413534,12.872899939483458
403,비안면 산제리 1506구,비안면,비안면,18.0,VWorld UQ164·UO601,DATA_NOT_AVAILABLE,2465.0,177.0,1366.0,7.18052738336714,55.41582150101419,-74.0,2025.0,pond_emd_population_context,,,,0,,pond_emd_population_context,0.0,0.0,0.0,,,,0,,pond_emd_population_context,40025.566263432476,4.002556626343248,1.2761022628560144
404,비안면 산제리 554-2유,비안면,비안면,1.7,VWorld UQ164·UO601,DATA_NOT_AVAILABLE,2465.0,177.0,1366.0,7.18052738336714,55.41582150101419,-74.0,2025.0,pond_emd_population_context,,,,0,,pond_emd_population_context,0.0,0.0,0.0,,,,0,,pond_emd_population_context,85120.40146778924,8.512040146778924,2.7138238648105295
405,비안면 산제리 1212유,비안면,비안면,9.0,VWorld UQ164·UO601,DATA_NOT_AVAILABLE,2465.0,177.0,1366.0,7.18052738336714,55.41582150101419,-74.0,2025.0,pond_emd_population_context,,,,0,,pond_emd_population_context,64941.90303094624,6.494190303094624,8.281957473534053,,,,0,,pond_emd_population_context,761221.5531000159,76.12215531000159,24.269401713203788
406,비안면 산제리 185유,비안면,비안면,3.0,VWorld UQ164·UO601,DATA_NOT_AVAILABLE,2465.0,177.0,1366.0,7.18052738336714,55.41582150101419,-74.0,2025.0,pond_emd_population_context,,,,0,,pond_emd_population_context,262345.20968119975,26.234520968119973,33.45654759962479,,,,0,,pond_emd_population_context,632591.4484516103,63.259144845161025,20.168393709147143
407,비안면 산제리 1297유,비안면,비안면,12.8,VWorld UQ164·UO601,DATA_NOT_AVAILABLE,2465.0,177.0,1366.0,7.18052738336714,55.41582150101419,-74.0,2025.0,pond_emd_population_context,,,,0,,pond_emd_population_context,38872.058037146926,3.8872058037146924,4.957303629045002,,,,0,,pond_emd_population_context,309170.9410123865,30.917094101238654,9.85704324177613
408,비안면 산제리 1231-1답,비안면,비안면,21.0,VWorld UQ164·UO601,DATA_NOT_AVAILABLE,2465.0,177.0,1366.0,7.18052738336714,55.41582150101419,-74.0,2025.0,pond_emd_population_context,,,,0,,pond_emd_population_context,109716.21707396774,10.971621707396773,13.991968229366988,,,,0,,pond_emd_population_context,572679.9865232006,57.26799865232007,18.258285763773653
409,비안면 산제리 323유,비안면,비안면,31.0,VWorld UQ164·UO601,DATA_NOT_AVAILABLE,2465.0,177.0,1366.0,7.18052738336714,55.41582150101419,-74.0,2025.0,pond_emd_population_context,,,,0,,pond_emd_population_context,15002.769568668005,1.5002769568668006,1.9132839315430947,,,,0,,pond_emd_population_context,493322.66002739733,49.332266002739736,15.7282012860428
410,비안면 산제리 1450-1유,비안면,비안면,1.4,VWorld UQ164·UO601,DATA_NOT_AVAILABLE,2465.0,177.0,1366.0,7.18052738336714,55.41582150101419,-74.0,2025.0,pond_emd_population_context,,,,0,,pond_emd_population_context,0.0,0.0,0.0,,,,0,,pond_emd_population_context,132995.69419471093,13.299569419471093,4.2401925108310206
411,비안면 산제리 50유,비안면,비안면,30.0,VWorld UQ164·UO601,DATA_NOT_AVAILABLE,2465.0,177.0,1366.0,7.18052738336714,55.41582150101419,-74.0,2025.0,pond_emd_population_context,,,,0,,pond_emd_population_context,234361.83894790433,23.43618389479043,29.88786427556432,,,,0,,pond_emd_population_context,721435.8984963732,72.14358984963732,23.000948356797426
412,비안면 산제리 137유,비안면,비안면,8.0,VWorld UQ164·UO601,DATA_NOT_AVAILABLE,2465.0,177.0,1366.0,7.18052738336714,55.41582150101419,-74.0,2025.0,pond_emd_population_context,,,,0,,pond_emd_population_context,275152.43803605024,27.515243803605024,35.089836980414375,,,,0,,pond_emd_population_context,734077.5370541238,73.40775370541238,23.403991338465165
413,비안면 산제리 600유,비안면,비안면,13.0,VWorld UQ164·UO601,DATA_NOT_AVAILABLE,2465.0,177.0,1366.0,7.18052738336714,55.41582150101419,-74.0,2025.0,pond_emd_population_context,,,,0,,pond_emd_population_context,86480.50281973465,8.648050281973465,11.028747437561014,,,,0,,pond_emd_population_context,232323.60063264487,23.232360063264487,7.4069825903507605
414,비안면 산제리 549유,비안면,비안면,39.6,VWorld UQ164·UO601,DATA_NOT_AVAILABLE,2465.0,177.0,1366.0,7.18052738336714,55.41582150101419,-74.0,2025.0,pond_emd_population_context,,,,0,,pond_emd_population_context,0.0,0.0,0.0,,,,0,,pond_emd_population_context,117250.84031540365,11.725084031540366,3.7382122632191956
415,비안면 산제리 185유,비안면,비안면,7.4,VWorld UQ164·UO601,DATA_NOT_AVAILABLE,2465.0,177.0,1366.0,7.18052738336714,55.41582150101419,-74.0,2025.0,pond_emd_population_context,,,,0,,pond_emd_population_context,262345.20968119975,26.234520968119973,33.45654759962479,,,,0,,pond_emd_population_context,632591.4484516103,63.259144845161025,20.168393709147143
416,비안면 산제리 1127유,비안면,비안면,2.2,VWorld UQ164·UO601,DATA_NOT_AVAILABLE,2465.0,177.0,1366.0,7.18052738336714,55.41582150101419,-74.0,2025.0,pond_emd_population_context,,,,0,,pond_emd_population_context,192968.3495679253,19.29683495679253,24.609005746229123,,,,0,,pond_emd_population_context,620077.641842696,62.0077641842696,19.769426288537097
417,비안면 화신리 56-1유,비안면,비안면,17.0,VWorld UQ164·UO601,DATA_NOT_AVAILABLE,2465.0,177.0,1366.0,7.18052738336714,55.41582150101419,-74.0,2025.0,pond_emd_population_context,,,,0,,pond_emd_population_context,150036.66911785546,15.003666911785546,19.13398368558208,,,,0,,pond_emd_population_context,666988.0838373058,66.69880838373058,21.26503339093025
418,비안면 화신리 572유,비안면,비안면,16.0,VWorld UQ164·UO601,DATA_NOT_AVAILABLE,2465.0,177.0,1366.0,7.18052738336714,55.41582150101419,-74.0,2025.0,pond_emd_population_context,,,,0,,pond_emd_population_context,146308.26099411218,14.630826099411218,18.65850458682351,,,,0,,pond_emd_population_context,520304.47926345374,52.030447926345374,16.588440473078624
419,비안면 화신리 66-1유,비안면,비안면,17.0,VWorld UQ164·UO601,DATA_NOT_AVAILABLE,2465.0,177.0,1366.0,7.18052738336714,55.41582150101419,-74.0,2025.0,pond_emd_population_context,,,,0,,pond_emd_population_context,252437.48923820187,25.24374892382019,32.19302873832085,,,,0,,pond_emd_population_context,738219.0878574662,73.82190878574661,23.536033001963297
420,비안면 화신리 890유,비안면,비안면,53.0,VWorld UQ164·UO601,DATA_NOT_AVAILABLE,2465.0,177.0,1366.0,7.18052738336714,55.41582150101419,-74.0,2025.0,pond_emd_population_context,,,,0,,pond_emd_population_context,44198.65961140075,4.419865961140075,5.636598285615323,,,,0,,pond_emd_population_context,184093.78365315817,18.409378365315817,5.869310938697371
421,비안면 화신리 26,비안면,비안면,17.7,VWorld UQ164·UO601,DATA_NOT_AVAILABLE,2465.0,177.0,1366.0,7.18052738336714,55.41582150101419,-74.0,2025.0,pond_emd_population_context,,,,0,,pond_emd_population_context,183085.19638998978,18.308519638998977,23.348619916681123,,,,0,,pond_emd_population_context,734590.195443799,73.4590195443799,23.420336004942357
422,비안면 화신리 907유,비안면,비안면,4.8,VWorld UQ164·UO601,DATA_NOT_AVAILABLE,2465.0,177.0,1366.0,7.18052738336714,55.41582150101419,-74.0,2025.0,pond_emd_population_context,,,,0,,pond_emd_population_context,40475.89487093944,4.047589487093944,5.1618388802775925,,,,0,,pond_emd_population_context,402627.7490793536,40.26277490793536,12.836649912888081
423,비안면 화신리 674답,비안면,비안면,4.2,VWorld UQ164·UO601,DATA_NOT_AVAILABLE,2465.0,177.0,1366.0,7.18052738336714,55.41582150101419,-74.0,2025.0,pond_emd_population_context,,,,0,,pond_emd_population_context,172114.49356491308,17.211449356491308,21.94954027762637,,,,0,,pond_emd_population_context,610119.7478039452,61.011974780394524,19.45194692965693
424,비안면 쌍계리 663유,비안면,비안면,11.5,VWorld UQ164·UO601,DATA_NOT_AVAILABLE,2465.0,177.0,1366.0,7.18052738336714,55.41582150101419,-74.0,2025.0,pond_emd_population_context,,,,0,,pond_emd_population_context,102542.12303590402,10.254212303590402,13.077065232051602,,,,0,,pond_emd_population_context,235835.15371994415,23.583515371994416,7.518938553980327
425,비안면 산제리 1476,비안면,비안면,0.45,VWorld UQ164·UO601,DATA_NOT_AVAILABLE,2465.0,177.0,1366.0,7.18052738336714,55.41582150101419,-74.0,2025.0,pond_emd_population_context,,,,0,,pond_emd_population_context,184700.11370979555,18.470011370979556,23.554568248061738,,,,0,,pond_emd_population_context,332138.94616433076,33.21389461643307,10.589313290244174
426,비안면 쌍계리 692답,비안면,비안면,28.5,VWorld UQ164·UO601,DATA_NOT_AVAILABLE,2465.0,177.0,1366.0,7.18052738336714,55.41582150101419,-74.0,2025.0,pond_emd_population_context,,,,0,,pond_emd_population_context,40408.05597768471,4.040805597768471,5.153187473362098,,,,0,,pond_emd_population_context,140148.99767750627,14.014899767750627,4.468255411958059
427,비안면 도암리 209-1유,비안면,비안면,190.1,VWorld UQ164·UO601,DATA_NOT_AVAILABLE,2465.0,177.0,1366.0,7.18052738336714,55.41582150101419,-74.0,2025.0,pond_emd_population_context,,,,0,,pond_emd_population_context,140254.8100503483,14.025481005034829,17.886515763821404,,,,1,,pond_emd_population_context,336723.24593717157,33.67232459371716,10.735470755580952
428,비안면 도암리 289답,비안면,비안면,16.2,VWorld UQ164·UO601,DATA_NOT_AVAILABLE,2465.0,177.0,1366.0,7.18052738336714,55.41582150101419,-74.0,2025.0,pond_emd_population_context,,,,0,,pond_emd_population_context,0.0,0.0,0.0,,,,0,,pond_emd_population_context,109788.81529380953,10.978881529380953,3.500306646772138
429,비안면 도암리 543-2유,비안면,비안면,13.8,VWorld UQ164·UO601,DATA_NOT_AVAILABLE,2465.0,177.0,1366.0,7.18052738336714,55.41582150101419,-74.0,2025.0,pond_emd_population_context,,,,0,,pond_emd_population_context,0.0,0.0,0.0,,,,0,,pond_emd_population_context,0.0,0.0,0.0
430,비안면 화신리 823,비안면,비안면,6.6,VWorld UQ164·UO601,DATA_NOT_AVAILABLE,2465.0,177.0,1366.0,7.18052738336714,55.41582150101419,-74.0,2025.0,pond_emd_population_context,,,,0,,pond_emd_population_context,111560.27357024646,11.156027357024646,14.227138385586416,,,,0,,pond_emd_population_context,658309.7587247682,65.83097587247681,20.988349477428017
431,구천면 위성리 223,구천면,구천면,1.0,VWorld UQ164·UO601,DATA_NOT_AVAILABLE,1618.0,106.0,941.0,6.551297898640297,58.15822002472187,-64.0,2025.0,pond_emd_population_context,,,,0,,pond_emd_population_context,31466.60895297008,3.146660895297008,4.012896219881947,,,,0,,pond_emd_population_context,65072.23232438306,6.507223232438307,2.0746445502284403
432,구천면 모흥리 307,구천면,구천면,36.0,VWorld UQ164·UO601,DATA_NOT_AVAILABLE,1618.0,106.0,941.0,6.551297898640297,58.15822002472187,-64.0,2025.0,pond_emd_population_context,,,,0,,pond_emd_population_context,47000.54518556218,4.700054518556218,5.9939191537742955,,,,0,,pond_emd_population_context,856729.0546804178,85.67290546804178,27.314388961712073
433,구천면 위성리 18,구천면,구천면,1.0,VWorld UQ164·UO601,DATA_NOT_AVAILABLE,1618.0,106.0,941.0,6.551297898640297,58.15822002472187,-64.0,2025.0,pond_emd_population_context,,,,0,,pond_emd_population_context,428325.66244291095,42.832566244291094,54.623821532995244,,,,0,,pond_emd_population_context,1849364.119685269,184.9364119685269,58.96175765366194
434,구천면 위성리 224-2,구천면,구천면,1.0,VWorld UQ164·UO601,DATA_NOT_AVAILABLE,1618.0,106.0,941.0,6.551297898640297,58.15822002472187,-64.0,2025.0,pond_emd_population_context,,,,0,,pond_emd_population_context,10379.236176245597,1.0379236176245596,1.3236506570876159,,,,0,,pond_emd_population_context,86859.6716077369,8.685967160773691,2.7692755865100382
435,구천면 모흥리 464-1,구천면,구천면,0.5,VWorld UQ164·UO601,DATA_NOT_AVAILABLE,1618.0,106.0,941.0,6.551297898640297,58.15822002472187,-64.0,2025.0,pond_emd_population_context,,,,0,,pond_emd_population_context,0.0,0.0,0.0,,,,0,,pond_emd_population_context,69586.90600279003,6.958690600279002,2.21858218396868
436,구천면 장국리 393,구천면,구천면,26.4,VWorld UQ164·UO601,DATA_NOT_AVAILABLE,1618.0,106.0,941.0,6.551297898640297,58.15822002472187,-64.0,2025.0,pond_emd_population_context,,,,0,,pond_emd_population_context,0.0,0.0,0.0,,,,0,,pond_emd_population_context,16107.136793912434,1.6107136793912433,0.5135306162956542
437,구천면 청산리 산182,구천면,구천면,5.0,VWorld UQ164·UO601,DATA_NOT_AVAILABLE,1618.0,106.0,941.0,6.551297898640297,58.15822002472187,-64.0,2025.0,pond_emd_population_context,,,,0,,pond_emd_population_context,8027.392656716858,0.8027392656716859,1.023723074062184,,,,0,,pond_emd_population_context,63005.584825908714,6.300558482590872,2.008755325027441
438,구천면 장국리 433,구천면,구천면,19.0,VWorld UQ164·UO601,DATA_NOT_AVAILABLE,1618.0,106.0,941.0,6.551297898640297,58.15822002472187,-64.0,2025.0,pond_emd_population_context,,,,0,,pond_emd_population_context,0.0,0.0,0.0,,,,0,,pond_emd_population_context,0.0,0.0,0.0
439,구천면 소호리 500-1,구천면,구천면,1.0,VWorld UQ164·UO601,DATA_NOT_AVAILABLE,1618.0,106.0,941.0,6.551297898640297,58.15822002472187,-64.0,2025.0,pond_emd_population_context,,,,0,,pond_emd_population_context,369311.86601319653,36.93118660131965,47.0978678794691,,,,0,,pond_emd_population_context,1548831.740943603,154.8831740943603,49.380130599352974
440,구천면 소호리 562-1,구천면,구천면,13.0,VWorld UQ164·UO601,DATA_NOT_AVAILABLE,1618.0,106.0,941.0,6.551297898640297,58.15822002472187,-64.0,2025.0,pond_emd_population_context,,,,0,,pond_emd_population_context,226660.7931490051,22.66607931490051,28.905759797076385,,,,0,,pond_emd_population_context,1401970.1987453243,140.19701987453243,44.697864642332235
441,구천면 소호리 1106,구천면,구천면,49.5,VWorld UQ164·UO601,DATA_NOT_AVAILABLE,1618.0,106.0,941.0,6.551297898640297,58.15822002472187,-64.0,2025.0,pond_emd_population_context,,,,0,,pond_emd_population_context,159694.13681283753,15.969413681283752,20.365588135389427,,,,0,,pond_emd_population_context,425577.96457638714,42.557796457638716,13.568352788396288
442,구천면 소호리 1089,구천면,구천면,9.0,VWorld UQ164·UO601,DATA_NOT_AVAILABLE,1618.0,106.0,941.0,6.551297898640297,58.15822002472187,-64.0,2025.0,pond_emd_population_context,,,,0,,pond_emd_population_context,126173.45612186486,12.617345612186487,16.090738785282465,,,,0,,pond_emd_population_context,632793.1050277193,63.27931050277193,20.174822960176318
443,구천면 소호리 1141,구천면,구천면,5.0,VWorld UQ164·UO601,DATA_NOT_AVAILABLE,1618.0,106.0,941.0,6.551297898640297,58.15822002472187,-64.0,2025.0,pond_emd_population_context,,,,0,,pond_emd_population_context,77383.7569514804,7.738375695148041,9.868651122050707,,,,0,,pond_emd_population_context,381261.09940485196,38.12610994048519,12.155434566181206
444,구천면 용사리 152-2,구천면,구천면,50.0,VWorld UQ164·UO601,DATA_NOT_AVAILABLE,1618.0,106.0,941.0,6.551297898640297,58.15822002472187,-64.0,2025.0,pond_emd_population_context,,,,0,,pond_emd_population_context,133354.27964464875,13.335427964464875,17.00649998513997,,,,0,,pond_emd_population_context,730339.9963684333,73.03399963684333,23.284830397802008
445,구천면 내산리 845,구천면,구천면,7.4,VWorld UQ164·UO601,DATA_NOT_AVAILABLE,1618.0,106.0,941.0,6.551297898640297,58.15822002472187,-64.0,2025.0,pond_emd_population_context,,,,0,,pond_emd_population_context,103128.53791073868,10.312853791073868,13.151849967770143,,,,0,,pond_emd_population_context,764504.0809243713,76.45040809243713,24.374055852435163
446,구천면 청산리 산98-1,구천면,구천면,40.0,VWorld UQ164·UO601,DATA_NOT_AVAILABLE,1618.0,106.0,941.0,6.551297898640297,58.15822002472187,-64.0,2025.0,pond_emd_population_context,,,,0,,pond_emd_population_context,0.0,0.0,0.0,,,,0,,pond_emd_population_context,10654.479019816388,1.0654479019816387,0.3396880058424351
447,구천면 조성리 26,구천면,구천면,24.96,VWorld UQ164·UO601,DATA_NOT_AVAILABLE,1618.0,106.0,941.0,6.551297898640297,58.15822002472187,-64.0,2025.0,pond_emd_population_context,,,,0,,pond_emd_population_context,0.0,0.0,0.0,,,,0,,pond_emd_population_context,275394.9046120164,27.53949046120164,8.780189607847726
448,구천면 청산리 산50-2,구천면,구천면,20.0,VWorld UQ164·UO601,DATA_NOT_AVAILABLE,1618.0,106.0,941.0,6.551297898640297,58.15822002472187,-64.0,2025.0,pond_emd_population_context,,,,0,,pond_emd_population_context,0.0,0.0,0.0,,,,0,,pond_emd_population_context,39140.251095929474,3.9140251095929472,1.247876486332186
449,단밀면 용곡리 산64임,단밀면,단밀면,6.6,VWorld UQ164·UO601,DATA_NOT_AVAILABLE,1569.0,119.0,840.0,7.58444869343531,53.53728489483748,-37.0,2025.0,pond_emd_population_context,,,,0,,pond_emd_population_context,59433.32983859964,5.943332983859964,7.579456210256866,,,,0,,pond_emd_population_context,233868.30459323444,23.386830459323445,7.456231118318543
450,단밀면 용곡리 1544유,단밀면,단밀면,10.0,VWorld UQ164·UO601,DATA_NOT_AVAILABLE,1569.0,119.0,840.0,7.58444869343531,53.53728489483748,-37.0,2025.0,pond_emd_population_context,,,,0,,pond_emd_population_context,57361.8828121004,5.7361882812100395,7.315287231809004,,,,0,,pond_emd_population_context,137032.94854731648,13.703294854731649,4.368908976231587
451,단밀면 위중리 1459유,단밀면,단밀면,15.8,VWorld UQ164·UO601,DATA_NOT_AVAILABLE,1569.0,119.0,840.0,7.58444869343531,53.53728489483748,-37.0,2025.0,pond_emd_population_context,,,,0,,pond_emd_population_context,89650.46137491155,8.965046137491155,11.433008180187084,,,,0,,pond_emd_population_context,346499.27401663753,34.64992740166375,11.04715183141742
452,단밀면 위중리 1332답,단밀면,단밀면,4.0,VWorld UQ164·UO601,DATA_NOT_AVAILABLE,1569.0,119.0,840.0,7.58444869343531,53.53728489483748,-37.0,2025.0,pond_emd_population_context,,,,0,,pond_emd_population_context,0.0,0.0,0.0,,,,0,,pond_emd_population_context,21654.253295339633,2.165425329533963,0.6903847767891762
453,단밀면 위중리 산27-1,단밀면,단밀면,25.4,VWorld UQ164·UO601,DATA_NOT_AVAILABLE,1569.0,119.0,840.0,7.58444869343531,53.53728489483748,-37.0,2025.0,pond_emd_population_context,,,,0,,pond_emd_population_context,0.0,0.0,0.0,,,,0,,pond_emd_population_context,23888.413493866516,2.3888413493866514,0.7616146718557126
454,단밀면 주선리 748유,단밀면,단밀면,8.3,VWorld UQ164·UO601,DATA_NOT_AVAILABLE,1569.0,119.0,840.0,7.58444869343531,53.53728489483748,-37.0,2025.0,pond_emd_population_context,,,,0,,pond_emd_population_context,203334.09078539582,20.33340907853958,25.93093540855887,,,,0,,pond_emd_population_context,807705.5617968289,80.77055617968288,25.751413192921824
455,단밀면 서제리 1068-1답,단밀면,단밀면,4.8,VWorld UQ164·UO601,DATA_NOT_AVAILABLE,1569.0,119.0,840.0,7.58444869343531,53.53728489483748,-37.0,2025.0,pond_emd_population_context,,,,0,,pond_emd_population_context,171195.9244732665,17.11959244732665,21.83239634130078,,,,0,,pond_emd_population_context,793830.2621745673,79.38302621745673,25.309038408534335
456,단밀면 팔등리 179유,단밀면,단밀면,61.0,VWorld UQ164·UO601,DATA_NOT_AVAILABLE,1569.0,119.0,840.0,7.58444869343531,53.53728489483748,-37.0,2025.0,pond_emd_population_context,,,,0,,pond_emd_population_context,97551.48257396504,9.755148257396504,12.440615264581735,,,,0,,pond_emd_population_context,541115.1692213258,54.11151692213258,17.251930612657173
457,단밀면 팔등리 988답,단밀면,단밀면,4.4,VWorld UQ164·UO601,DATA_NOT_AVAILABLE,1569.0,119.0,840.0,7.58444869343531,53.53728489483748,-37.0,2025.0,pond_emd_population_context,,,,0,,pond_emd_population_context,0.0,0.0,0.0,,,,0,,pond_emd_population_context,6869.80492272238,0.686980492272238,0.21902434932631032
458,단밀면 서제리 340-2답,단밀면,단밀면,7.6,VWorld UQ164·UO601,DATA_NOT_AVAILABLE,1569.0,119.0,840.0,7.58444869343531,53.53728489483748,-37.0,2025.0,pond_emd_population_context,,,,0,,pond_emd_population_context,164451.7679464506,16.44517679464506,20.972322722526005,,,,0,,pond_emd_population_context,997981.7883676348,99.79817883676347,31.817833882553465
459,단밀면 생송리 544,단밀면,단밀면,4.4,VWorld UQ164·UO601,DATA_NOT_AVAILABLE,1569.0,119.0,840.0,7.58444869343531,53.53728489483748,-37.0,2025.0,pond_emd_population_context,,,,0,,pond_emd_population_context,64429.83040999887,6.442983040999887,8.216653509958697,,,,0,,pond_emd_population_context,749043.887412299,74.90438874122991,23.881151197567817
460,단밀면 생송리 산1-3구,단밀면,단밀면,6.5,VWorld UQ164·UO601,DATA_NOT_AVAILABLE,1569.0,119.0,840.0,7.58444869343531,53.53728489483748,-37.0,2025.0,pond_emd_population_context,,,,0,,pond_emd_population_context,0.0,0.0,0.0,,,,0,,pond_emd_population_context,0.0,0.0,0.0
461,단밀면 생송리 445-1,단밀면,단밀면,2.0,VWorld UQ164·UO601,DATA_NOT_AVAILABLE,1569.0,119.0,840.0,7.58444869343531,53.53728489483748,-37.0,2025.0,pond_emd_population_context,,,,0,,pond_emd_population_context,0.0,0.0,0.0,,,,0,,pond_emd_population_context,262051.17727058614,26.205117727058614,8.354762505998336
462,단밀면 생송리 447,단밀면,단밀면,46.0,VWorld UQ164·UO601,DATA_NOT_AVAILABLE,1569.0,119.0,840.0,7.58444869343531,53.53728489483748,-37.0,2025.0,pond_emd_population_context,,,,0,,pond_emd_population_context,57528.33672671251,5.752833672671251,7.336514885723977,,,,0,,pond_emd_population_context,99270.7088300704,9.92707088300704,3.164966495155082
463,단밀면 생송리 296답,단밀면,단밀면,18.6,VWorld UQ164·UO601,DATA_NOT_AVAILABLE,1569.0,119.0,840.0,7.58444869343531,53.53728489483748,-37.0,2025.0,pond_emd_population_context,,,,0,,pond_emd_population_context,117411.93602339897,11.741193602339898,14.973393381584781,,,,0,,pond_emd_population_context,253400.50630947333,25.340050630947335,8.078960267098239
464,단밀면 생송리 484,단밀면,단밀면,71.4,VWorld UQ164·UO601,DATA_NOT_AVAILABLE,1569.0,119.0,840.0,7.58444869343531,53.53728489483748,-37.0,2025.0,pond_emd_population_context,,,,0,,pond_emd_population_context,57578.23976617664,5.757823976617663,7.342878956244749,,,,0,,pond_emd_population_context,246203.06052523002,24.620306052523002,7.849490013220842
465,단밀면 생송리 64유,단밀면,단밀면,54.4,VWorld UQ164·UO601,DATA_NOT_AVAILABLE,1569.0,119.0,840.0,7.58444869343531,53.53728489483748,-37.0,2025.0,pond_emd_population_context,,,,0,,pond_emd_population_context,0.0,0.0,0.0,,,,0,,pond_emd_population_context,201658.21229919908,20.165821229919906,6.429303194483726
466,단밀면 생송리 산51임,단밀면,단밀면,4.8,VWorld UQ164·UO601,DATA_NOT_AVAILABLE,1569.0,119.0,840.0,7.58444869343531,53.53728489483748,-37.0,2025.0,pond_emd_population_context,,,,0,,pond_emd_population_context,15091.777247941533,1.5091777247941534,1.924634966547567,,,,0,,pond_emd_population_context,147291.70466554177,14.729170466554176,4.695980473743803
467,단밀면 생송리 132답,단밀면,단밀면,3.6,VWorld UQ164·UO601,DATA_NOT_AVAILABLE,1569.0,119.0,840.0,7.58444869343531,53.53728489483748,-37.0,2025.0,pond_emd_population_context,,,,0,,pond_emd_population_context,0.0,0.0,0.0,,,,0,,pond_emd_population_context,104576.60819779112,10.457660819779113,3.3341301278460347
468,단밀면 생송리 1172,단밀면,단밀면,1.7,VWorld UQ164·UO601,DATA_NOT_AVAILABLE,1569.0,119.0,840.0,7.58444869343531,53.53728489483748,-37.0,2025.0,pond_emd_population_context,,,,0,,pond_emd_population_context,35426.45422049208,3.542645422049208,4.517890200298021,,,,0,,pond_emd_population_context,511368.0315149872,51.13680315149872,16.303527047528128
469,단밀면 생송리 550,단밀면,단밀면,7.3,VWorld UQ164·UO601,DATA_NOT_AVAILABLE,1569.0,119.0,840.0,7.58444869343531,53.53728489483748,-37.0,2025.0,pond_emd_population_context,,,,0,,pond_emd_population_context,139720.76458481484,13.972076458481483,17.818409631600822,,,,0,,pond_emd_population_context,454092.5082343703,45.409250823437034,14.477458569605501
470,단밀면 생송리 산67-15임,단밀면,단밀면,5.8,VWorld UQ164·UO601,DATA_NOT_AVAILABLE,1569.0,119.0,840.0,7.58444869343531,53.53728489483748,-37.0,2025.0,pond_emd_population_context,,,,0,,pond_emd_population_context,72827.74466351053,7.282774466351053,9.287628727312988,,,,0,,pond_emd_population_context,140185.37538337478,14.018537538337478,4.469415212483323
471,단밀면 생송리 1425,단밀면,단밀면,6.2,VWorld UQ164·UO601,DATA_NOT_AVAILABLE,1569.0,119.0,840.0,7.58444869343531,53.53728489483748,-37.0,2025.0,pond_emd_population_context,,,,0,,pond_emd_population_context,55386.85825340716,5.538685825340716,7.06341488682262,,,,0,,pond_emd_population_context,485931.8598487197,48.593185984871965,15.492566472777366
472,단밀면 생송리 377답,단밀면,단밀면,2.6,VWorld UQ164·UO601,DATA_NOT_AVAILABLE,1569.0,119.0,840.0,7.58444869343531,53.53728489483748,-37.0,2025.0,pond_emd_population_context,,,,0,,pond_emd_population_context,0.0,0.0,0.0,,,,0,,pond_emd_population_context,87282.68218213854,8.728268218213854,2.782762085305662
473,단밀면 서제리 871답,단밀면,단밀면,25.5,VWorld UQ164·UO601,DATA_NOT_AVAILABLE,1569.0,119.0,840.0,7.58444869343531,53.53728489483748,-37.0,2025.0,pond_emd_population_context,,,,0,,pond_emd_population_context,174764.06317651036,17.476406317651037,22.28743648673438,,,,0,,pond_emd_population_context,741231.1759361377,74.12311759361377,23.63206493285008
474,단북면 노연리 348-2유,단북면,단북면,11.0,VWorld UQ164·UO601,DATA_NOT_AVAILABLE,1631.0,117.0,902.0,7.173513182096873,55.30349478847333,-39.0,2025.0,pond_emd_population_context,,,,2,,pond_emd_population_context,0.0,0.0,0.0,,,,3,,pond_emd_population_context,596018.067558986,59.6018067558986,19.00235463776461
475,안계면 용기리 80유,안계면,안계면,66.2,VWorld UQ164·UO601,DATA_NOT_AVAILABLE,4208.0,575.0,1772.0,13.66444866920152,42.11026615969582,-43.0,2025.0,pond_emd_population_context,,,,0,,pond_emd_population_context,203619.18707875008,20.36191870787501,25.96729337263481,,,,0,,pond_emd_population_context,467488.185958499,46.7488185958499,14.904541962848281
476,안계면 용기리 306-1유,안계면,안계면,28.0,VWorld UQ164·UO601,DATA_NOT_AVAILABLE,4208.0,575.0,1772.0,13.66444866920152,42.11026615969582,-43.0,2025.0,pond_emd_population_context,,,,0,,pond_emd_population_context,152108.25274632013,15.210825274632013,19.398170084703125,,,,0,,pond_emd_population_context,562680.6246326657,56.26806246326657,17.939484319425677
477,안계면 토매리 57답,안계면,안계면,9.0,VWorld UQ164·UO601,DATA_NOT_AVAILABLE,4208.0,575.0,1772.0,13.66444866920152,42.11026615969582,-43.0,2025.0,pond_emd_population_context,,,,0,,pond_emd_population_context,0.0,0.0,0.0,,,,1,,pond_emd_population_context,669948.1397860759,66.9948139786076,21.359406424144698
478,안계면 위양리 19-2유,안계면,안계면,9.0,VWorld UQ164·UO601,DATA_NOT_AVAILABLE,4208.0,575.0,1772.0,13.66444866920152,42.11026615969582,-43.0,2025.0,pond_emd_population_context,,,,0,,pond_emd_population_context,243067.56791537744,24.306756791537744,30.99809470799203,,,,0,,pond_emd_population_context,1344413.739221314,134.4413739221314,42.86283930484757
479,안계면 교촌리 134-2유,안계면,안계면,14.7,VWorld UQ164·UO601,DATA_NOT_AVAILABLE,4208.0,575.0,1772.0,13.66444866920152,42.11026615969582,-43.0,2025.0,pond_emd_population_context,,,,0,,pond_emd_population_context,385296.2417809658,38.52962417809658,49.13633478867825,,,,0,,pond_emd_population_context,1259135.4989112227,125.91354989112227,40.143983193834636
480,안계면 교촌리 294유,안계면,안계면,1.5,VWorld UQ164·UO601,DATA_NOT_AVAILABLE,4208.0,575.0,1772.0,13.66444866920152,42.11026615969582,-43.0,2025.0,pond_emd_population_context,,,,0,,pond_emd_population_context,91495.25728655758,9.149525728655759,11.6682726330985,,,,0,,pond_emd_population_context,872187.3165243388,87.21873165243387,27.807232030789912
481,안계면 안정리 337유,안계면,안계면,192.0,VWorld UQ164·UO601,DATA_NOT_AVAILABLE,4208.0,575.0,1772.0,13.66444866920152,42.11026615969582,-43.0,2025.0,pond_emd_population_context,,,,0,,pond_emd_population_context,174688.07354475922,17.46880735447592,22.27774562660833,,,,0,,pond_emd_population_context,534085.576165289,53.4085576165289,17.02781186948374
482,안계면 안정리 174-1유,안계면,안계면,14.1,VWorld UQ164·UO601,DATA_NOT_AVAILABLE,4208.0,575.0,1772.0,13.66444866920152,42.11026615969582,-43.0,2025.0,pond_emd_population_context,,,,0,,pond_emd_population_context,77961.60443725358,7.796160443725358,9.94234326964733,,,,0,,pond_emd_population_context,211608.1021671253,21.16081021671253,6.746527362957987
483,안계면 안정리 145유,안계면,안계면,9.6,VWorld UQ164·UO601,DATA_NOT_AVAILABLE,4208.0,575.0,1772.0,13.66444866920152,42.11026615969582,-43.0,2025.0,pond_emd_population_context,,,,0,,pond_emd_population_context,0.0,0.0,0.0,,,,0,,pond_emd_population_context,84568.53872133902,8.456853872133902,2.6962292780182757
484,안계면 안정리 483-2유,안계면,안계면,6.0,VWorld UQ164·UO601,DATA_NOT_AVAILABLE,4208.0,575.0,1772.0,13.66444866920152,42.11026615969582,-43.0,2025.0,pond_emd_population_context,,,,0,,pond_emd_population_context,1182.48131801827,0.118248131801827,0.1508003235508683,,,,0,,pond_emd_population_context,184957.36572800804,18.495736572800805,5.896843816873903
485,안계면 안정리 313유,안계면,안계면,14.1,VWorld UQ164·UO601,DATA_NOT_AVAILABLE,4208.0,575.0,1772.0,13.66444866920152,42.11026615969582,-43.0,2025.0,pond_emd_population_context,,,,0,,pond_emd_population_context,54482.6664280868,5.44826664280868,6.948104464803542,,,,0,,pond_emd_population_context,693241.8323002559,69.32418323002558,22.1020600953502
486,안계면 안정리 산2임,안계면,안계면,2.0,VWorld UQ164·UO601,DATA_NOT_AVAILABLE,4208.0,575.0,1772.0,13.66444866920152,42.11026615969582,-43.0,2025.0,pond_emd_population_context,,,,0,,pond_emd_population_context,0.0,0.0,0.0,,,,0,,pond_emd_population_context,0.0,0.0,0.0
487,안계면 안정리 24-1유,안계면,안계면,21.0,VWorld UQ164·UO601,DATA_NOT_AVAILABLE,4208.0,575.0,1772.0,13.66444866920152,42.11026615969582,-43.0,2025.0,pond_emd_population_context,,,,0,,pond_emd_population_context,0.0,0.0,0.0,,,,0,,pond_emd_population_context,47052.77159387559,4.705277159387559,1.5001448801349855
488,안계면 봉양리 472유,안계면,안계면,21.39,VWorld UQ164·UO601,DATA_NOT_AVAILABLE,4208.0,575.0,1772.0,13.66444866920152,42.11026615969582,-43.0,2025.0,pond_emd_population_context,,,,0,,pond_emd_population_context,242396.53943873796,24.239653943873797,30.912519308324267,,,,0,,pond_emd_population_context,1020983.0671346847,102.09830671346846,32.55116476636986
489,안계면 봉양리 37유,안계면,안계면,18.0,VWorld UQ164·UO601,DATA_NOT_AVAILABLE,4208.0,575.0,1772.0,13.66444866920152,42.11026615969582,-43.0,2025.0,pond_emd_population_context,,,,0,,pond_emd_population_context,31715.576128392324,3.171557612839232,4.044646683957049,,,,0,,pond_emd_population_context,130992.78923070434,13.099278923070434,4.176335536515345
490,안계면 도덕리 17-1유,안계면,안계면,48.0,VWorld UQ164·UO601,DATA_NOT_AVAILABLE,4208.0,575.0,1772.0,13.66444866920152,42.11026615969582,-43.0,2025.0,pond_emd_population_context,,,,0,,pond_emd_population_context,84161.71203876993,8.416171203876992,10.733035027827324,,,,0,,pond_emd_population_context,248119.679855049,24.8119679855049,7.910596013513713
491,안계면 도덕리 172-1유,안계면,안계면,10.6,VWorld UQ164·UO601,DATA_NOT_AVAILABLE,4208.0,575.0,1772.0,13.66444866920152,42.11026615969582,-43.0,2025.0,pond_emd_population_context,,,,0,,pond_emd_population_context,175155.76680529164,17.515576680529165,22.337389947356712,,,,0,,pond_emd_population_context,513011.19958196685,51.301119958196686,16.355914825747803
492,안계면 도덕리 1011-1유,안계면,안계면,32.5,VWorld UQ164·UO601,DATA_NOT_AVAILABLE,4208.0,575.0,1772.0,13.66444866920152,42.11026615969582,-43.0,2025.0,pond_emd_population_context,,,,0,,pond_emd_population_context,102996.25108038496,10.299625108038496,13.134979598221902,,,,0,,pond_emd_population_context,265543.2097297018,26.55432097297018,8.466096109468559
493,안계면 도덕리 882유,안계면,안계면,16.0,VWorld UQ164·UO601,DATA_NOT_AVAILABLE,4208.0,575.0,1772.0,13.66444866920152,42.11026615969582,-43.0,2025.0,pond_emd_population_context,,,,0,,pond_emd_population_context,124376.29999193813,12.437629999193813,15.861549772538849,,,,0,,pond_emd_population_context,328398.49976174923,32.839849976174925,10.470059708995365
494,안계면 도덕리 313-2유,안계면,안계면,11.5,VWorld UQ164·UO601,DATA_NOT_AVAILABLE,4208.0,575.0,1772.0,13.66444866920152,42.11026615969582,-43.0,2025.0,pond_emd_population_context,,,,0,,pond_emd_population_context,140710.5840300394,14.07105840300394,17.944640033994798,,,,0,,pond_emd_population_context,619102.0279568556,61.91020279568556,19.738321592123796
495,안계면 도덕리 46-1유,안계면,안계면,19.2,VWorld UQ164·UO601,DATA_NOT_AVAILABLE,4208.0,575.0,1772.0,13.66444866920152,42.11026615969582,-43.0,2025.0,pond_emd_population_context,,,,0,,pond_emd_population_context,147599.948086384,14.759994808638401,18.82323178248654,,,,0,,pond_emd_population_context,314343.2342252305,31.434323422523054,10.021947219139598
496,안계면 양곡리 885-1유,안계면,안계면,34.1,VWorld UQ164·UO601,DATA_NOT_AVAILABLE,4208.0,575.0,1772.0,13.66444866920152,42.11026615969582,-43.0,2025.0,pond_emd_population_context,,,,0,,pond_emd_population_context,124623.37520429862,12.46233752042986,15.893058956994977,,,,0,,pond_emd_population_context,709432.0639999035,70.94320639999034,22.618239958293422
497,안계면 양곡리 296유,안계면,안계면,44.7,VWorld UQ164·UO601,DATA_NOT_AVAILABLE,4208.0,575.0,1772.0,13.66444866920152,42.11026615969582,-43.0,2025.0,pond_emd_population_context,,,,0,,pond_emd_population_context,532533.7649514957,53.25337649514957,67.9133469871926,,,,0,,pond_emd_population_context,1464285.0579225854,146.42850579225853,46.68459812868161
498,안계면 양곡리 901유,안계면,안계면,87.9,VWorld UQ164·UO601,DATA_NOT_AVAILABLE,4208.0,575.0,1772.0,13.66444866920152,42.11026615969582,-43.0,2025.0,pond_emd_population_context,,,,0,,pond_emd_population_context,180874.3076688301,18.08743076688301,23.066668118030638,,,,0,,pond_emd_population_context,901638.2437550875,90.16382437550875,28.746191760553973
499,안계면 양곡리 123유,안계면,안계면,34.0,VWorld UQ164·UO601,DATA_NOT_AVAILABLE,4208.0,575.0,1772.0,13.66444866920152,42.11026615969582,-43.0,2025.0,pond_emd_population_context,,,,0,,pond_emd_population_context,106443.36568350968,10.644336568350967,13.574585695626732,,,,0,,pond_emd_population_context,563887.7764228393,56.38877764228393,17.97797094871938
500,안계면 양곡리 59-1유,안계면,안계면,16.4,VWorld UQ164·UO601,DATA_NOT_AVAILABLE,4208.0,575.0,1772.0,13.66444866920152,42.11026615969582,-43.0,2025.0,pond_emd_population_context,,,,0,,pond_emd_population_context,278621.19692181156,27.862119692181157,35.532203345381056,,,,0,,pond_emd_population_context,810783.1094073714,81.07831094073714,25.849532116312258
501,다인면 송호리 662-2대,다인면,다인면,13.9,VWorld UQ164·UO601,DATA_NOT_AVAILABLE,3543.0,296.0,1983.0,8.354501834603443,55.96951735817104,-53.0,2025.0,pond_emd_population_context,,,,0,,pond_emd_population_context,106377.46376977715,10.637746376977715,13.566181309221589,,,,0,,pond_emd_population_context,850122.7814656675,85.01227814656676,27.103766577436406
502,다인면 평림리 117유,다인면,다인면,11.4,VWorld UQ164·UO601,DATA_NOT_AVAILABLE,3543.0,296.0,1983.0,8.354501834603443,55.96951735817104,-53.0,2025.0,pond_emd_population_context,,,,0,,pond_emd_population_context,364449.03622477304,36.444903622477305,46.47771744301566,,,,0,,pond_emd_population_context,1244697.507722389,124.4697507722389,39.68366857627485
503,다인면 평림리 716유,다인면,다인면,12.5,VWorld UQ164·UO601,DATA_NOT_AVAILABLE,3543.0,296.0,1983.0,8.354501834603443,55.96951735817104,-53.0,2025.0,pond_emd_population_context,,,,0,,pond_emd_population_context,165423.84246927232,16.54238424692723,21.096290137759883,,,,0,,pond_emd_population_context,337312.39934455755,33.73123993445576,10.75425424989522
504,다인면 평림리 747-1유,다인면,다인면,5.3,VWorld UQ164·UO601,DATA_NOT_AVAILABLE,3543.0,296.0,1983.0,8.354501834603443,55.96951735817104,-53.0,2025.0,pond_emd_population_context,,,,0,,pond_emd_population_context,207683.4460337884,20.76834460337884,26.485603096497034,,,,0,,pond_emd_population_context,475913.0625187723,47.591306251877235,15.17314538427369
505,다인면 평림리 169-1유,다인면,다인면,23.5,VWorld UQ164·UO601,DATA_NOT_AVAILABLE,3543.0,296.0,1983.0,8.354501834603443,55.96951735817104,-53.0,2025.0,pond_emd_population_context,,,,0,,pond_emd_population_context,265832.51773013826,26.583251773013828,33.90127951554446,,,,0,,pond_emd_population_context,913454.9422776564,91.34549422776564,29.12293385646566
506,다인면 덕지리 1158-1유,다인면,다인면,14.6,VWorld UQ164·UO601,DATA_NOT_AVAILABLE,3543.0,296.0,1983.0,8.354501834603443,55.96951735817104,-53.0,2025.0,pond_emd_population_context,,,,0,,pond_emd_population_context,72590.65384261885,7.259065384261885,9.257392839475601,,,,0,,pond_emd_population_context,452354.8828966352,45.23548828966352,14.422059287784334
507,다인면 덕지리 324유,다인면,다인면,20.5,VWorld UQ164·UO601,DATA_NOT_AVAILABLE,3543.0,296.0,1983.0,8.354501834603443,55.96951735817104,-53.0,2025.0,pond_emd_population_context,,,,0,,pond_emd_population_context,99886.33122543935,9.988633122543936,12.73837551391465,,,,0,,pond_emd_population_context,507431.0912878492,50.743109128784916,16.178008815018586
508,다인면 덕미리 458-1유,다인면,다인면,8.9,VWorld UQ164·UO601,DATA_NOT_AVAILABLE,3543.0,296.0,1983.0,8.354501834603443,55.96951735817104,-53.0,2025.0,pond_emd_population_context,,,,0,,pond_emd_population_context,76498.33800484869,7.649833800484869,9.755734781136416,,,,0,,pond_emd_population_context,240189.56057172667,24.018956057172666,7.6577665320877095
509,다인면 덕미리 389유,다인면,다인면,20.0,VWorld UQ164·UO601,DATA_NOT_AVAILABLE,3543.0,296.0,1983.0,8.354501834603443,55.96951735817104,-53.0,2025.0,pond_emd_population_context,,,,0,,pond_emd_population_context,74503.44776805672,7.4503447768056725,9.501328991740216,,,,0,,pond_emd_population_context,304127.823914137,30.412782391413703,9.696257680403484
510,다인면 덕미리 313-1유,다인면,다인면,6.3,VWorld UQ164·UO601,DATA_NOT_AVAILABLE,3543.0,296.0,1983.0,8.354501834603443,55.96951735817104,-53.0,2025.0,pond_emd_population_context,,,,0,,pond_emd_population_context,203934.24282519438,20.393424282519437,26.00747202727942,,,,0,,pond_emd_population_context,357686.73825229757,35.768673825229754,11.403832567244745
511,다인면 덕미리 686유,다인면,다인면,14.8,VWorld UQ164·UO601,DATA_NOT_AVAILABLE,3543.0,296.0,1983.0,8.354501834603443,55.96951735817104,-53.0,2025.0,pond_emd_population_context,,,,0,,pond_emd_population_context,141407.20997138828,14.140720997138828,18.033479845456174,,,,0,,pond_emd_population_context,424834.96685357334,42.48349668535733,13.544664402099906
512,다인면 덕미리 546-2유,다인면,다인면,12.2,VWorld UQ164·UO601,DATA_NOT_AVAILABLE,3543.0,296.0,1983.0,8.354501834603443,55.96951735817104,-53.0,2025.0,pond_emd_population_context,,,,0,,pond_emd_population_context,121730.08217683388,12.173008217683387,15.524081013732102,,,,0,,pond_emd_population_context,403935.5396405441,40.39355396405441,12.878345125480282
513,다인면 용곡리 690-1유,다인면,다인면,18.6,VWorld UQ164·UO601,DATA_NOT_AVAILABLE,3543.0,296.0,1983.0,8.354501834603443,55.96951735817104,-53.0,2025.0,pond_emd_population_context,,,,0,,pond_emd_population_context,92062.2061952218,9.206220619522181,11.740574899155998,,,,0,,pond_emd_population_context,114807.20418412422,11.480720418412421,3.6603038189963506
514,다인면 봉정리 15유,다인면,다인면,15.7,VWorld UQ164·UO601,DATA_NOT_AVAILABLE,3543.0,296.0,1983.0,8.354501834603443,55.96951735817104,-53.0,2025.0,pond_emd_population_context,,,,0,,pond_emd_population_context,34949.36502098745,3.494936502098745,4.457047627521906,,,,0,,pond_emd_population_context,77523.58420447324,7.752358420447324,2.471620778003037
515,다인면 달제리 17유,다인면,다인면,9.5,VWorld UQ164·UO601,DATA_NOT_AVAILABLE,3543.0,296.0,1983.0,8.354501834603443,55.96951735817104,-53.0,2025.0,pond_emd_population_context,,,,0,,pond_emd_population_context,0.0,0.0,0.0,,,,0,,pond_emd_population_context,35146.58554558328,3.514658554558328,1.120549726921841
516,다인면 달제리 1643-1유,다인면,다인면,12.8,VWorld UQ164·UO601,DATA_NOT_AVAILABLE,3543.0,296.0,1983.0,8.354501834603443,55.96951735817104,-53.0,2025.0,pond_emd_population_context,,,,0,,pond_emd_population_context,63337.22494136661,6.33372249413666,8.077314938031552,,,,0,,pond_emd_population_context,575464.7203078947,57.546472030789474,18.347069144393714
517,다인면 달제리 1165유,다인면,다인면,8.8,VWorld UQ164·UO601,DATA_NOT_AVAILABLE,3543.0,296.0,1983.0,8.354501834603443,55.96951735817104,-53.0,2025.0,pond_emd_population_context,,,,0,,pond_emd_population_context,0.0,0.0,0.0,,,,0,,pond_emd_population_context,30835.60459701849,3.083560459701849,0.9831062612282983
518,다인면 삼분리 450-1유,다인면,다인면,24.5,VWorld UQ164·UO601,DATA_NOT_AVAILABLE,3543.0,296.0,1983.0,8.354501834603443,55.96951735817104,-53.0,2025.0,pond_emd_population_context,,,,0,,pond_emd_population_context,218547.53691292912,21.854753691292913,27.87108665103311,,,,0,,pond_emd_population_context,834209.8277814221,83.4209827781422,26.59642694177607
519,다인면 삼분리 393유,다인면,다인면,74.5,VWorld UQ164·UO601,DATA_NOT_AVAILABLE,3543.0,296.0,1983.0,8.354501834603443,55.96951735817104,-53.0,2025.0,pond_emd_population_context,,,,0,,pond_emd_population_context,369450.593964635,36.9450593964635,47.11555967691544,,,,0,,pond_emd_population_context,1103200.3288303681,110.32003288303682,35.172430209690766
543,안평면 창길리 1453유,안평면,안평면,67.0,VWorld UQ164·UO601,DATA_NOT_AVAILABLE,2053.0,108.0,1225.0,5.260594252313687,59.6687773989284,5.0,2025.0,pond_emd_population_context,,,,0,,pond_emd_population_context,152152.9330117887,15.21529330117887,19.403868101565067,,,,0,,pond_emd_population_context,453054.6561569597,45.30546561569597,14.444369584036206
544,안평면 창길리 762유,안평면,안평면,7.7,VWorld UQ164·UO601,DATA_NOT_AVAILABLE,2053.0,108.0,1225.0,5.260594252313687,59.6687773989284,5.0,2025.0,pond_emd_population_context,,,,0,,pond_emd_population_context,208032.63476494368,20.80326347649437,26.5301346868369,,,,0,,pond_emd_population_context,558494.6094924989,55.84946094924989,17.806025035987716
545,안평면 창길리 317-1유,안평면,안평면,27.3,VWorld UQ164·UO601,DATA_NOT_AVAILABLE,2053.0,108.0,1225.0,5.260594252313687,59.6687773989284,5.0,2025.0,pond_emd_population_context,,,,0,,pond_emd_population_context,94343.4912898384,9.434349128983841,12.031504256886993,,,,0,,pond_emd_population_context,175474.07753894362,17.547407753894362,5.594495926584667
546,안평면 창길리 1496,안평면,안평면,5.2,VWorld UQ164·UO601,DATA_NOT_AVAILABLE,2053.0,108.0,1225.0,5.260594252313687,59.6687773989284,5.0,2025.0,pond_emd_population_context,,,,0,,pond_emd_population_context,36589.149672191976,3.6589149672191974,4.6661672577329005,,,,0,,pond_emd_population_context,214095.38259956645,21.409538259956644,6.825827282596987
547,안평면 창길리 598답,안평면,안평면,3.0,VWorld UQ164·UO601,DATA_NOT_AVAILABLE,2053.0,108.0,1225.0,5.260594252313687,59.6687773989284,5.0,2025.0,pond_emd_population_context,,,,0,,pond_emd_population_context,97642.17637775175,9.764217637775175,12.452181328879492,,,,0,,pond_emd_population_context,549374.4631808139,54.93744631808139,17.51525489998712
548,안평면 평팔리 산186,안평면,안평면,4.2,VWorld UQ164·UO601,DATA_NOT_AVAILABLE,2053.0,108.0,1225.0,5.260594252313687,59.6687773989284,5.0,2025.0,pond_emd_population_context,,,,0,,pond_emd_population_context,266296.0762310119,26.62960762310119,33.96039653570478,,,,0,,pond_emd_population_context,544407.9196401186,54.44079196401186,17.35691067047288
549,안평면 창길리 1,안평면,안평면,2.4,VWorld UQ164·UO601,DATA_NOT_AVAILABLE,2053.0,108.0,1225.0,5.260594252313687,59.6687773989284,5.0,2025.0,pond_emd_population_context,,,,0,,pond_emd_population_context,0.0,0.0,0.0,,,,0,,pond_emd_population_context,102925.94206676126,10.292594206676126,3.28150329500716
550,안평면 창길리 1305유,안평면,안평면,19.0,VWorld UQ164·UO601,DATA_NOT_AVAILABLE,2053.0,108.0,1225.0,5.260594252313687,59.6687773989284,5.0,2025.0,pond_emd_population_context,,,,0,,pond_emd_population_context,224236.9343812552,22.42369343812552,28.596648201951258,,,,2,,pond_emd_population_context,532004.1256561929,53.20041256561929,16.96145069205033
551,안평면 창길리 92,안평면,안평면,29.0,VWorld UQ164·UO601,DATA_NOT_AVAILABLE,2053.0,108.0,1225.0,5.260594252313687,59.6687773989284,5.0,2025.0,pond_emd_population_context,,,,0,,pond_emd_population_context,66956.02245950013,6.695602245950013,8.538815537055125,,,,0,,pond_emd_population_context,136347.25135443648,13.634725135443647,4.34704745567972
556,안평면 박곡리 128유,안평면,안평면,23.8,VWorld UQ164·UO601,DATA_NOT_AVAILABLE,2053.0,108.0,1225.0,5.260594252313687,59.6687773989284,5.0,2025.0,pond_emd_population_context,,,,0,,pond_emd_population_context,0.0,0.0,0.0,,,,0,,pond_emd_population_context,0.0,0.0,0.0
557,안평면 박곡리 566유,안평면,안평면,44.0,VWorld UQ164·UO601,DATA_NOT_AVAILABLE,2053.0,108.0,1225.0,5.260594252313687,59.6687773989284,5.0,2025.0,pond_emd_population_context,,,,0,,pond_emd_population_context,282106.1396390776,28.210613963907758,35.97663361359088,,,,0,,pond_emd_population_context,528454.2271200586,52.84542271200586,16.84827219196228
558,안평면 박곡리 135유,안평면,안평면,1.6,VWorld UQ164·UO601,DATA_NOT_AVAILABLE,2053.0,108.0,1225.0,5.260594252313687,59.6687773989284,5.0,2025.0,pond_emd_population_context,,,,0,,pond_emd_population_context,0.0,0.0,0.0,,,,0,,pond_emd_population_context,0.0,0.0,0.0
559,안평면 창길리 1079,안평면,안평면,4.4,VWorld UQ164·UO601,DATA_NOT_AVAILABLE,2053.0,108.0,1225.0,5.260594252313687,59.6687773989284,5.0,2025.0,pond_emd_population_context,,,,0,,pond_emd_population_context,218451.66209841566,21.845166209841565,27.85885985909255,,,,0,,pond_emd_population_context,545909.2416916055,54.59092416916055,17.404776088655073
560,안평면 석탑리 17,안평면,안평면,19.8,VWorld UQ164·UO601,DATA_NOT_AVAILABLE,2053.0,108.0,1225.0,5.260594252313687,59.6687773989284,5.0,2025.0,pond_emd_population_context,,,,0,,pond_emd_population_context,62068.13634459138,6.206813634459138,7.915469699470696,,,,0,,pond_emd_population_context,160663.892034325,16.0663892034325,5.122314943275815
561,안평면 석탑리 780,안평면,안평면,7.7,VWorld UQ164·UO601,DATA_NOT_AVAILABLE,2053.0,108.0,1225.0,5.260594252313687,59.6687773989284,5.0,2025.0,pond_emd_population_context,,,,0,,pond_emd_population_context,92561.22966751717,9.256122966751716,11.804214721565822,,,,0,,pond_emd_population_context,323138.58502994955,32.313858502994954,10.30236216669197
562,안평면 석탑리 890,안평면,안평면,4.6,VWorld UQ164·UO601,DATA_NOT_AVAILABLE,2053.0,108.0,1225.0,5.260594252313687,59.6687773989284,5.0,2025.0,pond_emd_population_context,,,,0,,pond_emd_population_context,38999.45366354686,3.899945366354686,4.973550229635929,,,,0,,pond_emd_population_context,197207.19046385918,19.720719046385916,6.287394920189354
563,안평면 석탑리 815,안평면,안평면,9.9,VWorld UQ164·UO601,DATA_NOT_AVAILABLE,2053.0,108.0,1225.0,5.260594252313687,59.6687773989284,5.0,2025.0,pond_emd_population_context,,,,0,,pond_emd_population_context,77484.3326935458,7.74843326935458,9.881477417243472,,,,0,,pond_emd_population_context,181953.16799531033,18.19531679953103,5.801063447408778
564,안평면 석탑리 1242,안평면,안평면,8.1,VWorld UQ164·UO601,DATA_NOT_AVAILABLE,2053.0,108.0,1225.0,5.260594252313687,59.6687773989284,5.0,2025.0,pond_emd_population_context,,,,0,,pond_emd_population_context,79140.13568493238,7.914013568493238,10.0926398458018,,,,0,,pond_emd_population_context,119572.98866788005,11.957298866788005,3.812247412348111
565,안평면 석탑리 619,안평면,안평면,11.6,VWorld UQ164·UO601,DATA_NOT_AVAILABLE,2053.0,108.0,1225.0,5.260594252313687,59.6687773989284,5.0,2025.0,pond_emd_population_context,,,,0,,pond_emd_population_context,104731.84489392333,10.473184489392333,13.356317647835326,,,,0,,pond_emd_population_context,337085.79275105445,33.70857927510544,10.747029537948757
566,안평면 신월리 317-1유,안평면,안평면,5.4,VWorld UQ164·UO601,DATA_NOT_AVAILABLE,2053.0,108.0,1225.0,5.260594252313687,59.6687773989284,5.0,2025.0,pond_emd_population_context,,,,0,,pond_emd_population_context,41171.160758652026,4.117116075865202,5.250505245845763,,,,0,,pond_emd_population_context,152389.62113436477,15.238962113436477,4.8585131584508625
567,안평면 신월리 512,안평면,안평면,2.2,VWorld UQ164·UO601,DATA_NOT_AVAILABLE,2053.0,108.0,1225.0,5.260594252313687,59.6687773989284,5.0,2025.0,pond_emd_population_context,,,,0,,pond_emd_population_context,47610.7497343085,4.7610749734308495,6.071737756048175,,,,0,,pond_emd_population_context,313901.5188739603,31.39015188739603,10.007864371302185
568,안평면 신월리 27,안평면,안평면,8.1,VWorld UQ164·UO601,DATA_NOT_AVAILABLE,2053.0,108.0,1225.0,5.260594252313687,59.6687773989284,5.0,2025.0,pond_emd_population_context,,,,0,,pond_emd_population_context,98797.40608404478,9.879740608404477,12.599506289392629,,,,0,,pond_emd_population_context,403399.8060379082,40.33998060379082,12.861264770936085
569,안평면 신월리 813,안평면,안평면,6.8,VWorld UQ164·UO601,DATA_NOT_AVAILABLE,2053.0,108.0,1225.0,5.260594252313687,59.6687773989284,5.0,2025.0,pond_emd_population_context,,,,0,,pond_emd_population_context,118945.19926290755,11.894519926290755,15.168928472992437,,,,0,,pond_emd_population_context,369593.26013740123,36.959326013740124,11.78343842766718
570,안평면 신월리 250-1,안평면,안평면,8.0,VWorld UQ164·UO601,DATA_NOT_AVAILABLE,2053.0,108.0,1225.0,5.260594252313687,59.6687773989284,5.0,2025.0,pond_emd_population_context,,,,0,,pond_emd_population_context,0.0,0.0,0.0,,,,0,,pond_emd_population_context,73026.94316472091,7.302694316472091,2.3282580640738253
571,안평면 신월리 1055,안평면,안평면,24.7,VWorld UQ164·UO601,DATA_NOT_AVAILABLE,2053.0,108.0,1225.0,5.260594252313687,59.6687773989284,5.0,2025.0,pond_emd_population_context,,,,0,,pond_emd_population_context,155307.50446621564,15.530750446621564,19.80616654699773,,,,0,,pond_emd_population_context,396207.72653864446,39.62077265386445,12.631965605916257
572,안평면 신월리 49-2,안평면,안평면,16.4,VWorld UQ164·UO601,DATA_NOT_AVAILABLE,2053.0,108.0,1225.0,5.260594252313687,59.6687773989284,5.0,2025.0,pond_emd_population_context,,,,0,,pond_emd_population_context,120119.78218107398,12.011978218107398,15.318721523755954,,,,0,,pond_emd_population_context,340520.6720921052,34.05206720921052,10.85654097548604
573,안평면 신월리 988,안평면,안평면,2.9,VWorld UQ164·UO601,DATA_NOT_AVAILABLE,2053.0,108.0,1225.0,5.260594252313687,59.6687773989284,5.0,2025.0,pond_emd_population_context,,,,0,,pond_emd_population_context,123936.94956931988,12.393694956931988,15.805519977502358,,,,0,,pond_emd_population_context,433484.8367787633,43.34848367787633,13.820441102229431
574,안평면 신월리 613-1,안평면,안평면,5.3,VWorld UQ164·UO601,DATA_NOT_AVAILABLE,2053.0,108.0,1225.0,5.260594252313687,59.6687773989284,5.0,2025.0,pond_emd_population_context,,,,0,,pond_emd_population_context,63892.3456283653,6.38923456283653,8.148108766173783,,,,0,,pond_emd_population_context,189439.62380710713,18.943962380710712,6.039747970678934
575,안평면 신월리 1181,안평면,안평면,1.3,VWorld UQ164·UO601,DATA_NOT_AVAILABLE,2053.0,108.0,1225.0,5.260594252313687,59.6687773989284,5.0,2025.0,pond_emd_population_context,,,,0,,pond_emd_population_context,45376.20906417002,4.537620906417002,5.786769654726129,,,,0,,pond_emd_population_context,354288.01135720685,35.42880113572068,11.295473748456034
576,안평면 신월리 1150,안평면,안평면,5.8,VWorld UQ164·UO601,DATA_NOT_AVAILABLE,2053.0,108.0,1225.0,5.260594252313687,59.6687773989284,5.0,2025.0,pond_emd_population_context,,,,0,,pond_emd_population_context,12880.12620731712,1.288012620731712,1.6425859502749707,,,,0,,pond_emd_population_context,317439.1664893487,31.743916648934867,10.120652285343734
587,안평면 대사리 1159-1,안평면,안평면,5.0,VWorld UQ164·UO601,DATA_NOT_AVAILABLE,2053.0,108.0,1225.0,5.260594252313687,59.6687773989284,5.0,2025.0,pond_emd_population_context,,,,0,,pond_emd_population_context,72872.99105913096,7.287299105913096,9.293398942025984,,,,0,,pond_emd_population_context,225022.76223390008,22.50227622339001,7.174215954644322
588,안평면 대사리 319,안평면,안평면,4.8,VWorld UQ164·UO601,DATA_NOT_AVAILABLE,2053.0,108.0,1225.0,5.260594252313687,59.6687773989284,5.0,2025.0,pond_emd_population_context,,,,0,,pond_emd_population_context,82702.35029287764,8.270235029287765,10.546924498971666,,,,0,,pond_emd_population_context,236538.1217101428,23.65381217101428,7.541350705181479
589,안평면 대사리 1101,안평면,안평면,13.5,VWorld UQ164·UO601,DATA_NOT_AVAILABLE,2053.0,108.0,1225.0,5.260594252313687,59.6687773989284,5.0,2025.0,pond_emd_population_context,,,,0,,pond_emd_population_context,60461.06227692664,6.046106227692664,7.710521607960715,,,,0,,pond_emd_population_context,267827.0970076609,26.78270970076609,8.538911412176077
590,안평면 대사리 895,안평면,안평면,24.8,VWorld UQ164·UO601,DATA_NOT_AVAILABLE,2053.0,108.0,1225.0,5.260594252313687,59.6687773989284,5.0,2025.0,pond_emd_population_context,,,,0,,pond_emd_population_context,135857.2101665517,13.58572101665517,17.325695499501983,,,,0,,pond_emd_population_context,242986.60971863742,24.298660971863743,7.74694255328877
591,안평면 대사리 780,안평면,안평면,6.1,VWorld UQ164·UO601,DATA_NOT_AVAILABLE,2053.0,108.0,1225.0,5.260594252313687,59.6687773989284,5.0,2025.0,pond_emd_population_context,,,,0,,pond_emd_population_context,45919.138823825466,4.5919138823825465,5.85600878956392,,,,0,,pond_emd_population_context,238742.69423875847,23.874269423875848,7.611637280863655
592,안평면 도옥리 829유,안평면,안평면,3.2,VWorld UQ164·UO601,DATA_NOT_AVAILABLE,2053.0,108.0,1225.0,5.260594252313687,59.6687773989284,5.0,2025.0,pond_emd_population_context,,,,0,,pond_emd_population_context,173558.74729644076,17.355874729644075,22.133724100816853,,,,0,,pond_emd_population_context,496450.3884016753,49.64503884016753,15.827920081518322
593,안평면 도옥리 838,안평면,안평면,4.1,VWorld UQ164·UO601,DATA_NOT_AVAILABLE,2053.0,108.0,1225.0,5.260594252313687,59.6687773989284,5.0,2025.0,pond_emd_population_context,,,,0,,pond_emd_population_context,178439.20628800808,17.84392062880081,22.756122766901928,,,,0,,pond_emd_population_context,586376.0382104632,58.637603821046326,18.694945733436
594,안평면 도옥리 507유,안평면,안평면,38.5,VWorld UQ164·UO601,DATA_NOT_AVAILABLE,2053.0,108.0,1225.0,5.260594252313687,59.6687773989284,5.0,2025.0,pond_emd_population_context,,,,0,,pond_emd_population_context,203018.1993179966,20.30181993179966,25.89065017549439,,,,0,,pond_emd_population_context,488601.32663236937,48.86013266323694,15.577674890252688
595,안평면 도옥리 310답,안평면,안평면,4.0,VWorld UQ164·UO601,DATA_NOT_AVAILABLE,2053.0,108.0,1225.0,5.260594252313687,59.6687773989284,5.0,2025.0,pond_emd_population_context,,,,0,,pond_emd_population_context,0.0,0.0,0.0,,,,0,,pond_emd_population_context,244850.6123235174,24.48506123235174,7.806371017745748
596,안평면 마전리 459유,안평면,안평면,2.8,VWorld UQ164·UO601,DATA_NOT_AVAILABLE,2053.0,108.0,1225.0,5.260594252313687,59.6687773989284,5.0,2025.0,pond_emd_population_context,,,,0,,pond_emd_population_context,122667.3619121568,12.26673619121568,15.6436110944113,,,,0,,pond_emd_population_context,231592.01953691704,23.159201953691703,7.383658191001191
597,안평면 마전리 419유,안평면,안평면,13.3,VWorld UQ164·UO601,DATA_NOT_AVAILABLE,2053.0,108.0,1225.0,5.260594252313687,59.6687773989284,5.0,2025.0,pond_emd_population_context,,,,0,,pond_emd_population_context,213643.18913025325,21.364318913025325,27.245641478103895,,,,1,,pond_emd_population_context,764947.4688858301,76.49474688858301,24.388192026729783
598,안평면 마전리 616유,안평면,안평면,3.6,VWorld UQ164·UO601,DATA_NOT_AVAILABLE,2053.0,108.0,1225.0,5.260594252313687,59.6687773989284,5.0,2025.0,pond_emd_population_context,,,,0,,pond_emd_population_context,99272.17051668107,9.927217051668107,12.660052387636265,,,,0,,pond_emd_population_context,200375.5110139962,20.03755110139962,6.388407882676204
599,안평면 기도리 1235유,안평면,안평면,93.8,VWorld UQ164·UO601,DATA_NOT_AVAILABLE,2053.0,108.0,1225.0,5.260594252313687,59.6687773989284,5.0,2025.0,pond_emd_population_context,,,,0,,pond_emd_population_context,111187.32618815683,11.118732618815683,14.179576885011661,,,,0,,pond_emd_population_context,185538.14402123156,18.553814402123155,5.915360294300416
600,안평면 기도리 503유,안평면,안평면,2.4,VWorld UQ164·UO601,DATA_NOT_AVAILABLE,2053.0,108.0,1225.0,5.260594252313687,59.6687773989284,5.0,2025.0,pond_emd_population_context,,,,0,,pond_emd_population_context,287026.7295259201,28.70267295259201,36.60415012120095,,,,2,,pond_emd_population_context,796297.9170944112,79.62979170944112,25.387712624070353
601,안평면 기도리 1123유,안평면,안평면,1.3,VWorld UQ164·UO601,DATA_NOT_AVAILABLE,2053.0,108.0,1225.0,5.260594252313687,59.6687773989284,5.0,2025.0,pond_emd_population_context,,,,0,,pond_emd_population_context,99628.65497595152,9.962865497595152,12.705514392811054,,,,0,,pond_emd_population_context,207989.88631593343,20.798988631593343,6.631170758011569
602,안평면 금곡리 869-1유,안평면,안평면,8.5,VWorld UQ164·UO601,DATA_NOT_AVAILABLE,2053.0,108.0,1225.0,5.260594252313687,59.6687773989284,5.0,2025.0,pond_emd_population_context,,,,0,,pond_emd_population_context,0.0,0.0,0.0,,,,0,,pond_emd_population_context,31786.008269119917,3.1786008269119916,1.0134072010979067
603,안평면 금곡리 493-1,안평면,안평면,6.8,VWorld UQ164·UO601,DATA_NOT_AVAILABLE,2053.0,108.0,1225.0,5.260594252313687,59.6687773989284,5.0,2025.0,pond_emd_population_context,,,,0,,pond_emd_population_context,5619.290507340439,0.5619290507340439,0.7166209002383312,,,,0,,pond_emd_population_context,59848.37406515339,5.9848374065153385,1.9080965668328298
604,안평면 금곡리 379,안평면,안평면,4.2,VWorld UQ164·UO601,DATA_NOT_AVAILABLE,2053.0,108.0,1225.0,5.260594252313687,59.6687773989284,5.0,2025.0,pond_emd_population_context,,,,0,,pond_emd_population_context,11427.462798289005,1.1427462798289005,1.4573296517153664,,,,0,,pond_emd_population_context,215008.77220164,21.500877220164,6.854948133265378
605,안평면 금곡리 470,안평면,안평면,25.9,VWorld UQ164·UO601,DATA_NOT_AVAILABLE,2053.0,108.0,1225.0,5.260594252313687,59.6687773989284,5.0,2025.0,pond_emd_population_context,,,,0,,pond_emd_population_context,0.0,0.0,0.0,,,,0,,pond_emd_population_context,155490.7374985766,15.54907374985766,4.957383505061448
606,안평면 금곡리 306유,안평면,안평면,6.6,VWorld UQ164·UO601,DATA_NOT_AVAILABLE,2053.0,108.0,1225.0,5.260594252313687,59.6687773989284,5.0,2025.0,pond_emd_population_context,,,,0,,pond_emd_population_context,17156.591752737586,1.7156591752737587,2.1879581080223143,,,,0,,pond_emd_population_context,193901.4276154244,19.390142761542442,6.18199999776431
607,안평면 금곡리 148유,안평면,안평면,1.3,VWorld UQ164·UO601,DATA_NOT_AVAILABLE,2053.0,108.0,1225.0,5.260594252313687,59.6687773989284,5.0,2025.0,pond_emd_population_context,,,,0,,pond_emd_population_context,121039.61712395193,12.103961712395193,15.436026892463053,,,,0,,pond_emd_population_context,262083.37407835232,26.20833740783523,8.355789010382477
608,안평면 금곡리 626답,안평면,안평면,2.8,VWorld UQ164·UO601,DATA_NOT_AVAILABLE,2053.0,108.0,1225.0,5.260594252313687,59.6687773989284,5.0,2025.0,pond_emd_population_context,,,,0,,pond_emd_population_context,55395.92040350518,5.539592040350518,7.064570571183991,,,,0,,pond_emd_population_context,151531.56325479472,15.153156325479472,4.831156403656337
609,안평면 하령리 50-1,안평면,안평면,12.5,VWorld UQ164·UO601,DATA_NOT_AVAILABLE,2053.0,108.0,1225.0,5.260594252313687,59.6687773989284,5.0,2025.0,pond_emd_population_context,,,,0,,pond_emd_population_context,176570.64634950456,17.657064634950455,22.517827718171045,,,,0,,pond_emd_population_context,422165.53809443786,42.21655380944379,13.459557196928948
610,안평면 하령리 131유,안평면,안평면,3.8,VWorld UQ164·UO601,DATA_NOT_AVAILABLE,2053.0,108.0,1225.0,5.260594252313687,59.6687773989284,5.0,2025.0,pond_emd_population_context,,,,0,,pond_emd_population_context,135381.27140599323,13.538127140599324,17.264999640726895,,,,0,,pond_emd_population_context,479697.03577524633,47.96970357752463,15.29378669646381
611,안평면 삼춘리 131-2,안평면,안평면,5.4,VWorld UQ164·UO601,DATA_NOT_AVAILABLE,2053.0,108.0,1225.0,5.260594252313687,59.6687773989284,5.0,2025.0,pond_emd_population_context,,,,0,,pond_emd_population_context,0.0,0.0,0.0,,,,0,,pond_emd_population_context,0.0,0.0,0.0
612,안평면 삼춘리 468유,안평면,안평면,4.3,VWorld UQ164·UO601,DATA_NOT_AVAILABLE,2053.0,108.0,1225.0,5.260594252313687,59.6687773989284,5.0,2025.0,pond_emd_population_context,,,,0,,pond_emd_population_context,0.0,0.0,0.0,,,,0,,pond_emd_population_context,0.0,0.0,0.0
613,안평면 삼춘리 1077유,안평면,안평면,17.4,VWorld UQ164·UO601,DATA_NOT_AVAILABLE,2053.0,108.0,1225.0,5.260594252313687,59.6687773989284,5.0,2025.0,pond_emd_population_context,,,,0,,pond_emd_population_context,0.0,0.0,0.0,,,,0,,pond_emd_population_context,0.0,0.0,0.0
614,안평면 삼춘리 998유,안평면,안평면,49.2,VWorld UQ164·UO601,DATA_NOT_AVAILABLE,2053.0,108.0,1225.0,5.260594252313687,59.6687773989284,5.0,2025.0,pond_emd_population_context,,,,0,,pond_emd_population_context,0.0,0.0,0.0,,,,0,,pond_emd_population_context,44789.3732685962,4.47893732685962,1.4279828098815954
615,안평면 삼춘리 508유,안평면,안평면,2.0,VWorld UQ164·UO601,DATA_NOT_AVAILABLE,2053.0,108.0,1225.0,5.260594252313687,59.6687773989284,5.0,2025.0,pond_emd_population_context,,,,0,,pond_emd_population_context,0.0,0.0,0.0,,,,0,,pond_emd_population_context,0.0,0.0,0.0
616,안사면 중하리 502유,안사면,안사면,11.0,VWorld UQ164·UO601,DATA_NOT_AVAILABLE,833.0,62.0,478.0,7.44297719087635,57.38295318127251,-21.0,2025.0,pond_emd_population_context,,,,0,,pond_emd_population_context,56742.175129104166,5.674217512910417,7.236256707031319,,,,0,,pond_emd_population_context,106188.26620810748,10.618826620810749,3.3855132968030643
617,안사면 중하리 3유,안사면,안사면,11.8,VWorld UQ164·UO601,DATA_NOT_AVAILABLE,833.0,62.0,478.0,7.44297719087635,57.38295318127251,-21.0,2025.0,pond_emd_population_context,,,,0,,pond_emd_population_context,0.0,0.0,0.0,,,,0,,pond_emd_population_context,0.0,0.0,0.0
618,안사면 중하리 883유,안사면,안사면,27.0,VWorld UQ164·UO601,DATA_NOT_AVAILABLE,833.0,62.0,478.0,7.44297719087635,57.38295318127251,-21.0,2025.0,pond_emd_population_context,,,,0,,pond_emd_population_context,92998.82755322762,9.299882755322761,11.860021017821651,,,,0,,pond_emd_population_context,445435.17091890547,44.54351709189055,14.20144379280356
619,안사면 중하리 642유,안사면,안사면,13.2,VWorld UQ164·UO601,DATA_NOT_AVAILABLE,833.0,62.0,478.0,7.44297719087635,57.38295318127251,-21.0,2025.0,pond_emd_population_context,,,,0,,pond_emd_population_context,23671.196838481763,2.3671196838481765,3.0187573263835596,,,,0,,pond_emd_population_context,113156.96459995469,11.315696459995468,3.6076905854007717
620,안사면 중하리 1100유,안사면,안사면,9.4,VWorld UQ164·UO601,DATA_NOT_AVAILABLE,833.0,62.0,478.0,7.44297719087635,57.38295318127251,-21.0,2025.0,pond_emd_population_context,,,,0,,pond_emd_population_context,126072.13553784988,12.60721355378499,16.077817501352644,,,,0,,pond_emd_population_context,491455.73224471055,49.14557322447106,15.668679560543769
621,안사면 안사리 391유,안사면,안사면,7.0,VWorld UQ164·UO601,DATA_NOT_AVAILABLE,833.0,62.0,478.0,7.44297719087635,57.38295318127251,-21.0,2025.0,pond_emd_population_context,,,,0,,pond_emd_population_context,196948.84616022283,19.694884616022282,25.11663336356652,,,,0,,pond_emd_population_context,565832.7748539225,56.58327748539225,18.039981736594836
622,안사면 안사리 407유,안사면,안사면,4.0,VWorld UQ164·UO601,DATA_NOT_AVAILABLE,833.0,62.0,478.0,7.44297719087635,57.38295318127251,-21.0,2025.0,pond_emd_population_context,,,,0,,pond_emd_population_context,53507.69422164706,5.350769422164706,6.823767511700031,,,,0,,pond_emd_population_context,364668.5069550472,36.46685069550472,11.626426565832489
623,안사면 안사리 303유,안사면,안사면,31.7,VWorld UQ164·UO601,DATA_NOT_AVAILABLE,833.0,62.0,478.0,7.44297719087635,57.38295318127251,-21.0,2025.0,pond_emd_population_context,,,,0,,pond_emd_population_context,64456.65722382084,6.445665722382084,8.22007469906549,,,,0,,pond_emd_population_context,375649.94324868737,37.564994324868735,11.976538681960777
624,안사면 안사리 25유,안사면,안사면,4.5,VWorld UQ164·UO601,DATA_NOT_AVAILABLE,833.0,62.0,478.0,7.44297719087635,57.38295318127251,-21.0,2025.0,pond_emd_population_context,,,,0,,pond_emd_population_context,0.0,0.0,0.0,,,,0,,pond_emd_population_context,0.0,0.0,0.0
625,안사면 안사리 507유,안사면,안사면,8.0,VWorld UQ164·UO601,DATA_NOT_AVAILABLE,833.0,62.0,478.0,7.44297719087635,57.38295318127251,-21.0,2025.0,pond_emd_population_context,,,,0,,pond_emd_population_context,152991.59630612368,15.299159630612369,19.510821754201125,,,,0,,pond_emd_population_context,507311.60406187386,50.731160406187385,16.174199301907745
626,안사면 안사리 329 유,안사면,안사면,7.7,VWorld UQ164·UO601,DATA_NOT_AVAILABLE,833.0,62.0,478.0,7.44297719087635,57.38295318127251,-21.0,2025.0,pond_emd_population_context,,,,0,,pond_emd_population_context,46237.70449377318,4.623770449377318,5.896635060244311,,,,0,,pond_emd_population_context,107579.68044554848,10.757968044554849,3.4298746143989813
627,안사면 만리리 595-2답,안사면,안사면,2.1,VWorld UQ164·UO601,DATA_NOT_AVAILABLE,833.0,62.0,478.0,7.44297719087635,57.38295318127251,-21.0,2025.0,pond_emd_population_context,,,,0,,pond_emd_population_context,137388.2563435256,13.73882563435256,17.52094785177248,,,,0,,pond_emd_population_context,621760.7480633074,62.17607480633074,19.823087382114466
628,안사면 만리리 546유,안사면,안사면,5.1,VWorld UQ164·UO601,DATA_NOT_AVAILABLE,833.0,62.0,478.0,7.44297719087635,57.38295318127251,-21.0,2025.0,pond_emd_population_context,,,,0,,pond_emd_population_context,28772.689818646402,2.87726898186464,3.669344173109053,,,,0,,pond_emd_population_context,595684.4112621875,59.56844112621875,18.991716948030046
629,안사면 만리리 16임,안사면,안사면,15.0,VWorld UQ164·UO601,DATA_NOT_AVAILABLE,833.0,62.0,478.0,7.44297719087635,57.38295318127251,-21.0,2025.0,pond_emd_population_context,,,,0,,pond_emd_population_context,2342.1410092721467,0.23421410092721467,0.29869023435560094,,,,0,,pond_emd_population_context,278752.2120042348,27.87522120042348,8.887227882637287
630,안사면 만리리 1002-1유,안사면,안사면,13.8,VWorld UQ164·UO601,DATA_NOT_AVAILABLE,833.0,62.0,478.0,7.44297719087635,57.38295318127251,-21.0,2025.0,pond_emd_population_context,,,,0,,pond_emd_population_context,0.0,0.0,0.0,,,,0,,pond_emd_population_context,3304.095872771632,0.3304095872771632,0.10534177560878595
631,안사면 만리리 943유,안사면,안사면,21.0,VWorld UQ164·UO601,DATA_NOT_AVAILABLE,833.0,62.0,478.0,7.44297719087635,57.38295318127251,-21.0,2025.0,pond_emd_population_context,,,,0,,pond_emd_population_context,84067.77662524507,8.406777662524506,10.721055565203615,,,,0,,pond_emd_population_context,185040.08728629356,18.504008728629355,5.8994811603913035
632,안사면 만리리 580-1,안사면,안사면,25.0,VWorld UQ164·UO601,DATA_NOT_AVAILABLE,833.0,62.0,478.0,7.44297719087635,57.38295318127251,-21.0,2025.0,pond_emd_population_context,,,,0,,pond_emd_population_context,288582.8011791704,28.858280117917037,36.80259394031493,,,,0,,pond_emd_population_context,686949.4138171915,68.69494138171915,21.901444083768336
633,안사면 신수리 산120임,안사면,안사면,5.9,VWorld UQ164·UO601,DATA_NOT_AVAILABLE,833.0,62.0,478.0,7.44297719087635,57.38295318127251,-21.0,2025.0,pond_emd_population_context,,,,0,,pond_emd_population_context,0.0,0.0,0.0,,,,0,,pond_emd_population_context,0.0,0.0,0.0
634,안사면 신수리 33유,안사면,안사면,9.2,VWorld UQ164·UO601,DATA_NOT_AVAILABLE,833.0,62.0,478.0,7.44297719087635,57.38295318127251,-21.0,2025.0,pond_emd_population_context,,,,0,,pond_emd_population_context,39138.69737280047,3.913869737280047,4.991307801013934,,,,0,,pond_emd_population_context,90972.9532811282,9.09729532811282,2.900415968550661
635,안사면 신수리 84답,안사면,안사면,2.2,VWorld UQ164·UO601,DATA_NOT_AVAILABLE,833.0,62.0,478.0,7.44297719087635,57.38295318127251,-21.0,2025.0,pond_emd_population_context,,,,0,,pond_emd_population_context,69842.64255776747,6.984264255776747,8.90694249022905,,,,0,,pond_emd_population_context,136739.20053980252,13.673920053980252,4.35954364971426
636,안사면 월소리 251-3유,안사면,안사면,2.6,VWorld UQ164·UO601,DATA_NOT_AVAILABLE,833.0,62.0,478.0,7.44297719087635,57.38295318127251,-21.0,2025.0,pond_emd_population_context,,,,0,,pond_emd_population_context,211366.97630894583,21.136697630894584,26.955358980872518,,,,0,,pond_emd_population_context,724804.1674039438,72.48041674039439,23.1083361085801
637,안사면 월소리 136-1유,안사면,안사면,12.3,VWorld UQ164·UO601,DATA_NOT_AVAILABLE,833.0,62.0,478.0,7.44297719087635,57.38295318127251,-21.0,2025.0,pond_emd_population_context,,,,0,,pond_emd_population_context,321291.89093429106,32.129189093429105,40.973942140887836,,,,0,,pond_emd_population_context,697423.9501159295,69.74239501159295,22.23539512359157
638,안사면 월소리 1000유,안사면,안사면,16.5,VWorld UQ164·UO601,DATA_NOT_AVAILABLE,833.0,62.0,478.0,7.44297719087635,57.38295318127251,-21.0,2025.0,pond_emd_population_context,,,,0,,pond_emd_population_context,323849.5609388181,32.38495609388181,41.30011851115423,,,,0,,pond_emd_population_context,881059.2510093771,88.10592510093771,28.0900886329365
639,안사면 월소리 366유,안사면,안사면,15.0,VWorld UQ164·UO601,DATA_NOT_AVAILABLE,833.0,62.0,478.0,7.44297719087635,57.38295318127251,-21.0,2025.0,pond_emd_population_context,,,,0,,pond_emd_population_context,309708.20798309,30.970820798309003,39.4966899337415,,,,0,,pond_emd_population_context,841407.4372408913,84.14074372408913,26.825902413976294
640,안사면 월소리 541,안사면,안사면,7.2,VWorld UQ164·UO601,DATA_NOT_AVAILABLE,833.0,62.0,478.0,7.44297719087635,57.38295318127251,-21.0,2025.0,pond_emd_population_context,,,,0,,pond_emd_population_context,0.0,0.0,0.0,,,,0,,pond_emd_population_context,108854.6269329607,10.88546269329607,3.470522686356266
641,안사면 월소리 521구,안사면,안사면,15.0,VWorld UQ164·UO601,DATA_NOT_AVAILABLE,833.0,62.0,478.0,7.44297719087635,57.38295318127251,-21.0,2025.0,pond_emd_population_context,,,,0,,pond_emd_population_context,0.0,0.0,0.0,,,,0,,pond_emd_population_context,132677.4845711913,13.267748457119131,4.230047294696828
642,안사면 쌍호리 368유,안사면,안사면,10.0,VWorld UQ164·UO601,DATA_NOT_AVAILABLE,833.0,62.0,478.0,7.44297719087635,57.38295318127251,-21.0,2025.0,pond_emd_population_context,,,,0,,pond_emd_population_context,132532.81034840213,13.253281034840212,16.90173906099387,,,,0,,pond_emd_population_context,781749.1609914799,78.17491609914799,24.923866579707138
643,단촌면 후평리 188-01,단촌면,단촌면,35.0,VWorld UQ164·UO601,DATA_NOT_AVAILABLE,1820.0,122.0,1025.0,6.703296703296704,56.31868131868132,-6.0,2025.0,pond_emd_population_context,,,,0,,pond_emd_population_context,141493.04626921538,14.149304626921538,18.044426438258526,,,,0,,pond_emd_population_context,773274.7158146072,77.32747158146073,24.653682802781127
644,점곡면 동변리 524,점곡면,점곡면,798.5,VWorld UQ164·UO601,DATA_NOT_AVAILABLE,1476.0,101.0,880.0,6.842818428184281,59.62059620596206,-30.0,2025.0,pond_emd_population_context,,,,0,,pond_emd_population_context,74897.17640708563,7.489717640708563,9.551540699318235,,,,0,,pond_emd_population_context,214743.0464259251,21.47430464259251,6.846476216554515
645,점곡면 사촌리 496,점곡면,점곡면,6.7,VWorld UQ164·UO601,DATA_NOT_AVAILABLE,1476.0,101.0,880.0,6.842818428184281,59.62059620596206,-30.0,2025.0,pond_emd_population_context,,,,0,,pond_emd_population_context,96186.84795529171,9.618684795529171,12.266585164580212,,,,1,,pond_emd_population_context,1007305.2840133023,100.73052840133023,32.11508723839254
646,점곡면 송내리 66,점곡면,점곡면,20.5,VWorld UQ164·UO601,DATA_NOT_AVAILABLE,1476.0,101.0,880.0,6.842818428184281,59.62059620596206,-30.0,2025.0,pond_emd_population_context,,,,0,,pond_emd_population_context,190775.5950460885,19.07755950460885,24.329366578724315,,,,0,,pond_emd_population_context,862568.6741202027,86.25686741202027,27.500568753205386
647,점곡면 윤암리 112,점곡면,점곡면,4.0,VWorld UQ164·UO601,DATA_NOT_AVAILABLE,1476.0,101.0,880.0,6.842818428184281,59.62059620596206,-30.0,2025.0,pond_emd_population_context,,,,0,,pond_emd_population_context,148392.83161253907,14.839283161253906,18.924347200092225,,,,0,,pond_emd_population_context,1041361.4657968235,104.13614657968235,33.20087251753528
656,가음면 양지리 164,가음면,가음면,4703.87,VWorld UQ164·UO601,DATA_NOT_AVAILABLE,1396.0,85.0,797.0,6.088825214899714,57.09169054441261,-32.0,2025.0,pond_emd_population_context,,,,0,,pond_emd_population_context,265208.8289695428,26.52088289695428,33.821741289054366,,,,0,,pond_emd_population_context,746608.816933145,74.66088169331451,23.803515844998145
657,구천면 위성리 210,구천면,구천면,159.0,VWorld UQ164·UO601,DATA_NOT_AVAILABLE,1618.0,106.0,941.0,6.551297898640297,58.15822002472187,-64.0,2025.0,pond_emd_population_context,,,,0,,pond_emd_population_context,42705.126216022305,4.27051262160223,5.446129890195298,,,,0,,pond_emd_population_context,441440.16852880747,44.144016852880746,14.074074412029134
658,구천면 노연리 185,구천면,구천면,3597.0,VWorld UQ164·UO601,DATA_NOT_AVAILABLE,1618.0,106.0,941.0,6.551297898640297,58.15822002472187,-64.0,2025.0,pond_emd_population_context,,,,0,,pond_emd_population_context,361981.44653182174,36.198144653182176,46.163028899173405,,,,1,,pond_emd_population_context,1578945.5290884576,157.89455290884575,50.34022377934437
659,단밀면 위중리 1219,단밀면,단밀면,828.0,VWorld UQ164·UO601,DATA_NOT_AVAILABLE,1569.0,119.0,840.0,7.58444869343531,53.53728489483748,-37.0,2025.0,pond_emd_population_context,,,,0,,pond_emd_population_context,296715.4341090168,29.67154341090168,37.839738171224745,,,,0,,pond_emd_population_context,998718.9833207731,99.87189833207731,31.841337263909132
660,단북면 노연리 396,단북면,단북면,8.0,VWorld UQ164·UO601,DATA_NOT_AVAILABLE,1631.0,117.0,902.0,7.173513182096873,55.30349478847333,-39.0,2025.0,pond_emd_population_context,,,,2,,pond_emd_population_context,0.0,0.0,0.0,,,,3,,pond_emd_population_context,490945.6078383303,49.09456078383303,15.65241568297523
661,단북면 정안리 478,단북면,단북면,49.0,VWorld UQ164·UO601,DATA_NOT_AVAILABLE,1631.0,117.0,902.0,7.173513182096873,55.30349478847333,-39.0,2025.0,pond_emd_population_context,,,,0,,pond_emd_population_context,479686.7568214719,47.96867568214719,61.173835924084344,,,,0,,pond_emd_population_context,1672857.5616255766,167.28575616255765,53.33434399843826
662,단북면 정안리 935-01,단북면,단북면,20.0,VWorld UQ164·UO601,DATA_NOT_AVAILABLE,1631.0,117.0,902.0,7.173513182096873,55.30349478847333,-39.0,2025.0,pond_emd_population_context,,,,0,,pond_emd_population_context,559299.447561327,55.9299447561327,71.32674010902798,,,,0,,pond_emd_population_context,1912788.5508216028,191.27885508216028,60.98386671167605
666,단북면 효제리 485,단북면,단북면,6.0,VWorld UQ164·UO601,DATA_NOT_AVAILABLE,1631.0,117.0,902.0,7.173513182096873,55.30349478847333,-39.0,2025.0,pond_emd_population_context,,,,1,,pond_emd_population_context,631044.8882439598,63.10448882439597,80.47634399991456,,,,1,,pond_emd_population_context,2066457.3738619008,206.64573738619006,65.88316361409863
667,단북면 성암리 843,단북면,단북면,8.0,VWorld UQ164·UO601,DATA_NOT_AVAILABLE,1631.0,117.0,902.0,7.173513182096873,55.30349478847333,-39.0,2025.0,pond_emd_population_context,,,,0,,pond_emd_population_context,353805.2312167929,35.38052312167929,45.120326662664276,,,,1,,pond_emd_population_context,1955823.9999387786,195.58239999387786,62.35593059804325
668,안계면 용기리 169,안계면,안계면,32.0,VWorld UQ164·UO601,DATA_NOT_AVAILABLE,4208.0,575.0,1772.0,13.66444866920152,42.11026615969582,-43.0,2025.0,pond_emd_population_context,,,,0,,pond_emd_population_context,800.287240940138,0.08002872409401379,0.10205960384191022,,,,0,,pond_emd_population_context,195682.86872750075,19.568286872750075,6.238796221940211
669,안계면 봉양리 851,안계면,안계면,1271.0,VWorld UQ164·UO601,DATA_NOT_AVAILABLE,4208.0,575.0,1772.0,13.66444866920152,42.11026615969582,-43.0,2025.0,pond_emd_population_context,,,,0,,pond_emd_population_context,372444.04767770634,37.24440476777063,47.49731098375405,,,,0,,pond_emd_population_context,1287849.6372743696,128.78496372743695,41.05945248913475
670,안계면 시안리 357,안계면,안계면,20.0,VWorld UQ164·UO601,DATA_NOT_AVAILABLE,4208.0,575.0,1772.0,13.66444866920152,42.11026615969582,-43.0,2025.0,pond_emd_population_context,,,,0,,pond_emd_population_context,225.32042467180148,0.022532042467180147,0.028734824326925836,,,,2,,pond_emd_population_context,616975.5364996376,61.697553649963766,19.670524411126035
671,안계면 시안리 185,안계면,안계면,23.9,VWorld UQ164·UO601,DATA_NOT_AVAILABLE,4208.0,575.0,1772.0,13.66444866920152,42.11026615969582,-43.0,2025.0,pond_emd_population_context,,,,0,,pond_emd_population_context,489761.3515345778,48.976135153457776,62.45863604669969,,,,0,,pond_emd_population_context,1773015.6518915987,177.30156518915987,56.52760214725744
672,안계면 양곡리 413,안계면,안계면,32.0,VWorld UQ164·UO601,DATA_NOT_AVAILABLE,4208.0,575.0,1772.0,13.66444866920152,42.11026615969582,-43.0,2025.0,pond_emd_population_context,,,,0,,pond_emd_population_context,267585.0592587527,26.75850592587527,34.12477888549163,,,,0,,pond_emd_population_context,1243400.9699935312,124.34009699935312,39.64233212849584
673,안계면 시안리 295,안계면,안계면,23.0,VWorld UQ164·UO601,DATA_NOT_AVAILABLE,4208.0,575.0,1772.0,13.66444866920152,42.11026615969582,-43.0,2025.0,pond_emd_population_context,,,,0,,pond_emd_population_context,198776.55387172586,19.877655387172585,25.349718580264053,,,,0,,pond_emd_population_context,936883.2946790542,93.68832946790542,29.869880778281626
674,다인면 산내리 167,다인면,다인면,27.0,VWorld UQ164·UO601,DATA_NOT_AVAILABLE,3543.0,296.0,1983.0,8.354501834603443,55.96951735817104,-53.0,2025.0,pond_emd_population_context,,,,0,,pond_emd_population_context,316843.10766499076,31.684310766499078,40.40659452516186,,,,0,,pond_emd_population_context,1211805.1565997018,121.18051565997018,38.6349887544315
675,다인면 가원리 1279-1,다인면,다인면,18.0,VWorld UQ164·UO601,DATA_NOT_AVAILABLE,3543.0,296.0,1983.0,8.354501834603443,55.96951735817104,-53.0,2025.0,pond_emd_population_context,,,,0,,pond_emd_population_context,243155.26300416558,24.315526300416558,31.009278350017965,,,,0,,pond_emd_population_context,1162541.5402749844,116.25415402749844,37.064357327141074
676,다인면 송호리 24,다인면,다인면,9.1,VWorld UQ164·UO601,DATA_NOT_AVAILABLE,3543.0,296.0,1983.0,8.354501834603443,55.96951735817104,-53.0,2025.0,pond_emd_population_context,,,,0,,pond_emd_population_context,170517.71712679334,17.051771712679333,21.74590542958462,,,,0,,pond_emd_population_context,703469.9834150913,70.34699834150913,22.428155838670122
677,다인면 도암리 999,다인면,다인면,15.0,VWorld UQ164·UO601,DATA_NOT_AVAILABLE,3543.0,296.0,1983.0,8.354501834603443,55.96951735817104,-53.0,2025.0,pond_emd_population_context,,,,1,,pond_emd_population_context,479751.55803091126,47.97515580309113,61.182099939084864,,,,2,,pond_emd_population_context,1331484.7661619466,133.14847661619467,42.45063547320468
678,다인면 도암리 539-01,다인면,다인면,21.0,VWorld UQ164·UO601,DATA_NOT_AVAILABLE,3543.0,296.0,1983.0,8.354501834603443,55.96951735817104,-53.0,2025.0,pond_emd_population_context,,,,0,,pond_emd_population_context,628697.5777830533,62.86975777830533,80.17699451203237,,,,1,,pond_emd_population_context,1976616.4746666148,197.6616474666615,63.0188399963997
679,다인면 도암리 61,다인면,다인면,615.0,VWorld UQ164·UO601,DATA_NOT_AVAILABLE,3543.0,296.0,1983.0,8.354501834603443,55.96951735817104,-53.0,2025.0,pond_emd_population_context,,,,0,,pond_emd_population_context,544489.9267589552,54.448992675895525,69.43810094441628,,,,0,,pond_emd_population_context,1948665.5194760857,194.86655194760857,62.127702643517125
680,다인면 덕지리 521,다인면,다인면,3.3,VWorld UQ164·UO601,DATA_NOT_AVAILABLE,3543.0,296.0,1983.0,8.354501834603443,55.96951735817104,-53.0,2025.0,pond_emd_population_context,,,,0,,pond_emd_population_context,154019.27784404362,15.401927784404362,19.64188066064144,,,,0,,pond_emd_population_context,756979.1259729352,75.69791259729352,24.13414389270881
681,다인면 삼분리 650,다인면,다인면,97.5,VWorld UQ164·UO601,DATA_NOT_AVAILABLE,3543.0,296.0,1983.0,8.354501834603443,55.96951735817104,-53.0,2025.0,pond_emd_population_context,,,,0,,pond_emd_population_context,581119.5960648956,58.11195960648956,74.10943561899231,,,,0,,pond_emd_population_context,2288763.107503157,228.87631075031572,72.97075477716606
682,다인면 삼분리 1073,다인면,다인면,25.0,VWorld UQ164·UO601,DATA_NOT_AVAILABLE,3543.0,296.0,1983.0,8.354501834603443,55.96951735817104,-53.0,2025.0,pond_emd_population_context,,,,0,,pond_emd_population_context,608435.4532059231,60.843545320592305,77.59299179207395,,,,0,,pond_emd_population_context,2469297.134044094,246.9297134044094,78.7265729028892
683,다인면 삼분리 1814,다인면,다인면,35.0,VWorld UQ164·UO601,DATA_NOT_AVAILABLE,3543.0,296.0,1983.0,8.354501834603443,55.96951735817104,-53.0,2025.0,pond_emd_population_context,,,,0,,pond_emd_population_context,647188.0141524909,64.71880141524909,82.53505611065532,,,,0,,pond_emd_population_context,2127119.8667348674,212.71198667348673,67.81721606238101
684,다인면 삼분리 1351,다인면,다인면,9.8,VWorld UQ164·UO601,DATA_NOT_AVAILABLE,3543.0,296.0,1983.0,8.354501834603443,55.96951735817104,-53.0,2025.0,pond_emd_population_context,,,,0,,pond_emd_population_context,234520.1983089765,23.45201983089765,29.908059641464067,,,,0,,pond_emd_population_context,1423075.188547915,142.3075188547915,45.370737702200586
685,다인면 삼분리 1310-01,다인면,다인면,35.0,VWorld UQ164·UO601,DATA_NOT_AVAILABLE,3543.0,296.0,1983.0,8.354501834603443,55.96951735817104,-53.0,2025.0,pond_emd_population_context,,,,0,,pond_emd_population_context,328113.97120502533,32.811397120502534,41.843953274628916,,,,0,,pond_emd_population_context,1364054.3832919942,136.40543832919943,43.4890258321683
686,다인면 외정리 496,다인면,다인면,38.0,VWorld UQ164·UO601,DATA_NOT_AVAILABLE,3543.0,296.0,1983.0,8.354501834603443,55.96951735817104,-53.0,2025.0,pond_emd_population_context,,,,0,,pond_emd_population_context,468590.805295482,46.8590805295482,59.75878347908819,,,,0,,pond_emd_population_context,1676361.732560675,167.63617325606748,53.446064602970935
687,다인면 외정리 107-01,다인면,다인면,9.0,VWorld UQ164·UO601,DATA_NOT_AVAILABLE,3543.0,296.0,1983.0,8.354501834603443,55.96951735817104,-53.0,2025.0,pond_emd_population_context,,,,0,,pond_emd_population_context,167234.71763475335,16.723471763475334,21.327228721485188,,,,0,,pond_emd_population_context,743663.6728879721,74.3663672887972,23.70961823576143
688,다인면 외정리 232,다인면,다인면,12.0,VWorld UQ164·UO601,DATA_NOT_AVAILABLE,3543.0,296.0,1983.0,8.354501834603443,55.96951735817104,-53.0,2025.0,pond_emd_population_context,,,,0,,pond_emd_population_context,279631.74456720776,27.963174456720775,35.66107718851687,,,,0,,pond_emd_population_context,1103280.4293365753,110.32804293365753,35.174983988356985
689,다인면 달제리 484,다인면,다인면,53.0,VWorld UQ164·UO601,DATA_NOT_AVAILABLE,3543.0,296.0,1983.0,8.354501834603443,55.96951735817104,-53.0,2025.0,pond_emd_population_context,,,,0,,pond_emd_population_context,271681.42540495115,27.168142540495115,34.64718319819977,,,,0,,pond_emd_population_context,594947.2310357224,59.49472310357224,18.968214036192812
690,다인면 외정리 295,다인면,다인면,9.0,VWorld UQ164·UO601,DATA_NOT_AVAILABLE,3543.0,296.0,1983.0,8.354501834603443,55.96951735817104,-53.0,2025.0,pond_emd_population_context,,,,0,,pond_emd_population_context,247678.04472625116,24.767804472625116,31.586062893374212,,,,0,,pond_emd_population_context,862789.7973211478,86.27897973211478,27.50761864264952
691,다인면 신락리 137,다인면,다인면,41.0,VWorld UQ164·UO601,DATA_NOT_AVAILABLE,3543.0,296.0,1983.0,8.354501834603443,55.96951735817104,-53.0,2025.0,pond_emd_population_context,,,,0,,pond_emd_population_context,622295.5354368477,62.22955354368477,79.36055027525396,,,,0,,pond_emd_population_context,2089473.122315414,208.9473122315414,66.616955823047
692,다인면 신락리 63,다인면,다인면,3.2,VWorld UQ164·UO601,DATA_NOT_AVAILABLE,3543.0,296.0,1983.0,8.354501834603443,55.96951735817104,-53.0,2025.0,pond_emd_population_context,,,,0,,pond_emd_population_context,237598.02906135286,23.759802906135285,30.300571443740164,,,,0,,pond_emd_population_context,1890783.6925889046,189.07836925889046,60.28230388556243
693,안평면 삼춘리 147-1,안평면,안평면,223.0,VWorld UQ164·UO601,DATA_NOT_AVAILABLE,2053.0,108.0,1225.0,5.260594252313687,59.6687773989284,5.0,2025.0,pond_emd_population_context,,,,0,,pond_emd_population_context,0.0,0.0,0.0,,,,0,,pond_emd_population_context,0.0,0.0,0.0
695,안사면 중하리 126,안사면,안사면,913.2,VWorld UQ164·UO601,DATA_NOT_AVAILABLE,833.0,62.0,478.0,7.44297719087635,57.38295318127251,-21.0,2025.0,pond_emd_population_context,,,,0,,pond_emd_population_context,0.0,0.0,0.0,,,,0,,pond_emd_population_context,46242.802130550896,4.62428021305509,1.4743212888286155
696,비안면 현산리 250-1,비안면,비안면,372.87,VWorld UQ164·UO601,DATA_NOT_AVAILABLE,2465.0,177.0,1366.0,7.18052738336714,55.41582150101419,-74.0,2025.0,pond_emd_population_context,,,,0,,pond_emd_population_context,96674.43071430884,9.667443071430883,12.328765967521633,,,,0,,pond_emd_population_context,291779.4282637714,29.17794282637714,9.302563921560418
