pond_id,address,region,emd_name,capacity,facility_source,road_source,sgis_drive_population_5min,sgis_drive_population_5min_status,sgis_drive_population_10min,sgis_drive_population_10min_status,emd_total_population,emd_youth_population,emd_elderly_population,emd_youth_ratio,emd_elderly_ratio,emd_population_change,emd_year,population_context_method,population_500m,official_population_500m,youth_population_500m,official_youth_population_500m,elderly_population_500m,official_elderly_population_500m,facility_count_500m,road_length_500m,population_context_method_500m,agricultural_area_500m,agricultural_area_ha_500m,agricultural_ratio_500m,population_1000m,official_population_1km,youth_population_1000m,official_youth_population_1km,elderly_population_1000m,official_elderly_population_1km,population_1km,youth_population_1km,elderly_population_1km,facility_count_1000m,road_length_1000m,population_context_method_1000m,agricultural_area_1000m,agricultural_area_ha_1000m,agricultural_ratio_1000m,sgis_population_5min,sgis_population_10min,coordinate_correction_applied,coordinate_group_id,coordinate_group_size,coordinate_quality,coordinate_source,coordinate_validation,sgis_analysis_eligible,sgis_area_5min_m2,sgis_area_10min_m2,sgis_status_5min,sgis_status_10min,classification_type,classification_label,accessibility_class,sgis_has_5min,sgis_has_10min,sgis_has_both,sgis_coverage_class,sgis_population_gain_5_to_10,sgis_population_ratio_10_to_5,sgis_population_density_10min_per_km2,sgis_population_5min_rank_pct,sgis_population_10min_rank_pct,sgis_population_gain_5_to_10_rank_pct,sgis_population_density_10min_per_km2_rank_pct
1,의성읍 중리리 82유,의성읍,의성읍,12.4,VWorld UQ164·UO601,VWorld UQ151,5167.0,AVAILABLE,9241.0,AVAILABLE,12086.0,1873.0,4338.0,15.497269568095318,35.89276849247063,-210.0,2025.0,pond_emd_population_context,,,,,,,7,24138.403795949944,pond_emd_population_context,0.0,0.0,0.0,,,,,,,,,,13,55099.25849758279,pond_emd_population_context,38793.79215564476,3.8793792155644753,1.236830620428024,5167.0,9241.0,False,352275_318212,41,DUPLICATED_COORDINATE,시군구 좌표,UNVERIFIED_ADMIN_POINT,False,840313.0,3809063.0,AVAILABLE,AVAILABLE,A_CULTURE_TOURISM,문화·관광형,0–100m,True,True,True,BOTH,4074.0,1.7884652603057867,2426.0559617942786,0.9090909090909091,0.9148936170212766,0.9090909090909091,0.9148936170212766
2,의성읍 중리리 237-1유,의성읍,의성읍,4.3,VWorld UQ164·UO601,VWorld UQ151,5167.0,AVAILABLE,9241.0,AVAILABLE,12086.0,1873.0,4338.0,15.497269568095318,35.89276849247063,-210.0,2025.0,pond_emd_population_context,,,,,,,7,24138.403795949944,pond_emd_population_context,0.0,0.0,0.0,,,,,,,,,,13,55099.25849758279,pond_emd_population_context,38793.79215564476,3.8793792155644753,1.236830620428024,5167.0,9241.0,False,352275_318212,41,DUPLICATED_COORDINATE,시군구 좌표,UNVERIFIED_ADMIN_POINT,False,840313.0,3809063.0,AVAILABLE,AVAILABLE,A_CULTURE_TOURISM,문화·관광형,0–100m,True,True,True,BOTH,4074.0,1.7884652603057867,2426.0559617942786,0.9090909090909091,0.9148936170212766,0.9090909090909091,0.9148936170212766
3,의성읍 중리리 산 46-2 임,의성읍,의성읍,2.2,VWorld UQ164·UO601,VWorld UQ151,5167.0,AVAILABLE,9241.0,AVAILABLE,12086.0,1873.0,4338.0,15.497269568095318,35.89276849247063,-210.0,2025.0,pond_emd_population_context,,,,,,,7,24138.403795949944,pond_emd_population_context,0.0,0.0,0.0,,,,,,,,,,13,55099.25849758279,pond_emd_population_context,38793.79215564476,3.8793792155644753,1.236830620428024,5167.0,9241.0,False,352275_318212,41,DUPLICATED_COORDINATE,시군구 좌표,UNVERIFIED_ADMIN_POINT,False,840313.0,3809063.0,AVAILABLE,AVAILABLE,A_CULTURE_TOURISM,문화·관광형,0–100m,True,True,True,BOTH,4074.0,1.7884652603057867,2426.0559617942786,0.9090909090909091,0.9148936170212766,0.9090909090909091,0.9148936170212766
4,의성읍 중리리 산60-5구,의성읍,의성읍,2.0,VWorld UQ164·UO601,VWorld UQ151,5167.0,AVAILABLE,9241.0,AVAILABLE,12086.0,1873.0,4338.0,15.497269568095318,35.89276849247063,-210.0,2025.0,pond_emd_population_context,,,,,,,7,24138.403795949944,pond_emd_population_context,0.0,0.0,0.0,,,,,,,,,,13,55099.25849758279,pond_emd_population_context,38793.79215564476,3.8793792155644753,1.236830620428024,5167.0,9241.0,False,352275_318212,41,DUPLICATED_COORDINATE,시군구 좌표,UNVERIFIED_ADMIN_POINT,False,840313.0,3809063.0,AVAILABLE,AVAILABLE,A_CULTURE_TOURISM,문화·관광형,0–100m,True,True,True,BOTH,4074.0,1.7884652603057867,2426.0559617942786,0.9090909090909091,0.9148936170212766,0.9090909090909091,0.9148936170212766
5,의성읍 상리리 43유,의성읍,의성읍,9.3,VWorld UQ164·UO601,VWorld UQ151,5167.0,AVAILABLE,9241.0,AVAILABLE,12086.0,1873.0,4338.0,15.497269568095318,35.89276849247063,-210.0,2025.0,pond_emd_population_context,,,,,,,7,24138.403795949944,pond_emd_population_context,0.0,0.0,0.0,,,,,,,,,,13,55099.25849758279,pond_emd_population_context,38793.79215564476,3.8793792155644753,1.236830620428024,5167.0,9241.0,False,352275_318212,41,DUPLICATED_COORDINATE,시군구 좌표,UNVERIFIED_ADMIN_POINT,False,840313.0,3809063.0,AVAILABLE,AVAILABLE,A_CULTURE_TOURISM,문화·관광형,0–100m,True,True,True,BOTH,4074.0,1.7884652603057867,2426.0559617942786,0.9090909090909091,0.9148936170212766,0.9090909090909091,0.9148936170212766
6,의성읍 상리리 50-3유,의성읍,의성읍,1.1,VWorld UQ164·UO601,VWorld UQ151,5167.0,AVAILABLE,9241.0,AVAILABLE,12086.0,1873.0,4338.0,15.497269568095318,35.89276849247063,-210.0,2025.0,pond_emd_population_context,,,,,,,7,24138.403795949944,pond_emd_population_context,0.0,0.0,0.0,,,,,,,,,,13,55099.25849758279,pond_emd_population_context,38793.79215564476,3.8793792155644753,1.236830620428024,5167.0,9241.0,False,352275_318212,41,DUPLICATED_COORDINATE,시군구 좌표,UNVERIFIED_ADMIN_POINT,False,840313.0,3809063.0,AVAILABLE,AVAILABLE,A_CULTURE_TOURISM,문화·관광형,0–100m,True,True,True,BOTH,4074.0,1.7884652603057867,2426.0559617942786,0.9090909090909091,0.9148936170212766,0.9090909090909091,0.9148936170212766
7,의성읍 상리리 16-1유,의성읍,의성읍,15.6,VWorld UQ164·UO601,VWorld UQ151,5167.0,AVAILABLE,9241.0,AVAILABLE,12086.0,1873.0,4338.0,15.497269568095318,35.89276849247063,-210.0,2025.0,pond_emd_population_context,,,,,,,7,24138.403795949944,pond_emd_population_context,0.0,0.0,0.0,,,,,,,,,,13,55099.25849758279,pond_emd_population_context,38793.79215564476,3.8793792155644753,1.236830620428024,5167.0,9241.0,False,352275_318212,41,DUPLICATED_COORDINATE,시군구 좌표,UNVERIFIED_ADMIN_POINT,False,840313.0,3809063.0,AVAILABLE,AVAILABLE,A_CULTURE_TOURISM,문화·관광형,0–100m,True,True,True,BOTH,4074.0,1.7884652603057867,2426.0559617942786,0.9090909090909091,0.9148936170212766,0.9090909090909091,0.9148936170212766
8,의성읍 상리리 296답,의성읍,의성읍,1.0,VWorld UQ164·UO601,VWorld UQ151,5167.0,AVAILABLE,9241.0,AVAILABLE,12086.0,1873.0,4338.0,15.497269568095318,35.89276849247063,-210.0,2025.0,pond_emd_population_context,,,,,,,7,24138.403795949944,pond_emd_population_context,0.0,0.0,0.0,,,,,,,,,,13,55099.25849758279,pond_emd_population_context,38793.79215564476,3.8793792155644753,1.236830620428024,5167.0,9241.0,False,352275_318212,41,DUPLICATED_COORDINATE,시군구 좌표,UNVERIFIED_ADMIN_POINT,False,840313.0,3809063.0,AVAILABLE,AVAILABLE,A_CULTURE_TOURISM,문화·관광형,0–100m,True,True,True,BOTH,4074.0,1.7884652603057867,2426.0559617942786,0.9090909090909091,0.9148936170212766,0.9090909090909091,0.9148936170212766
9,의성읍 도동리 27유,의성읍,의성읍,13.5,VWorld UQ164·UO601,VWorld UQ151,5167.0,AVAILABLE,9241.0,AVAILABLE,12086.0,1873.0,4338.0,15.497269568095318,35.89276849247063,-210.0,2025.0,pond_emd_population_context,,,,,,,7,24138.403795949944,pond_emd_population_context,0.0,0.0,0.0,,,,,,,,,,13,55099.25849758279,pond_emd_population_context,38793.79215564476,3.8793792155644753,1.236830620428024,5167.0,9241.0,False,352275_318212,41,DUPLICATED_COORDINATE,시군구 좌표,UNVERIFIED_ADMIN_POINT,False,840313.0,3809063.0,AVAILABLE,AVAILABLE,A_CULTURE_TOURISM,문화·관광형,0–100m,True,True,True,BOTH,4074.0,1.7884652603057867,2426.0559617942786,0.9090909090909091,0.9148936170212766,0.9090909090909091,0.9148936170212766
10,의성읍 오로리 716-1유,의성읍,의성읍,165.0,VWorld UQ164·UO601,VWorld UQ151,5167.0,AVAILABLE,9241.0,AVAILABLE,12086.0,1873.0,4338.0,15.497269568095318,35.89276849247063,-210.0,2025.0,pond_emd_population_context,,,,,,,7,24138.403795949944,pond_emd_population_context,0.0,0.0,0.0,,,,,,,,,,13,55099.25849758279,pond_emd_population_context,38793.79215564476,3.8793792155644753,1.236830620428024,5167.0,9241.0,False,352275_318212,41,DUPLICATED_COORDINATE,시군구 좌표,UNVERIFIED_ADMIN_POINT,False,840313.0,3809063.0,AVAILABLE,AVAILABLE,A_CULTURE_TOURISM,문화·관광형,0–100m,True,True,True,BOTH,4074.0,1.7884652603057867,2426.0559617942786,0.9090909090909091,0.9148936170212766,0.9090909090909091,0.9148936170212766
11,의성읍 오로리 895유,의성읍,의성읍,15.0,VWorld UQ164·UO601,VWorld UQ151,5167.0,AVAILABLE,9241.0,AVAILABLE,12086.0,1873.0,4338.0,15.497269568095318,35.89276849247063,-210.0,2025.0,pond_emd_population_context,,,,,,,7,24138.403795949944,pond_emd_population_context,0.0,0.0,0.0,,,,,,,,,,13,55099.25849758279,pond_emd_population_context,38793.79215564476,3.8793792155644753,1.236830620428024,5167.0,9241.0,False,352275_318212,41,DUPLICATED_COORDINATE,시군구 좌표,UNVERIFIED_ADMIN_POINT,False,840313.0,3809063.0,AVAILABLE,AVAILABLE,A_CULTURE_TOURISM,문화·관광형,0–100m,True,True,True,BOTH,4074.0,1.7884652603057867,2426.0559617942786,0.9090909090909091,0.9148936170212766,0.9090909090909091,0.9148936170212766
12,의성읍 비봉리 570-1유,의성읍,의성읍,40.0,VWorld UQ164·UO601,VWorld UQ151,5167.0,AVAILABLE,9241.0,AVAILABLE,12086.0,1873.0,4338.0,15.497269568095318,35.89276849247063,-210.0,2025.0,pond_emd_population_context,,,,,,,7,24138.403795949944,pond_emd_population_context,0.0,0.0,0.0,,,,,,,,,,13,55099.25849758279,pond_emd_population_context,38793.79215564476,3.8793792155644753,1.236830620428024,5167.0,9241.0,False,352275_318212,41,DUPLICATED_COORDINATE,시군구 좌표,UNVERIFIED_ADMIN_POINT,False,840313.0,3809063.0,AVAILABLE,AVAILABLE,A_CULTURE_TOURISM,문화·관광형,0–100m,True,True,True,BOTH,4074.0,1.7884652603057867,2426.0559617942786,0.9090909090909091,0.9148936170212766,0.9090909090909091,0.9148936170212766
13,의성읍 비봉리 1009유,의성읍,의성읍,19.0,VWorld UQ164·UO601,VWorld UQ151,5167.0,AVAILABLE,9241.0,AVAILABLE,12086.0,1873.0,4338.0,15.497269568095318,35.89276849247063,-210.0,2025.0,pond_emd_population_context,,,,,,,7,24138.403795949944,pond_emd_population_context,0.0,0.0,0.0,,,,,,,,,,13,55099.25849758279,pond_emd_population_context,38793.79215564476,3.8793792155644753,1.236830620428024,5167.0,9241.0,False,352275_318212,41,DUPLICATED_COORDINATE,시군구 좌표,UNVERIFIED_ADMIN_POINT,False,840313.0,3809063.0,AVAILABLE,AVAILABLE,A_CULTURE_TOURISM,문화·관광형,0–100m,True,True,True,BOTH,4074.0,1.7884652603057867,2426.0559617942786,0.9090909090909091,0.9148936170212766,0.9090909090909091,0.9148936170212766
14,의성읍 비봉리 105-1유,의성읍,의성읍,9.9,VWorld UQ164·UO601,VWorld UQ151,5167.0,AVAILABLE,9241.0,AVAILABLE,12086.0,1873.0,4338.0,15.497269568095318,35.89276849247063,-210.0,2025.0,pond_emd_population_context,,,,,,,7,24138.403795949944,pond_emd_population_context,0.0,0.0,0.0,,,,,,,,,,13,55099.25849758279,pond_emd_population_context,38793.79215564476,3.8793792155644753,1.236830620428024,5167.0,9241.0,False,352275_318212,41,DUPLICATED_COORDINATE,시군구 좌표,UNVERIFIED_ADMIN_POINT,False,840313.0,3809063.0,AVAILABLE,AVAILABLE,A_CULTURE_TOURISM,문화·관광형,0–100m,True,True,True,BOTH,4074.0,1.7884652603057867,2426.0559617942786,0.9090909090909091,0.9148936170212766,0.9090909090909091,0.9148936170212766
15,의성읍 비봉리 360유,의성읍,의성읍,7.0,VWorld UQ164·UO601,VWorld UQ151,5167.0,AVAILABLE,9241.0,AVAILABLE,12086.0,1873.0,4338.0,15.497269568095318,35.89276849247063,-210.0,2025.0,pond_emd_population_context,,,,,,,7,24138.403795949944,pond_emd_population_context,0.0,0.0,0.0,,,,,,,,,,13,55099.25849758279,pond_emd_population_context,38793.79215564476,3.8793792155644753,1.236830620428024,5167.0,9241.0,False,352275_318212,41,DUPLICATED_COORDINATE,시군구 좌표,UNVERIFIED_ADMIN_POINT,False,840313.0,3809063.0,AVAILABLE,AVAILABLE,A_CULTURE_TOURISM,문화·관광형,0–100m,True,True,True,BOTH,4074.0,1.7884652603057867,2426.0559617942786,0.9090909090909091,0.9148936170212766,0.9090909090909091,0.9148936170212766
16,의성읍 비봉리 697유,의성읍,의성읍,0.44,VWorld UQ164·UO601,VWorld UQ151,5167.0,AVAILABLE,9241.0,AVAILABLE,12086.0,1873.0,4338.0,15.497269568095318,35.89276849247063,-210.0,2025.0,pond_emd_population_context,,,,,,,7,24138.403795949944,pond_emd_population_context,0.0,0.0,0.0,,,,,,,,,,13,55099.25849758279,pond_emd_population_context,38793.79215564476,3.8793792155644753,1.236830620428024,5167.0,9241.0,False,352275_318212,41,DUPLICATED_COORDINATE,시군구 좌표,UNVERIFIED_ADMIN_POINT,False,840313.0,3809063.0,AVAILABLE,AVAILABLE,A_CULTURE_TOURISM,문화·관광형,0–100m,True,True,True,BOTH,4074.0,1.7884652603057867,2426.0559617942786,0.9090909090909091,0.9148936170212766,0.9090909090909091,0.9148936170212766
17,의성읍 비봉리 535유,의성읍,의성읍,0.56,VWorld UQ164·UO601,VWorld UQ151,5167.0,AVAILABLE,9241.0,AVAILABLE,12086.0,1873.0,4338.0,15.497269568095318,35.89276849247063,-210.0,2025.0,pond_emd_population_context,,,,,,,7,24138.403795949944,pond_emd_population_context,0.0,0.0,0.0,,,,,,,,,,13,55099.25849758279,pond_emd_population_context,38793.79215564476,3.8793792155644753,1.236830620428024,5167.0,9241.0,False,352275_318212,41,DUPLICATED_COORDINATE,시군구 좌표,UNVERIFIED_ADMIN_POINT,False,840313.0,3809063.0,AVAILABLE,AVAILABLE,A_CULTURE_TOURISM,문화·관광형,0–100m,True,True,True,BOTH,4074.0,1.7884652603057867,2426.0559617942786,0.9090909090909091,0.9148936170212766,0.9090909090909091,0.9148936170212766
18,의성읍 비봉리 894-3유,의성읍,의성읍,0.4,VWorld UQ164·UO601,VWorld UQ151,5167.0,AVAILABLE,9241.0,AVAILABLE,12086.0,1873.0,4338.0,15.497269568095318,35.89276849247063,-210.0,2025.0,pond_emd_population_context,,,,,,,7,24138.403795949944,pond_emd_population_context,0.0,0.0,0.0,,,,,,,,,,13,55099.25849758279,pond_emd_population_context,38793.79215564476,3.8793792155644753,1.236830620428024,5167.0,9241.0,False,352275_318212,41,DUPLICATED_COORDINATE,시군구 좌표,UNVERIFIED_ADMIN_POINT,False,840313.0,3809063.0,AVAILABLE,AVAILABLE,A_CULTURE_TOURISM,문화·관광형,0–100m,True,True,True,BOTH,4074.0,1.7884652603057867,2426.0559617942786,0.9090909090909091,0.9148936170212766,0.9090909090909091,0.9148936170212766
19,의성읍 팔성리 449,의성읍,의성읍,2.0,VWorld UQ164·UO601,VWorld UQ151,5167.0,AVAILABLE,9241.0,AVAILABLE,12086.0,1873.0,4338.0,15.497269568095318,35.89276849247063,-210.0,2025.0,pond_emd_population_context,,,,,,,7,24138.403795949944,pond_emd_population_context,0.0,0.0,0.0,,,,,,,,,,13,55099.25849758279,pond_emd_population_context,38793.79215564476,3.8793792155644753,1.236830620428024,5167.0,9241.0,False,352275_318212,41,DUPLICATED_COORDINATE,시군구 좌표,UNVERIFIED_ADMIN_POINT,False,840313.0,3809063.0,AVAILABLE,AVAILABLE,A_CULTURE_TOURISM,문화·관광형,0–100m,True,True,True,BOTH,4074.0,1.7884652603057867,2426.0559617942786,0.9090909090909091,0.9148936170212766,0.9090909090909091,0.9148936170212766
20,의성읍 팔성리 560유,의성읍,의성읍,20.3,VWorld UQ164·UO601,VWorld UQ151,5167.0,AVAILABLE,9241.0,AVAILABLE,12086.0,1873.0,4338.0,15.497269568095318,35.89276849247063,-210.0,2025.0,pond_emd_population_context,,,,,,,7,24138.403795949944,pond_emd_population_context,0.0,0.0,0.0,,,,,,,,,,13,55099.25849758279,pond_emd_population_context,38793.79215564476,3.8793792155644753,1.236830620428024,5167.0,9241.0,False,352275_318212,41,DUPLICATED_COORDINATE,시군구 좌표,UNVERIFIED_ADMIN_POINT,False,840313.0,3809063.0,AVAILABLE,AVAILABLE,A_CULTURE_TOURISM,문화·관광형,0–100m,True,True,True,BOTH,4074.0,1.7884652603057867,2426.0559617942786,0.9090909090909091,0.9148936170212766,0.9090909090909091,0.9148936170212766
21,의성읍 팔성리 321유,의성읍,의성읍,42.0,VWorld UQ164·UO601,VWorld UQ151,5167.0,AVAILABLE,9241.0,AVAILABLE,12086.0,1873.0,4338.0,15.497269568095318,35.89276849247063,-210.0,2025.0,pond_emd_population_context,,,,,,,7,24138.403795949944,pond_emd_population_context,0.0,0.0,0.0,,,,,,,,,,13,55099.25849758279,pond_emd_population_context,38793.79215564476,3.8793792155644753,1.236830620428024,5167.0,9241.0,False,352275_318212,41,DUPLICATED_COORDINATE,시군구 좌표,UNVERIFIED_ADMIN_POINT,False,840313.0,3809063.0,AVAILABLE,AVAILABLE,A_CULTURE_TOURISM,문화·관광형,0–100m,True,True,True,BOTH,4074.0,1.7884652603057867,2426.0559617942786,0.9090909090909091,0.9148936170212766,0.9090909090909091,0.9148936170212766
22,의성읍 팔성리 395유,의성읍,의성읍,5.8,VWorld UQ164·UO601,VWorld UQ151,5167.0,AVAILABLE,9241.0,AVAILABLE,12086.0,1873.0,4338.0,15.497269568095318,35.89276849247063,-210.0,2025.0,pond_emd_population_context,,,,,,,7,24138.403795949944,pond_emd_population_context,0.0,0.0,0.0,,,,,,,,,,13,55099.25849758279,pond_emd_population_context,38793.79215564476,3.8793792155644753,1.236830620428024,5167.0,9241.0,False,352275_318212,41,DUPLICATED_COORDINATE,시군구 좌표,UNVERIFIED_ADMIN_POINT,False,840313.0,3809063.0,AVAILABLE,AVAILABLE,A_CULTURE_TOURISM,문화·관광형,0–100m,True,True,True,BOTH,4074.0,1.7884652603057867,2426.0559617942786,0.9090909090909091,0.9148936170212766,0.9090909090909091,0.9148936170212766
23,의성읍 오로리 847-4,의성읍,의성읍,2.0,VWorld UQ164·UO601,VWorld UQ151,5167.0,AVAILABLE,9241.0,AVAILABLE,12086.0,1873.0,4338.0,15.497269568095318,35.89276849247063,-210.0,2025.0,pond_emd_population_context,,,,,,,7,24138.403795949944,pond_emd_population_context,0.0,0.0,0.0,,,,,,,,,,13,55099.25849758279,pond_emd_population_context,38793.79215564476,3.8793792155644753,1.236830620428024,5167.0,9241.0,False,352275_318212,41,DUPLICATED_COORDINATE,시군구 좌표,UNVERIFIED_ADMIN_POINT,False,840313.0,3809063.0,AVAILABLE,AVAILABLE,A_CULTURE_TOURISM,문화·관광형,0–100m,True,True,True,BOTH,4074.0,1.7884652603057867,2426.0559617942786,0.9090909090909091,0.9148936170212766,0.9090909090909091,0.9148936170212766
24,의성읍 팔성리 730,의성읍,의성읍,11.4,VWorld UQ164·UO601,VWorld UQ151,5167.0,AVAILABLE,9241.0,AVAILABLE,12086.0,1873.0,4338.0,15.497269568095318,35.89276849247063,-210.0,2025.0,pond_emd_population_context,,,,,,,7,24138.403795949944,pond_emd_population_context,0.0,0.0,0.0,,,,,,,,,,13,55099.25849758279,pond_emd_population_context,38793.79215564476,3.8793792155644753,1.236830620428024,5167.0,9241.0,False,352275_318212,41,DUPLICATED_COORDINATE,시군구 좌표,UNVERIFIED_ADMIN_POINT,False,840313.0,3809063.0,AVAILABLE,AVAILABLE,A_CULTURE_TOURISM,문화·관광형,0–100m,True,True,True,BOTH,4074.0,1.7884652603057867,2426.0559617942786,0.9090909090909091,0.9148936170212766,0.9090909090909091,0.9148936170212766
25,의성읍 팔성리 846답,의성읍,의성읍,0.4,VWorld UQ164·UO601,VWorld UQ151,5167.0,AVAILABLE,9241.0,AVAILABLE,12086.0,1873.0,4338.0,15.497269568095318,35.89276849247063,-210.0,2025.0,pond_emd_population_context,,,,,,,7,24138.403795949944,pond_emd_population_context,0.0,0.0,0.0,,,,,,,,,,13,55099.25849758279,pond_emd_population_context,38793.79215564476,3.8793792155644753,1.236830620428024,5167.0,9241.0,False,352275_318212,41,DUPLICATED_COORDINATE,시군구 좌표,UNVERIFIED_ADMIN_POINT,False,840313.0,3809063.0,AVAILABLE,AVAILABLE,A_CULTURE_TOURISM,문화·관광형,0–100m,True,True,True,BOTH,4074.0,1.7884652603057867,2426.0559617942786,0.9090909090909091,0.9148936170212766,0.9090909090909091,0.9148936170212766
26,의성읍 용연리 512유,의성읍,의성읍,93.4,VWorld UQ164·UO601,VWorld UQ151,5167.0,AVAILABLE,9241.0,AVAILABLE,12086.0,1873.0,4338.0,15.497269568095318,35.89276849247063,-210.0,2025.0,pond_emd_population_context,,,,,,,7,24138.403795949944,pond_emd_population_context,0.0,0.0,0.0,,,,,,,,,,13,55099.25849758279,pond_emd_population_context,38793.79215564476,3.8793792155644753,1.236830620428024,5167.0,9241.0,False,352275_318212,41,DUPLICATED_COORDINATE,시군구 좌표,UNVERIFIED_ADMIN_POINT,False,840313.0,3809063.0,AVAILABLE,AVAILABLE,A_CULTURE_TOURISM,문화·관광형,0–100m,True,True,True,BOTH,4074.0,1.7884652603057867,2426.0559617942786,0.9090909090909091,0.9148936170212766,0.9090909090909091,0.9148936170212766
27,의성읍 용연리 151유,의성읍,의성읍,17.6,VWorld UQ164·UO601,VWorld UQ151,5167.0,AVAILABLE,9241.0,AVAILABLE,12086.0,1873.0,4338.0,15.497269568095318,35.89276849247063,-210.0,2025.0,pond_emd_population_context,,,,,,,7,24138.403795949944,pond_emd_population_context,0.0,0.0,0.0,,,,,,,,,,13,55099.25849758279,pond_emd_population_context,38793.79215564476,3.8793792155644753,1.236830620428024,5167.0,9241.0,False,352275_318212,41,DUPLICATED_COORDINATE,시군구 좌표,UNVERIFIED_ADMIN_POINT,False,840313.0,3809063.0,AVAILABLE,AVAILABLE,A_CULTURE_TOURISM,문화·관광형,0–100m,True,True,True,BOTH,4074.0,1.7884652603057867,2426.0559617942786,0.9090909090909091,0.9148936170212766,0.9090909090909091,0.9148936170212766
28,의성읍 용연리 296답,의성읍,의성읍,2.2,VWorld UQ164·UO601,VWorld UQ151,5167.0,AVAILABLE,9241.0,AVAILABLE,12086.0,1873.0,4338.0,15.497269568095318,35.89276849247063,-210.0,2025.0,pond_emd_population_context,,,,,,,7,24138.403795949944,pond_emd_population_context,0.0,0.0,0.0,,,,,,,,,,13,55099.25849758279,pond_emd_population_context,38793.79215564476,3.8793792155644753,1.236830620428024,5167.0,9241.0,False,352275_318212,41,DUPLICATED_COORDINATE,시군구 좌표,UNVERIFIED_ADMIN_POINT,False,840313.0,3809063.0,AVAILABLE,AVAILABLE,A_CULTURE_TOURISM,문화·관광형,0–100m,True,True,True,BOTH,4074.0,1.7884652603057867,2426.0559617942786,0.9090909090909091,0.9148936170212766,0.9090909090909091,0.9148936170212766
29,의성읍 상리리 210,의성읍,의성읍,3.6,VWorld UQ164·UO601,VWorld UQ151,5167.0,AVAILABLE,9241.0,AVAILABLE,12086.0,1873.0,4338.0,15.497269568095318,35.89276849247063,-210.0,2025.0,pond_emd_population_context,,,,,,,7,24138.403795949944,pond_emd_population_context,0.0,0.0,0.0,,,,,,,,,,13,55099.25849758279,pond_emd_population_context,38793.79215564476,3.8793792155644753,1.236830620428024,5167.0,9241.0,False,352275_318212,41,DUPLICATED_COORDINATE,시군구 좌표,UNVERIFIED_ADMIN_POINT,False,840313.0,3809063.0,AVAILABLE,AVAILABLE,A_CULTURE_TOURISM,문화·관광형,0–100m,True,True,True,BOTH,4074.0,1.7884652603057867,2426.0559617942786,0.9090909090909091,0.9148936170212766,0.9090909090909091,0.9148936170212766
30,의성읍 철파리 502유,의성읍,의성읍,18.5,VWorld UQ164·UO601,VWorld UQ151,5167.0,AVAILABLE,9241.0,AVAILABLE,12086.0,1873.0,4338.0,15.497269568095318,35.89276849247063,-210.0,2025.0,pond_emd_population_context,,,,,,,7,24138.403795949944,pond_emd_population_context,0.0,0.0,0.0,,,,,,,,,,13,55099.25849758279,pond_emd_population_context,38793.79215564476,3.8793792155644753,1.236830620428024,5167.0,9241.0,False,352275_318212,41,DUPLICATED_COORDINATE,시군구 좌표,UNVERIFIED_ADMIN_POINT,False,840313.0,3809063.0,AVAILABLE,AVAILABLE,A_CULTURE_TOURISM,문화·관광형,0–100m,True,True,True,BOTH,4074.0,1.7884652603057867,2426.0559617942786,0.9090909090909091,0.9148936170212766,0.9090909090909091,0.9148936170212766
31,의성읍 철파리 36유,의성읍,의성읍,7.0,VWorld UQ164·UO601,VWorld UQ151,5167.0,AVAILABLE,9241.0,AVAILABLE,12086.0,1873.0,4338.0,15.497269568095318,35.89276849247063,-210.0,2025.0,pond_emd_population_context,,,,,,,7,24138.403795949944,pond_emd_population_context,0.0,0.0,0.0,,,,,,,,,,13,55099.25849758279,pond_emd_population_context,38793.79215564476,3.8793792155644753,1.236830620428024,5167.0,9241.0,False,352275_318212,41,DUPLICATED_COORDINATE,시군구 좌표,UNVERIFIED_ADMIN_POINT,False,840313.0,3809063.0,AVAILABLE,AVAILABLE,A_CULTURE_TOURISM,문화·관광형,0–100m,True,True,True,BOTH,4074.0,1.7884652603057867,2426.0559617942786,0.9090909090909091,0.9148936170212766,0.9090909090909091,0.9148936170212766
32,의성읍 업리 202유,의성읍,의성읍,4.0,VWorld UQ164·UO601,VWorld UQ151,5167.0,AVAILABLE,9241.0,AVAILABLE,12086.0,1873.0,4338.0,15.497269568095318,35.89276849247063,-210.0,2025.0,pond_emd_population_context,,,,,,,7,24138.403795949944,pond_emd_population_context,0.0,0.0,0.0,,,,,,,,,,13,55099.25849758279,pond_emd_population_context,38793.79215564476,3.8793792155644753,1.236830620428024,5167.0,9241.0,False,352275_318212,41,DUPLICATED_COORDINATE,시군구 좌표,UNVERIFIED_ADMIN_POINT,False,840313.0,3809063.0,AVAILABLE,AVAILABLE,A_CULTURE_TOURISM,문화·관광형,0–100m,True,True,True,BOTH,4074.0,1.7884652603057867,2426.0559617942786,0.9090909090909091,0.9148936170212766,0.9090909090909091,0.9148936170212766
33,의성읍 업리 470유,의성읍,의성읍,19.0,VWorld UQ164·UO601,VWorld UQ151,5167.0,AVAILABLE,9241.0,AVAILABLE,12086.0,1873.0,4338.0,15.497269568095318,35.89276849247063,-210.0,2025.0,pond_emd_population_context,,,,,,,7,24138.403795949944,pond_emd_population_context,0.0,0.0,0.0,,,,,,,,,,13,55099.25849758279,pond_emd_population_context,38793.79215564476,3.8793792155644753,1.236830620428024,5167.0,9241.0,False,352275_318212,41,DUPLICATED_COORDINATE,시군구 좌표,UNVERIFIED_ADMIN_POINT,False,840313.0,3809063.0,AVAILABLE,AVAILABLE,A_CULTURE_TOURISM,문화·관광형,0–100m,True,True,True,BOTH,4074.0,1.7884652603057867,2426.0559617942786,0.9090909090909091,0.9148936170212766,0.9090909090909091,0.9148936170212766
34,의성읍 업리 850유,의성읍,의성읍,3.0,VWorld UQ164·UO601,VWorld UQ151,5167.0,AVAILABLE,9241.0,AVAILABLE,12086.0,1873.0,4338.0,15.497269568095318,35.89276849247063,-210.0,2025.0,pond_emd_population_context,,,,,,,7,24138.403795949944,pond_emd_population_context,0.0,0.0,0.0,,,,,,,,,,13,55099.25849758279,pond_emd_population_context,38793.79215564476,3.8793792155644753,1.236830620428024,5167.0,9241.0,False,352275_318212,41,DUPLICATED_COORDINATE,시군구 좌표,UNVERIFIED_ADMIN_POINT,False,840313.0,3809063.0,AVAILABLE,AVAILABLE,A_CULTURE_TOURISM,문화·관광형,0–100m,True,True,True,BOTH,4074.0,1.7884652603057867,2426.0559617942786,0.9090909090909091,0.9148936170212766,0.9090909090909091,0.9148936170212766
35,의성읍 업리 244유,의성읍,의성읍,6.0,VWorld UQ164·UO601,VWorld UQ151,5167.0,AVAILABLE,9241.0,AVAILABLE,12086.0,1873.0,4338.0,15.497269568095318,35.89276849247063,-210.0,2025.0,pond_emd_population_context,,,,,,,7,24138.403795949944,pond_emd_population_context,0.0,0.0,0.0,,,,,,,,,,13,55099.25849758279,pond_emd_population_context,38793.79215564476,3.8793792155644753,1.236830620428024,5167.0,9241.0,False,352275_318212,41,DUPLICATED_COORDINATE,시군구 좌표,UNVERIFIED_ADMIN_POINT,False,840313.0,3809063.0,AVAILABLE,AVAILABLE,A_CULTURE_TOURISM,문화·관광형,0–100m,True,True,True,BOTH,4074.0,1.7884652603057867,2426.0559617942786,0.9090909090909091,0.9148936170212766,0.9090909090909091,0.9148936170212766
36,의성읍 업리 306답,의성읍,의성읍,9.2,VWorld UQ164·UO601,VWorld UQ151,5167.0,AVAILABLE,9241.0,AVAILABLE,12086.0,1873.0,4338.0,15.497269568095318,35.89276849247063,-210.0,2025.0,pond_emd_population_context,,,,,,,7,24138.403795949944,pond_emd_population_context,0.0,0.0,0.0,,,,,,,,,,13,55099.25849758279,pond_emd_population_context,38793.79215564476,3.8793792155644753,1.236830620428024,5167.0,9241.0,False,352275_318212,41,DUPLICATED_COORDINATE,시군구 좌표,UNVERIFIED_ADMIN_POINT,False,840313.0,3809063.0,AVAILABLE,AVAILABLE,A_CULTURE_TOURISM,문화·관광형,0–100m,True,True,True,BOTH,4074.0,1.7884652603057867,2426.0559617942786,0.9090909090909091,0.9148936170212766,0.9090909090909091,0.9148936170212766
37,의성읍 업리 922-1유,의성읍,의성읍,0.5,VWorld UQ164·UO601,VWorld UQ151,5167.0,AVAILABLE,9241.0,AVAILABLE,12086.0,1873.0,4338.0,15.497269568095318,35.89276849247063,-210.0,2025.0,pond_emd_population_context,,,,,,,7,24138.403795949944,pond_emd_population_context,0.0,0.0,0.0,,,,,,,,,,13,55099.25849758279,pond_emd_population_context,38793.79215564476,3.8793792155644753,1.236830620428024,5167.0,9241.0,False,352275_318212,41,DUPLICATED_COORDINATE,시군구 좌표,UNVERIFIED_ADMIN_POINT,False,840313.0,3809063.0,AVAILABLE,AVAILABLE,A_CULTURE_TOURISM,문화·관광형,0–100m,True,True,True,BOTH,4074.0,1.7884652603057867,2426.0559617942786,0.9090909090909091,0.9148936170212766,0.9090909090909091,0.9148936170212766
38,의성읍 업리 871유,의성읍,의성읍,1.5,VWorld UQ164·UO601,VWorld UQ151,5167.0,AVAILABLE,9241.0,AVAILABLE,12086.0,1873.0,4338.0,15.497269568095318,35.89276849247063,-210.0,2025.0,pond_emd_population_context,,,,,,,7,24138.403795949944,pond_emd_population_context,0.0,0.0,0.0,,,,,,,,,,13,55099.25849758279,pond_emd_population_context,38793.79215564476,3.8793792155644753,1.236830620428024,5167.0,9241.0,False,352275_318212,41,DUPLICATED_COORDINATE,시군구 좌표,UNVERIFIED_ADMIN_POINT,False,840313.0,3809063.0,AVAILABLE,AVAILABLE,A_CULTURE_TOURISM,문화·관광형,0–100m,True,True,True,BOTH,4074.0,1.7884652603057867,2426.0559617942786,0.9090909090909091,0.9148936170212766,0.9090909090909091,0.9148936170212766
39,의성읍 업리 148유,의성읍,의성읍,11.7,VWorld UQ164·UO601,VWorld UQ151,5167.0,AVAILABLE,9241.0,AVAILABLE,12086.0,1873.0,4338.0,15.497269568095318,35.89276849247063,-210.0,2025.0,pond_emd_population_context,,,,,,,7,24138.403795949944,pond_emd_population_context,0.0,0.0,0.0,,,,,,,,,,13,55099.25849758279,pond_emd_population_context,38793.79215564476,3.8793792155644753,1.236830620428024,5167.0,9241.0,False,352275_318212,41,DUPLICATED_COORDINATE,시군구 좌표,UNVERIFIED_ADMIN_POINT,False,840313.0,3809063.0,AVAILABLE,AVAILABLE,A_CULTURE_TOURISM,문화·관광형,0–100m,True,True,True,BOTH,4074.0,1.7884652603057867,2426.0559617942786,0.9090909090909091,0.9148936170212766,0.9090909090909091,0.9148936170212766
40,의성읍 업리 1141유,의성읍,의성읍,19.3,VWorld UQ164·UO601,VWorld UQ151,5167.0,AVAILABLE,9241.0,AVAILABLE,12086.0,1873.0,4338.0,15.497269568095318,35.89276849247063,-210.0,2025.0,pond_emd_population_context,,,,,,,7,24138.403795949944,pond_emd_population_context,0.0,0.0,0.0,,,,,,,,,,13,55099.25849758279,pond_emd_population_context,38793.79215564476,3.8793792155644753,1.236830620428024,5167.0,9241.0,False,352275_318212,41,DUPLICATED_COORDINATE,시군구 좌표,UNVERIFIED_ADMIN_POINT,False,840313.0,3809063.0,AVAILABLE,AVAILABLE,A_CULTURE_TOURISM,문화·관광형,0–100m,True,True,True,BOTH,4074.0,1.7884652603057867,2426.0559617942786,0.9090909090909091,0.9148936170212766,0.9090909090909091,0.9148936170212766
41,의성읍 업리 393,의성읍,의성읍,2.9,VWorld UQ164·UO601,VWorld UQ151,5167.0,AVAILABLE,9241.0,AVAILABLE,12086.0,1873.0,4338.0,15.497269568095318,35.89276849247063,-210.0,2025.0,pond_emd_population_context,,,,,,,7,24138.403795949944,pond_emd_population_context,0.0,0.0,0.0,,,,,,,,,,13,55099.25849758279,pond_emd_population_context,38793.79215564476,3.8793792155644753,1.236830620428024,5167.0,9241.0,False,352275_318212,41,DUPLICATED_COORDINATE,시군구 좌표,UNVERIFIED_ADMIN_POINT,False,840313.0,3809063.0,AVAILABLE,AVAILABLE,A_CULTURE_TOURISM,문화·관광형,0–100m,True,True,True,BOTH,4074.0,1.7884652603057867,2426.0559617942786,0.9090909090909091,0.9148936170212766,0.9090909090909091,0.9148936170212766
42,단촌면 세촌리 1319유,단촌면,단촌면,4.6,VWorld UQ164·UO601,VWorld UQ151,68.0,AVAILABLE,223.0,AVAILABLE,1820.0,122.0,1025.0,6.703296703296704,56.31868131868132,-6.0,2025.0,pond_emd_population_context,,,,,,,0,2040.798934525813,pond_emd_population_context,43394.43208253036,4.339443208253035,5.534036181915097,,,,,,,,,,0,4072.752541086562,pond_emd_population_context,142663.3793475631,14.266337934756312,4.548419378102234,68.0,223.0,False,347892_326140,1,UNIQUE,정좌표,RELIABLE_POINT,True,2495938.0,6725625.0,AVAILABLE,AVAILABLE,D_PRESERVATION,보존·기록형,0–100m,True,True,True,BOTH,155.0,3.2794117647058822,33.156769816931515,0.4909090909090909,0.5063829787234042,0.475,0.05531914893617021
43,단촌면 하화리 117유,단촌면,단촌면,52.5,VWorld UQ164·UO601,VWorld UQ151,5.0,AVAILABLE,123.0,AVAILABLE,1820.0,122.0,1025.0,6.703296703296704,56.31868131868132,-6.0,2025.0,pond_emd_population_context,,,,,,,0,0.0,pond_emd_population_context,64173.45206335971,6.417345206335972,8.183957908738192,,,,,,,,,,0,0.0,pond_emd_population_context,447365.33532438887,44.73653353243888,14.26298163962153,5.0,123.0,False,352731_324361,1,UNIQUE,정좌표,RELIABLE_POINT,True,341250.0,976563.0,AVAILABLE,AVAILABLE,D_PRESERVATION,보존·기록형,500m 이상,True,True,True,BOTH,118.0,24.6,125.95193551260903,0.015909090909090907,0.33617021276595743,0.4,0.5234042553191489
44,단촌면 하화리 209유,단촌면,단촌면,10.6,VWorld UQ164·UO601,VWorld UQ151,,DATA_NOT_AVAILABLE,,DATA_NOT_AVAILABLE,1820.0,122.0,1025.0,6.703296703296704,56.31868131868132,-6.0,2025.0,pond_emd_population_context,,,,,,,0,0.0,pond_emd_population_context,125696.53313802207,12.569653313802208,16.029917409776196,,,,,,,,,,0,1558.1129622220644,pond_emd_population_context,313743.37386873044,31.374337386873044,10.002822363958556,,,False,352190_324695,1,UNIQUE,정좌표,RELIABLE_POINT,True,,,DATA_NOT_AVAILABLE,DATA_NOT_AVAILABLE,D_PRESERVATION,보존·기록형,500m 이상,False,False,False,NONE,,,,,,,
45,단촌면 하화리 223유,단촌면,단촌면,0.9,VWorld UQ164·UO601,VWorld UQ151,,DATA_NOT_AVAILABLE,,DATA_NOT_AVAILABLE,1820.0,122.0,1025.0,6.703296703296704,56.31868131868132,-6.0,2025.0,pond_emd_population_context,,,,,,,0,670.6355532405536,pond_emd_population_context,44801.882330762135,4.4801882330762135,5.713526504156131,,,,,,,,,,0,1968.841843877584,pond_emd_population_context,375276.7303914975,37.52767303914975,11.964639842892456,,,False,352091_325047,1,UNIQUE,정좌표,RELIABLE_POINT,True,,,DATA_NOT_AVAILABLE,DATA_NOT_AVAILABLE,D_PRESERVATION,보존·기록형,300–500m,False,False,False,NONE,,,,,,,
46,단촌면 하화리 1213임,단촌면,단촌면,0.8,VWorld UQ164·UO601,VWorld UQ151,,DATA_NOT_AVAILABLE,,DATA_NOT_AVAILABLE,1820.0,122.0,1025.0,6.703296703296704,56.31868131868132,-6.0,2025.0,pond_emd_population_context,,,,,,,0,0.0,pond_emd_population_context,0.0,0.0,0.0,,,,,,,,,,0,500.64004552761526,pond_emd_population_context,0.0,0.0,0.0,,,False,349025_324639,1,UNIQUE,정좌표,RELIABLE_POINT,True,,,DATA_NOT_AVAILABLE,DATA_NOT_AVAILABLE,D_PRESERVATION,보존·기록형,500m 이상,False,False,False,NONE,,,,,,,
47,단촌면 상화리 32유,단촌면,단촌면,47.0,VWorld UQ164·UO601,VWorld UQ151,,DATA_NOT_AVAILABLE,,DATA_NOT_AVAILABLE,1820.0,122.0,1025.0,6.703296703296704,56.31868131868132,-6.0,2025.0,pond_emd_population_context,,,,,,,0,0.0,pond_emd_population_context,141718.5671102001,14.171856711020007,18.0731868214204,,,,,,,,,,0,0.0,pond_emd_population_context,350509.6305567123,35.050963055671225,11.175010735947753,,,False,354442_322681,1,UNIQUE,정좌표,RELIABLE_POINT,True,,,DATA_NOT_AVAILABLE,DATA_NOT_AVAILABLE,D_PRESERVATION,보존·기록형,500m 이상,False,False,False,NONE,,,,,,,
48,단촌면 상화리 산56임,단촌면,단촌면,4.3,VWorld UQ164·UO601,VWorld UQ151,,DATA_NOT_AVAILABLE,,DATA_NOT_AVAILABLE,1820.0,122.0,1025.0,6.703296703296704,56.31868131868132,-6.0,2025.0,pond_emd_population_context,,,,,,,0,0.0,pond_emd_population_context,37291.15629347635,3.729115629347635,4.755693260394788,,,,,,,,,,0,0.0,pond_emd_population_context,297381.95147010015,29.73819514701001,9.481184568530033,,,False,354334_323310,1,UNIQUE,정좌표,RELIABLE_POINT,True,,,DATA_NOT_AVAILABLE,DATA_NOT_AVAILABLE,D_PRESERVATION,보존·기록형,500m 이상,False,False,False,NONE,,,,,,,
49,단촌면 상화리 569-1유,단촌면,단촌면,16.5,VWorld UQ164·UO601,VWorld UQ151,43.0,AVAILABLE,93.0,AVAILABLE,1820.0,122.0,1025.0,6.703296703296704,56.31868131868132,-6.0,2025.0,pond_emd_population_context,,,,,,,0,0.0,pond_emd_population_context,0.0,0.0,0.0,,,,,,,,,,0,0.0,pond_emd_population_context,141125.84585412027,14.112584585412026,4.499399460250581,43.0,93.0,False,353806_323939,1,UNIQUE,정좌표,RELIABLE_POINT,True,217500.0,696250.0,AVAILABLE,AVAILABLE,D_PRESERVATION,보존·기록형,500m 이상,True,True,True,BOTH,50.0,2.1627906976744184,133.57271095152603,0.32272727272727275,0.2553191489361702,0.19545454545454546,0.5617021276595745
50,단촌면 상화리 632답,단촌면,단촌면,4.4,VWorld UQ164·UO601,VWorld UQ151,,DATA_NOT_AVAILABLE,,DATA_NOT_AVAILABLE,1820.0,122.0,1025.0,6.703296703296704,56.31868131868132,-6.0,2025.0,pond_emd_population_context,,,,,,,0,0.0,pond_emd_population_context,0.0,0.0,0.0,,,,,,,,,,0,0.0,pond_emd_population_context,144765.42069206524,14.476542069206523,4.615437036233075,,,False,353520_324217,1,UNIQUE,정좌표,RELIABLE_POINT,True,,,DATA_NOT_AVAILABLE,DATA_NOT_AVAILABLE,D_PRESERVATION,보존·기록형,500m 이상,False,False,False,NONE,,,,,,,
51,단촌면 관덕리 624 유,단촌면,단촌면,9.1,VWorld UQ164·UO601,VWorld UQ151,18.0,AVAILABLE,163.0,AVAILABLE,1820.0,122.0,1025.0,6.703296703296704,56.31868131868132,-6.0,2025.0,pond_emd_population_context,,,,,,,0,1873.764397031589,pond_emd_population_context,66330.37738045119,6.633037738045119,8.459027823785618,,,,,,,,,,0,5643.977137328153,pond_emd_population_context,770414.4795365519,77.04144795365518,24.562492238162832,18.0,163.0,False,352707_325808,1,UNIQUE,정좌표,RELIABLE_POINT,True,255938.0,1220625.0,AVAILABLE,AVAILABLE,D_PRESERVATION,보존·기록형,100–300m,True,True,True,BOTH,145.0,9.055555555555555,133.53814644137225,0.175,0.4297872340425532,0.45681818181818185,0.5574468085106383
52,단촌면 병방리 산55임,단촌면,단촌면,5.5,VWorld UQ164·UO601,VWorld UQ151,,DATA_NOT_AVAILABLE,,DATA_NOT_AVAILABLE,1820.0,122.0,1025.0,6.703296703296704,56.31868131868132,-6.0,2025.0,pond_emd_population_context,,,,,,,0,0.0,pond_emd_population_context,0.0,0.0,0.0,,,,,,,,,,0,0.0,pond_emd_population_context,0.0,0.0,0.0,,,False,355613_324499,1,UNIQUE,정좌표,RELIABLE_POINT,True,,,DATA_NOT_AVAILABLE,DATA_NOT_AVAILABLE,D_PRESERVATION,보존·기록형,500m 이상,False,False,False,NONE,,,,,,,
53,단촌면 병방리 641유,단촌면,단촌면,21.2,VWorld UQ164·UO601,VWorld UQ151,28.0,AVAILABLE,33.0,AVAILABLE,1820.0,122.0,1025.0,6.703296703296704,56.31868131868132,-6.0,2025.0,pond_emd_population_context,,,,,,,0,0.0,pond_emd_population_context,0.0,0.0,0.0,,,,,,,,,,0,1654.611615167675,pond_emd_population_context,0.0,0.0,0.0,28.0,33.0,False,355358_324775,1,UNIQUE,정좌표,RELIABLE_POINT,True,495000.0,950938.0,AVAILABLE,AVAILABLE,D_PRESERVATION,보존·기록형,500m 이상,True,True,True,BOTH,5.0,1.1785714285714286,34.702577875739536,0.24545454545454545,0.07234042553191489,0.020454545454545454,0.06382978723404255
54,단촌면 병방리 705유,단촌면,단촌면,21.9,VWorld UQ164·UO601,VWorld UQ151,8.0,AVAILABLE,63.0,AVAILABLE,1820.0,122.0,1025.0,6.703296703296704,56.31868131868132,-6.0,2025.0,pond_emd_population_context,,,,,,,0,1963.3035070838016,pond_emd_population_context,76186.70984766491,7.618670984766491,9.715993242547349,,,,,,,,,,0,4135.0766908973865,pond_emd_population_context,367093.8497903035,36.709384979030354,11.70375177991946,8.0,63.0,False,353620_325603,1,UNIQUE,정좌표,RELIABLE_POINT,True,274688.0,634375.0,AVAILABLE,AVAILABLE,D_PRESERVATION,보존·기록형,100–300m,True,True,True,BOTH,55.0,7.875,99.3103448275862,0.04772727272727273,0.15106382978723404,0.225,0.39148936170212767
55,단촌면 병방리 889유,단촌면,단촌면,0.8,VWorld UQ164·UO601,VWorld UQ151,128.0,AVAILABLE,278.0,AVAILABLE,1820.0,122.0,1025.0,6.703296703296704,56.31868131868132,-6.0,2025.0,pond_emd_population_context,,,,,,,0,271.3861898594813,pond_emd_population_context,251525.87570632776,25.15258757063277,32.07677183559839,,,,,,,,,,0,5416.218738325575,pond_emd_population_context,1400017.5017553952,140.0017501755395,44.63560840762664,128.0,278.0,False,353711_326774,1,UNIQUE,정좌표,RELIABLE_POINT,True,522500.0,2461563.0,AVAILABLE,AVAILABLE,D_PRESERVATION,보존·기록형,300–500m,True,True,True,BOTH,150.0,2.171875,112.93637416552004,0.6931818181818182,0.5765957446808511,0.4659090909090909,0.46382978723404256
56,단촌면 병방리 375유,단촌면,단촌면,0.8,VWorld UQ164·UO601,VWorld UQ151,63.0,AVAILABLE,238.0,AVAILABLE,1820.0,122.0,1025.0,6.703296703296704,56.31868131868132,-6.0,2025.0,pond_emd_population_context,,,,,,,0,924.1719237696478,pond_emd_population_context,201498.19437918253,20.149819437918254,25.69680589814358,,,,,,,,,,0,3440.462006704411,pond_emd_population_context,971406.237067873,97.1406237067873,30.97054740253044,63.0,238.0,False,354276_326391,1,UNIQUE,정좌표,RELIABLE_POINT,True,350625.0,1333750.0,AVAILABLE,AVAILABLE,D_PRESERVATION,보존·기록형,300–500m,True,True,True,BOTH,175.0,3.7777777777777777,178.44423617619495,0.45,0.5319148936170213,0.5045454545454545,0.7446808510638298
57,단촌면 구계리 산124임,단촌면,단촌면,4.7,VWorld UQ164·UO601,VWorld UQ151,,DATA_NOT_AVAILABLE,,DATA_NOT_AVAILABLE,1820.0,122.0,1025.0,6.703296703296704,56.31868131868132,-6.0,2025.0,pond_emd_population_context,,,,,,,0,0.0,pond_emd_population_context,0.0,0.0,0.0,,,,,,,,,,0,0.0,pond_emd_population_context,0.0,0.0,0.0,,,False,358082_332078,1,UNIQUE,정좌표,RELIABLE_POINT,True,,,DATA_NOT_AVAILABLE,DATA_NOT_AVAILABLE,D_PRESERVATION,보존·기록형,500m 이상,False,False,False,NONE,,,,,,,
58,단촌면 구계리 산220 임,단촌면,단촌면,2.0,VWorld UQ164·UO601,VWorld UQ151,39.0,AVAILABLE,94.0,AVAILABLE,1820.0,122.0,1025.0,6.703296703296704,56.31868131868132,-6.0,2025.0,pond_emd_population_context,,,,,,,0,0.0,pond_emd_population_context,0.0,0.0,0.0,,,,,,,,,,0,0.0,pond_emd_population_context,0.0,0.0,0.0,39.0,94.0,False,356616_329991,1,UNIQUE,정좌표,RELIABLE_POINT,True,300625.0,645625.0,AVAILABLE,AVAILABLE,D_PRESERVATION,보존·기록형,500m 이상,True,True,True,BOTH,55.0,2.41025641025641,145.59535333978704,0.29545454545454547,0.26382978723404255,0.225,0.6340425531914894
59,단촌면 구계리 291유,단촌면,단촌면,9.5,VWorld UQ164·UO601,VWorld UQ151,43.0,AVAILABLE,128.0,AVAILABLE,1820.0,122.0,1025.0,6.703296703296704,56.31868131868132,-6.0,2025.0,pond_emd_population_context,,,,,,,0,0.0,pond_emd_population_context,0.0,0.0,0.0,,,,,,,,,,1,488.682965722461,pond_emd_population_context,0.0,0.0,0.0,43.0,128.0,False,355329_330911,1,UNIQUE,정좌표,RELIABLE_POINT,True,358750.0,1028438.0,AVAILABLE,AVAILABLE,D_PRESERVATION,보존·기록형,500m 이상,True,True,True,BOTH,85.0,2.9767441860465116,124.46058974872574,0.32272727272727275,0.34893617021276596,0.33181818181818185,0.5106382978723404
60,단촌면 구계리 937유,단촌면,단촌면,8.1,VWorld UQ164·UO601,VWorld UQ151,,DATA_NOT_AVAILABLE,,DATA_NOT_AVAILABLE,1820.0,122.0,1025.0,6.703296703296704,56.31868131868132,-6.0,2025.0,pond_emd_population_context,,,,,,,0,0.0,pond_emd_population_context,0.0,0.0,0.0,,,,,,,,,,0,0.0,pond_emd_population_context,0.0,0.0,0.0,,,False,353663_331609,1,UNIQUE,정좌표,RELIABLE_POINT,True,,,DATA_NOT_AVAILABLE,DATA_NOT_AVAILABLE,D_PRESERVATION,보존·기록형,500m 이상,False,False,False,NONE,,,,,,,
61,단촌면 구계리 733유,단촌면,단촌면,3.5,VWorld UQ164·UO601,VWorld UQ151,,DATA_NOT_AVAILABLE,,DATA_NOT_AVAILABLE,1820.0,122.0,1025.0,6.703296703296704,56.31868131868132,-6.0,2025.0,pond_emd_population_context,,,,,,,0,0.0,pond_emd_population_context,0.0,0.0,0.0,,,,,,,,,,0,4154.843226534273,pond_emd_population_context,28976.49363073928,2.897649363073928,0.9238337528681412,,,False,354147_329074,1,UNIQUE,정좌표,RELIABLE_POINT,True,,,DATA_NOT_AVAILABLE,DATA_NOT_AVAILABLE,D_PRESERVATION,보존·기록형,500m 이상,False,False,False,NONE,,,,,,,
62,단촌면 구계리 905유,단촌면,단촌면,0.3,VWorld UQ164·UO601,VWorld UQ151,,DATA_NOT_AVAILABLE,,DATA_NOT_AVAILABLE,1820.0,122.0,1025.0,6.703296703296704,56.31868131868132,-6.0,2025.0,pond_emd_population_context,,,,,,,0,0.0,pond_emd_population_context,0.0,0.0,0.0,,,,,,,,,,0,0.0,pond_emd_population_context,0.0,0.0,0.0,,,False,354244_331469,1,UNIQUE,정좌표,RELIABLE_POINT,True,,,DATA_NOT_AVAILABLE,DATA_NOT_AVAILABLE,D_PRESERVATION,보존·기록형,500m 이상,False,False,False,NONE,,,,,,,
63,단촌면 방하리 1225유,단촌면,단촌면,22.3,VWorld UQ164·UO601,VWorld UQ151,8.0,AVAILABLE,63.0,AVAILABLE,1820.0,122.0,1025.0,6.703296703296704,56.31868131868132,-6.0,2025.0,pond_emd_population_context,,,,,,,0,0.0,pond_emd_population_context,101287.2627120238,10.128726271202378,12.917034506856362,,,,,,,,,,0,0.0,pond_emd_population_context,317307.8356034911,31.73078356034911,10.116465170550086,8.0,63.0,False,348399_323305,1,UNIQUE,정좌표,RELIABLE_POINT,True,379688.0,905938.0,AVAILABLE,AVAILABLE,D_PRESERVATION,보존·기록형,500m 이상,True,True,True,BOTH,55.0,7.875,69.54118272994398,0.04772727272727273,0.15106382978723404,0.225,0.1829787234042553
64,단촌면 방하리 730 유,단촌면,단촌면,10.2,VWorld UQ164·UO601,VWorld UQ151,48.0,AVAILABLE,63.0,AVAILABLE,1820.0,122.0,1025.0,6.703296703296704,56.31868131868132,-6.0,2025.0,pond_emd_population_context,,,,,,,0,0.0,pond_emd_population_context,58562.33934419006,5.856233934419007,7.468379911320645,,,,,,,,,,0,0.0,pond_emd_population_context,113072.5913658911,11.30725913658911,3.6050005828607854,48.0,63.0,False,348957_321706,1,UNIQUE,정좌표,RELIABLE_POINT,True,299375.0,1024688.0,AVAILABLE,AVAILABLE,D_PRESERVATION,보존·기록형,500m 이상,True,True,True,BOTH,15.0,1.3125,61.48212919444748,0.3659090909090909,0.15106382978723404,0.056818181818181816,0.14042553191489363
65,단촌면 방하리 896유,단촌면,단촌면,2.4,VWorld UQ164·UO601,VWorld UQ151,,DATA_NOT_AVAILABLE,,DATA_NOT_AVAILABLE,1820.0,122.0,1025.0,6.703296703296704,56.31868131868132,-6.0,2025.0,pond_emd_population_context,,,,,,,0,0.0,pond_emd_population_context,2102.550293269333,0.2102550293269333,0.2681355381058879,,,,,,,,,,0,0.0,pond_emd_population_context,102102.10283788838,10.210210283788838,3.2552375053547418,,,False,348254_321747,1,UNIQUE,정좌표,RELIABLE_POINT,True,,,DATA_NOT_AVAILABLE,DATA_NOT_AVAILABLE,D_PRESERVATION,보존·기록형,500m 이상,False,False,False,NONE,,,,,,,
66,단촌면 방하리 1249-1,단촌면,단촌면,3.3,VWorld UQ164·UO601,VWorld UQ151,,DATA_NOT_AVAILABLE,,DATA_NOT_AVAILABLE,1820.0,122.0,1025.0,6.703296703296704,56.31868131868132,-6.0,2025.0,pond_emd_population_context,,,,,,,0,0.0,pond_emd_population_context,64761.32476013984,6.476132476013984,8.258928558616818,,,,,,,,,,0,0.0,pond_emd_population_context,120013.49111959968,12.001349111959968,3.826291590305103,,,False,348171_323783,1,UNIQUE,정좌표,RELIABLE_POINT,True,,,DATA_NOT_AVAILABLE,DATA_NOT_AVAILABLE,D_PRESERVATION,보존·기록형,500m 이상,False,False,False,NONE,,,,,,,
67,단촌면 방하리 298유,단촌면,단촌면,27.1,VWorld UQ164·UO601,VWorld UQ151,,DATA_NOT_AVAILABLE,,DATA_NOT_AVAILABLE,1820.0,122.0,1025.0,6.703296703296704,56.31868131868132,-6.0,2025.0,pond_emd_population_context,,,,,,,0,0.0,pond_emd_population_context,93518.96719853715,9.351896719853716,11.926353758651558,,,,,,,,,,0,0.0,pond_emd_population_context,381217.6470699483,38.12176470699483,12.154049211067628,,,False,348925_323326,1,UNIQUE,정좌표,RELIABLE_POINT,True,,,DATA_NOT_AVAILABLE,DATA_NOT_AVAILABLE,D_PRESERVATION,보존·기록형,500m 이상,False,False,False,NONE,,,,,,,
68,단촌면 방하리 1273답,단촌면,단촌면,0.3,VWorld UQ164·UO601,VWorld UQ151,,DATA_NOT_AVAILABLE,,DATA_NOT_AVAILABLE,1820.0,122.0,1025.0,6.703296703296704,56.31868131868132,-6.0,2025.0,pond_emd_population_context,,,,,,,0,0.0,pond_emd_population_context,0.0,0.0,0.0,,,,,,,,,,0,0.0,pond_emd_population_context,43405.74709843811,4.3405747098438106,1.3838697928398191,,,False,347367_322928,1,UNIQUE,정좌표,RELIABLE_POINT,True,,,DATA_NOT_AVAILABLE,DATA_NOT_AVAILABLE,D_PRESERVATION,보존·기록형,500m 이상,False,False,False,NONE,,,,,,,
69,단촌면 방하리 828-2유,단촌면,단촌면,1.9,VWorld UQ164·UO601,VWorld UQ151,,DATA_NOT_AVAILABLE,,DATA_NOT_AVAILABLE,1820.0,122.0,1025.0,6.703296703296704,56.31868131868132,-6.0,2025.0,pond_emd_population_context,,,,,,,0,0.0,pond_emd_population_context,28917.34165137998,2.891734165137998,3.6877914355275463,,,,,,,,,,0,0.0,pond_emd_population_context,79271.41355487297,7.927141355487297,2.527345385981137,,,False,349101_321318,1,UNIQUE,정좌표,RELIABLE_POINT,True,,,DATA_NOT_AVAILABLE,DATA_NOT_AVAILABLE,D_PRESERVATION,보존·기록형,500m 이상,False,False,False,NONE,,,,,,,
70,단촌면 방하리 110임,단촌면,단촌면,2.8,VWorld UQ164·UO601,VWorld UQ151,,DATA_NOT_AVAILABLE,,DATA_NOT_AVAILABLE,1820.0,122.0,1025.0,6.703296703296704,56.31868131868132,-6.0,2025.0,pond_emd_population_context,,,,,,,0,583.571653979026,pond_emd_population_context,124735.11793876343,12.473511793876344,15.90730936438407,,,,,,,,,,0,2718.6224745179666,pond_emd_population_context,194855.78653005103,19.485578653005103,6.212427039383567,,,False,349818_323854,1,UNIQUE,정좌표,RELIABLE_POINT,True,,,DATA_NOT_AVAILABLE,DATA_NOT_AVAILABLE,D_PRESERVATION,보존·기록형,300–500m,False,False,False,NONE,,,,,,,
71,단촌면 방하리 1337 유,단촌면,단촌면,2.0,VWorld UQ164·UO601,VWorld UQ151,,DATA_NOT_AVAILABLE,,DATA_NOT_AVAILABLE,1820.0,122.0,1025.0,6.703296703296704,56.31868131868132,-6.0,2025.0,pond_emd_population_context,,,,,,,0,0.0,pond_emd_population_context,0.0,0.0,0.0,,,,,,,,,,0,0.0,pond_emd_population_context,86324.01536566917,8.632401536566917,2.752197698389313,,,False,347781_322146,1,UNIQUE,정좌표,RELIABLE_POINT,True,,,DATA_NOT_AVAILABLE,DATA_NOT_AVAILABLE,D_PRESERVATION,보존·기록형,500m 이상,False,False,False,NONE,,,,,,,
72,단촌면 장림리 169유,단촌면,단촌면,17.0,VWorld UQ164·UO601,VWorld UQ151,,DATA_NOT_AVAILABLE,,DATA_NOT_AVAILABLE,1820.0,122.0,1025.0,6.703296703296704,56.31868131868132,-6.0,2025.0,pond_emd_population_context,,,,,,,0,0.0,pond_emd_population_context,0.0,0.0,0.0,,,,,,,,,,0,0.0,pond_emd_population_context,47237.73136420688,4.7237731364206885,1.5060418006158516,,,False,347305_323387,1,UNIQUE,정좌표,RELIABLE_POINT,True,,,DATA_NOT_AVAILABLE,DATA_NOT_AVAILABLE,D_PRESERVATION,보존·기록형,500m 이상,False,False,False,NONE,,,,,,,
73,단촌면 장림리 산10임,단촌면,단촌면,9.3,VWorld UQ164·UO601,VWorld UQ151,,DATA_NOT_AVAILABLE,,DATA_NOT_AVAILABLE,1820.0,122.0,1025.0,6.703296703296704,56.31868131868132,-6.0,2025.0,pond_emd_population_context,,,,,,,0,0.0,pond_emd_population_context,2752.786642900114,0.2752786642900114,0.3510593445244028,,,,,,,,,,0,0.0,pond_emd_population_context,57331.39293735662,5.733139293735662,1.8278497243120344,,,False,347997_324346,1,UNIQUE,정좌표,RELIABLE_POINT,True,,,DATA_NOT_AVAILABLE,DATA_NOT_AVAILABLE,D_PRESERVATION,보존·기록형,500m 이상,False,False,False,NONE,,,,,,,
74,단촌면 장림리 616유,단촌면,단촌면,13.8,VWorld UQ164·UO601,VWorld UQ151,58.0,AVAILABLE,98.0,AVAILABLE,1820.0,122.0,1025.0,6.703296703296704,56.31868131868132,-6.0,2025.0,pond_emd_population_context,,,,,,,0,0.0,pond_emd_population_context,159212.66943015548,15.921266943015548,20.30418721853661,,,,,,,,,,0,0.0,pond_emd_population_context,246513.67579619345,24.651367579619343,7.8593931048484595,58.0,98.0,False,346771_325437,1,UNIQUE,정좌표,RELIABLE_POINT,True,398438.0,1052188.0,AVAILABLE,AVAILABLE,D_PRESERVATION,보존·기록형,500m 이상,True,True,True,BOTH,40.0,1.6896551724137931,93.13924887947782,0.42045454545454547,0.274468085106383,0.16590909090909092,0.3404255319148936
75,단촌면 장림리 103유,단촌면,단촌면,7.0,VWorld UQ164·UO601,VWorld UQ151,,DATA_NOT_AVAILABLE,,DATA_NOT_AVAILABLE,1820.0,122.0,1025.0,6.703296703296704,56.31868131868132,-6.0,2025.0,pond_emd_population_context,,,,,,,0,0.0,pond_emd_population_context,0.0,0.0,0.0,,,,,,,,,,0,0.0,pond_emd_population_context,53648.21905440941,5.364821905440941,1.710422115778357,,,False,347574_324386,1,UNIQUE,정좌표,RELIABLE_POINT,True,,,DATA_NOT_AVAILABLE,DATA_NOT_AVAILABLE,D_PRESERVATION,보존·기록형,500m 이상,False,False,False,NONE,,,,,,,
76,단촌면 장림리 821유,단촌면,단촌면,2.0,VWorld UQ164·UO601,VWorld UQ151,13.0,AVAILABLE,73.0,AVAILABLE,1820.0,122.0,1025.0,6.703296703296704,56.31868131868132,-6.0,2025.0,pond_emd_population_context,,,,,,,0,0.0,pond_emd_population_context,0.0,0.0,0.0,,,,,,,,,,0,0.0,pond_emd_population_context,94276.16575875907,9.427616575875907,3.00572957959756,13.0,73.0,False,346268_323955,1,UNIQUE,정좌표,RELIABLE_POINT,True,477188.0,924063.0,AVAILABLE,AVAILABLE,D_PRESERVATION,보존·기록형,500m 이상,True,True,True,BOTH,60.0,5.615384615384615,78.9989427127804,0.10681818181818181,0.19361702127659575,0.25681818181818183,0.251063829787234
77,단촌면 장림리 1010-1유,단촌면,단촌면,14.8,VWorld UQ164·UO601,VWorld UQ151,,DATA_NOT_AVAILABLE,,DATA_NOT_AVAILABLE,1820.0,122.0,1025.0,6.703296703296704,56.31868131868132,-6.0,2025.0,pond_emd_population_context,,,,,,,0,0.0,pond_emd_population_context,0.0,0.0,0.0,,,,,,,,,,0,0.0,pond_emd_population_context,0.0,0.0,0.0,,,False,344737_325064,1,UNIQUE,정좌표,RELIABLE_POINT,True,,,DATA_NOT_AVAILABLE,DATA_NOT_AVAILABLE,D_PRESERVATION,보존·기록형,500m 이상,False,False,False,NONE,,,,,,,
78,단촌면 장림리 982유,단촌면,단촌면,1.5,VWorld UQ164·UO601,VWorld UQ151,13.0,AVAILABLE,83.0,AVAILABLE,1820.0,122.0,1025.0,6.703296703296704,56.31868131868132,-6.0,2025.0,pond_emd_population_context,,,,,,,0,0.0,pond_emd_population_context,0.0,0.0,0.0,,,,,,,,,,0,0.0,pond_emd_population_context,0.0,0.0,0.0,13.0,83.0,False,344912_325107,1,UNIQUE,정좌표,RELIABLE_POINT,True,355938.0,730000.0,AVAILABLE,AVAILABLE,D_PRESERVATION,보존·기록형,500m 이상,True,True,True,BOTH,70.0,6.384615384615385,113.69863013698631,0.10681818181818181,0.23617021276595745,0.29772727272727273,0.46808510638297873
79,점곡면 황룡리 107유,점곡면,점곡면,23.3,VWorld UQ164·UO601,VWorld UQ151,,DATA_NOT_AVAILABLE,43.0,AVAILABLE,1476.0,101.0,880.0,6.842818428184281,59.62059620596206,-30.0,2025.0,pond_emd_population_context,,,,,,,0,0.0,pond_emd_population_context,57201.7473502345,5.72017473502345,7.294865362056494,,,,,,,,,,0,698.498214367209,pond_emd_population_context,175636.10318483246,17.563610318483246,5.599661657207906,,43.0,False,357898_317288,1,UNIQUE,정좌표,RELIABLE_POINT,True,230313.0,646563.0,DATA_NOT_AVAILABLE,AVAILABLE,D_PRESERVATION,보존·기록형,500m 이상,False,True,False,10MIN_ONLY,,,66.50550681062789,,0.10425531914893617,,0.17446808510638298
80,점곡면 황룡리 412유,점곡면,점곡면,7.4,VWorld UQ164·UO601,VWorld UQ151,,DATA_NOT_AVAILABLE,,DATA_NOT_AVAILABLE,1476.0,101.0,880.0,6.842818428184281,59.62059620596206,-30.0,2025.0,pond_emd_population_context,,,,,,,0,0.0,pond_emd_population_context,24847.791804025484,2.4847791804025485,3.168806970964562,,,,,,,,,,0,0.0,pond_emd_population_context,288215.664612668,28.8215664612668,9.188943371396912,,,False,357490_318609,1,UNIQUE,정좌표,RELIABLE_POINT,True,,,DATA_NOT_AVAILABLE,DATA_NOT_AVAILABLE,D_PRESERVATION,보존·기록형,500m 이상,False,False,False,NONE,,,,,,,
81,점곡면 황룡리 493답,점곡면,점곡면,6.6,VWorld UQ164·UO601,VWorld UQ151,48.0,AVAILABLE,258.0,AVAILABLE,1476.0,101.0,880.0,6.842818428184281,59.62059620596206,-30.0,2025.0,pond_emd_population_context,,,,,,,0,0.0,pond_emd_population_context,108624.75892205683,10.862475892205683,13.852775973267551,,,,,,,,,,0,2968.910672270258,pond_emd_population_context,413287.37190811365,41.32873719081137,13.176501914567318,48.0,258.0,False,357018_319448,1,UNIQUE,정좌표,RELIABLE_POINT,True,389375.0,1808438.0,AVAILABLE,AVAILABLE,D_PRESERVATION,보존·기록형,500m 이상,True,True,True,BOTH,210.0,5.375,142.66455360924732,0.3659090909090909,0.5702127659574469,0.5477272727272727,0.6085106382978723
82,점곡면 황룡리 384유,점곡면,점곡면,14.27,VWorld UQ164·UO601,VWorld UQ151,48.0,AVAILABLE,168.0,AVAILABLE,1476.0,101.0,880.0,6.842818428184281,59.62059620596206,-30.0,2025.0,pond_emd_population_context,,,,,,,0,0.0,pond_emd_population_context,0.0,0.0,0.0,,,,,,,,,,0,0.0,pond_emd_population_context,377442.571058994,37.7442571058994,12.033691562450588,48.0,168.0,False,357585_318909,1,UNIQUE,정좌표,RELIABLE_POINT,True,306875.0,1070938.0,AVAILABLE,AVAILABLE,D_PRESERVATION,보존·기록형,500m 이상,True,True,True,BOTH,120.0,3.5,156.87182638023864,0.3659090909090909,0.4425531914893617,0.4090909090909091,0.6893617021276596
83,점곡면 황룡리 371유,점곡면,점곡면,1.1,VWorld UQ164·UO601,VWorld UQ151,,DATA_NOT_AVAILABLE,,DATA_NOT_AVAILABLE,1476.0,101.0,880.0,6.842818428184281,59.62059620596206,-30.0,2025.0,pond_emd_population_context,,,,,,,0,0.0,pond_emd_population_context,83895.55402329739,8.389555402329739,10.699092238002804,,,,,,,,,,0,0.0,pond_emd_population_context,251101.3044576899,25.11013044576899,8.005656702408784,,,False,357549_318300,1,UNIQUE,정좌표,RELIABLE_POINT,True,,,DATA_NOT_AVAILABLE,DATA_NOT_AVAILABLE,D_PRESERVATION,보존·기록형,500m 이상,False,False,False,NONE,,,,,,,
84,점곡면 황룡리 산32임,점곡면,점곡면,356.0,VWorld UQ164·UO601,VWorld UQ151,43.0,AVAILABLE,103.0,AVAILABLE,1476.0,101.0,880.0,6.842818428184281,59.62059620596206,-30.0,2025.0,pond_emd_population_context,,,,,,,0,0.0,pond_emd_population_context,100243.6088128462,10.02436088128462,12.783938665701877,,,,,,,,,,0,0.0,pond_emd_population_context,250549.3153639188,25.05493153639188,7.988058087388647,43.0,103.0,False,357569_318024,1,UNIQUE,정좌표,RELIABLE_POINT,True,552813.0,1290938.0,AVAILABLE,AVAILABLE,D_PRESERVATION,보존·기록형,500m 이상,True,True,True,BOTH,60.0,2.395348837209302,79.78694561628832,0.32272727272727275,0.29148936170212764,0.25681818181818183,0.2553191489361702
85,점곡면 구암리 271유,점곡면,점곡면,4.0,VWorld UQ164·UO601,VWorld UQ151,,DATA_NOT_AVAILABLE,,DATA_NOT_AVAILABLE,1476.0,101.0,880.0,6.842818428184281,59.62059620596206,-30.0,2025.0,pond_emd_population_context,,,,,,,0,1312.799878324486,pond_emd_population_context,90815.23475281474,9.081523475281474,11.581550232881504,,,,,,,,,,0,4529.351895561133,pond_emd_population_context,422400.8812762165,42.24008812762165,13.467060450345498,,,False,357541_320632,1,UNIQUE,정좌표,RELIABLE_POINT,True,,,DATA_NOT_AVAILABLE,DATA_NOT_AVAILABLE,D_PRESERVATION,보존·기록형,300–500m,False,False,False,NONE,,,,,,,
86,점곡면 구암리 78유,점곡면,점곡면,19.6,VWorld UQ164·UO601,VWorld UQ151,83.0,AVAILABLE,413.0,AVAILABLE,1476.0,101.0,880.0,6.842818428184281,59.62059620596206,-30.0,2025.0,pond_emd_population_context,,,,,,,0,0.0,pond_emd_population_context,141745.72258038918,14.174572258038918,18.07664992365152,,,,,,,,,,0,1796.0721701307584,pond_emd_population_context,269203.9374502882,26.92039374502882,8.582808085438975,83.0,413.0,False,358738_320065,1,UNIQUE,정좌표,RELIABLE_POINT,True,1384688.0,4023438.0,AVAILABLE,AVAILABLE,D_PRESERVATION,보존·기록형,500m 이상,True,True,True,BOTH,330.0,4.975903614457831,102.64853093299811,0.5772727272727273,0.6723404255319149,0.6704545454545454,0.4085106382978723
87,점곡면 구암리 658-1,점곡면,점곡면,11.2,VWorld UQ164·UO601,VWorld UQ151,,DATA_NOT_AVAILABLE,,DATA_NOT_AVAILABLE,1476.0,101.0,880.0,6.842818428184281,59.62059620596206,-30.0,2025.0,pond_emd_population_context,,,,,,,0,0.0,pond_emd_population_context,87229.64959529125,8.722964959529126,11.124285163544164,,,,,,,,,,0,0.0,pond_emd_population_context,151594.56079033183,15.159456079033182,4.8331649023524985,,,False,359053_318556,1,UNIQUE,정좌표,RELIABLE_POINT,True,,,DATA_NOT_AVAILABLE,DATA_NOT_AVAILABLE,D_PRESERVATION,보존·기록형,500m 이상,False,False,False,NONE,,,,,,,
88,점곡면 구암리 664유,점곡면,점곡면,18.4,VWorld UQ164·UO601,VWorld UQ151,,DATA_NOT_AVAILABLE,,DATA_NOT_AVAILABLE,1476.0,101.0,880.0,6.842818428184281,59.62059620596206,-30.0,2025.0,pond_emd_population_context,,,,,,,0,0.0,pond_emd_population_context,113194.7643366906,11.31947643366906,14.43558289347409,,,,,,,,,,0,0.0,pond_emd_population_context,191950.019657438,19.195001965743803,6.119784860205675,,,False,358662_318412,1,UNIQUE,정좌표,RELIABLE_POINT,True,,,DATA_NOT_AVAILABLE,DATA_NOT_AVAILABLE,D_PRESERVATION,보존·기록형,500m 이상,False,False,False,NONE,,,,,,,
89,점곡면 구암리 120유,점곡면,점곡면,52.0,VWorld UQ164·UO601,VWorld UQ151,,DATA_NOT_AVAILABLE,,DATA_NOT_AVAILABLE,1476.0,101.0,880.0,6.842818428184281,59.62059620596206,-30.0,2025.0,pond_emd_population_context,,,,,,,0,0.0,pond_emd_population_context,91769.30731851122,9.176930731851122,11.7032218816473,,,,,,,,,,0,0.0,pond_emd_population_context,152877.1598819733,15.287715988197329,4.8740569560066165,,,False,359348_319981,1,UNIQUE,정좌표,RELIABLE_POINT,True,,,DATA_NOT_AVAILABLE,DATA_NOT_AVAILABLE,D_PRESERVATION,보존·기록형,500m 이상,False,False,False,NONE,,,,,,,
90,점곡면 명고리 767유,점곡면,점곡면,32.0,VWorld UQ164·UO601,VWorld UQ151,13.0,AVAILABLE,133.0,AVAILABLE,1476.0,101.0,880.0,6.842818428184281,59.62059620596206,-30.0,2025.0,pond_emd_population_context,,,,,,,0,0.0,pond_emd_population_context,118831.11191415202,11.8831111914152,15.154379059954582,,,,,,,,,,0,2194.108474603688,pond_emd_population_context,323974.45202868734,32.39744520286873,10.32901142785459,13.0,133.0,False,356697_320910,1,UNIQUE,정좌표,RELIABLE_POINT,True,331250.0,995625.0,AVAILABLE,AVAILABLE,D_PRESERVATION,보존·기록형,500m 이상,True,True,True,BOTH,120.0,10.23076923076923,133.58443188951665,0.10681818181818181,0.3574468085106383,0.4090909090909091,0.5659574468085107
91,점곡면 명고리 757유,점곡면,점곡면,8.0,VWorld UQ164·UO601,VWorld UQ151,5.0,AVAILABLE,93.0,AVAILABLE,1476.0,101.0,880.0,6.842818428184281,59.62059620596206,-30.0,2025.0,pond_emd_population_context,,,,,,,0,0.0,pond_emd_population_context,45977.32141899184,4.5977321418991846,5.863428741188039,,,,,,,,,,0,0.0,pond_emd_population_context,283015.8253876453,28.301582538764528,9.023161167146096,5.0,93.0,False,356418_321274,1,UNIQUE,정좌표,RELIABLE_POINT,True,214375.0,439063.0,AVAILABLE,AVAILABLE,D_PRESERVATION,보존·기록형,500m 이상,True,True,True,BOTH,88.0,18.6,211.81470540674118,0.015909090909090907,0.2553191489361702,0.3409090909090909,0.7829787234042553
92,점곡면 명고리 362유,점곡면,점곡면,78.4,VWorld UQ164·UO601,VWorld UQ151,43.0,AVAILABLE,68.0,AVAILABLE,1476.0,101.0,880.0,6.842818428184281,59.62059620596206,-30.0,2025.0,pond_emd_population_context,,,,,,,0,0.0,pond_emd_population_context,124031.41184099916,12.403141184099916,15.817566629669733,,,,,,,,,,0,0.0,pond_emd_population_context,653944.2396159393,65.39442396159393,20.84916721635387,43.0,68.0,False,356907_323024,1,UNIQUE,정좌표,RELIABLE_POINT,True,359063.0,1538125.0,AVAILABLE,AVAILABLE,B_ECO_EDUCATION,생태·교육형,500m 이상,True,True,True,BOTH,25.0,1.5813953488372092,44.20967086550183,0.32272727272727275,0.17659574468085107,0.10227272727272728,0.09361702127659574
93,점곡면 명고리 363유,점곡면,점곡면,96.9,VWorld UQ164·UO601,VWorld UQ151,38.0,AVAILABLE,63.0,AVAILABLE,1476.0,101.0,880.0,6.842818428184281,59.62059620596206,-30.0,2025.0,pond_emd_population_context,,,,,,,0,0.0,pond_emd_population_context,109061.31426414958,10.90613142641496,13.908449315274998,,,,,,,,,,0,0.0,pond_emd_population_context,475770.4550362206,47.57704550362206,15.16859874700723,38.0,63.0,False,356657_323093,1,UNIQUE,정좌표,RELIABLE_POINT,True,398438.0,1361563.0,AVAILABLE,AVAILABLE,D_PRESERVATION,보존·기록형,500m 이상,True,True,True,BOTH,25.0,1.6578947368421053,46.27035252867476,0.28863636363636364,0.15106382978723404,0.10227272727272728,0.09787234042553192
94,점곡면 동변리 702유,점곡면,점곡면,6.5,VWorld UQ164·UO601,VWorld UQ151,,DATA_NOT_AVAILABLE,,DATA_NOT_AVAILABLE,1476.0,101.0,880.0,6.842818428184281,59.62059620596206,-30.0,2025.0,pond_emd_population_context,,,,,,,0,0.0,pond_emd_population_context,0.0,0.0,0.0,,,,,,,,,,0,1932.865964738128,pond_emd_population_context,756844.6693172115,75.68446693172115,24.12985712156119,,,False,360759_326469,1,UNIQUE,정좌표,RELIABLE_POINT,True,,,DATA_NOT_AVAILABLE,DATA_NOT_AVAILABLE,B_ECO_EDUCATION,생태·교육형,500m 이상,False,False,False,NONE,,,,,,,
95,점곡면 동변리 118-1유,점곡면,점곡면,3.4,VWorld UQ164·UO601,VWorld UQ151,,DATA_NOT_AVAILABLE,,DATA_NOT_AVAILABLE,1476.0,101.0,880.0,6.842818428184281,59.62059620596206,-30.0,2025.0,pond_emd_population_context,,,,,,,0,1037.0169022098014,pond_emd_population_context,0.0,0.0,0.0,,,,,,,,,,0,3775.99342369019,pond_emd_population_context,0.0,0.0,0.0,,,False,360498_329881,1,UNIQUE,정좌표,RELIABLE_POINT,True,,,DATA_NOT_AVAILABLE,DATA_NOT_AVAILABLE,D_PRESERVATION,보존·기록형,300–500m,False,False,False,NONE,,,,,,,
96,점곡면 동변리 299유,점곡면,점곡면,5.0,VWorld UQ164·UO601,VWorld UQ151,,DATA_NOT_AVAILABLE,48.0,AVAILABLE,1476.0,101.0,880.0,6.842818428184281,59.62059620596206,-30.0,2025.0,pond_emd_population_context,,,,,,,0,0.0,pond_emd_population_context,0.0,0.0,0.0,,,,,,,,,,0,0.0,pond_emd_population_context,13857.92592304311,1.385792592304311,0.4418208730014303,,48.0,False,361853_328137,1,UNIQUE,정좌표,RELIABLE_POINT,True,513125.0,1007500.0,DATA_NOT_AVAILABLE,AVAILABLE,D_PRESERVATION,보존·기록형,500m 이상,False,True,False,10MIN_ONLY,,,47.64267990074441,,0.11702127659574468,,0.10638297872340426
97,점곡면 사촌리 32답,점곡면,점곡면,4.0,VWorld UQ164·UO601,VWorld UQ151,,DATA_NOT_AVAILABLE,13.0,AVAILABLE,1476.0,101.0,880.0,6.842818428184281,59.62059620596206,-30.0,2025.0,pond_emd_population_context,,,,,,,0,0.0,pond_emd_population_context,3105.555843527497,0.3105555843527496,0.3960475475368148,,,,,,,,,,0,0.0,pond_emd_population_context,63646.91589860486,6.364691589860485,2.029202356999981,,13.0,False,358267_330154,1,UNIQUE,정좌표,RELIABLE_POINT,True,341875.0,826250.0,DATA_NOT_AVAILABLE,AVAILABLE,D_PRESERVATION,보존·기록형,500m 이상,False,True,False,10MIN_ONLY,,,15.733736762481088,,0.02127659574468085,,0.01276595744680851
98,점곡면 송내리 456유,점곡면,점곡면,6.1,VWorld UQ164·UO601,VWorld UQ151,108.0,AVAILABLE,383.0,AVAILABLE,1476.0,101.0,880.0,6.842818428184281,59.62059620596206,-30.0,2025.0,pond_emd_population_context,,,,,,,0,1092.4917942274924,pond_emd_population_context,144335.84252600037,14.433584252600037,18.40696459322137,,,,,,,,,,0,3665.6676425474657,pond_emd_population_context,700787.138644502,70.07871386445021,22.342620901822315,108.0,383.0,False,355491_327506,1,UNIQUE,정좌표,RELIABLE_POINT,True,579688.0,3454063.0,AVAILABLE,AVAILABLE,D_PRESERVATION,보존·기록형,300–500m,True,True,True,BOTH,275.0,3.5462962962962963,110.88390686562462,0.6522727272727272,0.6425531914893617,0.6045454545454545,0.44680851063829785
99,점곡면 윤암리 808,점곡면,점곡면,0.6,VWorld UQ164·UO601,VWorld UQ151,,DATA_NOT_AVAILABLE,,DATA_NOT_AVAILABLE,1476.0,101.0,880.0,6.842818428184281,59.62059620596206,-30.0,2025.0,pond_emd_population_context,,,,,,,0,0.0,pond_emd_population_context,53414.35028513495,5.341435028513494,6.811863479379987,,,,,,,,,,0,2830.2970958046303,pond_emd_population_context,296061.0131708044,29.60610131708044,9.439070177399868,,,False,359613_322626,1,UNIQUE,정좌표,RELIABLE_POINT,True,,,DATA_NOT_AVAILABLE,DATA_NOT_AVAILABLE,D_PRESERVATION,보존·기록형,500m 이상,False,False,False,NONE,,,,,,,
100,점곡면 윤암리 916유,점곡면,점곡면,5.8,VWorld UQ164·UO601,VWorld UQ151,103.0,AVAILABLE,328.0,AVAILABLE,1476.0,101.0,880.0,6.842818428184281,59.62059620596206,-30.0,2025.0,pond_emd_population_context,,,,,,,0,2104.316972298697,pond_emd_population_context,0.0,0.0,0.0,,,,,,,,,,0,4171.936940910381,pond_emd_population_context,84432.81431550052,8.443281431550052,2.691902088234741,103.0,328.0,False,358440_321486,1,UNIQUE,정좌표,RELIABLE_POINT,True,1316875.0,3875938.0,AVAILABLE,AVAILABLE,D_PRESERVATION,보존·기록형,0–100m,True,True,True,BOTH,225.0,3.1844660194174756,84.62467665891457,0.634090909090909,0.6127659574468085,0.5727272727272728,0.2936170212765957
101,점곡면 윤암리 289유,점곡면,점곡면,4.4,VWorld UQ164·UO601,VWorld UQ151,73.0,AVAILABLE,598.0,AVAILABLE,1476.0,101.0,880.0,6.842818428184281,59.62059620596206,-30.0,2025.0,pond_emd_population_context,,,,,,,0,4751.727266847804,pond_emd_population_context,223624.1074730084,22.36241074730084,28.51849517353879,,,,,,,,,,0,11965.796457056847,pond_emd_population_context,901075.6169981252,90.10756169981254,28.728253993653254,73.0,598.0,False,359312_325146,1,UNIQUE,정좌표,RELIABLE_POINT,True,825625.0,4057813.0,AVAILABLE,AVAILABLE,D_PRESERVATION,보존·기록형,100–300m,True,True,True,BOTH,525.0,8.191780821917808,147.37002419776366,0.5318181818181819,0.7446808510638298,0.7454545454545455,0.6468085106382979
102,점곡면 윤암리 678유,점곡면,점곡면,17.4,VWorld UQ164·UO601,VWorld UQ151,,DATA_NOT_AVAILABLE,,DATA_NOT_AVAILABLE,1476.0,101.0,880.0,6.842818428184281,59.62059620596206,-30.0,2025.0,pond_emd_population_context,,,,,,,0,0.0,pond_emd_population_context,53555.87939747452,5.355587939747452,6.82991250527787,,,,,,,,,,0,2150.71322760688,pond_emd_population_context,220003.08273177143,22.000308273177147,7.01417763490341,,,False,359795_322974,1,UNIQUE,정좌표,RELIABLE_POINT,True,,,DATA_NOT_AVAILABLE,DATA_NOT_AVAILABLE,D_PRESERVATION,보존·기록형,500m 이상,False,False,False,NONE,,,,,,,
103,점곡면 윤암리 1022유,점곡면,점곡면,21.3,VWorld UQ164·UO601,VWorld UQ151,,DATA_NOT_AVAILABLE,,DATA_NOT_AVAILABLE,1476.0,101.0,880.0,6.842818428184281,59.62059620596206,-30.0,2025.0,pond_emd_population_context,,,,,,,0,0.0,pond_emd_population_context,110003.8483734497,11.00038483734497,14.028649479518092,,,,,,,,,,0,2415.3003432089804,pond_emd_population_context,172321.25700639465,17.232125700639465,5.493977138430997,,,False,359426_321689,1,UNIQUE,정좌표,RELIABLE_POINT,True,,,DATA_NOT_AVAILABLE,DATA_NOT_AVAILABLE,D_PRESERVATION,보존·기록형,500m 이상,False,False,False,NONE,,,,,,,
188,춘산면 옥정리 895유,춘산면,춘산면,26.7,VWorld UQ164·UO601,VWorld UQ151,23.0,AVAILABLE,83.0,AVAILABLE,1465.0,88.0,841.0,6.006825938566553,57.40614334470989,-17.0,2025.0,pond_emd_population_context,,,,,,,0,2111.1040417555723,pond_emd_population_context,27332.009893635728,2.733200989363573,3.4856161128730148,,,,,,,,,,0,4520.007831947433,pond_emd_population_context,70672.94788948396,7.067294788948396,2.2532075656571005,23.0,83.0,False,363015_304007,1,UNIQUE,정좌표,RELIABLE_POINT,True,503125.0,1326563.0,AVAILABLE,AVAILABLE,D_PRESERVATION,보존·기록형,0–100m,True,True,True,BOTH,60.0,3.608695652173913,62.567703154693746,0.2159090909090909,0.23617021276595745,0.25681818181818183,0.14468085106382977
189,춘산면 옥정리 1186,춘산면,춘산면,6.6,VWorld UQ164·UO601,VWorld UQ151,,DATA_NOT_AVAILABLE,,DATA_NOT_AVAILABLE,1465.0,88.0,841.0,6.006825938566553,57.40614334470989,-17.0,2025.0,pond_emd_population_context,,,,,,,0,2712.4191126709297,pond_emd_population_context,0.0,0.0,0.0,,,,,,,,,,0,3745.217517973457,pond_emd_population_context,0.0,0.0,0.0,,,False,362762_303070,1,UNIQUE,정좌표,RELIABLE_POINT,True,,,DATA_NOT_AVAILABLE,DATA_NOT_AVAILABLE,D_PRESERVATION,보존·기록형,100–300m,False,False,False,NONE,,,,,,,
190,춘산면 옥정리 480유,춘산면,춘산면,13.2,VWorld UQ164·UO601,VWorld UQ151,63.0,AVAILABLE,388.0,AVAILABLE,1465.0,88.0,841.0,6.006825938566553,57.40614334470989,-17.0,2025.0,pond_emd_population_context,,,,,,,0,1559.0050635698358,pond_emd_population_context,168801.3778456909,16.88013778456909,21.527022885759678,,,,,,,,,,3,8182.668017393744,pond_emd_population_context,406627.73839842086,40.66277383984209,12.964178287823906,63.0,388.0,False,362560_304935,1,UNIQUE,정좌표,RELIABLE_POINT,True,330313.0,1726250.0,AVAILABLE,AVAILABLE,D_PRESERVATION,보존·기록형,300–500m,True,True,True,BOTH,325.0,6.158730158730159,224.76466328747284,0.45,0.648936170212766,0.6613636363636364,0.7872340425531915
191,춘산면 옥정리 875유,춘산면,춘산면,12.3,VWorld UQ164·UO601,VWorld UQ151,,DATA_NOT_AVAILABLE,,DATA_NOT_AVAILABLE,1465.0,88.0,841.0,6.006825938566553,57.40614334470989,-17.0,2025.0,pond_emd_population_context,,,,,,,0,1155.204492238213,pond_emd_population_context,12112.557564818746,1.211255756481875,1.5446989072642268,,,,,,,,,,0,4181.635867687639,pond_emd_population_context,67972.21420765154,6.797221420765155,2.167102291341308,,,False,362609_304016,1,UNIQUE,정좌표,RELIABLE_POINT,True,,,DATA_NOT_AVAILABLE,DATA_NOT_AVAILABLE,D_PRESERVATION,보존·기록형,300–500m,False,False,False,NONE,,,,,,,
192,춘산면 옥정리 253유,춘산면,춘산면,3.8,VWorld UQ164·UO601,VWorld UQ151,,DATA_NOT_AVAILABLE,,DATA_NOT_AVAILABLE,1465.0,88.0,841.0,6.006825938566553,57.40614334470989,-17.0,2025.0,pond_emd_population_context,,,,,,,3,2974.3819311315438,pond_emd_population_context,85610.72859378744,8.561072859378744,10.91782624777946,,,,,,,,,,3,10015.663047433272,pond_emd_population_context,451076.2970231636,45.10762970231636,14.38129518426974,,,False,362546_305953,1,UNIQUE,정좌표,RELIABLE_POINT,True,,,DATA_NOT_AVAILABLE,DATA_NOT_AVAILABLE,D_PRESERVATION,보존·기록형,300–500m,False,False,False,NONE,,,,,,,
193,춘산면 옥정리 568,춘산면,춘산면,2.0,VWorld UQ164·UO601,VWorld UQ151,43.0,AVAILABLE,398.0,AVAILABLE,1465.0,88.0,841.0,6.006825938566553,57.40614334470989,-17.0,2025.0,pond_emd_population_context,,,,,,,0,2056.441676283142,pond_emd_population_context,85903.25542107904,8.590325542107903,10.955131818303665,,,,,,,,,,3,8500.576578170725,pond_emd_population_context,312540.4470173761,31.25404470173761,9.96447043491999,43.0,398.0,False,363037_304837,1,UNIQUE,정좌표,RELIABLE_POINT,True,479375.0,2320938.0,AVAILABLE,AVAILABLE,A_CULTURE_TOURISM,문화·관광형,0–100m,True,True,True,BOTH,355.0,9.255813953488373,171.48239203287636,0.32272727272727275,0.6617021276595745,0.6954545454545454,0.7404255319148936
194,춘산면 금오리 37유,춘산면,춘산면,10.8,VWorld UQ164·UO601,VWorld UQ151,183.0,AVAILABLE,458.0,AVAILABLE,1465.0,88.0,841.0,6.006825938566553,57.40614334470989,-17.0,2025.0,pond_emd_population_context,,,,,,,0,2057.205228180449,pond_emd_population_context,0.0,0.0,0.0,,,,,,,,,,0,3085.3201759772446,pond_emd_population_context,0.0,0.0,0.0,183.0,458.0,False,370023_302381,1,UNIQUE,정좌표,RELIABLE_POINT,True,998750.0,3558125.0,AVAILABLE,AVAILABLE,D_PRESERVATION,보존·기록형,0–100m,True,True,True,BOTH,275.0,2.5027322404371586,128.71948006323555,0.7477272727272727,0.7063829787234043,0.6045454545454545,0.5361702127659574
195,춘산면 금오리 산61임,춘산면,춘산면,8.0,VWorld UQ164·UO601,VWorld UQ151,,DATA_NOT_AVAILABLE,,DATA_NOT_AVAILABLE,1465.0,88.0,841.0,6.006825938566553,57.40614334470989,-17.0,2025.0,pond_emd_population_context,,,,,,,0,399.6675778930311,pond_emd_population_context,0.0,0.0,0.0,,,,,,,,,,0,3476.773574731652,pond_emd_population_context,0.0,0.0,0.0,,,False,368714_302687,1,UNIQUE,정좌표,RELIABLE_POINT,True,,,DATA_NOT_AVAILABLE,DATA_NOT_AVAILABLE,D_PRESERVATION,보존·기록형,300–500m,False,False,False,NONE,,,,,,,
196,춘산면 금오리 382-1유,춘산면,춘산면,6.4,VWorld UQ164·UO601,VWorld UQ151,,DATA_NOT_AVAILABLE,,DATA_NOT_AVAILABLE,1465.0,88.0,841.0,6.006825938566553,57.40614334470989,-17.0,2025.0,pond_emd_population_context,,,,,,,0,2090.3519130541968,pond_emd_population_context,0.0,0.0,0.0,,,,,,,,,,0,4349.923344403413,pond_emd_population_context,0.0,0.0,0.0,,,False,368301_303505,1,UNIQUE,정좌표,RELIABLE_POINT,True,,,DATA_NOT_AVAILABLE,DATA_NOT_AVAILABLE,D_PRESERVATION,보존·기록형,100–300m,False,False,False,NONE,,,,,,,
197,춘산면 신흥리 782답,춘산면,춘산면,5.4,VWorld UQ164·UO601,VWorld UQ151,88.0,AVAILABLE,498.0,AVAILABLE,1465.0,88.0,841.0,6.006825938566553,57.40614334470989,-17.0,2025.0,pond_emd_population_context,,,,,,,0,2439.6744858592324,pond_emd_population_context,84192.70064907809,8.41927006490781,10.736986965494038,,,,,,,,,,0,6590.983982785945,pond_emd_population_context,210778.8830015059,21.07788830015059,6.720090049199924,88.0,498.0,False,365682_305190,1,UNIQUE,정좌표,RELIABLE_POINT,True,1110313.0,3588750.0,AVAILABLE,AVAILABLE,D_PRESERVATION,보존·기록형,100–300m,True,True,True,BOTH,410.0,5.659090909090909,138.76698014629048,0.5886363636363636,0.723404255319149,0.7136363636363636,0.5914893617021276
198,춘산면 신흥리 535 유,춘산면,춘산면,11.3,VWorld UQ164·UO601,VWorld UQ151,,DATA_NOT_AVAILABLE,,DATA_NOT_AVAILABLE,1465.0,88.0,841.0,6.006825938566553,57.40614334470989,-17.0,2025.0,pond_emd_population_context,,,,,,,0,0.0,pond_emd_population_context,0.0,0.0,0.0,,,,,,,,,,0,2036.6056788126384,pond_emd_population_context,43434.798023002346,4.343479802300235,1.384795999613022,,,False,365433_304339,1,UNIQUE,정좌표,RELIABLE_POINT,True,,,DATA_NOT_AVAILABLE,DATA_NOT_AVAILABLE,D_PRESERVATION,보존·기록형,500m 이상,False,False,False,NONE,,,,,,,
199,춘산면 신흥리 480답,춘산면,춘산면,5.0,VWorld UQ164·UO601,VWorld UQ151,148.0,AVAILABLE,553.0,AVAILABLE,1465.0,88.0,841.0,6.006825938566553,57.40614334470989,-17.0,2025.0,pond_emd_population_context,,,,,,,0,2122.443874353827,pond_emd_population_context,42291.68806035676,4.229168806035676,5.393404653278131,,,,,,,,,,0,6896.785191383049,pond_emd_population_context,139837.77662007895,13.983777662007896,4.458333006538044,148.0,553.0,False,366024_305116,1,UNIQUE,정좌표,RELIABLE_POINT,True,1233750.0,3846250.0,AVAILABLE,AVAILABLE,D_PRESERVATION,보존·기록형,0–100m,True,True,True,BOTH,405.0,3.7364864864864864,143.77640558986025,0.7204545454545455,0.7361702127659574,0.7090909090909091,0.6170212765957447
200,춘산면 신흥리 126유,춘산면,춘산면,33.0,VWorld UQ164·UO601,VWorld UQ151,28.0,AVAILABLE,213.0,AVAILABLE,1465.0,88.0,841.0,6.006825938566553,57.40614334470989,-17.0,2025.0,pond_emd_population_context,,,,,,,0,3021.473877186906,pond_emd_population_context,0.0,0.0,0.0,,,,,,,,,,0,4746.318451663244,pond_emd_population_context,0.0,0.0,0.0,28.0,213.0,False,367912_307045,1,UNIQUE,정좌표,RELIABLE_POINT,True,895938.0,2759375.0,AVAILABLE,AVAILABLE,D_PRESERVATION,보존·기록형,100–300m,True,True,True,BOTH,185.0,7.607142857142857,77.19139297848245,0.24545454545454545,0.48936170212765956,0.5295454545454545,0.23829787234042554
201,춘산면 신흥리 144,춘산면,춘산면,3.0,VWorld UQ164·UO601,VWorld UQ151,,DATA_NOT_AVAILABLE,38.0,AVAILABLE,1465.0,88.0,841.0,6.006825938566553,57.40614334470989,-17.0,2025.0,pond_emd_population_context,,,,,,,0,340.0859610429752,pond_emd_population_context,0.0,0.0,0.0,,,,,,,,,,0,4118.943487802139,pond_emd_population_context,0.0,0.0,0.0,,38.0,False,368320_306892,1,UNIQUE,정좌표,RELIABLE_POINT,True,320000.0,1425313.0,DATA_NOT_AVAILABLE,AVAILABLE,D_PRESERVATION,보존·기록형,300–500m,False,True,False,10MIN_ONLY,,,26.660810642995607,,0.09148936170212765,,0.02553191489361702
202,춘산면 대사리 516유,춘산면,춘산면,8.4,VWorld UQ164·UO601,VWorld UQ151,68.0,AVAILABLE,403.0,AVAILABLE,1465.0,88.0,841.0,6.006825938566553,57.40614334470989,-17.0,2025.0,pond_emd_population_context,,,,,,,0,2039.108669458004,pond_emd_population_context,75548.76184082322,7.554876184082322,9.634636552699948,,,,,,,,,,0,4843.33578249871,pond_emd_population_context,130183.27166947957,13.018327166947955,4.150526352832554,68.0,403.0,False,363671_307891,1,UNIQUE,정좌표,RELIABLE_POINT,True,1145313.0,3334063.0,AVAILABLE,AVAILABLE,D_PRESERVATION,보존·기록형,0–100m,True,True,True,BOTH,335.0,5.926470588235294,120.87354078192284,0.4909090909090909,0.6680851063829787,0.6795454545454546,0.5063829787234042
203,춘산면 대사리 186유,춘산면,춘산면,3.8,VWorld UQ164·UO601,VWorld UQ151,13.0,AVAILABLE,323.0,AVAILABLE,1465.0,88.0,841.0,6.006825938566553,57.40614334470989,-17.0,2025.0,pond_emd_population_context,,,,,,,0,0.0,pond_emd_population_context,0.0,0.0,0.0,,,,,,,,,,0,2364.1246259464247,pond_emd_population_context,74946.48278086093,7.494648278086093,2.3894571694575246,13.0,323.0,False,364773_306571,1,UNIQUE,정좌표,RELIABLE_POINT,True,348125.0,1635000.0,AVAILABLE,AVAILABLE,D_PRESERVATION,보존·기록형,500m 이상,True,True,True,BOTH,310.0,24.846153846153847,197.55351681957185,0.10681818181818181,0.6085106382978723,0.6454545454545455,0.774468085106383
204,춘산면 대사리 147 유,춘산면,춘산면,3.7,VWorld UQ164·UO601,VWorld UQ151,28.0,AVAILABLE,63.0,AVAILABLE,1465.0,88.0,841.0,6.006825938566553,57.40614334470989,-17.0,2025.0,pond_emd_population_context,,,,,,,0,0.0,pond_emd_population_context,0.0,0.0,0.0,,,,,,,,,,0,0.0,pond_emd_population_context,8797.861870835643,0.8797861870835643,0.2804950058114485,28.0,63.0,False,364671_307906,1,UNIQUE,정좌표,RELIABLE_POINT,True,235938.0,953438.0,AVAILABLE,AVAILABLE,D_PRESERVATION,보존·기록형,500m 이상,True,True,True,BOTH,35.0,2.25,66.0766615133863,0.24545454545454545,0.15106382978723404,0.13636363636363635,0.1702127659574468
213,춘산면 빙계리 142유,춘산면,춘산면,58.3,VWorld UQ164·UO601,VWorld UQ151,33.0,AVAILABLE,203.0,AVAILABLE,1465.0,88.0,841.0,6.006825938566553,57.40614334470989,-17.0,2025.0,pond_emd_population_context,,,,,,,0,0.0,pond_emd_population_context,118152.3630726378,11.81523630726378,15.067819092071405,,,,,,,,,,0,1304.4349980680715,pond_emd_population_context,280266.1639921235,28.02661639921235,8.935495970710914,33.0,203.0,False,359800_306520,1,UNIQUE,정좌표,RELIABLE_POINT,True,488125.0,1373438.0,AVAILABLE,AVAILABLE,D_PRESERVATION,보존·기록형,500m 이상,True,True,True,BOTH,170.0,6.151515151515151,147.80426928627284,0.2727272727272727,0.4808510638297872,0.49318181818181817,0.6510638297872341
214,춘산면 빙계리 109유,춘산면,춘산면,28.3,VWorld UQ164·UO601,VWorld UQ151,13.0,AVAILABLE,173.0,AVAILABLE,1465.0,88.0,841.0,6.006825938566553,57.40614334470989,-17.0,2025.0,pond_emd_population_context,,,,,,,0,0.0,pond_emd_population_context,114498.41275798024,11.449841275798024,14.601835502062038,,,,,,,,,,0,0.0,pond_emd_population_context,247631.61184404825,24.763161184404822,7.895035341887818,13.0,173.0,False,359507_306787,1,UNIQUE,정좌표,RELIABLE_POINT,True,269063.0,1100000.0,AVAILABLE,AVAILABLE,D_PRESERVATION,보존·기록형,500m 이상,True,True,True,BOTH,160.0,13.307692307692308,157.27272727272725,0.10681818181818181,0.44680851063829785,0.4818181818181818,0.6936170212765957
215,춘산면 사미리 645-1답,춘산면,춘산면,17.3,VWorld UQ164·UO601,VWorld UQ151,,DATA_NOT_AVAILABLE,,DATA_NOT_AVAILABLE,1465.0,88.0,841.0,6.006825938566553,57.40614334470989,-17.0,2025.0,pond_emd_population_context,,,,,,,0,1197.7438892810155,pond_emd_population_context,20137.23724208234,2.013723724208234,2.5680759985416475,,,,,,,,,,0,3955.0624615368615,pond_emd_population_context,504447.7909477826,50.44477909477826,16.082894699963177,,,False,357648_307759,1,UNIQUE,인근좌표,UNVERIFIED_NEARBY_POINT,False,,,DATA_NOT_AVAILABLE,DATA_NOT_AVAILABLE,D_PRESERVATION,보존·기록형,300–500m,False,False,False,NONE,,,,,,,
216,춘산면 사미리 292유,춘산면,춘산면,3.2,VWorld UQ164·UO601,VWorld UQ151,,DATA_NOT_AVAILABLE,,DATA_NOT_AVAILABLE,1465.0,88.0,841.0,6.006825938566553,57.40614334470989,-17.0,2025.0,pond_emd_population_context,,,,,,,0,2052.56507127703,pond_emd_population_context,236250.222877061,23.6250222877061,30.128687452358637,,,,,,,,,,0,6044.598940211427,pond_emd_population_context,599997.5625216954,59.99975625216954,19.12922960796527,,,False,357623_306941,1,UNIQUE,정좌표,RELIABLE_POINT,True,,,DATA_NOT_AVAILABLE,DATA_NOT_AVAILABLE,D_PRESERVATION,보존·기록형,100–300m,False,False,False,NONE,,,,,,,
217,춘산면 사미리 618답,춘산면,춘산면,15.8,VWorld UQ164·UO601,VWorld UQ151,,DATA_NOT_AVAILABLE,,DATA_NOT_AVAILABLE,1465.0,88.0,841.0,6.006825938566553,57.40614334470989,-17.0,2025.0,pond_emd_population_context,,,,,,,0,0.0,pond_emd_population_context,0.0,0.0,0.0,,,,,,,,,,0,2365.7373647708814,pond_emd_population_context,164433.37602567155,16.443337602567155,5.242494306123493,,,False,357239_307748,1,UNIQUE,정좌표,RELIABLE_POINT,True,,,DATA_NOT_AVAILABLE,DATA_NOT_AVAILABLE,D_PRESERVATION,보존·기록형,500m 이상,False,False,False,NONE,,,,,,,
218,춘산면 사미리 921유,춘산면,춘산면,6.0,VWorld UQ164·UO601,VWorld UQ151,,DATA_NOT_AVAILABLE,28.0,AVAILABLE,1465.0,88.0,841.0,6.006825938566553,57.40614334470989,-17.0,2025.0,pond_emd_population_context,,,,,,,0,1046.125725662975,pond_emd_population_context,61345.27558928027,6.134527558928027,7.823284195884198,,,,,,,,,,0,3502.8535907631685,pond_emd_population_context,445574.8158263494,44.55748158263494,14.205895976720528,,28.0,False,357688_308177,1,UNIQUE,정좌표,RELIABLE_POINT,True,209375.0,393750.0,DATA_NOT_AVAILABLE,AVAILABLE,D_PRESERVATION,보존·기록형,300–500m,False,True,False,10MIN_ONLY,,,71.11111111111111,,0.05531914893617021,,0.18723404255319148
219,춘산면 효선리 62유,춘산면,춘산면,23.9,VWorld UQ164·UO601,VWorld UQ151,,DATA_NOT_AVAILABLE,5.0,AVAILABLE,1465.0,88.0,841.0,6.006825938566553,57.40614334470989,-17.0,2025.0,pond_emd_population_context,,,,,,,0,0.0,pond_emd_population_context,101986.29904742957,10.198629904742956,13.00618171277558,,,,,,,,,,0,0.0,pond_emd_population_context,165579.78661863896,16.557978661863896,5.279044373703283,,5.0,False,361907_308857,1,UNIQUE,정좌표,RELIABLE_POINT,True,426563.0,840625.0,DATA_NOT_AVAILABLE,AVAILABLE,D_PRESERVATION,보존·기록형,500m 이상,False,True,False,10MIN_ONLY,,,5.947955390334573,,0.00851063829787234,,0.00851063829787234
220,춘산면 효선리 1011유,춘산면,춘산면,0.8,VWorld UQ164·UO601,VWorld UQ151,93.0,AVAILABLE,228.0,AVAILABLE,1465.0,88.0,841.0,6.006825938566553,57.40614334470989,-17.0,2025.0,pond_emd_population_context,,,,,,,0,1780.4402172626428,pond_emd_population_context,210784.55962609328,21.07845596260933,26.881084129441646,,,,,,,,,,0,3856.36873289738,pond_emd_population_context,491933.5375002832,49.19335375002832,15.683913033165435,93.0,228.0,False,358016_308579,1,UNIQUE,정좌표,RELIABLE_POINT,True,490313.0,2275000.0,AVAILABLE,AVAILABLE,D_PRESERVATION,보존·기록형,100–300m,True,True,True,BOTH,135.0,2.4516129032258065,100.21978021978022,0.6022727272727273,0.5148936170212766,0.4431818181818182,0.39574468085106385
221,춘산면 효선리 1213답,춘산면,춘산면,0.7,VWorld UQ164·UO601,VWorld UQ151,,DATA_NOT_AVAILABLE,,DATA_NOT_AVAILABLE,1465.0,88.0,841.0,6.006825938566553,57.40614334470989,-17.0,2025.0,pond_emd_population_context,,,,,,,0,0.0,pond_emd_population_context,7952.351848671084,0.7952351848671083,1.0141532162044835,,,,,,,,,,0,2907.090349148872,pond_emd_population_context,342850.64728723373,34.28506472872337,10.930825661412351,,,False,357814_309030,1,UNIQUE,정좌표,RELIABLE_POINT,True,,,DATA_NOT_AVAILABLE,DATA_NOT_AVAILABLE,D_PRESERVATION,보존·기록형,500m 이상,False,False,False,NONE,,,,,,,
222,춘산면 효선리 342유,춘산면,춘산면,2.2,VWorld UQ164·UO601,VWorld UQ151,,DATA_NOT_AVAILABLE,,DATA_NOT_AVAILABLE,1465.0,88.0,841.0,6.006825938566553,57.40614334470989,-17.0,2025.0,pond_emd_population_context,,,,,,,0,0.0,pond_emd_population_context,132871.96728364198,13.287196728364195,16.94499130928681,,,,,,,,,,0,1161.3584383493333,pond_emd_population_context,350405.84780345834,35.04058478034583,11.17170191564522,,,False,359712_309308,1,UNIQUE,정좌표,RELIABLE_POINT,True,,,DATA_NOT_AVAILABLE,DATA_NOT_AVAILABLE,D_PRESERVATION,보존·기록형,500m 이상,False,False,False,NONE,,,,,,,
223,춘산면 효선리 356유,춘산면,춘산면,16.0,VWorld UQ164·UO601,VWorld UQ151,88.0,AVAILABLE,123.0,AVAILABLE,1465.0,88.0,841.0,6.006825938566553,57.40614334470989,-17.0,2025.0,pond_emd_population_context,,,,,,,0,0.0,pond_emd_population_context,105950.08147521704,10.595008147521703,13.5116777941829,,,,,,,,,,0,0.0,pond_emd_population_context,293433.2316892525,29.34332316892525,9.355290778182146,88.0,123.0,False,359980_309329,1,UNIQUE,정좌표,RELIABLE_POINT,True,354375.0,1116250.0,AVAILABLE,AVAILABLE,D_PRESERVATION,보존·기록형,500m 이상,True,True,True,BOTH,35.0,1.3977272727272727,110.19036954087346,0.5886363636363636,0.33617021276595743,0.13636363636363635,0.4340425531914894
224,춘산면 효선리 1029유,춘산면,춘산면,15.4,VWorld UQ164·UO601,VWorld UQ151,,DATA_NOT_AVAILABLE,,DATA_NOT_AVAILABLE,1465.0,88.0,841.0,6.006825938566553,57.40614334470989,-17.0,2025.0,pond_emd_population_context,,,,,,,0,1971.9936696009177,pond_emd_population_context,292987.52514415927,29.298752514415927,37.36432272955769,,,,,,,,,,0,4038.338778527223,pond_emd_population_context,510127.9738128929,51.01279738128929,16.2639913060648,,,False,358041_308279,1,UNIQUE,정좌표,RELIABLE_POINT,True,,,DATA_NOT_AVAILABLE,DATA_NOT_AVAILABLE,D_PRESERVATION,보존·기록형,0–100m,False,False,False,NONE,,,,,,,
225,가음면 장리 499유,가음면,가음면,4.8,VWorld UQ164·UO601,VWorld UQ151,,DATA_NOT_AVAILABLE,,DATA_NOT_AVAILABLE,1396.0,85.0,797.0,6.088825214899714,57.09169054441261,-32.0,2025.0,pond_emd_population_context,,,,,,,0,0.0,pond_emd_population_context,57936.40611335752,5.793640611335753,7.388555450424317,,,,,,,,,,0,0.0,pond_emd_population_context,343327.9737194866,34.332797371948665,10.946043868103294,,,False,356203_306477,1,UNIQUE,정좌표,RELIABLE_POINT,True,,,DATA_NOT_AVAILABLE,DATA_NOT_AVAILABLE,D_PRESERVATION,보존·기록형,500m 이상,False,False,False,NONE,,,,,,,
226,가음면 장리 176유,가음면,가음면,18.9,VWorld UQ164·UO601,VWorld UQ151,193.0,AVAILABLE,733.0,AVAILABLE,1396.0,85.0,797.0,6.088825214899714,57.09169054441261,-32.0,2025.0,pond_emd_population_context,,,,,,,0,0.0,pond_emd_population_context,197192.95509064093,19.719295509064093,25.14776426189681,,,,,,,,,,0,4666.0329636649485,pond_emd_population_context,680777.3672463674,68.07773672463674,21.704665791023057,193.0,733.0,False,355919_305682,1,UNIQUE,정좌표,RELIABLE_POINT,True,863750.0,5443750.0,AVAILABLE,AVAILABLE,B_ECO_EDUCATION,생태·교육형,500m 이상,True,True,True,BOTH,540.0,3.7979274611398965,134.64982778415614,0.7613636363636364,0.7659574468085106,0.75,0.5787234042553191
227,가음면 장리 828유,가음면,가음면,5.7,VWorld UQ164·UO601,VWorld UQ151,,DATA_NOT_AVAILABLE,,DATA_NOT_AVAILABLE,1396.0,85.0,797.0,6.088825214899714,57.09169054441261,-32.0,2025.0,pond_emd_population_context,,,,,,,0,0.0,pond_emd_population_context,82598.16346666962,8.259816346666963,10.53363768685675,,,,,,,,,,1,0.0,pond_emd_population_context,737199.4693270362,73.71994693270362,23.503525341600216,,,False,355210_306276,1,UNIQUE,정좌표,RELIABLE_POINT,True,,,DATA_NOT_AVAILABLE,DATA_NOT_AVAILABLE,B_ECO_EDUCATION,생태·교육형,500m 이상,False,False,False,NONE,,,,,,,
228,가음면 장리 738유,가음면,가음면,11.0,VWorld UQ164·UO601,VWorld UQ151,108.0,AVAILABLE,223.0,AVAILABLE,1396.0,85.0,797.0,6.088825214899714,57.09169054441261,-32.0,2025.0,pond_emd_population_context,,,,,,,0,0.0,pond_emd_population_context,121520.62361080528,12.152062361080526,15.497369031862863,,,,,,,,,,1,0.0,pond_emd_population_context,748763.7085850609,74.87637085850609,23.87221848608312,108.0,223.0,False,354814_306393,1,UNIQUE,정좌표,RELIABLE_POINT,True,467500.0,1855313.0,AVAILABLE,AVAILABLE,B_ECO_EDUCATION,생태·교육형,500m 이상,True,True,True,BOTH,115.0,2.064814814814815,120.19535248230352,0.6522727272727272,0.5063829787234042,0.39090909090909093,0.502127659574468
229,가음면 장리 1271유,가음면,가음면,59.4,VWorld UQ164·UO601,VWorld UQ151,188.0,AVAILABLE,743.0,AVAILABLE,1396.0,85.0,797.0,6.088825214899714,57.09169054441261,-32.0,2025.0,pond_emd_population_context,,,,,,,1,1302.808869944612,pond_emd_population_context,345722.13910487207,34.57221391048721,44.089500308627706,,,,,,,,,,2,9208.73822614097,pond_emd_population_context,1458698.6066458302,145.86986066458303,46.50648988984539,188.0,743.0,False,354919_305550,1,UNIQUE,정좌표,RELIABLE_POINT,True,848438.0,4535313.0,AVAILABLE,AVAILABLE,A_CULTURE_TOURISM,문화·관광형,100–300m,True,True,True,BOTH,555.0,3.952127659574468,163.82551766548414,0.7545454545454545,0.7702127659574468,0.7545454545454545,0.7021276595744681
230,가음면 장리 436유,가음면,가음면,6.6,VWorld UQ164·UO601,VWorld UQ151,92.0,AVAILABLE,508.0,AVAILABLE,1396.0,85.0,797.0,6.088825214899714,57.09169054441261,-32.0,2025.0,pond_emd_population_context,,,,,,,0,0.0,pond_emd_population_context,160397.67225282628,16.039767225282628,20.455309106336863,,,,,,,,,,0,0.0,pond_emd_population_context,439796.8411227261,43.9796841122726,14.02168155373172,92.0,508.0,False,355810_306168,1,UNIQUE,정좌표,RELIABLE_POINT,True,700938.0,2758750.0,AVAILABLE,AVAILABLE,D_PRESERVATION,보존·기록형,500m 이상,True,True,True,BOTH,416.0,5.521739130434782,184.1413683733575,0.5954545454545455,0.7276595744680852,0.7181818181818181,0.7617021276595745
231,가음면 장리 393유,가음면,가음면,3.3,VWorld UQ164·UO601,VWorld UQ151,,DATA_NOT_AVAILABLE,,DATA_NOT_AVAILABLE,1396.0,85.0,797.0,6.088825214899714,57.09169054441261,-32.0,2025.0,pond_emd_population_context,,,,,,,0,0.0,pond_emd_population_context,72330.59207145397,7.233059207145397,9.22422749585681,,,,,,,,,,0,0.0,pond_emd_population_context,532260.697281103,53.2260697281103,16.969630754487863,,,False,355385_306380,1,UNIQUE,정좌표,RELIABLE_POINT,True,,,DATA_NOT_AVAILABLE,DATA_NOT_AVAILABLE,D_PRESERVATION,보존·기록형,500m 이상,False,False,False,NONE,,,,,,,
232,가음면 장리 624유,가음면,가음면,4.1,VWorld UQ164·UO601,VWorld UQ151,83.0,AVAILABLE,138.0,AVAILABLE,1396.0,85.0,797.0,6.088825214899714,57.09169054441261,-32.0,2025.0,pond_emd_population_context,,,,,,,0,0.0,pond_emd_population_context,44223.80575620462,4.422380575620462,5.639805141161114,,,,,,,,,,0,0.0,pond_emd_population_context,370455.6926207399,37.04556926207399,11.810934654361526,83.0,138.0,False,355114_306615,1,UNIQUE,정좌표,RELIABLE_POINT,True,264063.0,1155938.0,AVAILABLE,AVAILABLE,D_PRESERVATION,보존·기록형,500m 이상,True,True,True,BOTH,55.0,1.6626506024096386,119.38356555455397,0.5772727272727273,0.3659574468085106,0.225,0.49361702127659574
233,가음면 장리 산45-8임,가음면,가음면,1.5,VWorld UQ164·UO601,VWorld UQ151,,DATA_NOT_AVAILABLE,,DATA_NOT_AVAILABLE,1396.0,85.0,797.0,6.088825214899714,57.09169054441261,-32.0,2025.0,pond_emd_population_context,,,,,,,0,0.0,pond_emd_population_context,1045.5517767739098,0.1045551776773909,0.1333378750464578,,,,,,,,,,0,0.0,pond_emd_population_context,89251.29587724776,8.925129587724776,2.8455257792527813,,,False,355654_307003,1,UNIQUE,정좌표,RELIABLE_POINT,True,,,DATA_NOT_AVAILABLE,DATA_NOT_AVAILABLE,D_PRESERVATION,보존·기록형,500m 이상,False,False,False,NONE,,,,,,,
234,가음면 이리 690유,가음면,가음면,7.6,VWorld UQ164·UO601,VWorld UQ151,,DATA_NOT_AVAILABLE,,DATA_NOT_AVAILABLE,1396.0,85.0,797.0,6.088825214899714,57.09169054441261,-32.0,2025.0,pond_emd_population_context,,,,,,,0,0.0,pond_emd_population_context,5817.439896040677,0.5817439896040677,0.7418906372498897,,,,,,,,,,0,1214.6360920206964,pond_emd_population_context,98544.58577732464,9.854458577732466,3.1418161101081297,,,False,357019_307382,1,UNIQUE,정좌표,RELIABLE_POINT,True,,,DATA_NOT_AVAILABLE,DATA_NOT_AVAILABLE,D_PRESERVATION,보존·기록형,500m 이상,False,False,False,NONE,,,,,,,
235,가음면 이리 1033-2유,가음면,가음면,6.3,VWorld UQ164·UO601,VWorld UQ151,63.0,AVAILABLE,188.0,AVAILABLE,1396.0,85.0,797.0,6.088825214899714,57.09169054441261,-32.0,2025.0,pond_emd_population_context,,,,,,,0,0.0,pond_emd_population_context,0.0,0.0,0.0,,,,,,,,,,0,0.0,pond_emd_population_context,161428.25753707555,16.142825753707555,5.146684580954126,63.0,188.0,False,356642_307073,1,UNIQUE,정좌표,RELIABLE_POINT,True,481875.0,1637500.0,AVAILABLE,AVAILABLE,D_PRESERVATION,보존·기록형,500m 이상,True,True,True,BOTH,125.0,2.984126984126984,114.80916030534351,0.45,0.4553191489361702,0.41818181818181815,0.4765957446808511
236,가음면 이리 1089유,가음면,가음면,4.2,VWorld UQ164·UO601,VWorld UQ151,,DATA_NOT_AVAILABLE,,DATA_NOT_AVAILABLE,1396.0,85.0,797.0,6.088825214899714,57.09169054441261,-32.0,2025.0,pond_emd_population_context,,,,,,,0,0.0,pond_emd_population_context,1743.7228661961767,0.1743722866196176,0.2223747372568368,,,,,,,,,,0,0.0,pond_emd_population_context,193247.30679463453,19.324730679463453,6.161145200755383,,,False,356544_306946,1,UNIQUE,정좌표,RELIABLE_POINT,True,,,DATA_NOT_AVAILABLE,DATA_NOT_AVAILABLE,D_PRESERVATION,보존·기록형,500m 이상,False,False,False,NONE,,,,,,,
237,가음면 이리 1104유,가음면,가음면,12.0,VWorld UQ164·UO601,VWorld UQ151,,DATA_NOT_AVAILABLE,,DATA_NOT_AVAILABLE,1396.0,85.0,797.0,6.088825214899714,57.09169054441261,-32.0,2025.0,pond_emd_population_context,,,,,,,0,0.0,pond_emd_population_context,46346.19117235962,4.634619117235962,5.910470227009745,,,,,,,,,,0,1138.0879348988603,pond_emd_population_context,291320.87036281114,29.132087036281117,9.287944096541215,,,False,356420_306635,1,UNIQUE,정좌표,RELIABLE_POINT,True,,,DATA_NOT_AVAILABLE,DATA_NOT_AVAILABLE,D_PRESERVATION,보존·기록형,500m 이상,False,False,False,NONE,,,,,,,
238,가음면 이리 802-2임,가음면,가음면,5.6,VWorld UQ164·UO601,VWorld UQ151,48.0,AVAILABLE,88.0,AVAILABLE,1396.0,85.0,797.0,6.088825214899714,57.09169054441261,-32.0,2025.0,pond_emd_population_context,,,,,,,0,0.0,pond_emd_population_context,0.0,0.0,0.0,,,,,,,,,,0,0.0,pond_emd_population_context,18390.580711075632,1.8390580711075637,0.5863317836949752,48.0,88.0,False,356776_307646,1,UNIQUE,정좌표,RELIABLE_POINT,True,333438.0,958750.0,AVAILABLE,AVAILABLE,D_PRESERVATION,보존·기록형,500m 이상,True,True,True,BOTH,40.0,1.8333333333333333,91.78617992177314,0.3659090909090909,0.24680851063829787,0.16590909090909092,0.33191489361702126
239,가음면 이리 651유,가음면,가음면,6.3,VWorld UQ164·UO601,VWorld UQ151,,DATA_NOT_AVAILABLE,,DATA_NOT_AVAILABLE,1396.0,85.0,797.0,6.088825214899714,57.09169054441261,-32.0,2025.0,pond_emd_population_context,,,,,,,0,1589.4060120725694,pond_emd_population_context,132988.51238015055,13.298851238015056,16.959854155738554,,,,,,,,,,0,5464.8671215636095,pond_emd_population_context,649325.8394549948,64.93258394549947,20.701922556344144,,,False,357311_306797,1,UNIQUE,정좌표,RELIABLE_POINT,True,,,DATA_NOT_AVAILABLE,DATA_NOT_AVAILABLE,D_PRESERVATION,보존·기록형,300–500m,False,False,False,NONE,,,,,,,
240,가음면 가산리 169유,가음면,가음면,3.08,VWorld UQ164·UO601,VWorld UQ151,,DATA_NOT_AVAILABLE,,DATA_NOT_AVAILABLE,1396.0,85.0,797.0,6.088825214899714,57.09169054441261,-32.0,2025.0,pond_emd_population_context,,,,,,,0,1405.5498776964291,pond_emd_population_context,153516.4501326551,15.35164501326551,19.577755688506738,,,,,,,,,,0,4027.806887679398,pond_emd_population_context,1137071.844178114,113.7071844178114,36.25232792049741,,,False,355131_303359,1,UNIQUE,정좌표,RELIABLE_POINT,True,,,DATA_NOT_AVAILABLE,DATA_NOT_AVAILABLE,D_PRESERVATION,보존·기록형,300–500m,False,False,False,NONE,,,,,,,
241,가음면 순호리 1134유,가음면,가음면,9.7,VWorld UQ164·UO601,VWorld UQ151,13.0,AVAILABLE,98.0,AVAILABLE,1396.0,85.0,797.0,6.088825214899714,57.09169054441261,-32.0,2025.0,pond_emd_population_context,,,,,,,0,430.6289605904183,pond_emd_population_context,0.0,0.0,0.0,,,,,,,,,,0,2246.7204623916173,pond_emd_population_context,0.0,0.0,0.0,13.0,98.0,False,352890_301726,1,UNIQUE,정좌표,RELIABLE_POINT,True,363438.0,943750.0,AVAILABLE,AVAILABLE,D_PRESERVATION,보존·기록형,300–500m,True,True,True,BOTH,85.0,7.538461538461538,103.84105960264901,0.10681818181818181,0.274468085106383,0.33181818181818185,0.4127659574468085
242,가음면 순호리 495유,가음면,가음면,140.5,VWorld UQ164·UO601,VWorld UQ151,,DATA_NOT_AVAILABLE,,DATA_NOT_AVAILABLE,1396.0,85.0,797.0,6.088825214899714,57.09169054441261,-32.0,2025.0,pond_emd_population_context,,,,,,,0,172.1868508351234,pond_emd_population_context,288879.7489852649,28.88797489852649,36.84046331258698,,,,,,,,,,0,3201.6029610677883,pond_emd_population_context,481324.3362043988,48.13243362043988,15.345668579816085,,,False,355112_302279,1,UNIQUE,정좌표,RELIABLE_POINT,True,,,DATA_NOT_AVAILABLE,DATA_NOT_AVAILABLE,D_PRESERVATION,보존·기록형,300–500m,False,False,False,NONE,,,,,,,
243,가음면 순호리 1003유,가음면,가음면,3.1,VWorld UQ164·UO601,VWorld UQ151,,DATA_NOT_AVAILABLE,,DATA_NOT_AVAILABLE,1396.0,85.0,797.0,6.088825214899714,57.09169054441261,-32.0,2025.0,pond_emd_population_context,,,,,,,0,0.0,pond_emd_population_context,0.0,0.0,0.0,,,,,,,,,,0,3772.564635801842,pond_emd_population_context,0.0,0.0,0.0,,,False,353433_302081,1,UNIQUE,정좌표,RELIABLE_POINT,True,,,DATA_NOT_AVAILABLE,DATA_NOT_AVAILABLE,D_PRESERVATION,보존·기록형,500m 이상,False,False,False,NONE,,,,,,,
244,가음면 순호리 975유,가음면,가음면,12.8,VWorld UQ164·UO601,VWorld UQ151,,DATA_NOT_AVAILABLE,,DATA_NOT_AVAILABLE,1396.0,85.0,797.0,6.088825214899714,57.09169054441261,-32.0,2025.0,pond_emd_population_context,,,,,,,0,0.0,pond_emd_population_context,0.0,0.0,0.0,,,,,,,,,,0,3905.069616151373,pond_emd_population_context,183689.20656279905,18.368920656279904,5.856412139537129,,,False,353868_302596,1,UNIQUE,정좌표,RELIABLE_POINT,True,,,DATA_NOT_AVAILABLE,DATA_NOT_AVAILABLE,D_PRESERVATION,보존·기록형,500m 이상,False,False,False,NONE,,,,,,,
245,가음면 순호리 132유,가음면,가음면,11.5,VWorld UQ164·UO601,VWorld UQ151,5.0,AVAILABLE,13.0,AVAILABLE,1396.0,85.0,797.0,6.088825214899714,57.09169054441261,-32.0,2025.0,pond_emd_population_context,,,,,,,0,0.0,pond_emd_population_context,296.12803993477974,0.0296128039934779,0.0377648285467113,,,,,,,,,,0,0.0,pond_emd_population_context,40668.07748931155,4.066807748931155,1.2965869206834228,5.0,13.0,False,356750_301646,1,UNIQUE,정좌표,RELIABLE_POINT,True,200938.0,391875.0,AVAILABLE,AVAILABLE,D_PRESERVATION,보존·기록형,500m 이상,True,True,True,BOTH,8.0,2.6,33.173843700159495,0.015909090909090907,0.02127659574468085,0.029545454545454545,0.059574468085106386
246,가음면 순호리 16유,가음면,가음면,14.2,VWorld UQ164·UO601,VWorld UQ151,,DATA_NOT_AVAILABLE,0.0,AVAILABLE,1396.0,85.0,797.0,6.088825214899714,57.09169054441261,-32.0,2025.0,pond_emd_population_context,,,,,,,0,0.0,pond_emd_population_context,0.0,0.0,0.0,,,,,,,,,,0,0.0,pond_emd_population_context,14059.831420997329,1.4059831420997329,0.4482580602013986,,0.0,False,357198_302246,1,UNIQUE,정좌표,RELIABLE_POINT,True,226563.0,432500.0,DATA_NOT_AVAILABLE,AVAILABLE,D_PRESERVATION,보존·기록형,500m 이상,False,True,False,10MIN_ONLY,,,0.0,,0.00425531914893617,,0.00425531914893617
247,가음면 현리리 487유,가음면,가음면,6.8,VWorld UQ164·UO601,VWorld UQ151,,DATA_NOT_AVAILABLE,,DATA_NOT_AVAILABLE,1396.0,85.0,797.0,6.088825214899714,57.09169054441261,-32.0,2025.0,pond_emd_population_context,,,,,,,0,0.0,pond_emd_population_context,0.0,0.0,0.0,,,,,,,,,,0,0.0,pond_emd_population_context,45539.43569082059,4.553943569082059,1.451896434188224,,,False,358362_301831,1,UNIQUE,정좌표,RELIABLE_POINT,True,,,DATA_NOT_AVAILABLE,DATA_NOT_AVAILABLE,D_PRESERVATION,보존·기록형,500m 이상,False,False,False,NONE,,,,,,,
248,가음면 현리리 249-2유,가음면,가음면,21.0,VWorld UQ164·UO601,VWorld UQ151,73.0,AVAILABLE,193.0,AVAILABLE,1396.0,85.0,797.0,6.088825214899714,57.09169054441261,-32.0,2025.0,pond_emd_population_context,,,,,,,0,1925.1722758005972,pond_emd_population_context,102245.47166853285,10.224547166853284,13.039233664229158,,,,,,,,,,0,4004.620834903392,pond_emd_population_context,195271.25372892097,19.527125372892097,6.22567303893123,73.0,193.0,False,358436_302993,1,UNIQUE,정좌표,RELIABLE_POINT,True,795313.0,1811563.0,AVAILABLE,AVAILABLE,D_PRESERVATION,보존·기록형,100–300m,True,True,True,BOTH,120.0,2.643835616438356,106.53783500767017,0.5318181818181819,0.46808510638297873,0.4090909090909091,0.41702127659574467
249,가음면 현리리 67유,가음면,가음면,6.0,VWorld UQ164·UO601,VWorld UQ151,,DATA_NOT_AVAILABLE,,DATA_NOT_AVAILABLE,1396.0,85.0,797.0,6.088825214899714,57.09169054441261,-32.0,2025.0,pond_emd_population_context,,,,,,,0,1260.953926723754,pond_emd_population_context,0.0,0.0,0.0,,,,,,,,,,0,3587.281596613021,pond_emd_population_context,0.0,0.0,0.0,,,False,360531_303112,1,UNIQUE,정좌표,RELIABLE_POINT,True,,,DATA_NOT_AVAILABLE,DATA_NOT_AVAILABLE,D_PRESERVATION,보존·기록형,300–500m,False,False,False,NONE,,,,,,,
250,가음면 현리리 584유,가음면,가음면,7.4,VWorld UQ164·UO601,VWorld UQ151,,DATA_NOT_AVAILABLE,,DATA_NOT_AVAILABLE,1396.0,85.0,797.0,6.088825214899714,57.09169054441261,-32.0,2025.0,pond_emd_population_context,,,,,,,0,0.0,pond_emd_population_context,0.0,0.0,0.0,,,,,,,,,,0,0.0,pond_emd_population_context,0.0,0.0,0.0,,,False,358792_301088,1,UNIQUE,정좌표,RELIABLE_POINT,True,,,DATA_NOT_AVAILABLE,DATA_NOT_AVAILABLE,D_PRESERVATION,보존·기록형,500m 이상,False,False,False,NONE,,,,,,,
251,가음면 현리리 450답,가음면,가음면,2.2,VWorld UQ164·UO601,VWorld UQ151,58.0,AVAILABLE,98.0,AVAILABLE,1396.0,85.0,797.0,6.088825214899714,57.09169054441261,-32.0,2025.0,pond_emd_population_context,,,,,,,0,0.0,pond_emd_population_context,17007.464949607132,1.7007464949607132,2.168940158377353,,,,,,,,,,0,1063.7486083719714,pond_emd_population_context,71682.56852941451,7.168256852941451,2.285396471486987,58.0,98.0,False,358469_302105,1,UNIQUE,정좌표,RELIABLE_POINT,True,633750.0,1364063.0,AVAILABLE,AVAILABLE,D_PRESERVATION,보존·기록형,500m 이상,True,True,True,BOTH,40.0,1.6896551724137931,71.84418901473026,0.42045454545454547,0.274468085106383,0.16590909090909092,0.2
380,비안면 옥연리 630유,비안면,비안면,8.8,VWorld UQ164·UO601,VWorld UQ151,,DATA_NOT_AVAILABLE,,DATA_NOT_AVAILABLE,2465.0,177.0,1366.0,7.18052738336714,55.41582150101419,-74.0,2025.0,pond_emd_population_context,,,,,,,0,1710.2990773589256,pond_emd_population_context,196599.5644703593,19.65995644703593,25.072089918322,,,,,,,,,,0,3523.337659244814,pond_emd_population_context,401208.46045042376,40.12084604504238,12.791399898956914,,,False,332564_313710,1,UNIQUE,정좌표,RELIABLE_POINT,True,,,DATA_NOT_AVAILABLE,DATA_NOT_AVAILABLE,D_PRESERVATION,보존·기록형,300–500m,False,False,False,NONE,,,,,,,
381,비안면 옥연리 777-1,비안면,비안면,15.4,VWorld UQ164·UO601,VWorld UQ151,53.0,AVAILABLE,113.0,AVAILABLE,2465.0,177.0,1366.0,7.18052738336714,55.41582150101419,-74.0,2025.0,pond_emd_population_context,,,,,,,0,0.0,pond_emd_population_context,7.579394155914064,0.0007579394155914,0.0009665904007235,,,,,,,,,,0,0.0,pond_emd_population_context,157734.05058030973,15.773405058030974,5.028905213987513,53.0,113.0,False,331256_315110,1,UNIQUE,정좌표,RELIABLE_POINT,True,651250.0,1498438.0,AVAILABLE,AVAILABLE,D_PRESERVATION,보존·기록형,500m 이상,True,True,True,BOTH,60.0,2.1320754716981134,75.41186221919092,0.3977272727272727,0.3148936170212766,0.25681818181818183,0.225531914893617
382,비안면 용남리 570답,비안면,비안면,10.6,VWorld UQ164·UO601,VWorld UQ151,128.0,AVAILABLE,463.0,AVAILABLE,2465.0,177.0,1366.0,7.18052738336714,55.41582150101419,-74.0,2025.0,pond_emd_population_context,,,,,,,0,2567.790966660793,pond_emd_population_context,445314.7474603256,44.53147474603255,56.790417722229705,,,,,,,,,,0,8675.25512015964,pond_emd_population_context,1416976.0730507832,141.69760730507832,45.17628461099172,128.0,463.0,False,331958_318058,1,UNIQUE,정좌표,RELIABLE_POINT,True,1183750.0,5487500.0,AVAILABLE,AVAILABLE,D_PRESERVATION,보존·기록형,300–500m,True,True,True,BOTH,335.0,3.6171875,84.37357630979498,0.6931818181818182,0.7106382978723405,0.6795454545454546,0.28936170212765955
383,비안면 용남리 105유,비안면,비안면,34.5,VWorld UQ164·UO601,VWorld UQ151,33.0,AVAILABLE,128.0,AVAILABLE,2465.0,177.0,1366.0,7.18052738336714,55.41582150101419,-74.0,2025.0,pond_emd_population_context,,,,,,,0,0.0,pond_emd_population_context,163889.3477314741,16.388934773147408,20.90059799495725,,,,,,,,,,0,5475.211429099798,pond_emd_population_context,779237.9240152802,77.92379240152802,24.843802873255,33.0,128.0,False,332657_317528,1,UNIQUE,정좌표,RELIABLE_POINT,True,448125.0,2407188.0,AVAILABLE,AVAILABLE,B_ECO_EDUCATION,생태·교육형,500m 이상,True,True,True,BOTH,95.0,3.878787878787879,53.174076972799796,0.2727272727272727,0.34893617021276596,0.3613636363636364,0.13191489361702127
384,비안면 용남리 8답,비안면,비안면,5.5,VWorld UQ164·UO601,VWorld UQ151,8.0,AVAILABLE,63.0,AVAILABLE,2465.0,177.0,1366.0,7.18052738336714,55.41582150101419,-74.0,2025.0,pond_emd_population_context,,,,,,,0,0.0,pond_emd_population_context,124598.56953517377,12.459856953517376,15.889895521875175,,,,,,,,,,0,0.0,pond_emd_population_context,376664.6475665136,37.666464756651365,12.008889666518636,8.0,63.0,False,333121_318066,1,UNIQUE,정좌표,RELIABLE_POINT,True,315938.0,964375.0,AVAILABLE,AVAILABLE,D_PRESERVATION,보존·기록형,500m 이상,True,True,True,BOTH,55.0,7.875,65.32728451069346,0.04772727272727273,0.15106382978723404,0.225,0.16595744680851063
385,비안면 이두리 401-1유,비안면,비안면,6.1,VWorld UQ164·UO601,VWorld UQ151,83.0,AVAILABLE,448.0,AVAILABLE,2465.0,177.0,1366.0,7.18052738336714,55.41582150101419,-74.0,2025.0,pond_emd_population_context,,,,,,,0,0.0,pond_emd_population_context,24590.08065208468,2.4590080652084683,3.135941398795971,,,,,,,,,,2,10200.352442672152,pond_emd_population_context,675856.151279051,67.5856151279051,21.547766703310884,83.0,448.0,False,333764_316884,1,UNIQUE,정좌표,RELIABLE_POINT,True,574688.0,3115313.0,AVAILABLE,AVAILABLE,B_ECO_EDUCATION,생태·교육형,500m 이상,True,True,True,BOTH,365.0,5.397590361445783,143.8057748932451,0.5772727272727273,0.6978723404255319,0.7,0.6212765957446809
386,비안면 이두리 561유,비안면,비안면,12.5,VWorld UQ164·UO601,VWorld UQ151,58.0,AVAILABLE,93.0,AVAILABLE,2465.0,177.0,1366.0,7.18052738336714,55.41582150101419,-74.0,2025.0,pond_emd_population_context,,,,,,,0,0.0,pond_emd_population_context,154112.15296757338,15.411215296757335,19.65372490584405,,,,,,,,,,0,2314.150351032809,pond_emd_population_context,552677.7333174435,55.26777333174435,17.620570349328528,58.0,93.0,False,333138_317210,1,UNIQUE,정좌표,RELIABLE_POINT,True,470313.0,1102500.0,AVAILABLE,AVAILABLE,D_PRESERVATION,보존·기록형,500m 이상,True,True,True,BOTH,35.0,1.603448275862069,84.35374149659863,0.42045454545454547,0.2553191489361702,0.13636363636363635,0.2851063829787234
387,비안면 이두리 16답,비안면,비안면,5.3,VWorld UQ164·UO601,VWorld UQ151,,DATA_NOT_AVAILABLE,,DATA_NOT_AVAILABLE,2465.0,177.0,1366.0,7.18052738336714,55.41582150101419,-74.0,2025.0,pond_emd_population_context,,,,,,,0,2666.0536093388023,pond_emd_population_context,44402.57916399598,4.440257916399598,5.662603884216446,,,,,,,,,,3,10773.692096629013,pond_emd_population_context,775253.4912875554,77.52534912875554,24.716770476346912,,,False,335041_316330,1,UNIQUE,정좌표,RELIABLE_POINT,True,,,DATA_NOT_AVAILABLE,DATA_NOT_AVAILABLE,A_CULTURE_TOURISM,문화·관광형,100–300m,False,False,False,NONE,,,,,,,
388,비안면 외곡리 7-1유,비안면,비안면,7.8,VWorld UQ164·UO601,VWorld UQ151,,DATA_NOT_AVAILABLE,,DATA_NOT_AVAILABLE,2465.0,177.0,1366.0,7.18052738336714,55.41582150101419,-74.0,2025.0,pond_emd_population_context,,,,,,,0,0.0,pond_emd_population_context,3302.122979040821,0.3302122979040821,0.4211155018319022,,,,,,,,,,0,4375.575758345055,pond_emd_population_context,337209.0808306457,33.72090808306457,10.75096023055443,,,False,335923_318138,1,UNIQUE,정좌표,RELIABLE_POINT,True,,,DATA_NOT_AVAILABLE,DATA_NOT_AVAILABLE,D_PRESERVATION,보존·기록형,500m 이상,False,False,False,NONE,,,,,,,
389,비안면 외곡리 67유,비안면,비안면,11.0,VWorld UQ164·UO601,VWorld UQ151,,DATA_NOT_AVAILABLE,,DATA_NOT_AVAILABLE,2465.0,177.0,1366.0,7.18052738336714,55.41582150101419,-74.0,2025.0,pond_emd_population_context,,,,,,,0,0.0,pond_emd_population_context,61475.102676785405,6.14751026767854,7.839840877586581,,,,,,,,,,0,2497.47106737449,pond_emd_population_context,266443.9335397191,26.64439335397191,8.494813147089122,,,False,335718_317605,1,UNIQUE,정좌표,RELIABLE_POINT,True,,,DATA_NOT_AVAILABLE,DATA_NOT_AVAILABLE,D_PRESERVATION,보존·기록형,500m 이상,False,False,False,NONE,,,,,,,
390,비안면 외곡리 498-1유,비안면,비안면,5.5,VWorld UQ164·UO601,VWorld UQ151,18.0,AVAILABLE,63.0,AVAILABLE,2465.0,177.0,1366.0,7.18052738336714,55.41582150101419,-74.0,2025.0,pond_emd_population_context,,,,,,,0,0.0,pond_emd_population_context,0.0,0.0,0.0,,,,,,,,,,0,2344.7446848092586,pond_emd_population_context,235745.84991306096,23.5745849913061,7.51609135403579,18.0,63.0,False,334227_318207,1,UNIQUE,정좌표,RELIABLE_POINT,True,207813.0,429375.0,AVAILABLE,AVAILABLE,D_PRESERVATION,보존·기록형,500m 이상,True,True,True,BOTH,45.0,3.5,146.72489082969432,0.175,0.15106382978723404,0.18181818181818182,0.6425531914893617
391,비안면 외곡리 521유,비안면,비안면,11.0,VWorld UQ164·UO601,VWorld UQ151,53.0,AVAILABLE,73.0,AVAILABLE,2465.0,177.0,1366.0,7.18052738336714,55.41582150101419,-74.0,2025.0,pond_emd_population_context,,,,,,,0,0.0,pond_emd_population_context,5925.591057595101,0.5925591057595101,0.7556830159592144,,,,,,,,,,0,2045.52138104204,pond_emd_population_context,419134.34873931465,41.913434873931465,13.362916275729749,53.0,73.0,False,333975_317550,1,UNIQUE,정좌표,RELIABLE_POINT,True,272188.0,899375.0,AVAILABLE,AVAILABLE,D_PRESERVATION,보존·기록형,500m 이상,True,True,True,BOTH,20.0,1.3773584905660377,81.16747741487144,0.3977272727272727,0.19361702127659575,0.07954545454545454,0.2680851063829787
392,비안면 자락리 78유,비안면,비안면,13.8,VWorld UQ164·UO601,VWorld UQ151,,DATA_NOT_AVAILABLE,,DATA_NOT_AVAILABLE,2465.0,177.0,1366.0,7.18052738336714,55.41582150101419,-74.0,2025.0,pond_emd_population_context,,,,,,,0,0.0,pond_emd_population_context,126871.90728187936,12.687190728187936,16.179811364535713,,,,,,,,,,0,0.0,pond_emd_population_context,323604.2785037997,32.36042785037998,10.317209489322368,,,False,336457_320121,1,UNIQUE,정좌표,RELIABLE_POINT,True,,,DATA_NOT_AVAILABLE,DATA_NOT_AVAILABLE,D_PRESERVATION,보존·기록형,500m 이상,False,False,False,NONE,,,,,,,
393,비안면 자락리 14유,비안면,비안면,11.0,VWorld UQ164·UO601,VWorld UQ151,63.0,AVAILABLE,118.0,AVAILABLE,2465.0,177.0,1366.0,7.18052738336714,55.41582150101419,-74.0,2025.0,pond_emd_population_context,,,,,,,0,0.0,pond_emd_population_context,65508.64948103299,6.550864948103299,8.354233920309229,,,,,,,,,,0,0.0,pond_emd_population_context,152382.9450793031,15.238294507930313,4.858300311269262,63.0,118.0,False,336434_320825,1,UNIQUE,정좌표,RELIABLE_POINT,True,454063.0,1001875.0,AVAILABLE,AVAILABLE,D_PRESERVATION,보존·기록형,500m 이상,True,True,True,BOTH,55.0,1.873015873015873,117.77916406737367,0.45,0.3276595744680851,0.225,0.48936170212765956
394,비안면 자락리 448-1유,비안면,비안면,4.5,VWorld UQ164·UO601,VWorld UQ151,33.0,AVAILABLE,163.0,AVAILABLE,2465.0,177.0,1366.0,7.18052738336714,55.41582150101419,-74.0,2025.0,pond_emd_population_context,,,,,,,0,1997.1582283021664,pond_emd_population_context,73075.2324852863,7.307523248528629,9.319190531317837,,,,,,,,,,0,5169.136504649876,pond_emd_population_context,441283.3943660795,44.128339436607945,14.069076110131345,33.0,163.0,False,334992_319847,1,UNIQUE,정좌표,RELIABLE_POINT,True,501250.0,1784688.0,AVAILABLE,AVAILABLE,D_PRESERVATION,보존·기록형,0–100m,True,True,True,BOTH,130.0,4.9393939393939394,91.3324906090028,0.2727272727272727,0.4297872340425532,0.4318181818181818,0.3276595744680851
395,비안면 자락리 453답,비안면,비안면,2.0,VWorld UQ164·UO601,VWorld UQ151,108.0,AVAILABLE,163.0,AVAILABLE,2465.0,177.0,1366.0,7.18052738336714,55.41582150101419,-74.0,2025.0,pond_emd_population_context,,,,,,,0,2049.202554951916,pond_emd_population_context,87011.88383181163,8.701188383181163,11.096513775454868,,,,,,,,,,0,5774.286271898756,pond_emd_population_context,498758.34480470855,49.87583448047086,15.90150276037662,108.0,163.0,False,335025_319651,1,UNIQUE,정좌표,RELIABLE_POINT,True,706250.0,2027188.0,AVAILABLE,AVAILABLE,D_PRESERVATION,보존·기록형,0–100m,True,True,True,BOTH,55.0,1.5092592592592593,80.40694794957349,0.6522727272727272,0.4297872340425532,0.225,0.26382978723404255
396,비안면 자락리 603구,비안면,비안면,13.5,VWorld UQ164·UO601,VWorld UQ151,128.0,AVAILABLE,143.0,AVAILABLE,2465.0,177.0,1366.0,7.18052738336714,55.41582150101419,-74.0,2025.0,pond_emd_population_context,,,,,,,0,2154.4057427403304,pond_emd_population_context,269033.21886539215,26.903321886539214,34.309460819917895,,,,,,,,,,0,5389.8917488099705,pond_emd_population_context,561819.7506578204,56.18197506578204,17.91203778137788,128.0,143.0,False,335543_319753,1,UNIQUE,정좌표,RELIABLE_POINT,True,712500.0,1882500.0,AVAILABLE,AVAILABLE,D_PRESERVATION,보존·기록형,100–300m,True,True,True,BOTH,15.0,1.1171875,75.96281540504648,0.6931818181818182,0.3851063829787234,0.056818181818181816,0.2297872340425532
397,비안면 자락리 172유,비안면,비안면,34.5,VWorld UQ164·UO601,VWorld UQ151,103.0,AVAILABLE,143.0,AVAILABLE,2465.0,177.0,1366.0,7.18052738336714,55.41582150101419,-74.0,2025.0,pond_emd_population_context,,,,,,,0,2197.082819972464,pond_emd_population_context,121278.8415479854,12.127884154798538,15.466534875968426,,,,,,,,,,0,6432.390310508505,pond_emd_population_context,438084.1362919314,43.80841362919315,13.967076791970278,103.0,143.0,False,336000_318996,1,UNIQUE,정좌표,RELIABLE_POINT,True,694688.0,2003750.0,AVAILABLE,AVAILABLE,D_PRESERVATION,보존·기록형,0–100m,True,True,True,BOTH,40.0,1.3883495145631068,71.36618839675607,0.634090909090909,0.3851063829787234,0.16590909090909092,0.19148936170212766
398,비안면 자락리 150유,비안면,비안면,3.8,VWorld UQ164·UO601,VWorld UQ151,113.0,AVAILABLE,143.0,AVAILABLE,2465.0,177.0,1366.0,7.18052738336714,55.41582150101419,-74.0,2025.0,pond_emd_population_context,,,,,,,0,1093.0978754014216,pond_emd_population_context,207090.26685221665,20.709026685221662,26.409955717429284,,,,,,,,,,0,5021.244328234052,pond_emd_population_context,530429.7421336562,53.04297421336562,16.91125591497986,113.0,143.0,False,336046_319627,1,UNIQUE,정좌표,RELIABLE_POINT,True,419375.0,1596250.0,AVAILABLE,AVAILABLE,D_PRESERVATION,보존·기록형,300–500m,True,True,True,BOTH,30.0,1.2654867256637168,89.58496476115897,0.6681818181818182,0.3851063829787234,0.1159090909090909,0.30638297872340425
399,비안면 자락리 116유,비안면,비안면,4.6,VWorld UQ164·UO601,VWorld UQ151,,DATA_NOT_AVAILABLE,,DATA_NOT_AVAILABLE,2465.0,177.0,1366.0,7.18052738336714,55.41582150101419,-74.0,2025.0,pond_emd_population_context,,,,,,,0,0.0,pond_emd_population_context,166777.42406638418,16.67774240663842,21.26891066011964,,,,,,,,,,0,2671.1866830497647,pond_emd_population_context,480619.68642746273,48.06196864274627,15.32320280958935,,,False,336205_319955,1,UNIQUE,정좌표,RELIABLE_POINT,True,,,DATA_NOT_AVAILABLE,DATA_NOT_AVAILABLE,D_PRESERVATION,보존·기록형,500m 이상,False,False,False,NONE,,,,,,,
400,비안면 현산리 26유,비안면,비안면,41.3,VWorld UQ164·UO601,VWorld UQ151,13.0,AVAILABLE,83.0,AVAILABLE,2465.0,177.0,1366.0,7.18052738336714,55.41582150101419,-74.0,2025.0,pond_emd_population_context,,,,,,,0,0.0,pond_emd_population_context,105612.99355486054,10.561299355486057,13.468689404700315,,,,,,,,,,0,2981.878085822691,pond_emd_population_context,164696.2279052693,16.46962279052693,5.250874596764306,13.0,83.0,False,336868_317765,1,UNIQUE,정좌표,RELIABLE_POINT,True,211563.0,504063.0,AVAILABLE,AVAILABLE,D_PRESERVATION,보존·기록형,500m 이상,True,True,True,BOTH,70.0,6.384615384615385,164.66195693792244,0.10681818181818181,0.23617021276595745,0.29772727272727273,0.7148936170212766
401,비안면 현산리 124-3유,비안면,비안면,26.4,VWorld UQ164·UO601,VWorld UQ151,,DATA_NOT_AVAILABLE,,DATA_NOT_AVAILABLE,2465.0,177.0,1366.0,7.18052738336714,55.41582150101419,-74.0,2025.0,pond_emd_population_context,,,,,,,0,0.0,pond_emd_population_context,121247.47478278136,12.124747478278136,15.462534712693596,,,,,,,,,,0,1477.5995299271528,pond_emd_population_context,365511.23609804607,36.551123609804606,11.653294607105847,,,False,336841_316363,1,UNIQUE,정좌표,RELIABLE_POINT,True,,,DATA_NOT_AVAILABLE,DATA_NOT_AVAILABLE,D_PRESERVATION,보존·기록형,500m 이상,False,False,False,NONE,,,,,,,
402,비안면 산제리 1379유,비안면,비안면,164.0,VWorld UQ164·UO601,VWorld UQ151,63.0,AVAILABLE,143.0,AVAILABLE,2465.0,177.0,1366.0,7.18052738336714,55.41582150101419,-74.0,2025.0,pond_emd_population_context,,,,,,,0,0.0,pond_emd_population_context,216917.2469821997,21.691724698219968,27.663177870328028,,,,,,,,,,0,1428.0107019001343,pond_emd_population_context,403764.7487413534,40.37647487413534,12.872899939483458,63.0,143.0,False,338470_318819,1,UNIQUE,정좌표,RELIABLE_POINT,True,636875.0,1784688.0,AVAILABLE,AVAILABLE,D_PRESERVATION,보존·기록형,500m 이상,True,True,True,BOTH,80.0,2.2698412698412698,80.12605004348099,0.45,0.3851063829787234,0.32045454545454544,0.25957446808510637
403,비안면 산제리 1506구,비안면,비안면,18.0,VWorld UQ164·UO601,VWorld UQ151,,DATA_NOT_AVAILABLE,,DATA_NOT_AVAILABLE,2465.0,177.0,1366.0,7.18052738336714,55.41582150101419,-74.0,2025.0,pond_emd_population_context,,,,,,,0,0.0,pond_emd_population_context,0.0,0.0,0.0,,,,,,,,,,0,0.0,pond_emd_population_context,40025.56626343248,4.002556626343248,1.2761022628560144,,,False,337967_321091,1,UNIQUE,정좌표,RELIABLE_POINT,True,,,DATA_NOT_AVAILABLE,DATA_NOT_AVAILABLE,D_PRESERVATION,보존·기록형,500m 이상,False,False,False,NONE,,,,,,,
404,비안면 산제리 554-2유,비안면,비안면,1.7,VWorld UQ164·UO601,VWorld UQ151,13.0,AVAILABLE,13.0,AVAILABLE,2465.0,177.0,1366.0,7.18052738336714,55.41582150101419,-74.0,2025.0,pond_emd_population_context,,,,,,,0,0.0,pond_emd_population_context,0.0,0.0,0.0,,,,,,,,,,0,0.0,pond_emd_population_context,85120.40146778924,8.512040146778924,2.713823864810529,13.0,13.0,False,338139_320952,1,UNIQUE,정좌표,RELIABLE_POINT,True,250000.0,428125.0,AVAILABLE,AVAILABLE,D_PRESERVATION,보존·기록형,500m 이상,True,True,True,BOTH,0.0,1.0,30.364963503649637,0.10681818181818181,0.02127659574468085,0.00909090909090909,0.03404255319148936
405,비안면 산제리 1212유,비안면,비안면,9.0,VWorld UQ164·UO601,VWorld UQ151,,DATA_NOT_AVAILABLE,,DATA_NOT_AVAILABLE,2465.0,177.0,1366.0,7.18052738336714,55.41582150101419,-74.0,2025.0,pond_emd_population_context,,,,,,,0,0.0,pond_emd_population_context,64941.90303094624,6.494190303094624,8.281957473534053,,,,,,,,,,0,3966.054970346091,pond_emd_population_context,761221.5531000159,76.12215531000159,24.269401713203788,,,False,338609_316726,1,UNIQUE,정좌표,RELIABLE_POINT,True,,,DATA_NOT_AVAILABLE,DATA_NOT_AVAILABLE,B_ECO_EDUCATION,생태·교육형,500m 이상,False,False,False,NONE,,,,,,,
406,비안면 산제리 185유,비안면,비안면,3.0,VWorld UQ164·UO601,VWorld UQ151,68.0,AVAILABLE,248.0,AVAILABLE,2465.0,177.0,1366.0,7.18052738336714,55.41582150101419,-74.0,2025.0,pond_emd_population_context,,,,,,,0,580.2613621028979,pond_emd_population_context,262345.20968119975,26.234520968119973,33.45654759962479,,,,,,,,,,0,3646.015264055687,pond_emd_population_context,632591.4484516103,63.25914484516103,20.168393709147143,68.0,248.0,False,339235_317547,2,DUPLICATED_COORDINATE,정좌표,DUPLICATED_COORDINATE,False,548438.0,1712813.0,AVAILABLE,AVAILABLE,D_PRESERVATION,보존·기록형,300–500m,True,True,True,BOTH,180.0,3.6470588235294117,144.79105424818707,0.4909090909090909,0.551063829787234,0.5159090909090909,0.6276595744680851
407,비안면 산제리 1297유,비안면,비안면,12.8,VWorld UQ164·UO601,VWorld UQ151,,DATA_NOT_AVAILABLE,,DATA_NOT_AVAILABLE,2465.0,177.0,1366.0,7.18052738336714,55.41582150101419,-74.0,2025.0,pond_emd_population_context,,,,,,,0,1274.1786373101363,pond_emd_population_context,38872.058037146926,3.887205803714693,4.957303629045002,,,,,,,,,,0,4389.14598562317,pond_emd_population_context,309170.9410123865,30.917094101238654,9.85704324177613,,,False,338068_317553,1,UNIQUE,정좌표,RELIABLE_POINT,True,,,DATA_NOT_AVAILABLE,DATA_NOT_AVAILABLE,D_PRESERVATION,보존·기록형,300–500m,False,False,False,NONE,,,,,,,
408,비안면 산제리 1231-1답,비안면,비안면,21.0,VWorld UQ164·UO601,VWorld UQ151,68.0,AVAILABLE,233.0,AVAILABLE,2465.0,177.0,1366.0,7.18052738336714,55.41582150101419,-74.0,2025.0,pond_emd_population_context,,,,,,,0,1332.0498430802415,pond_emd_population_context,109716.21707396774,10.971621707396771,13.991968229366988,,,,,,,,,,0,4397.7000262087495,pond_emd_population_context,572679.9865232006,57.26799865232007,18.258285763773653,68.0,233.0,False,338470_317182,1,UNIQUE,정좌표,RELIABLE_POINT,True,345313.0,1754375.0,AVAILABLE,AVAILABLE,D_PRESERVATION,보존·기록형,300–500m,True,True,True,BOTH,165.0,3.426470588235294,132.81083006768793,0.4909090909090909,0.5234042553191489,0.4863636363636364,0.548936170212766
409,비안면 산제리 323유,비안면,비안면,31.0,VWorld UQ164·UO601,VWorld UQ151,48.0,AVAILABLE,153.0,AVAILABLE,2465.0,177.0,1366.0,7.18052738336714,55.41582150101419,-74.0,2025.0,pond_emd_population_context,,,,,,,0,0.0,pond_emd_population_context,15002.769568668004,1.5002769568668006,1.9132839315430947,,,,,,,,,,0,2625.104914025247,pond_emd_population_context,493322.6600273973,49.332266002739736,15.7282012860428,48.0,153.0,False,339270_317982,1,UNIQUE,정좌표,RELIABLE_POINT,True,325313.0,1324063.0,AVAILABLE,AVAILABLE,D_PRESERVATION,보존·기록형,500m 이상,True,True,True,BOTH,105.0,3.1875,115.55341399918282,0.3659090909090909,0.4085106382978723,0.37272727272727274,0.4808510638297872
410,비안면 산제리 1450-1유,비안면,비안면,1.4,VWorld UQ164·UO601,VWorld UQ151,18.0,AVAILABLE,113.0,AVAILABLE,2465.0,177.0,1366.0,7.18052738336714,55.41582150101419,-74.0,2025.0,pond_emd_population_context,,,,,,,0,2086.923748659189,pond_emd_population_context,0.0,0.0,0.0,,,,,,,,,,0,4262.049380750506,pond_emd_population_context,132995.69419471093,13.299569419471093,4.2401925108310206,18.0,113.0,False,337473_318235,1,UNIQUE,정좌표,RELIABLE_POINT,True,621563.0,1637500.0,AVAILABLE,AVAILABLE,D_PRESERVATION,보존·기록형,0–100m,True,True,True,BOTH,95.0,6.277777777777778,69.00763358778626,0.175,0.3148936170212766,0.3613636363636364,0.17872340425531916
411,비안면 산제리 50유,비안면,비안면,30.0,VWorld UQ164·UO601,VWorld UQ151,28.0,AVAILABLE,243.0,AVAILABLE,2465.0,177.0,1366.0,7.18052738336714,55.41582150101419,-74.0,2025.0,pond_emd_population_context,,,,,,,0,208.73749414787025,pond_emd_population_context,234361.83894790435,23.43618389479043,29.88786427556432,,,,,,,,,,0,3224.365587258799,pond_emd_population_context,721435.8984963732,72.14358984963732,23.000948356797423,28.0,243.0,False,339555_317211,1,UNIQUE,정좌표,RELIABLE_POINT,True,393438.0,1451875.0,AVAILABLE,AVAILABLE,D_PRESERVATION,보존·기록형,300–500m,True,True,True,BOTH,215.0,8.678571428571429,167.3697804563065,0.24545454545454545,0.5404255319148936,0.5568181818181818,0.7191489361702128
412,비안면 산제리 137유,비안면,비안면,8.0,VWorld UQ164·UO601,VWorld UQ151,33.0,AVAILABLE,248.0,AVAILABLE,2465.0,177.0,1366.0,7.18052738336714,55.41582150101419,-74.0,2025.0,pond_emd_population_context,,,,,,,0,825.0744472799681,pond_emd_population_context,275152.43803605024,27.515243803605024,35.089836980414375,,,,,,,,,,0,3363.2457754845354,pond_emd_population_context,734077.5370541238,73.40775370541238,23.403991338465165,33.0,248.0,False,339510_317188,1,UNIQUE,정좌표,RELIABLE_POINT,True,522188.0,1650313.0,AVAILABLE,AVAILABLE,D_PRESERVATION,보존·기록형,300–500m,True,True,True,BOTH,215.0,7.515151515151516,150.27452368126532,0.2727272727272727,0.551063829787234,0.5568181818181818,0.6638297872340425
413,비안면 산제리 600유,비안면,비안면,13.0,VWorld UQ164·UO601,VWorld UQ151,,DATA_NOT_AVAILABLE,,DATA_NOT_AVAILABLE,2465.0,177.0,1366.0,7.18052738336714,55.41582150101419,-74.0,2025.0,pond_emd_population_context,,,,,,,0,0.0,pond_emd_population_context,86480.50281973465,8.648050281973465,11.028747437561014,,,,,,,,,,0,0.0,pond_emd_population_context,232323.60063264487,23.232360063264487,7.40698259035076,,,False,337865_320050,1,UNIQUE,정좌표,RELIABLE_POINT,True,,,DATA_NOT_AVAILABLE,DATA_NOT_AVAILABLE,D_PRESERVATION,보존·기록형,500m 이상,False,False,False,NONE,,,,,,,
414,비안면 산제리 549유,비안면,비안면,39.6,VWorld UQ164·UO601,VWorld UQ151,13.0,AVAILABLE,13.0,AVAILABLE,2465.0,177.0,1366.0,7.18052738336714,55.41582150101419,-74.0,2025.0,pond_emd_population_context,,,,,,,0,0.0,pond_emd_population_context,0.0,0.0,0.0,,,,,,,,,,0,0.0,pond_emd_population_context,117250.84031540364,11.725084031540366,3.738212263219196,13.0,13.0,False,338194_320874,1,UNIQUE,정좌표,RELIABLE_POINT,True,259688.0,427500.0,AVAILABLE,AVAILABLE,D_PRESERVATION,보존·기록형,500m 이상,True,True,True,BOTH,0.0,1.0,30.4093567251462,0.10681818181818181,0.02127659574468085,0.00909090909090909,0.03829787234042553
415,비안면 산제리 185유,비안면,비안면,7.4,VWorld UQ164·UO601,VWorld UQ151,68.0,AVAILABLE,248.0,AVAILABLE,2465.0,177.0,1366.0,7.18052738336714,55.41582150101419,-74.0,2025.0,pond_emd_population_context,,,,,,,0,580.2613621028979,pond_emd_population_context,262345.20968119975,26.234520968119973,33.45654759962479,,,,,,,,,,0,3646.015264055687,pond_emd_population_context,632591.4484516103,63.25914484516103,20.168393709147143,68.0,248.0,False,339235_317547,2,DUPLICATED_COORDINATE,정좌표,DUPLICATED_COORDINATE,False,548438.0,1712813.0,AVAILABLE,AVAILABLE,D_PRESERVATION,보존·기록형,300–500m,True,True,True,BOTH,180.0,3.6470588235294117,144.79105424818707,0.4909090909090909,0.551063829787234,0.5159090909090909,0.6276595744680851
416,비안면 산제리 1127유,비안면,비안면,2.2,VWorld UQ164·UO601,VWorld UQ151,68.0,AVAILABLE,253.0,AVAILABLE,2465.0,177.0,1366.0,7.18052738336714,55.41582150101419,-74.0,2025.0,pond_emd_population_context,,,,,,,0,1715.2690861806368,pond_emd_population_context,192968.3495679253,19.29683495679253,24.609005746229123,,,,,,,,,,0,4487.041157363216,pond_emd_population_context,620077.641842696,62.0077641842696,19.769426288537097,68.0,253.0,False,338576_317249,1,UNIQUE,정좌표,RELIABLE_POINT,True,550313.0,2001875.0,AVAILABLE,AVAILABLE,D_PRESERVATION,보존·기록형,100–300m,True,True,True,BOTH,185.0,3.7205882352941178,126.38151732750546,0.4909090909090909,0.5659574468085107,0.5295454545454545,0.5276595744680851
417,비안면 화신리 56-1유,비안면,비안면,17.0,VWorld UQ164·UO601,VWorld UQ151,,DATA_NOT_AVAILABLE,,DATA_NOT_AVAILABLE,2465.0,177.0,1366.0,7.18052738336714,55.41582150101419,-74.0,2025.0,pond_emd_population_context,,,,,,,0,0.0,pond_emd_population_context,150036.66911785546,15.003666911785546,19.13398368558208,,,,,,,,,,0,2710.254426687023,pond_emd_population_context,666988.0838373058,66.69880838373058,21.26503339093025,,,False,339932_316365,1,UNIQUE,정좌표,RELIABLE_POINT,True,,,DATA_NOT_AVAILABLE,DATA_NOT_AVAILABLE,B_ECO_EDUCATION,생태·교육형,500m 이상,False,False,False,NONE,,,,,,,
418,비안면 화신리 572유,비안면,비안면,16.0,VWorld UQ164·UO601,VWorld UQ151,,DATA_NOT_AVAILABLE,,DATA_NOT_AVAILABLE,2465.0,177.0,1366.0,7.18052738336714,55.41582150101419,-74.0,2025.0,pond_emd_population_context,,,,,,,0,0.0,pond_emd_population_context,146308.26099411218,14.630826099411218,18.65850458682351,,,,,,,,,,0,2270.626171220043,pond_emd_population_context,520304.47926345374,52.030447926345374,16.588440473078624,,,False,339922_315291,1,UNIQUE,정좌표,RELIABLE_POINT,True,,,DATA_NOT_AVAILABLE,DATA_NOT_AVAILABLE,D_PRESERVATION,보존·기록형,500m 이상,False,False,False,NONE,,,,,,,
419,비안면 화신리 66-1유,비안면,비안면,17.0,VWorld UQ164·UO601,VWorld UQ151,,DATA_NOT_AVAILABLE,,DATA_NOT_AVAILABLE,2465.0,177.0,1366.0,7.18052738336714,55.41582150101419,-74.0,2025.0,pond_emd_population_context,,,,,,,0,296.30407084998166,pond_emd_population_context,252437.48923820187,25.24374892382019,32.19302873832085,,,,,,,,,,0,3059.677484605191,pond_emd_population_context,738219.0878574662,73.82190878574661,23.536033001963297,,,False,339807_316468,1,UNIQUE,정좌표,RELIABLE_POINT,True,,,DATA_NOT_AVAILABLE,DATA_NOT_AVAILABLE,D_PRESERVATION,보존·기록형,300–500m,False,False,False,NONE,,,,,,,
420,비안면 화신리 890유,비안면,비안면,53.0,VWorld UQ164·UO601,VWorld UQ151,,DATA_NOT_AVAILABLE,,DATA_NOT_AVAILABLE,2465.0,177.0,1366.0,7.18052738336714,55.41582150101419,-74.0,2025.0,pond_emd_population_context,,,,,,,0,0.0,pond_emd_population_context,44198.65961140075,4.419865961140075,5.636598285615323,,,,,,,,,,0,797.3766666137244,pond_emd_population_context,184093.78365315817,18.409378365315817,5.869310938697371,,,False,338249_315974,1,UNIQUE,정좌표,RELIABLE_POINT,True,,,DATA_NOT_AVAILABLE,DATA_NOT_AVAILABLE,D_PRESERVATION,보존·기록형,500m 이상,False,False,False,NONE,,,,,,,
421,비안면 화신리 26,비안면,비안면,17.7,VWorld UQ164·UO601,VWorld UQ151,,DATA_NOT_AVAILABLE,,DATA_NOT_AVAILABLE,2465.0,177.0,1366.0,7.18052738336714,55.41582150101419,-74.0,2025.0,pond_emd_population_context,,,,,,,0,0.0,pond_emd_population_context,183085.19638998975,18.308519638998977,23.348619916681123,,,,,,,,,,0,3049.349265450332,pond_emd_population_context,734590.195443799,73.4590195443799,23.42033600494236,,,False,339842_315938,1,UNIQUE,정좌표,RELIABLE_POINT,True,,,DATA_NOT_AVAILABLE,DATA_NOT_AVAILABLE,B_ECO_EDUCATION,생태·교육형,500m 이상,False,False,False,NONE,,,,,,,
422,비안면 화신리 907유,비안면,비안면,4.8,VWorld UQ164·UO601,VWorld UQ151,23.0,AVAILABLE,313.0,AVAILABLE,2465.0,177.0,1366.0,7.18052738336714,55.41582150101419,-74.0,2025.0,pond_emd_population_context,,,,,,,0,0.0,pond_emd_population_context,40475.89487093944,4.047589487093944,5.1618388802775925,,,,,,,,,,0,6618.15246666808,pond_emd_population_context,402627.7490793536,40.26277490793536,12.83664991288808,23.0,313.0,False,338335_314865,1,UNIQUE,정좌표,RELIABLE_POINT,True,208438.0,1182500.0,AVAILABLE,AVAILABLE,D_PRESERVATION,보존·기록형,500m 이상,True,True,True,BOTH,290.0,13.608695652173912,264.69344608879493,0.2159090909090909,0.6,0.615909090909091,0.7957446808510639
423,비안면 화신리 674답,비안면,비안면,4.2,VWorld UQ164·UO601,VWorld UQ151,,DATA_NOT_AVAILABLE,,DATA_NOT_AVAILABLE,2465.0,177.0,1366.0,7.18052738336714,55.41582150101419,-74.0,2025.0,pond_emd_population_context,,,,,,,0,651.8122631549306,pond_emd_population_context,172114.49356491308,17.211449356491308,21.94954027762637,,,,,,,,,,0,3666.953117700854,pond_emd_population_context,610119.7478039452,61.011974780394524,19.45194692965693,,,False,339439_314997,1,UNIQUE,정좌표,RELIABLE_POINT,True,,,DATA_NOT_AVAILABLE,DATA_NOT_AVAILABLE,D_PRESERVATION,보존·기록형,300–500m,False,False,False,NONE,,,,,,,
424,비안면 쌍계리 663유,비안면,비안면,11.5,VWorld UQ164·UO601,VWorld UQ151,,DATA_NOT_AVAILABLE,83.0,AVAILABLE,2465.0,177.0,1366.0,7.18052738336714,55.41582150101419,-74.0,2025.0,pond_emd_population_context,,,,,,,0,1239.3914305095038,pond_emd_population_context,102542.12303590402,10.254212303590402,13.077065232051602,,,,,,,,,,0,5691.062666685162,pond_emd_population_context,235835.15371994412,23.583515371994416,7.518938553980327,,83.0,False,337667_314880,1,UNIQUE,정좌표,RELIABLE_POINT,True,250625.0,583438.0,DATA_NOT_AVAILABLE,AVAILABLE,D_PRESERVATION,보존·기록형,300–500m,False,True,False,10MIN_ONLY,,,142.26018874327693,,0.23617021276595745,,0.6042553191489362
425,비안면 산제리 1476,비안면,비안면,0.45,VWorld UQ164·UO601,VWorld UQ151,,DATA_NOT_AVAILABLE,,DATA_NOT_AVAILABLE,2465.0,177.0,1366.0,7.18052738336714,55.41582150101419,-74.0,2025.0,pond_emd_population_context,,,,,,,0,0.0,pond_emd_population_context,184700.11370979555,18.47001137097956,23.554568248061734,,,,,,,,,,0,0.0,pond_emd_population_context,332138.9461643308,33.21389461643307,10.589313290244174,,,False,338464_319850,1,UNIQUE,정좌표,RELIABLE_POINT,True,,,DATA_NOT_AVAILABLE,DATA_NOT_AVAILABLE,D_PRESERVATION,보존·기록형,500m 이상,False,False,False,NONE,,,,,,,
426,비안면 쌍계리 692답,비안면,비안면,28.5,VWorld UQ164·UO601,VWorld UQ151,,DATA_NOT_AVAILABLE,,DATA_NOT_AVAILABLE,2465.0,177.0,1366.0,7.18052738336714,55.41582150101419,-74.0,2025.0,pond_emd_population_context,,,,,,,0,0.0,pond_emd_population_context,40408.05597768471,4.040805597768471,5.153187473362098,,,,,,,,,,0,1610.986019031665,pond_emd_population_context,140148.99767750627,14.014899767750627,4.468255411958059,,,False,337766_315446,1,UNIQUE,정좌표,RELIABLE_POINT,True,,,DATA_NOT_AVAILABLE,DATA_NOT_AVAILABLE,D_PRESERVATION,보존·기록형,500m 이상,False,False,False,NONE,,,,,,,
427,비안면 도암리 209-1유,비안면,비안면,190.1,VWorld UQ164·UO601,VWorld UQ151,93.0,AVAILABLE,466.0,AVAILABLE,2465.0,177.0,1366.0,7.18052738336714,55.41582150101419,-74.0,2025.0,pond_emd_population_context,,,,,,,0,0.0,pond_emd_population_context,140254.8100503483,14.025481005034829,17.886515763821404,,,,,,,,,,1,2133.2384430907064,pond_emd_population_context,336723.2459371716,33.67232459371716,10.735470755580952,93.0,466.0,False,338554_312465,1,UNIQUE,정좌표,RELIABLE_POINT,True,687500.0,3883125.0,AVAILABLE,AVAILABLE,D_PRESERVATION,보존·기록형,500m 이상,True,True,True,BOTH,373.0,5.010752688172043,120.0064381136327,0.6022727272727273,0.7148936170212766,0.7045454545454546,0.4978723404255319
428,비안면 도암리 289답,비안면,비안면,16.2,VWorld UQ164·UO601,VWorld UQ151,,DATA_NOT_AVAILABLE,,DATA_NOT_AVAILABLE,2465.0,177.0,1366.0,7.18052738336714,55.41582150101419,-74.0,2025.0,pond_emd_population_context,,,,,,,0,0.0,pond_emd_population_context,0.0,0.0,0.0,,,,,,,,,,0,0.0,pond_emd_population_context,109788.81529380952,10.978881529380953,3.500306646772138,,,False,337552_312047,1,UNIQUE,정좌표,RELIABLE_POINT,True,,,DATA_NOT_AVAILABLE,DATA_NOT_AVAILABLE,D_PRESERVATION,보존·기록형,500m 이상,False,False,False,NONE,,,,,,,
429,비안면 도암리 543-2유,비안면,비안면,13.8,VWorld UQ164·UO601,VWorld UQ151,63.0,AVAILABLE,98.0,AVAILABLE,2465.0,177.0,1366.0,7.18052738336714,55.41582150101419,-74.0,2025.0,pond_emd_population_context,,,,,,,0,0.0,pond_emd_population_context,0.0,0.0,0.0,,,,,,,,,,0,0.0,pond_emd_population_context,0.0,0.0,0.0,63.0,98.0,False,335792_312711,1,UNIQUE,정좌표,RELIABLE_POINT,True,503125.0,1875313.0,AVAILABLE,AVAILABLE,D_PRESERVATION,보존·기록형,500m 이상,True,True,True,BOTH,35.0,1.5555555555555556,52.25794307403618,0.45,0.274468085106383,0.13636363636363635,0.12340425531914893
430,비안면 화신리 823,비안면,비안면,6.6,VWorld UQ164·UO601,VWorld UQ151,,DATA_NOT_AVAILABLE,,DATA_NOT_AVAILABLE,2465.0,177.0,1366.0,7.18052738336714,55.41582150101419,-74.0,2025.0,pond_emd_population_context,,,,,,,0,0.0,pond_emd_population_context,111560.27357024646,11.156027357024646,14.227138385586416,,,,,,,,,,0,4174.790612842039,pond_emd_population_context,658309.7587247682,65.83097587247681,20.988349477428017,,,False,338701_316122,1,UNIQUE,정좌표,RELIABLE_POINT,True,,,DATA_NOT_AVAILABLE,DATA_NOT_AVAILABLE,B_ECO_EDUCATION,생태·교육형,500m 이상,False,False,False,NONE,,,,,,,
431,구천면 위성리 223,구천면,구천면,1.0,VWorld UQ164·UO601,VWorld UQ151,,DATA_NOT_AVAILABLE,,DATA_NOT_AVAILABLE,1618.0,106.0,941.0,6.551297898640297,58.15822002472187,-64.0,2025.0,pond_emd_population_context,,,,,,,0,0.0,pond_emd_population_context,31466.60895297008,3.146660895297008,4.012896219881947,,,,,,,,,,0,0.0,pond_emd_population_context,65072.23232438306,6.507223232438307,2.0746445502284403,,,False,330525_315425,1,UNIQUE,정좌표,RELIABLE_POINT,True,,,DATA_NOT_AVAILABLE,DATA_NOT_AVAILABLE,D_PRESERVATION,보존·기록형,500m 이상,False,False,False,NONE,,,,,,,
432,구천면 모흥리 307,구천면,구천면,36.0,VWorld UQ164·UO601,VWorld UQ151,,DATA_NOT_AVAILABLE,,DATA_NOT_AVAILABLE,1618.0,106.0,941.0,6.551297898640297,58.15822002472187,-64.0,2025.0,pond_emd_population_context,,,,,,,0,0.0,pond_emd_population_context,47000.54518556218,4.700054518556218,5.993919153774296,,,,,,,,,,0,2897.4703943954864,pond_emd_population_context,856729.0546804178,85.67290546804178,27.314388961712076,,,False,329762_316052,1,UNIQUE,정좌표,RELIABLE_POINT,True,,,DATA_NOT_AVAILABLE,DATA_NOT_AVAILABLE,B_ECO_EDUCATION,생태·교육형,500m 이상,False,False,False,NONE,,,,,,,
433,구천면 위성리 18,구천면,구천면,1.0,VWorld UQ164·UO601,VWorld UQ151,,DATA_NOT_AVAILABLE,,DATA_NOT_AVAILABLE,1618.0,106.0,941.0,6.551297898640297,58.15822002472187,-64.0,2025.0,pond_emd_population_context,,,,,,,0,0.0,pond_emd_population_context,428325.66244291095,42.83256624429109,54.62382153299525,,,,,,,,,,0,8681.825513399392,pond_emd_population_context,1849364.119685269,184.9364119685269,58.96175765366194,,,False,331115_318705,1,UNIQUE,정좌표,RELIABLE_POINT,True,,,DATA_NOT_AVAILABLE,DATA_NOT_AVAILABLE,B_ECO_EDUCATION,생태·교육형,500m 이상,False,False,False,NONE,,,,,,,
434,구천면 위성리 224-2,구천면,구천면,1.0,VWorld UQ164·UO601,VWorld UQ151,,DATA_NOT_AVAILABLE,,DATA_NOT_AVAILABLE,1618.0,106.0,941.0,6.551297898640297,58.15822002472187,-64.0,2025.0,pond_emd_population_context,,,,,,,0,0.0,pond_emd_population_context,10379.236176245597,1.0379236176245596,1.323650657087616,,,,,,,,,,0,0.0,pond_emd_population_context,86859.6716077369,8.685967160773691,2.7692755865100382,,,False,330407_315780,1,UNIQUE,정좌표,RELIABLE_POINT,True,,,DATA_NOT_AVAILABLE,DATA_NOT_AVAILABLE,D_PRESERVATION,보존·기록형,500m 이상,False,False,False,NONE,,,,,,,
435,구천면 모흥리 464-1,구천면,구천면,0.5,VWorld UQ164·UO601,VWorld UQ151,,DATA_NOT_AVAILABLE,,DATA_NOT_AVAILABLE,1618.0,106.0,941.0,6.551297898640297,58.15822002472187,-64.0,2025.0,pond_emd_population_context,,,,,,,0,0.0,pond_emd_population_context,0.0,0.0,0.0,,,,,,,,,,0,1622.1506858799862,pond_emd_population_context,69586.90600279003,6.958690600279002,2.21858218396868,,,False,329353_313973,1,UNIQUE,정좌표,RELIABLE_POINT,True,,,DATA_NOT_AVAILABLE,DATA_NOT_AVAILABLE,D_PRESERVATION,보존·기록형,500m 이상,False,False,False,NONE,,,,,,,
436,구천면 장국리 393,구천면,구천면,26.4,VWorld UQ164·UO601,VWorld UQ151,,DATA_NOT_AVAILABLE,,DATA_NOT_AVAILABLE,1618.0,106.0,941.0,6.551297898640297,58.15822002472187,-64.0,2025.0,pond_emd_population_context,,,,,,,0,0.0,pond_emd_population_context,0.0,0.0,0.0,,,,,,,,,,0,0.0,pond_emd_population_context,16107.136793912434,1.610713679391243,0.5135306162956542,,,False,325091_315097,1,UNIQUE,정좌표,RELIABLE_POINT,True,,,DATA_NOT_AVAILABLE,DATA_NOT_AVAILABLE,D_PRESERVATION,보존·기록형,500m 이상,False,False,False,NONE,,,,,,,
437,구천면 청산리 산182,구천면,구천면,5.0,VWorld UQ164·UO601,VWorld UQ151,,DATA_NOT_AVAILABLE,,DATA_NOT_AVAILABLE,1618.0,106.0,941.0,6.551297898640297,58.15822002472187,-64.0,2025.0,pond_emd_population_context,,,,,,,0,1646.2429681087983,pond_emd_population_context,8027.392656716858,0.8027392656716859,1.023723074062184,,,,,,,,,,0,3820.324861618988,pond_emd_population_context,63005.58482590872,6.300558482590872,2.008755325027441,,,False,326441_314071,1,UNIQUE,정좌표,RELIABLE_POINT,True,,,DATA_NOT_AVAILABLE,DATA_NOT_AVAILABLE,D_PRESERVATION,보존·기록형,100–300m,False,False,False,NONE,,,,,,,
438,구천면 장국리 433,구천면,구천면,19.0,VWorld UQ164·UO601,VWorld UQ151,,DATA_NOT_AVAILABLE,,DATA_NOT_AVAILABLE,1618.0,106.0,941.0,6.551297898640297,58.15822002472187,-64.0,2025.0,pond_emd_population_context,,,,,,,0,252.52285763221693,pond_emd_population_context,0.0,0.0,0.0,,,,,,,,,,0,3620.227258748625,pond_emd_population_context,0.0,0.0,0.0,,,False,324600_314144,1,UNIQUE,정좌표,RELIABLE_POINT,True,,,DATA_NOT_AVAILABLE,DATA_NOT_AVAILABLE,D_PRESERVATION,보존·기록형,300–500m,False,False,False,NONE,,,,,,,
439,구천면 소호리 500-1,구천면,구천면,1.0,VWorld UQ164·UO601,VWorld UQ151,98.0,AVAILABLE,153.0,AVAILABLE,1618.0,106.0,941.0,6.551297898640297,58.15822002472187,-64.0,2025.0,pond_emd_population_context,,,,,,,0,566.8774575362227,pond_emd_population_context,369311.8660131965,36.93118660131965,47.0978678794691,,,,,,,,,,0,5902.640377644447,pond_emd_population_context,1548831.740943603,154.8831740943603,49.380130599352974,98.0,153.0,False,326869_316042,1,UNIQUE,정좌표,RELIABLE_POINT,True,502500.0,1701250.0,AVAILABLE,AVAILABLE,D_PRESERVATION,보존·기록형,300–500m,True,True,True,BOTH,55.0,1.5612244897959184,89.93387215282881,0.6136363636363636,0.4085106382978723,0.225,0.31063829787234043
440,구천면 소호리 562-1,구천면,구천면,13.0,VWorld UQ164·UO601,VWorld UQ151,73.0,AVAILABLE,218.0,AVAILABLE,1618.0,106.0,941.0,6.551297898640297,58.15822002472187,-64.0,2025.0,pond_emd_population_context,,,,,,,0,0.0,pond_emd_population_context,226660.7931490051,22.66607931490051,28.905759797076385,,,,,,,,,,0,4830.68291116623,pond_emd_population_context,1401970.1987453245,140.19701987453243,44.69786464233224,73.0,218.0,False,326612_316138,1,UNIQUE,정좌표,RELIABLE_POINT,True,565938.0,2221250.0,AVAILABLE,AVAILABLE,B_ECO_EDUCATION,생태·교육형,500m 이상,True,True,True,BOTH,145.0,2.9863013698630136,98.14293753517164,0.5318181818181819,0.4957446808510638,0.45681818181818185,0.37872340425531914
441,구천면 소호리 1106,구천면,구천면,49.5,VWorld UQ164·UO601,VWorld UQ151,,DATA_NOT_AVAILABLE,,DATA_NOT_AVAILABLE,1618.0,106.0,941.0,6.551297898640297,58.15822002472187,-64.0,2025.0,pond_emd_population_context,,,,,,,0,0.0,pond_emd_population_context,159694.13681283753,15.969413681283752,20.365588135389427,,,,,,,,,,0,0.0,pond_emd_population_context,425577.9645763872,42.55779645763872,13.568352788396288,,,False,325433_316263,1,UNIQUE,정좌표,RELIABLE_POINT,True,,,DATA_NOT_AVAILABLE,DATA_NOT_AVAILABLE,D_PRESERVATION,보존·기록형,500m 이상,False,False,False,NONE,,,,,,,
442,구천면 소호리 1089,구천면,구천면,9.0,VWorld UQ164·UO601,VWorld UQ151,,DATA_NOT_AVAILABLE,,DATA_NOT_AVAILABLE,1618.0,106.0,941.0,6.551297898640297,58.15822002472187,-64.0,2025.0,pond_emd_population_context,,,,,,,0,0.0,pond_emd_population_context,126173.45612186486,12.617345612186488,16.090738785282465,,,,,,,,,,0,0.0,pond_emd_population_context,632793.1050277193,63.27931050277193,20.17482296017632,,,False,325052_316441,1,UNIQUE,정좌표,RELIABLE_POINT,True,,,DATA_NOT_AVAILABLE,DATA_NOT_AVAILABLE,B_ECO_EDUCATION,생태·교육형,500m 이상,False,False,False,NONE,,,,,,,
443,구천면 소호리 1141,구천면,구천면,5.0,VWorld UQ164·UO601,VWorld UQ151,23.0,AVAILABLE,73.0,AVAILABLE,1618.0,106.0,941.0,6.551297898640297,58.15822002472187,-64.0,2025.0,pond_emd_population_context,,,,,,,0,0.0,pond_emd_population_context,77383.7569514804,7.738375695148041,9.868651122050707,,,,,,,,,,0,0.0,pond_emd_population_context,381261.099404852,38.12610994048519,12.155434566181206,23.0,73.0,False,324933_316108,1,UNIQUE,정좌표,RELIABLE_POINT,True,191250.0,511563.0,AVAILABLE,AVAILABLE,D_PRESERVATION,보존·기록형,500m 이상,True,True,True,BOTH,50.0,3.1739130434782608,142.6999216127828,0.2159090909090909,0.19361702127659575,0.19545454545454546,0.6127659574468085
444,구천면 용사리 152-2,구천면,구천면,50.0,VWorld UQ164·UO601,VWorld UQ151,308.0,AVAILABLE,828.0,AVAILABLE,1618.0,106.0,941.0,6.551297898640297,58.15822002472187,-64.0,2025.0,pond_emd_population_context,,,,,,,0,2687.644333791722,pond_emd_population_context,133354.27964464875,13.335427964464875,17.00649998513997,,,,,,,,,,0,6194.993541507114,pond_emd_population_context,730339.9963684333,73.03399963684333,23.284830397802008,308.0,828.0,False,327428_317790,1,UNIQUE,정좌표,RELIABLE_POINT,True,1327188.0,6255938.0,AVAILABLE,AVAILABLE,D_PRESERVATION,보존·기록형,0–100m,True,True,True,BOTH,520.0,2.688311688311688,132.3542528714319,0.7863636363636364,0.7787234042553192,0.740909090909091,0.5446808510638298
445,구천면 내산리 845,구천면,구천면,7.4,VWorld UQ164·UO601,VWorld UQ151,193.0,AVAILABLE,433.0,AVAILABLE,1618.0,106.0,941.0,6.551297898640297,58.15822002472187,-64.0,2025.0,pond_emd_population_context,,,,,,,0,725.3641588482755,pond_emd_population_context,103128.53791073868,10.312853791073868,13.151849967770143,,,,,,,,,,0,5396.145858245432,pond_emd_population_context,764504.0809243713,76.45040809243713,24.374055852435163,193.0,433.0,False,327180_318324,1,UNIQUE,정좌표,RELIABLE_POINT,True,622500.0,2923125.0,AVAILABLE,AVAILABLE,D_PRESERVATION,보존·기록형,300–500m,True,True,True,BOTH,240.0,2.243523316062176,148.12914261278596,0.7613636363636364,0.6851063829787234,0.5818181818181818,0.6553191489361702
446,구천면 청산리 산98-1,구천면,구천면,40.0,VWorld UQ164·UO601,VWorld UQ151,,DATA_NOT_AVAILABLE,43.0,AVAILABLE,1618.0,106.0,941.0,6.551297898640297,58.15822002472187,-64.0,2025.0,pond_emd_population_context,,,,,,,0,0.0,pond_emd_population_context,0.0,0.0,0.0,,,,,,,,,,0,0.0,pond_emd_population_context,10654.479019816388,1.0654479019816387,0.3396880058424351,,43.0,False,326590_312575,1,UNIQUE,정좌표,RELIABLE_POINT,True,165938.0,433750.0,DATA_NOT_AVAILABLE,AVAILABLE,D_PRESERVATION,보존·기록형,500m 이상,False,True,False,10MIN_ONLY,,,99.13544668587896,,0.10425531914893617,,0.3872340425531915
447,구천면 조성리 26,구천면,구천면,24.96,VWorld UQ164·UO601,VWorld UQ151,,DATA_NOT_AVAILABLE,,DATA_NOT_AVAILABLE,1618.0,106.0,941.0,6.551297898640297,58.15822002472187,-64.0,2025.0,pond_emd_population_context,,,,,,,0,0.0,pond_emd_population_context,0.0,0.0,0.0,,,,,,,,,,0,5105.901355271098,pond_emd_population_context,275394.9046120164,27.53949046120164,8.780189607847726,,,False,328524_313805,1,UNIQUE,정좌표,RELIABLE_POINT,True,,,DATA_NOT_AVAILABLE,DATA_NOT_AVAILABLE,D_PRESERVATION,보존·기록형,500m 이상,False,False,False,NONE,,,,,,,
448,구천면 청산리 산50-2,구천면,구천면,20.0,VWorld UQ164·UO601,VWorld UQ151,,DATA_NOT_AVAILABLE,,DATA_NOT_AVAILABLE,1618.0,106.0,941.0,6.551297898640297,58.15822002472187,-64.0,2025.0,pond_emd_population_context,,,,,,,0,0.0,pond_emd_population_context,0.0,0.0,0.0,,,,,,,,,,0,0.0,pond_emd_population_context,39140.251095929474,3.9140251095929472,1.247876486332186,,,False,326967_312213,1,UNIQUE,정좌표,RELIABLE_POINT,True,,,DATA_NOT_AVAILABLE,DATA_NOT_AVAILABLE,D_PRESERVATION,보존·기록형,500m 이상,False,False,False,NONE,,,,,,,
449,단밀면 용곡리 산64임,단밀면,단밀면,6.6,VWorld UQ164·UO601,VWorld UQ151,,DATA_NOT_AVAILABLE,,DATA_NOT_AVAILABLE,1569.0,119.0,840.0,7.58444869343531,53.53728489483748,-37.0,2025.0,pond_emd_population_context,,,,,,,0,0.0,pond_emd_population_context,59433.32983859964,5.943332983859964,7.579456210256866,,,,,,,,,,0,0.0,pond_emd_population_context,233868.30459323444,23.386830459323445,7.456231118318543,,,False,324324_315889,1,UNIQUE,정좌표,RELIABLE_POINT,True,,,DATA_NOT_AVAILABLE,DATA_NOT_AVAILABLE,D_PRESERVATION,보존·기록형,500m 이상,False,False,False,NONE,,,,,,,
450,단밀면 용곡리 1544유,단밀면,단밀면,10.0,VWorld UQ164·UO601,VWorld UQ151,,DATA_NOT_AVAILABLE,,DATA_NOT_AVAILABLE,1569.0,119.0,840.0,7.58444869343531,53.53728489483748,-37.0,2025.0,pond_emd_population_context,,,,,,,0,0.0,pond_emd_population_context,57361.8828121004,5.73618828121004,7.315287231809004,,,,,,,,,,0,0.0,pond_emd_population_context,137032.94854731648,13.703294854731649,4.368908976231587,,,False,323815_315815,1,UNIQUE,정좌표,RELIABLE_POINT,True,,,DATA_NOT_AVAILABLE,DATA_NOT_AVAILABLE,D_PRESERVATION,보존·기록형,500m 이상,False,False,False,NONE,,,,,,,
451,단밀면 위중리 1459유,단밀면,단밀면,15.8,VWorld UQ164·UO601,VWorld UQ151,,DATA_NOT_AVAILABLE,,DATA_NOT_AVAILABLE,1569.0,119.0,840.0,7.58444869343531,53.53728489483748,-37.0,2025.0,pond_emd_population_context,,,,,,,0,0.0,pond_emd_population_context,89650.46137491155,8.965046137491155,11.433008180187084,,,,,,,,,,0,2290.365504975847,pond_emd_population_context,346499.2740166376,34.64992740166375,11.04715183141742,,,False,322586_318783,1,UNIQUE,정좌표,RELIABLE_POINT,True,,,DATA_NOT_AVAILABLE,DATA_NOT_AVAILABLE,D_PRESERVATION,보존·기록형,500m 이상,False,False,False,NONE,,,,,,,
452,단밀면 위중리 1332답,단밀면,단밀면,4.0,VWorld UQ164·UO601,VWorld UQ151,,DATA_NOT_AVAILABLE,,DATA_NOT_AVAILABLE,1569.0,119.0,840.0,7.58444869343531,53.53728489483748,-37.0,2025.0,pond_emd_population_context,,,,,,,0,0.0,pond_emd_population_context,0.0,0.0,0.0,,,,,,,,,,0,0.0,pond_emd_population_context,21654.253295339637,2.165425329533963,0.6903847767891762,,,False,322506_317061,1,UNIQUE,정좌표,RELIABLE_POINT,True,,,DATA_NOT_AVAILABLE,DATA_NOT_AVAILABLE,D_PRESERVATION,보존·기록형,500m 이상,False,False,False,NONE,,,,,,,
453,단밀면 위중리 산27-1,단밀면,단밀면,25.4,VWorld UQ164·UO601,VWorld UQ151,,DATA_NOT_AVAILABLE,,DATA_NOT_AVAILABLE,1569.0,119.0,840.0,7.58444869343531,53.53728489483748,-37.0,2025.0,pond_emd_population_context,,,,,,,0,0.0,pond_emd_population_context,0.0,0.0,0.0,,,,,,,,,,0,0.0,pond_emd_population_context,23888.41349386652,2.3888413493866514,0.7616146718557126,,,False,322493_317130,1,UNIQUE,정좌표,RELIABLE_POINT,True,,,DATA_NOT_AVAILABLE,DATA_NOT_AVAILABLE,D_PRESERVATION,보존·기록형,500m 이상,False,False,False,NONE,,,,,,,
454,단밀면 주선리 748유,단밀면,단밀면,8.3,VWorld UQ164·UO601,VWorld UQ151,98.0,AVAILABLE,398.0,AVAILABLE,1569.0,119.0,840.0,7.58444869343531,53.53728489483748,-37.0,2025.0,pond_emd_population_context,,,,,,,0,0.0,pond_emd_population_context,203334.09078539585,20.33340907853958,25.93093540855887,,,,,,,,,,0,6357.772491175238,pond_emd_population_context,807705.5617968289,80.77055617968288,25.751413192921824,98.0,398.0,False,322677_320366,1,UNIQUE,정좌표,RELIABLE_POINT,True,447500.0,2357500.0,AVAILABLE,AVAILABLE,B_ECO_EDUCATION,생태·교육형,500m 이상,True,True,True,BOTH,300.0,4.061224489795919,168.82290562036056,0.6136363636363636,0.6617021276595745,0.6363636363636364,0.7276595744680852
455,단밀면 서제리 1068-1답,단밀면,단밀면,4.8,VWorld UQ164·UO601,VWorld UQ151,68.0,AVAILABLE,388.0,AVAILABLE,1569.0,119.0,840.0,7.58444869343531,53.53728489483748,-37.0,2025.0,pond_emd_population_context,,,,,,,0,0.0,pond_emd_population_context,171195.9244732665,17.11959244732665,21.83239634130078,,,,,,,,,,0,6767.7029212900325,pond_emd_population_context,793830.2621745673,79.38302621745673,25.30903840853433,68.0,388.0,False,322460_320535,1,UNIQUE,정좌표,RELIABLE_POINT,True,423438.0,2491250.0,AVAILABLE,AVAILABLE,B_ECO_EDUCATION,생태·교육형,500m 이상,True,True,True,BOTH,320.0,5.705882352941177,155.7451078775715,0.4909090909090909,0.648936170212766,0.6545454545454545,0.6851063829787234
456,단밀면 팔등리 179유,단밀면,단밀면,61.0,VWorld UQ164·UO601,VWorld UQ151,,DATA_NOT_AVAILABLE,,DATA_NOT_AVAILABLE,1569.0,119.0,840.0,7.58444869343531,53.53728489483748,-37.0,2025.0,pond_emd_population_context,,,,,,,0,0.0,pond_emd_population_context,97551.48257396504,9.755148257396504,12.440615264581735,,,,,,,,,,0,4420.714382398864,pond_emd_population_context,541115.1692213258,54.11151692213258,17.251930612657173,,,False,320767_322683,1,UNIQUE,정좌표,RELIABLE_POINT,True,,,DATA_NOT_AVAILABLE,DATA_NOT_AVAILABLE,D_PRESERVATION,보존·기록형,500m 이상,False,False,False,NONE,,,,,,,
457,단밀면 팔등리 988답,단밀면,단밀면,4.4,VWorld UQ164·UO601,VWorld UQ151,,DATA_NOT_AVAILABLE,,DATA_NOT_AVAILABLE,1569.0,119.0,840.0,7.58444869343531,53.53728489483748,-37.0,2025.0,pond_emd_population_context,,,,,,,0,0.0,pond_emd_population_context,0.0,0.0,0.0,,,,,,,,,,0,0.0,pond_emd_population_context,6869.80492272238,0.686980492272238,0.2190243493263103,,,False,319800_322075,1,UNIQUE,정좌표,RELIABLE_POINT,True,,,DATA_NOT_AVAILABLE,DATA_NOT_AVAILABLE,D_PRESERVATION,보존·기록형,500m 이상,False,False,False,NONE,,,,,,,
458,단밀면 서제리 340-2답,단밀면,단밀면,7.6,VWorld UQ164·UO601,VWorld UQ151,138.0,AVAILABLE,393.0,AVAILABLE,1569.0,119.0,840.0,7.58444869343531,53.53728489483748,-37.0,2025.0,pond_emd_population_context,,,,,,,0,1081.3877764954923,pond_emd_population_context,164451.7679464506,16.44517679464506,20.972322722526005,,,,,,,,,,0,6724.400923266452,pond_emd_population_context,997981.7883676348,99.79817883676348,31.817833882553465,138.0,393.0,False,322445_320853,1,UNIQUE,정좌표,RELIABLE_POINT,True,568750.0,2393750.0,AVAILABLE,AVAILABLE,D_PRESERVATION,보존·기록형,300–500m,True,True,True,BOTH,255.0,2.847826086956522,164.177545691906,0.7090909090909091,0.6553191489361702,0.5954545454545455,0.7063829787234043
459,단밀면 생송리 544,단밀면,단밀면,4.4,VWorld UQ164·UO601,VWorld UQ151,,DATA_NOT_AVAILABLE,,DATA_NOT_AVAILABLE,1569.0,119.0,840.0,7.58444869343531,53.53728489483748,-37.0,2025.0,pond_emd_population_context,,,,,,,0,0.0,pond_emd_population_context,64429.83040999887,6.442983040999887,8.216653509958697,,,,,,,,,,0,4666.590538388058,pond_emd_population_context,749043.887412299,74.90438874122991,23.881151197567817,,,False,319591_319226,1,UNIQUE,정좌표,RELIABLE_POINT,True,,,DATA_NOT_AVAILABLE,DATA_NOT_AVAILABLE,B_ECO_EDUCATION,생태·교육형,500m 이상,False,False,False,NONE,,,,,,,
460,단밀면 생송리 산1-3구,단밀면,단밀면,6.5,VWorld UQ164·UO601,VWorld UQ151,,DATA_NOT_AVAILABLE,,DATA_NOT_AVAILABLE,1569.0,119.0,840.0,7.58444869343531,53.53728489483748,-37.0,2025.0,pond_emd_population_context,,,,,,,0,0.0,pond_emd_population_context,0.0,0.0,0.0,,,,,,,,,,0,0.0,pond_emd_population_context,0.0,0.0,0.0,,,False,319598_321299,1,UNIQUE,정좌표,RELIABLE_POINT,True,,,DATA_NOT_AVAILABLE,DATA_NOT_AVAILABLE,D_PRESERVATION,보존·기록형,500m 이상,False,False,False,NONE,,,,,,,
461,단밀면 생송리 445-1,단밀면,단밀면,2.0,VWorld UQ164·UO601,VWorld UQ151,,DATA_NOT_AVAILABLE,,DATA_NOT_AVAILABLE,1569.0,119.0,840.0,7.58444869343531,53.53728489483748,-37.0,2025.0,pond_emd_population_context,,,,,,,0,0.0,pond_emd_population_context,0.0,0.0,0.0,,,,,,,,,,0,913.8112526834036,pond_emd_population_context,262051.1772705861,26.205117727058614,8.354762505998336,,,False,320263_319127,1,UNIQUE,정좌표,RELIABLE_POINT,True,,,DATA_NOT_AVAILABLE,DATA_NOT_AVAILABLE,D_PRESERVATION,보존·기록형,500m 이상,False,False,False,NONE,,,,,,,
462,단밀면 생송리 447,단밀면,단밀면,46.0,VWorld UQ164·UO601,VWorld UQ151,,DATA_NOT_AVAILABLE,,DATA_NOT_AVAILABLE,1569.0,119.0,840.0,7.58444869343531,53.53728489483748,-37.0,2025.0,pond_emd_population_context,,,,,,,0,0.0,pond_emd_population_context,57528.33672671251,5.752833672671251,7.336514885723977,,,,,,,,,,0,0.0,pond_emd_population_context,99270.7088300704,9.92707088300704,3.164966495155082,,,False,320139_318401,1,UNIQUE,정좌표,RELIABLE_POINT,True,,,DATA_NOT_AVAILABLE,DATA_NOT_AVAILABLE,D_PRESERVATION,보존·기록형,500m 이상,False,False,False,NONE,,,,,,,
463,단밀면 생송리 296답,단밀면,단밀면,18.6,VWorld UQ164·UO601,VWorld UQ151,8.0,AVAILABLE,28.0,AVAILABLE,1569.0,119.0,840.0,7.58444869343531,53.53728489483748,-37.0,2025.0,pond_emd_population_context,,,,,,,0,0.0,pond_emd_population_context,117411.93602339896,11.741193602339898,14.97339338158478,,,,,,,,,,0,3356.576126823251,pond_emd_population_context,253400.50630947333,25.34005063094733,8.078960267098239,8.0,28.0,False,321100_319303,1,UNIQUE,정좌표,RELIABLE_POINT,True,202500.0,770000.0,AVAILABLE,AVAILABLE,D_PRESERVATION,보존·기록형,500m 이상,True,True,True,BOTH,20.0,3.5,36.36363636363636,0.04772727272727273,0.05531914893617021,0.07954545454545454,0.07234042553191489
464,단밀면 생송리 484,단밀면,단밀면,71.4,VWorld UQ164·UO601,VWorld UQ151,,DATA_NOT_AVAILABLE,,DATA_NOT_AVAILABLE,1569.0,119.0,840.0,7.58444869343531,53.53728489483748,-37.0,2025.0,pond_emd_population_context,,,,,,,0,0.0,pond_emd_population_context,57578.23976617664,5.757823976617663,7.342878956244749,,,,,,,,,,0,0.0,pond_emd_population_context,246203.06052523,24.620306052523,7.849490013220842,,,False,319807_318326,1,UNIQUE,정좌표,RELIABLE_POINT,True,,,DATA_NOT_AVAILABLE,DATA_NOT_AVAILABLE,D_PRESERVATION,보존·기록형,500m 이상,False,False,False,NONE,,,,,,,
465,단밀면 생송리 64유,단밀면,단밀면,54.4,VWorld UQ164·UO601,VWorld UQ151,,DATA_NOT_AVAILABLE,,DATA_NOT_AVAILABLE,1569.0,119.0,840.0,7.58444869343531,53.53728489483748,-37.0,2025.0,pond_emd_population_context,,,,,,,0,1153.7058311076207,pond_emd_population_context,0.0,0.0,0.0,,,,,,,,,,0,3462.238914331299,pond_emd_population_context,201658.21229919908,20.165821229919903,6.429303194483726,,,False,321752_319366,1,UNIQUE,정좌표,RELIABLE_POINT,True,,,DATA_NOT_AVAILABLE,DATA_NOT_AVAILABLE,D_PRESERVATION,보존·기록형,300–500m,False,False,False,NONE,,,,,,,
466,단밀면 생송리 산51임,단밀면,단밀면,4.8,VWorld UQ164·UO601,VWorld UQ151,,DATA_NOT_AVAILABLE,,DATA_NOT_AVAILABLE,1569.0,119.0,840.0,7.58444869343531,53.53728489483748,-37.0,2025.0,pond_emd_population_context,,,,,,,0,0.0,pond_emd_population_context,15091.777247941533,1.5091777247941534,1.924634966547567,,,,,,,,,,0,1225.0260689388504,pond_emd_population_context,147291.70466554177,14.729170466554176,4.695980473743803,,,False,321858_318803,1,UNIQUE,정좌표,RELIABLE_POINT,True,,,DATA_NOT_AVAILABLE,DATA_NOT_AVAILABLE,D_PRESERVATION,보존·기록형,500m 이상,False,False,False,NONE,,,,,,,
467,단밀면 생송리 132답,단밀면,단밀면,3.6,VWorld UQ164·UO601,VWorld UQ151,33.0,AVAILABLE,208.0,AVAILABLE,1569.0,119.0,840.0,7.58444869343531,53.53728489483748,-37.0,2025.0,pond_emd_population_context,,,,,,,0,2054.065024904527,pond_emd_population_context,0.0,0.0,0.0,,,,,,,,,,0,6076.725285027274,pond_emd_population_context,104576.60819779112,10.457660819779113,3.3341301278460347,33.0,208.0,False,321117_320897,1,UNIQUE,정좌표,RELIABLE_POINT,True,1316563.0,4010000.0,AVAILABLE,AVAILABLE,D_PRESERVATION,보존·기록형,0–100m,True,True,True,BOTH,175.0,6.303030303030303,51.87032418952619,0.2727272727272727,0.4851063829787234,0.5045454545454545,0.1148936170212766
468,단밀면 생송리 1172,단밀면,단밀면,1.7,VWorld UQ164·UO601,VWorld UQ151,63.0,AVAILABLE,628.0,AVAILABLE,1569.0,119.0,840.0,7.58444869343531,53.53728489483748,-37.0,2025.0,pond_emd_population_context,,,,,,,0,2072.4650561268245,pond_emd_population_context,35426.45422049208,3.542645422049208,4.517890200298021,,,,,,,,,,0,7392.735256908401,pond_emd_population_context,511368.0315149872,51.13680315149872,16.303527047528128,63.0,628.0,False,318918_320238,1,UNIQUE,정좌표,RELIABLE_POINT,True,1419063.0,7207188.0,AVAILABLE,AVAILABLE,D_PRESERVATION,보존·기록형,0–100m,True,True,True,BOTH,565.0,9.968253968253968,87.13523221539386,0.45,0.7574468085106383,0.759090909090909,0.2978723404255319
469,단밀면 생송리 550,단밀면,단밀면,7.3,VWorld UQ164·UO601,VWorld UQ151,,DATA_NOT_AVAILABLE,,DATA_NOT_AVAILABLE,1569.0,119.0,840.0,7.58444869343531,53.53728489483748,-37.0,2025.0,pond_emd_population_context,,,,,,,0,3205.643358726633,pond_emd_population_context,139720.76458481484,13.972076458481483,17.818409631600822,,,,,,,,,,0,7738.864562747984,pond_emd_population_context,454092.5082343703,45.40925082343704,14.4774585696055,,,False,319839_319831,1,UNIQUE,정좌표,RELIABLE_POINT,True,,,DATA_NOT_AVAILABLE,DATA_NOT_AVAILABLE,D_PRESERVATION,보존·기록형,100–300m,False,False,False,NONE,,,,,,,
470,단밀면 생송리 산67-15임,단밀면,단밀면,5.8,VWorld UQ164·UO601,VWorld UQ151,,DATA_NOT_AVAILABLE,,DATA_NOT_AVAILABLE,1569.0,119.0,840.0,7.58444869343531,53.53728489483748,-37.0,2025.0,pond_emd_population_context,,,,,,,0,0.0,pond_emd_population_context,72827.74466351053,7.282774466351053,9.287628727312988,,,,,,,,,,0,0.0,pond_emd_population_context,140185.37538337478,14.018537538337478,4.469415212483323,,,False,320930_318973,1,UNIQUE,정좌표,RELIABLE_POINT,True,,,DATA_NOT_AVAILABLE,DATA_NOT_AVAILABLE,D_PRESERVATION,보존·기록형,500m 이상,False,False,False,NONE,,,,,,,
471,단밀면 생송리 1425,단밀면,단밀면,6.2,VWorld UQ164·UO601,VWorld UQ151,18.0,AVAILABLE,48.0,AVAILABLE,1569.0,119.0,840.0,7.58444869343531,53.53728489483748,-37.0,2025.0,pond_emd_population_context,,,,,,,0,0.0,pond_emd_population_context,55386.85825340716,5.538685825340716,7.06341488682262,,,,,,,,,,0,3611.707602314289,pond_emd_population_context,485931.8598487197,48.593185984871965,15.492566472777366,18.0,48.0,False,318403_318345,1,UNIQUE,정좌표,RELIABLE_POINT,True,252188.0,967188.0,AVAILABLE,AVAILABLE,D_PRESERVATION,보존·기록형,500m 이상,True,True,True,BOTH,30.0,2.6666666666666665,49.628407300338715,0.175,0.11702127659574468,0.1159090909090909,0.11063829787234042
472,단밀면 생송리 377답,단밀면,단밀면,2.6,VWorld UQ164·UO601,VWorld UQ151,,DATA_NOT_AVAILABLE,,DATA_NOT_AVAILABLE,1569.0,119.0,840.0,7.58444869343531,53.53728489483748,-37.0,2025.0,pond_emd_population_context,,,,,,,0,763.2433862043317,pond_emd_population_context,0.0,0.0,0.0,,,,,,,,,,0,6068.032576163048,pond_emd_population_context,87282.68218213854,8.728268218213854,2.782762085305662,,,False,320460_320981,1,UNIQUE,정좌표,RELIABLE_POINT,True,,,DATA_NOT_AVAILABLE,DATA_NOT_AVAILABLE,D_PRESERVATION,보존·기록형,300–500m,False,False,False,NONE,,,,,,,
473,단밀면 서제리 871답,단밀면,단밀면,25.5,VWorld UQ164·UO601,VWorld UQ151,43.0,AVAILABLE,373.0,AVAILABLE,1569.0,119.0,840.0,7.58444869343531,53.53728489483748,-37.0,2025.0,pond_emd_population_context,,,,,,,0,3583.978603353564,pond_emd_population_context,174764.06317651036,17.476406317651037,22.28743648673438,,,,,,,,,,0,8066.317880449474,pond_emd_population_context,741231.1759361377,74.12311759361377,23.63206493285008,43.0,373.0,False,322101_321566,1,UNIQUE,정좌표,RELIABLE_POINT,True,759063.0,2645938.0,AVAILABLE,AVAILABLE,D_PRESERVATION,보존·기록형,100–300m,True,True,True,BOTH,330.0,8.674418604651162,140.970801281058,0.32272727272727275,0.6382978723404256,0.6704545454545454,0.6
474,단북면 노연리 348-2유,단북면,단북면,11.0,VWorld UQ164·UO601,VWorld UQ151,2298.0,AVAILABLE,3877.0,AVAILABLE,1631.0,117.0,902.0,7.173513182096873,55.30349478847333,-39.0,2025.0,pond_emd_population_context,,,,,,,2,6042.193468091745,pond_emd_population_context,0.0,0.0,0.0,,,,,,,,,,3,25617.680147585277,pond_emd_population_context,596018.067558986,59.6018067558986,19.00235463776461,2298.0,3877.0,False,327993_321636,1,UNIQUE,정좌표,RELIABLE_POINT,True,2002500.0,8255625.0,AVAILABLE,AVAILABLE,A_CULTURE_TOURISM,문화·관광형,0–100m,True,True,True,BOTH,1579.0,1.6871192341166232,469.6191990309637,0.8136363636363636,0.825531914893617,0.7954545454545454,0.8085106382978723
475,안계면 용기리 80유,안계면,안계면,66.2,VWorld UQ164·UO601,VWorld UQ151,214.0,AVAILABLE,1704.0,AVAILABLE,4208.0,575.0,1772.0,13.66444866920152,42.11026615969582,-43.0,2025.0,pond_emd_population_context,,,,,,,0,2014.162945460425,pond_emd_population_context,203619.18707875008,20.36191870787501,25.96729337263481,,,,,,,,,,0,10385.841839565444,pond_emd_population_context,467488.185958499,46.7488185958499,14.90454196284828,214.0,1704.0,False,330106_323549,1,UNIQUE,정좌표,RELIABLE_POINT,True,1429688.0,5029688.0,AVAILABLE,AVAILABLE,D_PRESERVATION,보존·기록형,100–300m,True,True,True,BOTH,1490.0,7.962616822429907,338.7884099371571,0.7772727272727272,0.8042553191489362,0.7909090909090909,0.8
476,안계면 용기리 306-1유,안계면,안계면,28.0,VWorld UQ164·UO601,VWorld UQ151,,DATA_NOT_AVAILABLE,,DATA_NOT_AVAILABLE,4208.0,575.0,1772.0,13.66444866920152,42.11026615969582,-43.0,2025.0,pond_emd_population_context,,,,,,,0,2246.523552346076,pond_emd_population_context,152108.25274632013,15.210825274632011,19.398170084703125,,,,,,,,,,0,11066.967464049869,pond_emd_population_context,562680.6246326657,56.26806246326657,17.939484319425677,,,False,329382_323318,1,UNIQUE,정좌표,RELIABLE_POINT,True,,,DATA_NOT_AVAILABLE,DATA_NOT_AVAILABLE,D_PRESERVATION,보존·기록형,100–300m,False,False,False,NONE,,,,,,,
477,안계면 토매리 57답,안계면,안계면,9.0,VWorld UQ164·UO601,VWorld UQ151,63.0,AVAILABLE,855.0,AVAILABLE,4208.0,575.0,1772.0,13.66444866920152,42.11026615969582,-43.0,2025.0,pond_emd_population_context,,,,,,,0,2040.196373460723,pond_emd_population_context,0.0,0.0,0.0,,,,,,,,,,1,9166.354047779558,pond_emd_population_context,669948.1397860759,66.9948139786076,21.359406424144694,63.0,855.0,False,330130_321634,1,UNIQUE,정좌표,RELIABLE_POINT,True,259375.0,1441875.0,AVAILABLE,AVAILABLE,A_CULTURE_TOURISM,문화·관광형,0–100m,True,True,True,BOTH,792.0,13.571428571428571,592.9778933680104,0.45,0.7872340425531915,0.7863636363636364,0.8170212765957446
478,안계면 위양리 19-2유,안계면,안계면,9.0,VWorld UQ164·UO601,VWorld UQ151,78.0,AVAILABLE,193.0,AVAILABLE,4208.0,575.0,1772.0,13.66444866920152,42.11026615969582,-43.0,2025.0,pond_emd_population_context,,,,,,,0,2541.39910620627,pond_emd_population_context,243067.56791537744,24.306756791537744,30.99809470799203,,,,,,,,,,0,11338.35309901382,pond_emd_population_context,1344413.739221314,134.4413739221314,42.86283930484757,78.0,193.0,False,330936_320649,1,UNIQUE,정좌표,RELIABLE_POINT,True,465000.0,2464688.0,AVAILABLE,AVAILABLE,D_PRESERVATION,보존·기록형,100–300m,True,True,True,BOTH,115.0,2.4743589743589745,78.30605739955726,0.5590909090909091,0.46808510638297873,0.39090909090909093,0.2425531914893617
479,안계면 교촌리 134-2유,안계면,안계면,14.7,VWorld UQ164·UO601,VWorld UQ151,13.0,AVAILABLE,143.0,AVAILABLE,4208.0,575.0,1772.0,13.66444866920152,42.11026615969582,-43.0,2025.0,pond_emd_population_context,,,,,,,0,0.0,pond_emd_population_context,385296.2417809658,38.52962417809658,49.13633478867825,,,,,,,,,,0,7425.091938032567,pond_emd_population_context,1259135.498911223,125.91354989112229,40.14398319383464,13.0,143.0,False,332323_318895,1,UNIQUE,정좌표,RELIABLE_POINT,True,342188.0,1269688.0,AVAILABLE,AVAILABLE,B_ECO_EDUCATION,생태·교육형,500m 이상,True,True,True,BOTH,130.0,11.0,112.62609396954213,0.10681818181818181,0.3851063829787234,0.4318181818181818,0.451063829787234
480,안계면 교촌리 294유,안계면,안계면,1.5,VWorld UQ164·UO601,VWorld UQ151,,DATA_NOT_AVAILABLE,,DATA_NOT_AVAILABLE,4208.0,575.0,1772.0,13.66444866920152,42.11026615969582,-43.0,2025.0,pond_emd_population_context,,,,,,,0,0.0,pond_emd_population_context,91495.25728655758,9.14952572865576,11.6682726330985,,,,,,,,,,0,7359.755358216354,pond_emd_population_context,872187.3165243388,87.21873165243387,27.807232030789912,,,False,332077_320291,1,UNIQUE,정좌표,RELIABLE_POINT,True,,,DATA_NOT_AVAILABLE,DATA_NOT_AVAILABLE,B_ECO_EDUCATION,생태·교육형,500m 이상,False,False,False,NONE,,,,,,,
481,안계면 안정리 337유,안계면,안계면,192.0,VWorld UQ164·UO601,VWorld UQ151,48.0,AVAILABLE,138.0,AVAILABLE,4208.0,575.0,1772.0,13.66444866920152,42.11026615969582,-43.0,2025.0,pond_emd_population_context,,,,,,,0,0.0,pond_emd_population_context,174688.07354475922,17.46880735447592,22.27774562660833,,,,,,,,,,0,3633.0624659045534,pond_emd_population_context,534085.576165289,53.4085576165289,17.02781186948374,48.0,138.0,False,333307_319380,1,UNIQUE,정좌표,RELIABLE_POINT,True,423750.0,1281563.0,AVAILABLE,AVAILABLE,D_PRESERVATION,보존·기록형,500m 이상,True,True,True,BOTH,90.0,2.875,107.68101138999799,0.3659090909090909,0.3659574468085106,0.35,0.42127659574468085
482,안계면 안정리 174-1유,안계면,안계면,14.1,VWorld UQ164·UO601,VWorld UQ151,13.0,AVAILABLE,233.0,AVAILABLE,4208.0,575.0,1772.0,13.66444866920152,42.11026615969582,-43.0,2025.0,pond_emd_population_context,,,,,,,0,2069.009364949586,pond_emd_population_context,77961.60443725358,7.796160443725358,9.94234326964733,,,,,,,,,,0,4314.071440039837,pond_emd_population_context,211608.1021671253,21.16081021671253,6.746527362957987,13.0,233.0,False,334292_320029,1,UNIQUE,정좌표,RELIABLE_POINT,True,584688.0,1714375.0,AVAILABLE,AVAILABLE,D_PRESERVATION,보존·기록형,0–100m,True,True,True,BOTH,220.0,17.923076923076923,135.90958804228947,0.10681818181818181,0.5234042553191489,0.5636363636363636,0.5829787234042553
483,안계면 안정리 145유,안계면,안계면,9.6,VWorld UQ164·UO601,VWorld UQ151,,DATA_NOT_AVAILABLE,,DATA_NOT_AVAILABLE,4208.0,575.0,1772.0,13.66444866920152,42.11026615969582,-43.0,2025.0,pond_emd_population_context,,,,,,,0,0.0,pond_emd_population_context,0.0,0.0,0.0,,,,,,,,,,0,0.0,pond_emd_population_context,84568.53872133902,8.456853872133902,2.696229278018276,,,False,334397_321140,1,UNIQUE,정좌표,RELIABLE_POINT,True,,,DATA_NOT_AVAILABLE,DATA_NOT_AVAILABLE,D_PRESERVATION,보존·기록형,500m 이상,False,False,False,NONE,,,,,,,
484,안계면 안정리 483-2유,안계면,안계면,6.0,VWorld UQ164·UO601,VWorld UQ151,,DATA_NOT_AVAILABLE,,DATA_NOT_AVAILABLE,4208.0,575.0,1772.0,13.66444866920152,42.11026615969582,-43.0,2025.0,pond_emd_population_context,,,,,,,0,0.0,pond_emd_population_context,1182.48131801827,0.118248131801827,0.1508003235508683,,,,,,,,,,0,2430.200227488711,pond_emd_population_context,184957.36572800804,18.495736572800805,5.896843816873903,,,False,332803_320776,1,UNIQUE,정좌표,RELIABLE_POINT,True,,,DATA_NOT_AVAILABLE,DATA_NOT_AVAILABLE,D_PRESERVATION,보존·기록형,500m 이상,False,False,False,NONE,,,,,,,
485,안계면 안정리 313유,안계면,안계면,14.1,VWorld UQ164·UO601,VWorld UQ151,5.0,AVAILABLE,78.0,AVAILABLE,4208.0,575.0,1772.0,13.66444866920152,42.11026615969582,-43.0,2025.0,pond_emd_population_context,,,,,,,0,0.0,pond_emd_population_context,54482.6664280868,5.44826664280868,6.948104464803542,,,,,,,,,,0,0.0,pond_emd_population_context,693241.8323002559,69.32418323002558,22.1020600953502,5.0,78.0,False,333022_318778,1,UNIQUE,정좌표,RELIABLE_POINT,True,191875.0,566563.0,AVAILABLE,AVAILABLE,B_ECO_EDUCATION,생태·교육형,500m 이상,True,True,True,BOTH,73.0,15.6,137.67224474595056,0.015909090909090907,0.2148936170212766,0.31363636363636366,0.5872340425531914
486,안계면 안정리 산2임,안계면,안계면,2.0,VWorld UQ164·UO601,VWorld UQ151,,DATA_NOT_AVAILABLE,,DATA_NOT_AVAILABLE,4208.0,575.0,1772.0,13.66444866920152,42.11026615969582,-43.0,2025.0,pond_emd_population_context,,,,,,,0,0.0,pond_emd_population_context,0.0,0.0,0.0,,,,,,,,,,0,0.0,pond_emd_population_context,0.0,0.0,0.0,,,False,334879_321926,1,UNIQUE,정좌표,RELIABLE_POINT,True,,,DATA_NOT_AVAILABLE,DATA_NOT_AVAILABLE,D_PRESERVATION,보존·기록형,500m 이상,False,False,False,NONE,,,,,,,
487,안계면 안정리 24-1유,안계면,안계면,21.0,VWorld UQ164·UO601,VWorld UQ151,,DATA_NOT_AVAILABLE,,DATA_NOT_AVAILABLE,4208.0,575.0,1772.0,13.66444866920152,42.11026615969582,-43.0,2025.0,pond_emd_population_context,,,,,,,0,0.0,pond_emd_population_context,0.0,0.0,0.0,,,,,,,,,,0,0.0,pond_emd_population_context,47052.77159387559,4.705277159387559,1.5001448801349857,,,False,334091_322017,1,UNIQUE,정좌표,RELIABLE_POINT,True,,,DATA_NOT_AVAILABLE,DATA_NOT_AVAILABLE,D_PRESERVATION,보존·기록형,500m 이상,False,False,False,NONE,,,,,,,
488,안계면 봉양리 472유,안계면,안계면,21.39,VWorld UQ164·UO601,VWorld UQ151,53.0,AVAILABLE,348.0,AVAILABLE,4208.0,575.0,1772.0,13.66444866920152,42.11026615969582,-43.0,2025.0,pond_emd_population_context,,,,,,,0,3160.699369653284,pond_emd_population_context,242396.539438738,24.2396539438738,30.912519308324267,,,,,,,,,,0,10191.93129026704,pond_emd_population_context,1020983.0671346848,102.09830671346846,32.55116476636986,53.0,348.0,False,331393_320395,1,UNIQUE,정좌표,RELIABLE_POINT,True,749688.0,3837188.0,AVAILABLE,AVAILABLE,D_PRESERVATION,보존·기록형,0–100m,True,True,True,BOTH,295.0,6.566037735849057,90.69141256566006,0.3977272727272727,0.6212765957446809,0.625,0.3191489361702128
489,안계면 봉양리 37유,안계면,안계면,18.0,VWorld UQ164·UO601,VWorld UQ151,,DATA_NOT_AVAILABLE,,DATA_NOT_AVAILABLE,4208.0,575.0,1772.0,13.66444866920152,42.11026615969582,-43.0,2025.0,pond_emd_population_context,,,,,,,0,0.0,pond_emd_population_context,31715.576128392324,3.171557612839232,4.044646683957049,,,,,,,,,,0,0.0,pond_emd_population_context,130992.78923070434,13.099278923070434,4.176335536515345,,,False,332760_321883,1,UNIQUE,정좌표,RELIABLE_POINT,True,,,DATA_NOT_AVAILABLE,DATA_NOT_AVAILABLE,D_PRESERVATION,보존·기록형,500m 이상,False,False,False,NONE,,,,,,,
490,안계면 도덕리 17-1유,안계면,안계면,48.0,VWorld UQ164·UO601,VWorld UQ151,18.0,AVAILABLE,128.0,AVAILABLE,4208.0,575.0,1772.0,13.66444866920152,42.11026615969582,-43.0,2025.0,pond_emd_population_context,,,,,,,0,2045.794111006168,pond_emd_population_context,84161.71203876993,8.416171203876992,10.733035027827324,,,,,,,,,,0,4247.78234156664,pond_emd_population_context,248119.679855049,24.8119679855049,7.910596013513713,18.0,128.0,False,332628_323828,1,UNIQUE,정좌표,RELIABLE_POINT,True,539688.0,1325000.0,AVAILABLE,AVAILABLE,D_PRESERVATION,보존·기록형,100–300m,True,True,True,BOTH,110.0,7.111111111111111,96.60377358490567,0.175,0.34893617021276596,0.38181818181818183,0.3702127659574468
491,안계면 도덕리 172-1유,안계면,안계면,10.6,VWorld UQ164·UO601,VWorld UQ151,,DATA_NOT_AVAILABLE,,DATA_NOT_AVAILABLE,4208.0,575.0,1772.0,13.66444866920152,42.11026615969582,-43.0,2025.0,pond_emd_population_context,,,,,,,0,0.0,pond_emd_population_context,175155.76680529164,17.515576680529165,22.337389947356712,,,,,,,,,,0,2216.188845766466,pond_emd_population_context,513011.19958196685,51.301119958196686,16.355914825747803,,,False,332342_322732,1,UNIQUE,정좌표,RELIABLE_POINT,True,,,DATA_NOT_AVAILABLE,DATA_NOT_AVAILABLE,D_PRESERVATION,보존·기록형,500m 이상,False,False,False,NONE,,,,,,,
492,안계면 도덕리 1011-1유,안계면,안계면,32.5,VWorld UQ164·UO601,VWorld UQ151,,DATA_NOT_AVAILABLE,,DATA_NOT_AVAILABLE,4208.0,575.0,1772.0,13.66444866920152,42.11026615969582,-43.0,2025.0,pond_emd_population_context,,,,,,,0,1950.5133878200595,pond_emd_population_context,102996.25108038496,10.299625108038496,13.134979598221902,,,,,,,,,,0,4155.6039292499845,pond_emd_population_context,265543.2097297018,26.55432097297018,8.466096109468559,,,False,330888_325875,1,UNIQUE,정좌표,RELIABLE_POINT,True,,,DATA_NOT_AVAILABLE,DATA_NOT_AVAILABLE,D_PRESERVATION,보존·기록형,100–300m,False,False,False,NONE,,,,,,,
493,안계면 도덕리 882유,안계면,안계면,16.0,VWorld UQ164·UO601,VWorld UQ151,69.0,AVAILABLE,279.0,AVAILABLE,4208.0,575.0,1772.0,13.66444866920152,42.11026615969582,-43.0,2025.0,pond_emd_population_context,,,,,,,0,2749.834810732733,pond_emd_population_context,124376.29999193813,12.437629999193812,15.861549772538847,,,,,,,,,,0,7991.575287725553,pond_emd_population_context,328398.49976174923,32.839849976174925,10.470059708995365,69.0,279.0,False,331399_324323,1,UNIQUE,정좌표,RELIABLE_POINT,True,384063.0,1515625.0,AVAILABLE,AVAILABLE,D_PRESERVATION,보존·기록형,300–500m,True,True,True,BOTH,210.0,4.043478260869565,184.08247422680412,0.5136363636363637,0.5829787234042553,0.5477272727272727,0.7574468085106383
494,안계면 도덕리 313-2유,안계면,안계면,11.5,VWorld UQ164·UO601,VWorld UQ151,,DATA_NOT_AVAILABLE,,DATA_NOT_AVAILABLE,4208.0,575.0,1772.0,13.66444866920152,42.11026615969582,-43.0,2025.0,pond_emd_population_context,,,,,,,0,2350.1259938816597,pond_emd_population_context,140710.5840300394,14.07105840300394,17.944640033994798,,,,,,,,,,0,8553.82143135176,pond_emd_population_context,619102.0279568556,61.91020279568556,19.7383215921238,,,False,331555_323683,1,UNIQUE,정좌표,RELIABLE_POINT,True,,,DATA_NOT_AVAILABLE,DATA_NOT_AVAILABLE,D_PRESERVATION,보존·기록형,100–300m,False,False,False,NONE,,,,,,,
495,안계면 도덕리 46-1유,안계면,안계면,19.2,VWorld UQ164·UO601,VWorld UQ151,,DATA_NOT_AVAILABLE,,DATA_NOT_AVAILABLE,4208.0,575.0,1772.0,13.66444866920152,42.11026615969582,-43.0,2025.0,pond_emd_population_context,,,,,,,0,1664.196600368986,pond_emd_population_context,147599.948086384,14.7599948086384,18.82323178248654,,,,,,,,,,0,3698.755795312181,pond_emd_population_context,314343.2342252305,31.43432342252305,10.021947219139598,,,False,332702_323369,1,UNIQUE,정좌표,RELIABLE_POINT,True,,,DATA_NOT_AVAILABLE,DATA_NOT_AVAILABLE,D_PRESERVATION,보존·기록형,100–300m,False,False,False,NONE,,,,,,,
496,안계면 양곡리 885-1유,안계면,안계면,34.1,VWorld UQ164·UO601,VWorld UQ151,,DATA_NOT_AVAILABLE,,DATA_NOT_AVAILABLE,4208.0,575.0,1772.0,13.66444866920152,42.11026615969582,-43.0,2025.0,pond_emd_population_context,,,,,,,0,0.0,pond_emd_population_context,124623.37520429862,12.46233752042986,15.893058956994976,,,,,,,,,,0,0.0,pond_emd_population_context,709432.0639999035,70.94320639999034,22.618239958293422,,,False,328627_326069,1,UNIQUE,정좌표,RELIABLE_POINT,True,,,DATA_NOT_AVAILABLE,DATA_NOT_AVAILABLE,B_ECO_EDUCATION,생태·교육형,500m 이상,False,False,False,NONE,,,,,,,
497,안계면 양곡리 296유,안계면,안계면,44.7,VWorld UQ164·UO601,VWorld UQ151,,DATA_NOT_AVAILABLE,,DATA_NOT_AVAILABLE,4208.0,575.0,1772.0,13.66444866920152,42.11026615969582,-43.0,2025.0,pond_emd_population_context,,,,,,,0,0.0,pond_emd_population_context,532533.7649514957,53.25337649514957,67.9133469871926,,,,,,,,,,0,2161.135380249268,pond_emd_population_context,1464285.0579225854,146.42850579225853,46.68459812868161,,,False,329144_325115,1,UNIQUE,정좌표,RELIABLE_POINT,True,,,DATA_NOT_AVAILABLE,DATA_NOT_AVAILABLE,B_ECO_EDUCATION,생태·교육형,500m 이상,False,False,False,NONE,,,,,,,
498,안계면 양곡리 901유,안계면,안계면,87.9,VWorld UQ164·UO601,VWorld UQ151,,DATA_NOT_AVAILABLE,,DATA_NOT_AVAILABLE,4208.0,575.0,1772.0,13.66444866920152,42.11026615969582,-43.0,2025.0,pond_emd_population_context,,,,,,,0,0.0,pond_emd_population_context,180874.3076688301,18.08743076688301,23.06666811803064,,,,,,,,,,0,0.0,pond_emd_population_context,901638.2437550876,90.16382437550875,28.746191760553973,,,False,327966_326239,1,UNIQUE,정좌표,RELIABLE_POINT,True,,,DATA_NOT_AVAILABLE,DATA_NOT_AVAILABLE,B_ECO_EDUCATION,생태·교육형,500m 이상,False,False,False,NONE,,,,,,,
499,안계면 양곡리 123유,안계면,안계면,34.0,VWorld UQ164·UO601,VWorld UQ151,,DATA_NOT_AVAILABLE,158.0,AVAILABLE,4208.0,575.0,1772.0,13.66444866920152,42.11026615969582,-43.0,2025.0,pond_emd_population_context,,,,,,,0,0.0,pond_emd_population_context,106443.36568350968,10.644336568350967,13.574585695626732,,,,,,,,,,0,0.0,pond_emd_population_context,563887.7764228393,56.38877764228393,17.97797094871938,,158.0,False,329844_325621,1,UNIQUE,정좌표,RELIABLE_POINT,True,487500.0,1389063.0,DATA_NOT_AVAILABLE,AVAILABLE,D_PRESERVATION,보존·기록형,500m 이상,False,True,False,10MIN_ONLY,,,113.74574083392906,,0.41914893617021276,,0.4723404255319149
500,안계면 양곡리 59-1유,안계면,안계면,16.4,VWorld UQ164·UO601,VWorld UQ151,,DATA_NOT_AVAILABLE,,DATA_NOT_AVAILABLE,4208.0,575.0,1772.0,13.66444866920152,42.11026615969582,-43.0,2025.0,pond_emd_population_context,,,,,,,0,298.17339672150047,pond_emd_population_context,278621.1969218116,27.86211969218116,35.532203345381056,,,,,,,,,,0,3449.612002108872,pond_emd_population_context,810783.1094073714,81.07831094073714,25.849532116312258,,,False,329755_324784,1,UNIQUE,정좌표,RELIABLE_POINT,True,,,DATA_NOT_AVAILABLE,DATA_NOT_AVAILABLE,D_PRESERVATION,보존·기록형,300–500m,False,False,False,NONE,,,,,,,
501,다인면 송호리 662-2대,다인면,다인면,13.9,VWorld UQ164·UO601,VWorld UQ151,68.0,AVAILABLE,78.0,AVAILABLE,3543.0,296.0,1983.0,8.354501834603443,55.96951735817104,-53.0,2025.0,pond_emd_population_context,,,,,,,0,0.0,pond_emd_population_context,106377.46376977715,10.637746376977717,13.566181309221587,,,,,,,,,,0,4497.531023652787,pond_emd_population_context,850122.7814656675,85.01227814656676,27.103766577436406,68.0,78.0,False,323704_329703,1,UNIQUE,정좌표,RELIABLE_POINT,True,417813.0,1012188.0,AVAILABLE,AVAILABLE,B_ECO_EDUCATION,생태·교육형,500m 이상,True,True,True,BOTH,10.0,1.1470588235294117,77.06078317466715,0.4909090909090909,0.2148936170212766,0.038636363636363635,0.23404255319148937
502,다인면 평림리 117유,다인면,다인면,11.4,VWorld UQ164·UO601,VWorld UQ151,,DATA_NOT_AVAILABLE,158.0,AVAILABLE,3543.0,296.0,1983.0,8.354501834603443,55.96951735817104,-53.0,2025.0,pond_emd_population_context,,,,,,,0,0.0,pond_emd_population_context,364449.036224773,36.444903622477305,46.47771744301566,,,,,,,,,,0,2261.873653960293,pond_emd_population_context,1244697.507722389,124.4697507722389,39.68366857627485,,158.0,False,322582_330658,1,UNIQUE,정좌표,RELIABLE_POINT,True,373438.0,1180000.0,DATA_NOT_AVAILABLE,AVAILABLE,B_ECO_EDUCATION,생태·교육형,500m 이상,False,True,False,10MIN_ONLY,,,133.89830508474577,,0.41914893617021276,,0.574468085106383
503,다인면 평림리 716유,다인면,다인면,12.5,VWorld UQ164·UO601,VWorld UQ151,,DATA_NOT_AVAILABLE,,DATA_NOT_AVAILABLE,3543.0,296.0,1983.0,8.354501834603443,55.96951735817104,-53.0,2025.0,pond_emd_population_context,,,,,,,0,0.0,pond_emd_population_context,165423.84246927232,16.54238424692723,21.096290137759883,,,,,,,,,,0,0.0,pond_emd_population_context,337312.39934455755,33.73123993445576,10.75425424989522,,,False,321581_331559,1,UNIQUE,정좌표,RELIABLE_POINT,True,,,DATA_NOT_AVAILABLE,DATA_NOT_AVAILABLE,D_PRESERVATION,보존·기록형,500m 이상,False,False,False,NONE,,,,,,,
504,다인면 평림리 747-1유,다인면,다인면,5.3,VWorld UQ164·UO601,VWorld UQ151,,DATA_NOT_AVAILABLE,,DATA_NOT_AVAILABLE,3543.0,296.0,1983.0,8.354501834603443,55.96951735817104,-53.0,2025.0,pond_emd_population_context,,,,,,,0,0.0,pond_emd_population_context,207683.4460337884,20.76834460337884,26.485603096497037,,,,,,,,,,0,0.0,pond_emd_population_context,475913.0625187723,47.59130625187724,15.17314538427369,,,False,321831_331416,1,UNIQUE,정좌표,RELIABLE_POINT,True,,,DATA_NOT_AVAILABLE,DATA_NOT_AVAILABLE,D_PRESERVATION,보존·기록형,500m 이상,False,False,False,NONE,,,,,,,
505,다인면 평림리 169-1유,다인면,다인면,23.5,VWorld UQ164·UO601,VWorld UQ151,,DATA_NOT_AVAILABLE,,DATA_NOT_AVAILABLE,3543.0,296.0,1983.0,8.354501834603443,55.96951735817104,-53.0,2025.0,pond_emd_population_context,,,,,,,0,0.0,pond_emd_population_context,265832.51773013826,26.583251773013828,33.90127951554446,,,,,,,,,,0,0.0,pond_emd_population_context,913454.9422776564,91.34549422776564,29.12293385646566,,,False,322278_331018,1,UNIQUE,정좌표,RELIABLE_POINT,True,,,DATA_NOT_AVAILABLE,DATA_NOT_AVAILABLE,B_ECO_EDUCATION,생태·교육형,500m 이상,False,False,False,NONE,,,,,,,
506,다인면 덕지리 1158-1유,다인면,다인면,14.6,VWorld UQ164·UO601,VWorld UQ151,,DATA_NOT_AVAILABLE,,DATA_NOT_AVAILABLE,3543.0,296.0,1983.0,8.354501834603443,55.96951735817104,-53.0,2025.0,pond_emd_population_context,,,,,,,0,0.0,pond_emd_population_context,72590.65384261885,7.259065384261885,9.2573928394756,,,,,,,,,,0,397.0070378696827,pond_emd_population_context,452354.8828966352,45.23548828966352,14.422059287784334,,,False,318857_330421,1,UNIQUE,정좌표,RELIABLE_POINT,True,,,DATA_NOT_AVAILABLE,DATA_NOT_AVAILABLE,D_PRESERVATION,보존·기록형,500m 이상,False,False,False,NONE,,,,,,,
507,다인면 덕지리 324유,다인면,다인면,20.5,VWorld UQ164·UO601,VWorld UQ151,43.0,AVAILABLE,113.0,AVAILABLE,3543.0,296.0,1983.0,8.354501834603443,55.96951735817104,-53.0,2025.0,pond_emd_population_context,,,,,,,0,0.0,pond_emd_population_context,99886.33122543935,9.988633122543936,12.73837551391465,,,,,,,,,,0,2260.1927164150197,pond_emd_population_context,507431.0912878492,50.74310912878492,16.178008815018586,43.0,113.0,False,319214_330938,1,UNIQUE,정좌표,RELIABLE_POINT,True,234688.0,1142188.0,AVAILABLE,AVAILABLE,D_PRESERVATION,보존·기록형,500m 이상,True,True,True,BOTH,70.0,2.627906976744186,98.93292522772083,0.32272727272727275,0.3148936170212766,0.29772727272727273,0.3829787234042553
508,다인면 덕미리 458-1유,다인면,다인면,8.9,VWorld UQ164·UO601,VWorld UQ151,153.0,AVAILABLE,608.0,AVAILABLE,3543.0,296.0,1983.0,8.354501834603443,55.96951735817104,-53.0,2025.0,pond_emd_population_context,,,,,,,0,1351.1122017988823,pond_emd_population_context,76498.33800484869,7.649833800484869,9.755734781136416,,,,,,,,,,0,2051.206699400036,pond_emd_population_context,240189.56057172667,24.018956057172662,7.657766532087709,153.0,608.0,False,320080_332729,1,UNIQUE,정좌표,RELIABLE_POINT,True,1630000.0,5623438.0,AVAILABLE,AVAILABLE,D_PRESERVATION,보존·기록형,0–100m,True,True,True,BOTH,455.0,3.973856209150327,108.11891230951599,0.7272727272727273,0.7510638297872341,0.7272727272727273,0.425531914893617
509,다인면 덕미리 389유,다인면,다인면,20.0,VWorld UQ164·UO601,VWorld UQ151,,DATA_NOT_AVAILABLE,,DATA_NOT_AVAILABLE,3543.0,296.0,1983.0,8.354501834603443,55.96951735817104,-53.0,2025.0,pond_emd_population_context,,,,,,,0,0.0,pond_emd_population_context,74503.44776805672,7.450344776805672,9.501328991740216,,,,,,,,,,0,254.2714722641821,pond_emd_population_context,304127.823914137,30.412782391413703,9.696257680403484,,,False,320428_333830,1,UNIQUE,정좌표,RELIABLE_POINT,True,,,DATA_NOT_AVAILABLE,DATA_NOT_AVAILABLE,D_PRESERVATION,보존·기록형,500m 이상,False,False,False,NONE,,,,,,,
510,다인면 덕미리 313-1유,다인면,다인면,6.3,VWorld UQ164·UO601,VWorld UQ151,,DATA_NOT_AVAILABLE,,DATA_NOT_AVAILABLE,3543.0,296.0,1983.0,8.354501834603443,55.96951735817104,-53.0,2025.0,pond_emd_population_context,,,,,,,0,0.0,pond_emd_population_context,203934.2428251944,20.39342428251944,26.00747202727942,,,,,,,,,,0,0.0,pond_emd_population_context,357686.7382522976,35.768673825229754,11.403832567244743,,,False,321156_334037,1,UNIQUE,정좌표,RELIABLE_POINT,True,,,DATA_NOT_AVAILABLE,DATA_NOT_AVAILABLE,D_PRESERVATION,보존·기록형,500m 이상,False,False,False,NONE,,,,,,,
511,다인면 덕미리 686유,다인면,다인면,14.8,VWorld UQ164·UO601,VWorld UQ151,,DATA_NOT_AVAILABLE,123.0,AVAILABLE,3543.0,296.0,1983.0,8.354501834603443,55.96951735817104,-53.0,2025.0,pond_emd_population_context,,,,,,,0,0.0,pond_emd_population_context,141407.20997138828,14.140720997138828,18.03347984545617,,,,,,,,,,0,2276.0590855407786,pond_emd_population_context,424834.9668535733,42.48349668535733,13.544664402099906,,123.0,False,320470_331555,1,UNIQUE,정좌표,RELIABLE_POINT,True,240938.0,1503750.0,DATA_NOT_AVAILABLE,AVAILABLE,D_PRESERVATION,보존·기록형,500m 이상,False,True,False,10MIN_ONLY,,,81.79551122194515,,0.33617021276595743,,0.2765957446808511
512,다인면 덕미리 546-2유,다인면,다인면,12.2,VWorld UQ164·UO601,VWorld UQ151,108.0,AVAILABLE,193.0,AVAILABLE,3543.0,296.0,1983.0,8.354501834603443,55.96951735817104,-53.0,2025.0,pond_emd_population_context,,,,,,,0,700.0944976011534,pond_emd_population_context,121730.08217683388,12.173008217683387,15.524081013732102,,,,,,,,,,0,2728.837209271659,pond_emd_population_context,403935.5396405441,40.39355396405441,12.878345125480282,108.0,193.0,False,320465_332035,1,UNIQUE,정좌표,RELIABLE_POINT,True,451875.0,2159375.0,AVAILABLE,AVAILABLE,D_PRESERVATION,보존·기록형,300–500m,True,True,True,BOTH,85.0,1.787037037037037,89.37771345875544,0.6522727272727272,0.46808510638297873,0.33181818181818185,0.3021276595744681
513,다인면 용곡리 690-1유,다인면,다인면,18.6,VWorld UQ164·UO601,VWorld UQ151,38.0,AVAILABLE,153.0,AVAILABLE,3543.0,296.0,1983.0,8.354501834603443,55.96951735817104,-53.0,2025.0,pond_emd_population_context,,,,,,,0,0.0,pond_emd_population_context,92062.2061952218,9.20622061952218,11.740574899155998,,,,,,,,,,0,0.0,pond_emd_population_context,114807.20418412422,11.48072041841242,3.660303818996351,38.0,153.0,False,320483_336671,1,UNIQUE,정좌표,RELIABLE_POINT,True,264063.0,1405625.0,AVAILABLE,AVAILABLE,D_PRESERVATION,보존·기록형,500m 이상,True,True,True,BOTH,115.0,4.026315789473684,108.84837705646954,0.28863636363636364,0.4085106382978723,0.39090909090909093,0.4297872340425532
514,다인면 봉정리 15유,다인면,다인면,15.7,VWorld UQ164·UO601,VWorld UQ151,,DATA_NOT_AVAILABLE,,DATA_NOT_AVAILABLE,3543.0,296.0,1983.0,8.354501834603443,55.96951735817104,-53.0,2025.0,pond_emd_population_context,,,,,,,0,0.0,pond_emd_population_context,34949.36502098745,3.494936502098745,4.457047627521906,,,,,,,,,,0,0.0,pond_emd_population_context,77523.58420447324,7.752358420447324,2.471620778003037,,,False,326190_331798,1,UNIQUE,정좌표,RELIABLE_POINT,True,,,DATA_NOT_AVAILABLE,DATA_NOT_AVAILABLE,D_PRESERVATION,보존·기록형,500m 이상,False,False,False,NONE,,,,,,,
515,다인면 달제리 17유,다인면,다인면,9.5,VWorld UQ164·UO601,VWorld UQ151,,DATA_NOT_AVAILABLE,,DATA_NOT_AVAILABLE,3543.0,296.0,1983.0,8.354501834603443,55.96951735817104,-53.0,2025.0,pond_emd_population_context,,,,,,,0,0.0,pond_emd_population_context,0.0,0.0,0.0,,,,,,,,,,0,0.0,pond_emd_population_context,35146.58554558328,3.514658554558328,1.120549726921841,,,False,327150_329345,1,UNIQUE,정좌표,RELIABLE_POINT,True,,,DATA_NOT_AVAILABLE,DATA_NOT_AVAILABLE,D_PRESERVATION,보존·기록형,500m 이상,False,False,False,NONE,,,,,,,
516,다인면 달제리 1643-1유,다인면,다인면,12.8,VWorld UQ164·UO601,VWorld UQ151,,DATA_NOT_AVAILABLE,,DATA_NOT_AVAILABLE,3543.0,296.0,1983.0,8.354501834603443,55.96951735817104,-53.0,2025.0,pond_emd_population_context,,,,,,,0,0.0,pond_emd_population_context,63337.22494136661,6.33372249413666,8.077314938031552,,,,,,,,,,0,5035.487570982921,pond_emd_population_context,575464.7203078947,57.546472030789474,18.347069144393718,,,False,323513_331016,1,UNIQUE,정좌표,RELIABLE_POINT,True,,,DATA_NOT_AVAILABLE,DATA_NOT_AVAILABLE,B_ECO_EDUCATION,생태·교육형,500m 이상,False,False,False,NONE,,,,,,,
517,다인면 달제리 1165유,다인면,다인면,8.8,VWorld UQ164·UO601,VWorld UQ151,,DATA_NOT_AVAILABLE,,DATA_NOT_AVAILABLE,3543.0,296.0,1983.0,8.354501834603443,55.96951735817104,-53.0,2025.0,pond_emd_population_context,,,,,,,0,0.0,pond_emd_population_context,0.0,0.0,0.0,,,,,,,,,,0,0.0,pond_emd_population_context,30835.60459701849,3.083560459701849,0.9831062612282984,,,False,326067_331114,1,UNIQUE,정좌표,RELIABLE_POINT,True,,,DATA_NOT_AVAILABLE,DATA_NOT_AVAILABLE,D_PRESERVATION,보존·기록형,500m 이상,False,False,False,NONE,,,,,,,
518,다인면 삼분리 450-1유,다인면,다인면,24.5,VWorld UQ164·UO601,VWorld UQ151,,DATA_NOT_AVAILABLE,,DATA_NOT_AVAILABLE,3543.0,296.0,1983.0,8.354501834603443,55.96951735817104,-53.0,2025.0,pond_emd_population_context,,,,,,,0,681.1741365088162,pond_emd_population_context,218547.53691292912,21.854753691292917,27.87108665103311,,,,,,,,,,0,3256.1476167478795,pond_emd_population_context,834209.8277814221,83.4209827781422,26.59642694177607,,,False,326985_326850,1,UNIQUE,정좌표,RELIABLE_POINT,True,,,DATA_NOT_AVAILABLE,DATA_NOT_AVAILABLE,D_PRESERVATION,보존·기록형,300–500m,False,False,False,NONE,,,,,,,
519,다인면 삼분리 393유,다인면,다인면,74.5,VWorld UQ164·UO601,VWorld UQ151,43.0,AVAILABLE,103.0,AVAILABLE,3543.0,296.0,1983.0,8.354501834603443,55.96951735817104,-53.0,2025.0,pond_emd_population_context,,,,,,,0,0.0,pond_emd_population_context,369450.593964635,36.9450593964635,47.11555967691544,,,,,,,,,,0,2274.320332523801,pond_emd_population_context,1103200.328830368,110.32003288303682,35.172430209690766,43.0,103.0,False,327219_326544,1,UNIQUE,정좌표,RELIABLE_POINT,True,436563.0,1088438.0,AVAILABLE,AVAILABLE,B_ECO_EDUCATION,생태·교육형,500m 이상,True,True,True,BOTH,60.0,2.395348837209302,94.63102170266014,0.32272727272727275,0.29148936170212764,0.25681818181818183,0.35319148936170214
543,안평면 창길리 1453유,안평면,안평면,67.0,VWorld UQ164·UO601,VWorld UQ151,103.0,AVAILABLE,353.0,AVAILABLE,2053.0,108.0,1225.0,5.260594252313687,59.6687773989284,5.0,2025.0,pond_emd_population_context,,,,,,,0,1564.5994010265986,pond_emd_population_context,152152.9330117887,15.21529330117887,19.403868101565067,,,,,,,,,,0,6147.581953532919,pond_emd_population_context,453054.6561569597,45.30546561569597,14.444369584036206,103.0,353.0,False,340775_322146,1,UNIQUE,정좌표,RELIABLE_POINT,True,454375.0,2166563.0,AVAILABLE,AVAILABLE,D_PRESERVATION,보존·기록형,100–300m,True,True,True,BOTH,250.0,3.4271844660194173,162.93087253867068,0.634090909090909,0.6297872340425532,0.5909090909090909,0.6978723404255319
544,안평면 창길리 762유,안평면,안평면,7.7,VWorld UQ164·UO601,VWorld UQ151,,DATA_NOT_AVAILABLE,,DATA_NOT_AVAILABLE,2053.0,108.0,1225.0,5.260594252313687,59.6687773989284,5.0,2025.0,pond_emd_population_context,,,,,,,0,2565.7585083652607,pond_emd_population_context,208032.63476494368,20.80326347649437,26.5301346868369,,,,,,,,,,0,6014.858101435389,pond_emd_population_context,558494.6094924989,55.84946094924989,17.806025035987716,,,False,340803_323057,1,UNIQUE,정좌표,RELIABLE_POINT,True,,,DATA_NOT_AVAILABLE,DATA_NOT_AVAILABLE,D_PRESERVATION,보존·기록형,100–300m,False,False,False,NONE,,,,,,,
545,안평면 창길리 317-1유,안평면,안평면,27.3,VWorld UQ164·UO601,VWorld UQ151,,DATA_NOT_AVAILABLE,,DATA_NOT_AVAILABLE,2053.0,108.0,1225.0,5.260594252313687,59.6687773989284,5.0,2025.0,pond_emd_population_context,,,,,,,0,3473.173925037857,pond_emd_population_context,94343.4912898384,9.43434912898384,12.031504256886992,,,,,,,,,,0,6325.151273026923,pond_emd_population_context,175474.07753894362,17.547407753894362,5.594495926584667,,,False,342736_323923,1,UNIQUE,정좌표,RELIABLE_POINT,True,,,DATA_NOT_AVAILABLE,DATA_NOT_AVAILABLE,D_PRESERVATION,보존·기록형,100–300m,False,False,False,NONE,,,,,,,
546,안평면 창길리 1496,안평면,안평면,5.2,VWorld UQ164·UO601,VWorld UQ151,,DATA_NOT_AVAILABLE,,DATA_NOT_AVAILABLE,2053.0,108.0,1225.0,5.260594252313687,59.6687773989284,5.0,2025.0,pond_emd_population_context,,,,,,,0,0.0,pond_emd_population_context,36589.149672191976,3.658914967219197,4.6661672577329005,,,,,,,,,,0,1706.6194199482852,pond_emd_population_context,214095.38259956645,21.409538259956644,6.825827282596987,,,False,340063_322079,1,UNIQUE,정좌표,RELIABLE_POINT,True,,,DATA_NOT_AVAILABLE,DATA_NOT_AVAILABLE,D_PRESERVATION,보존·기록형,500m 이상,False,False,False,NONE,,,,,,,
547,안평면 창길리 598답,안평면,안평면,3.0,VWorld UQ164·UO601,VWorld UQ151,,DATA_NOT_AVAILABLE,,DATA_NOT_AVAILABLE,2053.0,108.0,1225.0,5.260594252313687,59.6687773989284,5.0,2025.0,pond_emd_population_context,,,,,,,0,1799.403999748696,pond_emd_population_context,97642.17637775176,9.764217637775175,12.452181328879492,,,,,,,,,,0,6682.049093520336,pond_emd_population_context,549374.4631808139,54.93744631808139,17.51525489998712,,,False,341022_322828,1,UNIQUE,정좌표,RELIABLE_POINT,True,,,DATA_NOT_AVAILABLE,DATA_NOT_AVAILABLE,D_PRESERVATION,보존·기록형,300–500m,False,False,False,NONE,,,,,,,
548,안평면 평팔리 산186,안평면,안평면,4.2,VWorld UQ164·UO601,VWorld UQ151,,DATA_NOT_AVAILABLE,,DATA_NOT_AVAILABLE,2053.0,108.0,1225.0,5.260594252313687,59.6687773989284,5.0,2025.0,pond_emd_population_context,,,,,,,0,1520.2324263192563,pond_emd_population_context,266296.0762310119,26.62960762310119,33.96039653570478,,,,,,,,,,0,3899.249265207992,pond_emd_population_context,544407.9196401186,54.44079196401186,17.35691067047288,,,False,343573_320894,1,UNIQUE,인근좌표,UNVERIFIED_NEARBY_POINT,False,,,DATA_NOT_AVAILABLE,DATA_NOT_AVAILABLE,D_PRESERVATION,보존·기록형,100–300m,False,False,False,NONE,,,,,,,
549,안평면 창길리 1,안평면,안평면,2.4,VWorld UQ164·UO601,VWorld UQ151,,DATA_NOT_AVAILABLE,,DATA_NOT_AVAILABLE,2053.0,108.0,1225.0,5.260594252313687,59.6687773989284,5.0,2025.0,pond_emd_population_context,,,,,,,0,1690.6223967324372,pond_emd_population_context,0.0,0.0,0.0,,,,,,,,,,0,4172.624652990373,pond_emd_population_context,102925.94206676126,10.292594206676126,3.28150329500716,,,False,343512_324129,1,UNIQUE,정좌표,RELIABLE_POINT,True,,,DATA_NOT_AVAILABLE,DATA_NOT_AVAILABLE,D_PRESERVATION,보존·기록형,100–300m,False,False,False,NONE,,,,,,,
550,안평면 창길리 1305유,안평면,안평면,19.0,VWorld UQ164·UO601,VWorld UQ151,103.0,AVAILABLE,288.0,AVAILABLE,2053.0,108.0,1225.0,5.260594252313687,59.6687773989284,5.0,2025.0,pond_emd_population_context,,,,,,,0,3498.134664332822,pond_emd_population_context,224236.9343812552,22.42369343812552,28.596648201951258,,,,,,,,,,2,11878.38920282322,pond_emd_population_context,532004.1256561929,53.20041256561929,16.96145069205033,103.0,288.0,False,341877_321608,1,UNIQUE,정좌표,RELIABLE_POINT,True,437500.0,1890000.0,AVAILABLE,AVAILABLE,A_CULTURE_TOURISM,문화·관광형,100–300m,True,True,True,BOTH,185.0,2.796116504854369,152.38095238095238,0.634090909090909,0.5872340425531914,0.5295454545454545,0.6723404255319149
551,안평면 창길리 92,안평면,안평면,29.0,VWorld UQ164·UO601,VWorld UQ151,48.0,AVAILABLE,58.0,AVAILABLE,2053.0,108.0,1225.0,5.260594252313687,59.6687773989284,5.0,2025.0,pond_emd_population_context,,,,,,,0,1905.8552294369924,pond_emd_population_context,66956.02245950013,6.695602245950013,8.538815537055125,,,,,,,,,,0,4270.3925945025485,pond_emd_population_context,136347.25135443648,13.634725135443649,4.34704745567972,48.0,58.0,False,342808_324408,1,UNIQUE,정좌표,RELIABLE_POINT,True,355000.0,1020313.0,AVAILABLE,AVAILABLE,D_PRESERVATION,보존·기록형,300–500m,True,True,True,BOTH,10.0,1.2083333333333333,56.84530139280789,0.3659090909090909,0.12978723404255318,0.038636363636363635,0.13617021276595745
556,안평면 박곡리 128유,안평면,안평면,23.8,VWorld UQ164·UO601,VWorld UQ151,28.0,AVAILABLE,68.0,AVAILABLE,2053.0,108.0,1225.0,5.260594252313687,59.6687773989284,5.0,2025.0,pond_emd_population_context,,,,,,,0,0.0,pond_emd_population_context,0.0,0.0,0.0,,,,,,,,,,0,0.0,pond_emd_population_context,0.0,0.0,0.0,28.0,68.0,False,344432_323336,1,UNIQUE,정좌표,RELIABLE_POINT,True,585313.0,923125.0,AVAILABLE,AVAILABLE,D_PRESERVATION,보존·기록형,500m 이상,True,True,True,BOTH,40.0,2.4285714285714284,73.66283006093433,0.24545454545454545,0.17659574468085107,0.16590909090909092,0.2127659574468085
557,안평면 박곡리 566유,안평면,안평면,44.0,VWorld UQ164·UO601,VWorld UQ151,78.0,AVAILABLE,418.0,AVAILABLE,2053.0,108.0,1225.0,5.260594252313687,59.6687773989284,5.0,2025.0,pond_emd_population_context,,,,,,,0,2029.4892647528616,pond_emd_population_context,282106.1396390776,28.21061396390776,35.97663361359088,,,,,,,,,,0,4182.07536285255,pond_emd_population_context,528454.2271200586,52.84542271200586,16.84827219196228,78.0,418.0,False,343567_321366,1,UNIQUE,정좌표,RELIABLE_POINT,True,469375.0,2792188.0,AVAILABLE,AVAILABLE,D_PRESERVATION,보존·기록형,100–300m,True,True,True,BOTH,340.0,5.358974358974359,149.7033867347041,0.5590909090909091,0.676595744680851,0.6863636363636364,0.6595744680851063
558,안평면 박곡리 135유,안평면,안평면,1.6,VWorld UQ164·UO601,VWorld UQ151,18.0,AVAILABLE,68.0,AVAILABLE,2053.0,108.0,1225.0,5.260594252313687,59.6687773989284,5.0,2025.0,pond_emd_population_context,,,,,,,0,0.0,pond_emd_population_context,0.0,0.0,0.0,,,,,,,,,,0,0.0,pond_emd_population_context,0.0,0.0,0.0,18.0,68.0,False,344428_323508,1,UNIQUE,정좌표,RELIABLE_POINT,True,515938.0,864688.0,AVAILABLE,AVAILABLE,D_PRESERVATION,보존·기록형,500m 이상,True,True,True,BOTH,50.0,3.7777777777777777,78.64108210128971,0.175,0.17659574468085107,0.19545454545454546,0.24680851063829787
559,안평면 창길리 1079,안평면,안평면,4.4,VWorld UQ164·UO601,VWorld UQ151,53.0,AVAILABLE,143.0,AVAILABLE,2053.0,108.0,1225.0,5.260594252313687,59.6687773989284,5.0,2025.0,pond_emd_population_context,,,,,,,0,5064.246258826814,pond_emd_population_context,218451.6620984157,21.845166209841565,27.85885985909255,,,,,,,,,,0,10247.969221057256,pond_emd_population_context,545909.2416916055,54.59092416916055,17.404776088655073,53.0,143.0,False,341761_321982,1,UNIQUE,정좌표,RELIABLE_POINT,True,1297813.0,4467188.0,AVAILABLE,AVAILABLE,D_PRESERVATION,보존·기록형,0–100m,True,True,True,BOTH,90.0,2.69811320754717,32.01118914180464,0.3977272727272727,0.3851063829787234,0.35,0.0425531914893617
560,안평면 석탑리 17,안평면,안평면,19.8,VWorld UQ164·UO601,VWorld UQ151,8.0,AVAILABLE,33.0,AVAILABLE,2053.0,108.0,1225.0,5.260594252313687,59.6687773989284,5.0,2025.0,pond_emd_population_context,,,,,,,0,0.0,pond_emd_population_context,62068.13634459138,6.206813634459138,7.915469699470696,,,,,,,,,,0,0.0,pond_emd_population_context,160663.892034325,16.0663892034325,5.122314943275815,8.0,33.0,False,348148_320663,1,UNIQUE,정좌표,RELIABLE_POINT,True,232813.0,455000.0,AVAILABLE,AVAILABLE,D_PRESERVATION,보존·기록형,500m 이상,True,True,True,BOTH,25.0,4.125,72.52747252747253,0.04772727272727273,0.07234042553191489,0.10227272727272728,0.20851063829787234
561,안평면 석탑리 780,안평면,안평면,7.7,VWorld UQ164·UO601,VWorld UQ151,,DATA_NOT_AVAILABLE,,DATA_NOT_AVAILABLE,2053.0,108.0,1225.0,5.260594252313687,59.6687773989284,5.0,2025.0,pond_emd_population_context,,,,,,,0,0.0,pond_emd_population_context,92561.22966751715,9.256122966751716,11.804214721565822,,,,,,,,,,0,829.0614415793603,pond_emd_population_context,323138.58502994955,32.313858502994954,10.30236216669197,,,False,346358_321882,1,UNIQUE,정좌표,RELIABLE_POINT,True,,,DATA_NOT_AVAILABLE,DATA_NOT_AVAILABLE,D_PRESERVATION,보존·기록형,500m 이상,False,False,False,NONE,,,,,,,
562,안평면 석탑리 890,안평면,안평면,4.6,VWorld UQ164·UO601,VWorld UQ151,,DATA_NOT_AVAILABLE,,DATA_NOT_AVAILABLE,2053.0,108.0,1225.0,5.260594252313687,59.6687773989284,5.0,2025.0,pond_emd_population_context,,,,,,,0,0.0,pond_emd_population_context,38999.45366354686,3.899945366354686,4.973550229635929,,,,,,,,,,0,0.0,pond_emd_population_context,197207.1904638592,19.72071904638592,6.287394920189354,,,False,346472_322565,1,UNIQUE,정좌표,RELIABLE_POINT,True,,,DATA_NOT_AVAILABLE,DATA_NOT_AVAILABLE,D_PRESERVATION,보존·기록형,500m 이상,False,False,False,NONE,,,,,,,
563,안평면 석탑리 815,안평면,안평면,9.9,VWorld UQ164·UO601,VWorld UQ151,18.0,AVAILABLE,23.0,AVAILABLE,2053.0,108.0,1225.0,5.260594252313687,59.6687773989284,5.0,2025.0,pond_emd_population_context,,,,,,,0,0.0,pond_emd_population_context,77484.3326935458,7.74843326935458,9.881477417243472,,,,,,,,,,0,0.0,pond_emd_population_context,181953.16799531036,18.19531679953103,5.801063447408778,18.0,23.0,False,347076_321652,1,UNIQUE,정좌표,RELIABLE_POINT,True,323438.0,633750.0,AVAILABLE,AVAILABLE,D_PRESERVATION,보존·기록형,500m 이상,True,True,True,BOTH,5.0,1.2777777777777777,36.29191321499014,0.175,0.0425531914893617,0.020454545454545454,0.06808510638297872
564,안평면 석탑리 1242,안평면,안평면,8.1,VWorld UQ164·UO601,VWorld UQ151,5.0,AVAILABLE,13.0,AVAILABLE,2053.0,108.0,1225.0,5.260594252313687,59.6687773989284,5.0,2025.0,pond_emd_population_context,,,,,,,0,0.0,pond_emd_population_context,79140.13568493238,7.914013568493238,10.0926398458018,,,,,,,,,,0,0.0,pond_emd_population_context,119572.98866788004,11.957298866788005,3.812247412348111,5.0,13.0,False,345701_323729,1,UNIQUE,정좌표,RELIABLE_POINT,True,315000.0,564688.0,AVAILABLE,AVAILABLE,D_PRESERVATION,보존·기록형,500m 이상,True,True,True,BOTH,8.0,2.6,23.0215623494744,0.015909090909090907,0.02127659574468085,0.029545454545454545,0.02127659574468085
565,안평면 석탑리 619,안평면,안평면,11.6,VWorld UQ164·UO601,VWorld UQ151,,DATA_NOT_AVAILABLE,,DATA_NOT_AVAILABLE,2053.0,108.0,1225.0,5.260594252313687,59.6687773989284,5.0,2025.0,pond_emd_population_context,,,,,,,0,1444.0542362176382,pond_emd_population_context,104731.84489392332,10.473184489392333,13.356317647835326,,,,,,,,,,0,3967.9217247421225,pond_emd_population_context,337085.79275105445,33.70857927510544,10.747029537948755,,,False,345337_321511,1,UNIQUE,정좌표,RELIABLE_POINT,True,,,DATA_NOT_AVAILABLE,DATA_NOT_AVAILABLE,D_PRESERVATION,보존·기록형,300–500m,False,False,False,NONE,,,,,,,
566,안평면 신월리 317-1유,안평면,안평면,5.4,VWorld UQ164·UO601,VWorld UQ151,13.0,AVAILABLE,78.0,AVAILABLE,2053.0,108.0,1225.0,5.260594252313687,59.6687773989284,5.0,2025.0,pond_emd_population_context,,,,,,,0,0.0,pond_emd_population_context,41171.160758652026,4.117116075865202,5.250505245845763,,,,,,,,,,0,0.0,pond_emd_population_context,152389.62113436477,15.238962113436475,4.858513158450863,13.0,78.0,False,347001_318653,1,UNIQUE,정좌표,RELIABLE_POINT,True,227500.0,797500.0,AVAILABLE,AVAILABLE,D_PRESERVATION,보존·기록형,500m 이상,True,True,True,BOTH,65.0,6.0,97.80564263322884,0.10681818181818181,0.2148936170212766,0.2772727272727273,0.37446808510638296
567,안평면 신월리 512,안평면,안평면,2.2,VWorld UQ164·UO601,VWorld UQ151,,DATA_NOT_AVAILABLE,,DATA_NOT_AVAILABLE,2053.0,108.0,1225.0,5.260594252313687,59.6687773989284,5.0,2025.0,pond_emd_population_context,,,,,,,0,0.0,pond_emd_population_context,47610.7497343085,4.7610749734308495,6.071737756048175,,,,,,,,,,0,1868.9813940519912,pond_emd_population_context,313901.5188739603,31.39015188739603,10.007864371302183,,,False,346905_318944,1,UNIQUE,정좌표,RELIABLE_POINT,True,,,DATA_NOT_AVAILABLE,DATA_NOT_AVAILABLE,D_PRESERVATION,보존·기록형,500m 이상,False,False,False,NONE,,,,,,,
568,안평면 신월리 27,안평면,안평면,8.1,VWorld UQ164·UO601,VWorld UQ151,18.0,AVAILABLE,148.0,AVAILABLE,2053.0,108.0,1225.0,5.260594252313687,59.6687773989284,5.0,2025.0,pond_emd_population_context,,,,,,,0,1263.4841767834034,pond_emd_population_context,98797.40608404478,9.879740608404475,12.599506289392629,,,,,,,,,,0,3982.575912625796,pond_emd_population_context,403399.8060379082,40.33998060379082,12.861264770936083,18.0,148.0,False,347920_319894,1,UNIQUE,정좌표,RELIABLE_POINT,True,431563.0,2329688.0,AVAILABLE,AVAILABLE,D_PRESERVATION,보존·기록형,300–500m,True,True,True,BOTH,130.0,8.222222222222221,63.52782003427068,0.175,0.4,0.4318181818181818,0.16170212765957448
569,안평면 신월리 813,안평면,안평면,6.8,VWorld UQ164·UO601,VWorld UQ151,110.0,AVAILABLE,190.0,AVAILABLE,2053.0,108.0,1225.0,5.260594252313687,59.6687773989284,5.0,2025.0,pond_emd_population_context,,,,,,,0,0.0,pond_emd_population_context,118945.19926290755,11.894519926290757,15.168928472992436,,,,,,,,,,0,2698.1613485631306,pond_emd_population_context,369593.2601374012,36.959326013740124,11.78343842766718,110.0,190.0,False,346125_319716,1,UNIQUE,정좌표,RELIABLE_POINT,True,524375.0,2652188.0,AVAILABLE,AVAILABLE,D_PRESERVATION,보존·기록형,500m 이상,True,True,True,BOTH,80.0,1.7272727272727273,71.63896375370071,0.6636363636363637,0.4595744680851064,0.32045454545454544,0.19574468085106383
570,안평면 신월리 250-1,안평면,안평면,8.0,VWorld UQ164·UO601,VWorld UQ151,18.0,AVAILABLE,33.0,AVAILABLE,2053.0,108.0,1225.0,5.260594252313687,59.6687773989284,5.0,2025.0,pond_emd_population_context,,,,,,,0,0.0,pond_emd_population_context,0.0,0.0,0.0,,,,,,,,,,0,0.0,pond_emd_population_context,73026.94316472091,7.302694316472091,2.3282580640738253,18.0,33.0,False,347904_318183,1,UNIQUE,정좌표,RELIABLE_POINT,True,194688.0,633125.0,AVAILABLE,AVAILABLE,D_PRESERVATION,보존·기록형,500m 이상,True,True,True,BOTH,15.0,1.8333333333333333,52.12240868706811,0.175,0.07234042553191489,0.056818181818181816,0.11914893617021277
571,안평면 신월리 1055,안평면,안평면,24.7,VWorld UQ164·UO601,VWorld UQ151,73.0,AVAILABLE,200.0,AVAILABLE,2053.0,108.0,1225.0,5.260594252313687,59.6687773989284,5.0,2025.0,pond_emd_population_context,,,,,,,0,2352.520279199525,pond_emd_population_context,155307.50446621564,15.530750446621564,19.80616654699773,,,,,,,,,,0,4507.002786080698,pond_emd_population_context,396207.72653864446,39.62077265386445,12.631965605916257,73.0,200.0,False,345968_320688,1,UNIQUE,정좌표,RELIABLE_POINT,True,600313.0,2681875.0,AVAILABLE,AVAILABLE,D_PRESERVATION,보존·기록형,100–300m,True,True,True,BOTH,127.0,2.73972602739726,74.57469121416919,0.5318181818181819,0.4765957446808511,0.42272727272727273,0.2170212765957447
572,안평면 신월리 49-2,안평면,안평면,16.4,VWorld UQ164·UO601,VWorld UQ151,,DATA_NOT_AVAILABLE,,DATA_NOT_AVAILABLE,2053.0,108.0,1225.0,5.260594252313687,59.6687773989284,5.0,2025.0,pond_emd_population_context,,,,,,,0,2045.510715746414,pond_emd_population_context,120119.78218107398,12.011978218107398,15.318721523755954,,,,,,,,,,0,4135.904032889921,pond_emd_population_context,340520.6720921052,34.05206720921052,10.85654097548604,,,False,347992_319570,1,UNIQUE,정좌표,RELIABLE_POINT,True,,,DATA_NOT_AVAILABLE,DATA_NOT_AVAILABLE,D_PRESERVATION,보존·기록형,0–100m,False,False,False,NONE,,,,,,,
573,안평면 신월리 988,안평면,안평면,2.9,VWorld UQ164·UO601,VWorld UQ151,,DATA_NOT_AVAILABLE,,DATA_NOT_AVAILABLE,2053.0,108.0,1225.0,5.260594252313687,59.6687773989284,5.0,2025.0,pond_emd_population_context,,,,,,,0,1220.33287329083,pond_emd_population_context,123936.94956931988,12.393694956931988,15.805519977502358,,,,,,,,,,0,4085.76928087062,pond_emd_population_context,433484.8367787633,43.34848367787633,13.820441102229433,,,False,346061_320156,1,UNIQUE,정좌표,RELIABLE_POINT,True,,,DATA_NOT_AVAILABLE,DATA_NOT_AVAILABLE,D_PRESERVATION,보존·기록형,300–500m,False,False,False,NONE,,,,,,,
574,안평면 신월리 613-1,안평면,안평면,5.3,VWorld UQ164·UO601,VWorld UQ151,73.0,AVAILABLE,180.0,AVAILABLE,2053.0,108.0,1225.0,5.260594252313687,59.6687773989284,5.0,2025.0,pond_emd_population_context,,,,,,,0,0.0,pond_emd_population_context,63892.3456283653,6.38923456283653,8.148108766173783,,,,,,,,,,0,0.0,pond_emd_population_context,189439.62380710716,18.943962380710712,6.039747970678934,73.0,180.0,False,346357_318905,1,UNIQUE,정좌표,RELIABLE_POINT,True,697813.0,1874688.0,AVAILABLE,AVAILABLE,D_PRESERVATION,보존·기록형,500m 이상,True,True,True,BOTH,107.0,2.4657534246575343,96.01597705858255,0.5318181818181819,0.451063829787234,0.37727272727272726,0.3617021276595745
575,안평면 신월리 1181,안평면,안평면,1.3,VWorld UQ164·UO601,VWorld UQ151,,DATA_NOT_AVAILABLE,,DATA_NOT_AVAILABLE,2053.0,108.0,1225.0,5.260594252313687,59.6687773989284,5.0,2025.0,pond_emd_population_context,,,,,,,0,0.0,pond_emd_population_context,45376.20906417002,4.537620906417002,5.786769654726129,,,,,,,,,,0,3078.568259715661,pond_emd_population_context,354288.01135720685,35.42880113572068,11.295473748456034,,,False,345921_320022,1,UNIQUE,정좌표,RELIABLE_POINT,True,,,DATA_NOT_AVAILABLE,DATA_NOT_AVAILABLE,D_PRESERVATION,보존·기록형,500m 이상,False,False,False,NONE,,,,,,,
576,안평면 신월리 1150,안평면,안평면,5.8,VWorld UQ164·UO601,VWorld UQ151,8.0,AVAILABLE,78.0,AVAILABLE,2053.0,108.0,1225.0,5.260594252313687,59.6687773989284,5.0,2025.0,pond_emd_population_context,,,,,,,0,0.0,pond_emd_population_context,12880.12620731712,1.288012620731712,1.642585950274971,,,,,,,,,,0,4226.200175657862,pond_emd_population_context,317439.1664893487,31.743916648934867,10.120652285343734,8.0,78.0,False,345541_320433,1,UNIQUE,정좌표,RELIABLE_POINT,True,240000.0,1246250.0,AVAILABLE,AVAILABLE,D_PRESERVATION,보존·기록형,500m 이상,True,True,True,BOTH,70.0,9.75,62.587763289869606,0.04772727272727273,0.2148936170212766,0.29772727272727273,0.14893617021276595
587,안평면 대사리 1159-1,안평면,안평면,5.0,VWorld UQ164·UO601,VWorld UQ151,,DATA_NOT_AVAILABLE,,DATA_NOT_AVAILABLE,2053.0,108.0,1225.0,5.260594252313687,59.6687773989284,5.0,2025.0,pond_emd_population_context,,,,,,,0,0.0,pond_emd_population_context,72872.99105913096,7.287299105913096,9.293398942025984,,,,,,,,,,0,0.0,pond_emd_population_context,225022.76223390008,22.50227622339001,7.174215954644322,,,False,340349_317786,1,UNIQUE,정좌표,RELIABLE_POINT,True,,,DATA_NOT_AVAILABLE,DATA_NOT_AVAILABLE,D_PRESERVATION,보존·기록형,500m 이상,False,False,False,NONE,,,,,,,
588,안평면 대사리 319,안평면,안평면,4.8,VWorld UQ164·UO601,VWorld UQ151,138.0,AVAILABLE,445.0,AVAILABLE,2053.0,108.0,1225.0,5.260594252313687,59.6687773989284,5.0,2025.0,pond_emd_population_context,,,,,,,0,3847.230762131104,pond_emd_population_context,82702.35029287764,8.270235029287765,10.546924498971666,,,,,,,,,,0,8374.359191045934,pond_emd_population_context,236538.1217101428,23.65381217101428,7.541350705181479,138.0,445.0,False,342418_316224,1,UNIQUE,정좌표,RELIABLE_POINT,True,1354375.0,4377188.0,AVAILABLE,AVAILABLE,D_PRESERVATION,보존·기록형,0–100m,True,True,True,BOTH,307.0,3.2246376811594204,101.66344237441938,0.7090909090909091,0.6936170212765957,0.6409090909090909,0.40425531914893614
589,안평면 대사리 1101,안평면,안평면,13.5,VWorld UQ164·UO601,VWorld UQ151,,DATA_NOT_AVAILABLE,,DATA_NOT_AVAILABLE,2053.0,108.0,1225.0,5.260594252313687,59.6687773989284,5.0,2025.0,pond_emd_population_context,,,,,,,0,0.0,pond_emd_population_context,60461.06227692664,6.046106227692664,7.710521607960715,,,,,,,,,,0,800.6832083504166,pond_emd_population_context,267827.0970076609,26.78270970076609,8.538911412176077,,,False,340407_318373,1,UNIQUE,정좌표,RELIABLE_POINT,True,,,DATA_NOT_AVAILABLE,DATA_NOT_AVAILABLE,D_PRESERVATION,보존·기록형,500m 이상,False,False,False,NONE,,,,,,,
590,안평면 대사리 895,안평면,안평면,24.8,VWorld UQ164·UO601,VWorld UQ151,43.0,AVAILABLE,58.0,AVAILABLE,2053.0,108.0,1225.0,5.260594252313687,59.6687773989284,5.0,2025.0,pond_emd_population_context,,,,,,,0,0.0,pond_emd_population_context,135857.2101665517,13.58572101665517,17.325695499501983,,,,,,,,,,0,0.0,pond_emd_population_context,242986.60971863745,24.298660971863743,7.74694255328877,43.0,58.0,False,340685_317436,1,UNIQUE,정좌표,RELIABLE_POINT,True,379375.0,694688.0,AVAILABLE,AVAILABLE,D_PRESERVATION,보존·기록형,500m 이상,True,True,True,BOTH,15.0,1.3488372093023255,83.49071813533558,0.32272727272727275,0.12978723404255318,0.056818181818181816,0.28085106382978725
591,안평면 대사리 780,안평면,안평면,6.1,VWorld UQ164·UO601,VWorld UQ151,,DATA_NOT_AVAILABLE,,DATA_NOT_AVAILABLE,2053.0,108.0,1225.0,5.260594252313687,59.6687773989284,5.0,2025.0,pond_emd_population_context,,,,,,,0,0.0,pond_emd_population_context,45919.138823825466,4.5919138823825465,5.85600878956392,,,,,,,,,,0,0.0,pond_emd_population_context,238742.69423875847,23.874269423875848,7.611637280863655,,,False,341069_316842,1,UNIQUE,정좌표,RELIABLE_POINT,True,,,DATA_NOT_AVAILABLE,DATA_NOT_AVAILABLE,D_PRESERVATION,보존·기록형,500m 이상,False,False,False,NONE,,,,,,,
592,안평면 도옥리 829유,안평면,안평면,3.2,VWorld UQ164·UO601,VWorld UQ151,73.0,AVAILABLE,348.0,AVAILABLE,2053.0,108.0,1225.0,5.260594252313687,59.6687773989284,5.0,2025.0,pond_emd_population_context,,,,,,,0,1503.747165900865,pond_emd_population_context,173558.74729644076,17.355874729644075,22.133724100816853,,,,,,,,,,0,7646.041939652684,pond_emd_population_context,496450.3884016753,49.64503884016753,15.827920081518322,73.0,348.0,False,341971_318821,1,UNIQUE,정좌표,RELIABLE_POINT,True,350313.0,1939688.0,AVAILABLE,AVAILABLE,D_PRESERVATION,보존·기록형,300–500m,True,True,True,BOTH,275.0,4.767123287671233,179.41029691373043,0.5318181818181819,0.6212765957446809,0.6045454545454545,0.7489361702127659
593,안평면 도옥리 838,안평면,안평면,4.1,VWorld UQ164·UO601,VWorld UQ151,,DATA_NOT_AVAILABLE,,DATA_NOT_AVAILABLE,2053.0,108.0,1225.0,5.260594252313687,59.6687773989284,5.0,2025.0,pond_emd_population_context,,,,,,,0,1899.082532541952,pond_emd_population_context,178439.20628800808,17.84392062880081,22.756122766901928,,,,,,,,,,0,7883.69352180506,pond_emd_population_context,586376.0382104632,58.637603821046326,18.694945733436,,,False,341867_318968,1,UNIQUE,정좌표,RELIABLE_POINT,True,,,DATA_NOT_AVAILABLE,DATA_NOT_AVAILABLE,D_PRESERVATION,보존·기록형,300–500m,False,False,False,NONE,,,,,,,
594,안평면 도옥리 507유,안평면,안평면,38.5,VWorld UQ164·UO601,VWorld UQ151,125.0,AVAILABLE,575.0,AVAILABLE,2053.0,108.0,1225.0,5.260594252313687,59.6687773989284,5.0,2025.0,pond_emd_population_context,,,,,,,0,3418.359286219559,pond_emd_population_context,203018.1993179966,20.30181993179966,25.89065017549439,,,,,,,,,,0,7693.882524965718,pond_emd_population_context,488601.32663236937,48.86013266323694,15.577674890252688,125.0,575.0,False,342429_317753,1,UNIQUE,정좌표,RELIABLE_POINT,True,1341875.0,4300000.0,AVAILABLE,AVAILABLE,D_PRESERVATION,보존·기록형,100–300m,True,True,True,BOTH,450.0,4.6,133.72093023255815,0.6818181818181818,0.7404255319148936,0.7227272727272728,0.5702127659574469
595,안평면 도옥리 310답,안평면,안평면,4.0,VWorld UQ164·UO601,VWorld UQ151,,DATA_NOT_AVAILABLE,,DATA_NOT_AVAILABLE,2053.0,108.0,1225.0,5.260594252313687,59.6687773989284,5.0,2025.0,pond_emd_population_context,,,,,,,0,0.0,pond_emd_population_context,0.0,0.0,0.0,,,,,,,,,,0,2046.2336906298576,pond_emd_population_context,244850.6123235174,24.48506123235174,7.806371017745748,,,False,342667_318715,1,UNIQUE,정좌표,RELIABLE_POINT,True,,,DATA_NOT_AVAILABLE,DATA_NOT_AVAILABLE,D_PRESERVATION,보존·기록형,500m 이상,False,False,False,NONE,,,,,,,
596,안평면 마전리 459유,안평면,안평면,2.8,VWorld UQ164·UO601,VWorld UQ151,,DATA_NOT_AVAILABLE,,DATA_NOT_AVAILABLE,2053.0,108.0,1225.0,5.260594252313687,59.6687773989284,5.0,2025.0,pond_emd_population_context,,,,,,,0,0.0,pond_emd_population_context,122667.3619121568,12.26673619121568,15.6436110944113,,,,,,,,,,0,1116.79193490688,pond_emd_population_context,231592.01953691704,23.159201953691703,7.383658191001191,,,False,340124_319128,1,UNIQUE,정좌표,RELIABLE_POINT,True,,,DATA_NOT_AVAILABLE,DATA_NOT_AVAILABLE,D_PRESERVATION,보존·기록형,500m 이상,False,False,False,NONE,,,,,,,
597,안평면 마전리 419유,안평면,안평면,13.3,VWorld UQ164·UO601,VWorld UQ151,,DATA_NOT_AVAILABLE,,DATA_NOT_AVAILABLE,2053.0,108.0,1225.0,5.260594252313687,59.6687773989284,5.0,2025.0,pond_emd_population_context,,,,,,,0,1606.588899710701,pond_emd_population_context,213643.18913025325,21.364318913025325,27.24564147810389,,,,,,,,,,1,5959.474341663865,pond_emd_population_context,764947.4688858301,76.49474688858301,24.388192026729783,,,False,340817_319990,1,UNIQUE,정좌표,RELIABLE_POINT,True,,,DATA_NOT_AVAILABLE,DATA_NOT_AVAILABLE,A_CULTURE_TOURISM,문화·관광형,100–300m,False,False,False,NONE,,,,,,,
598,안평면 마전리 616유,안평면,안평면,3.6,VWorld UQ164·UO601,VWorld UQ151,,DATA_NOT_AVAILABLE,,DATA_NOT_AVAILABLE,2053.0,108.0,1225.0,5.260594252313687,59.6687773989284,5.0,2025.0,pond_emd_population_context,,,,,,,0,0.0,pond_emd_population_context,99272.17051668109,9.927217051668109,12.660052387636265,,,,,,,,,,0,0.0,pond_emd_population_context,200375.5110139962,20.03755110139962,6.388407882676204,,,False,340040_318799,1,UNIQUE,정좌표,RELIABLE_POINT,True,,,DATA_NOT_AVAILABLE,DATA_NOT_AVAILABLE,D_PRESERVATION,보존·기록형,500m 이상,False,False,False,NONE,,,,,,,
599,안평면 기도리 1235유,안평면,안평면,93.8,VWorld UQ164·UO601,VWorld UQ151,,DATA_NOT_AVAILABLE,73.0,AVAILABLE,2053.0,108.0,1225.0,5.260594252313687,59.6687773989284,5.0,2025.0,pond_emd_population_context,,,,,,,0,0.0,pond_emd_population_context,111187.32618815685,11.118732618815685,14.17957688501166,,,,,,,,,,0,0.0,pond_emd_population_context,185538.1440212316,18.553814402123155,5.915360294300416,,73.0,False,339280_320911,1,UNIQUE,정좌표,RELIABLE_POINT,True,165313.0,471563.0,DATA_NOT_AVAILABLE,AVAILABLE,D_PRESERVATION,보존·기록형,500m 이상,False,True,False,10MIN_ONLY,,,154.8043421557671,,0.19361702127659575,,0.6808510638297872
600,안평면 기도리 503유,안평면,안평면,2.4,VWorld UQ164·UO601,VWorld UQ151,,DATA_NOT_AVAILABLE,,DATA_NOT_AVAILABLE,2053.0,108.0,1225.0,5.260594252313687,59.6687773989284,5.0,2025.0,pond_emd_population_context,,,,,,,0,1935.0709828157935,pond_emd_population_context,287026.7295259201,28.70267295259201,36.60415012120095,,,,,,,,,,2,9003.06035382806,pond_emd_population_context,796297.9170944112,79.62979170944112,25.387712624070357,,,False,341062_320322,1,UNIQUE,정좌표,RELIABLE_POINT,True,,,DATA_NOT_AVAILABLE,DATA_NOT_AVAILABLE,A_CULTURE_TOURISM,문화·관광형,100–300m,False,False,False,NONE,,,,,,,
601,안평면 기도리 1123유,안평면,안평면,1.3,VWorld UQ164·UO601,VWorld UQ151,,DATA_NOT_AVAILABLE,,DATA_NOT_AVAILABLE,2053.0,108.0,1225.0,5.260594252313687,59.6687773989284,5.0,2025.0,pond_emd_population_context,,,,,,,0,0.0,pond_emd_population_context,99628.65497595152,9.962865497595152,12.705514392811054,,,,,,,,,,0,0.0,pond_emd_population_context,207989.88631593343,20.798988631593343,6.631170758011569,,,False,339687_320495,1,UNIQUE,정좌표,RELIABLE_POINT,True,,,DATA_NOT_AVAILABLE,DATA_NOT_AVAILABLE,D_PRESERVATION,보존·기록형,500m 이상,False,False,False,NONE,,,,,,,
602,안평면 금곡리 869-1유,안평면,안평면,8.5,VWorld UQ164·UO601,VWorld UQ151,99.0,AVAILABLE,164.0,AVAILABLE,2053.0,108.0,1225.0,5.260594252313687,59.6687773989284,5.0,2025.0,pond_emd_population_context,,,,,,,0,4731.641652814934,pond_emd_population_context,0.0,0.0,0.0,,,,,,,,,,0,8847.362548198507,pond_emd_population_context,31786.00826911992,3.178600826911992,1.0134072010979067,99.0,164.0,False,336642_325342,1,UNIQUE,정좌표,RELIABLE_POINT,True,1162500.0,2620000.0,AVAILABLE,AVAILABLE,D_PRESERVATION,보존·기록형,0–100m,True,True,True,BOTH,65.0,1.6565656565656566,62.595419847328245,0.6227272727272727,0.43829787234042555,0.2772727272727273,0.15319148936170213
603,안평면 금곡리 493-1,안평면,안평면,6.8,VWorld UQ164·UO601,VWorld UQ151,,DATA_NOT_AVAILABLE,18.0,AVAILABLE,2053.0,108.0,1225.0,5.260594252313687,59.6687773989284,5.0,2025.0,pond_emd_population_context,,,,,,,0,0.0,pond_emd_population_context,5619.290507340439,0.5619290507340439,0.7166209002383312,,,,,,,,,,0,0.0,pond_emd_population_context,59848.37406515339,5.9848374065153385,1.9080965668328296,,18.0,False,336970_322771,1,UNIQUE,정좌표,RELIABLE_POINT,True,196250.0,908125.0,DATA_NOT_AVAILABLE,AVAILABLE,D_PRESERVATION,보존·기록형,500m 이상,False,True,False,10MIN_ONLY,,,19.821059876118376,,0.03404255319148936,,0.01702127659574468
604,안평면 금곡리 379,안평면,안평면,4.2,VWorld UQ164·UO601,VWorld UQ151,13.0,AVAILABLE,109.0,AVAILABLE,2053.0,108.0,1225.0,5.260594252313687,59.6687773989284,5.0,2025.0,pond_emd_population_context,,,,,,,0,899.1363993767104,pond_emd_population_context,11427.462798289003,1.1427462798289003,1.4573296517153664,,,,,,,,,,0,4396.171711979518,pond_emd_population_context,215008.77220164,21.500877220164,6.854948133265378,13.0,109.0,False,338247_323867,1,UNIQUE,정좌표,RELIABLE_POINT,True,328438.0,1340625.0,AVAILABLE,AVAILABLE,D_PRESERVATION,보존·기록형,300–500m,True,True,True,BOTH,96.0,8.384615384615385,81.3053613053613,0.10681818181818181,0.3021276595744681,0.36818181818181817,0.2723404255319149
605,안평면 금곡리 470,안평면,안평면,25.9,VWorld UQ164·UO601,VWorld UQ151,,DATA_NOT_AVAILABLE,,DATA_NOT_AVAILABLE,2053.0,108.0,1225.0,5.260594252313687,59.6687773989284,5.0,2025.0,pond_emd_population_context,,,,,,,0,0.0,pond_emd_population_context,0.0,0.0,0.0,,,,,,,,,,0,2119.388022597966,pond_emd_population_context,155490.7374985766,15.54907374985766,4.957383505061448,,,False,338003_322599,1,UNIQUE,정좌표,RELIABLE_POINT,True,,,DATA_NOT_AVAILABLE,DATA_NOT_AVAILABLE,D_PRESERVATION,보존·기록형,500m 이상,False,False,False,NONE,,,,,,,
606,안평면 금곡리 306유,안평면,안평면,6.6,VWorld UQ164·UO601,VWorld UQ151,,DATA_NOT_AVAILABLE,,DATA_NOT_AVAILABLE,2053.0,108.0,1225.0,5.260594252313687,59.6687773989284,5.0,2025.0,pond_emd_population_context,,,,,,,0,567.9073235913453,pond_emd_population_context,17156.591752737586,1.7156591752737589,2.1879581080223143,,,,,,,,,,0,3554.612763247186,pond_emd_population_context,193901.4276154244,19.39014276154244,6.18199999776431,,,False,338869_322808,1,UNIQUE,정좌표,RELIABLE_POINT,True,,,DATA_NOT_AVAILABLE,DATA_NOT_AVAILABLE,D_PRESERVATION,보존·기록형,300–500m,False,False,False,NONE,,,,,,,
607,안평면 금곡리 148유,안평면,안평면,1.3,VWorld UQ164·UO601,VWorld UQ151,63.0,AVAILABLE,304.0,AVAILABLE,2053.0,108.0,1225.0,5.260594252313687,59.6687773989284,5.0,2025.0,pond_emd_population_context,,,,,,,0,2054.2254060530367,pond_emd_population_context,121039.61712395192,12.103961712395192,15.436026892463053,,,,,,,,,,0,4173.983420426101,pond_emd_population_context,262083.37407835232,26.20833740783523,8.355789010382477,63.0,304.0,False,339335_323431,1,UNIQUE,정좌표,RELIABLE_POINT,True,687500.0,2428125.0,AVAILABLE,AVAILABLE,D_PRESERVATION,보존·기록형,100–300m,True,True,True,BOTH,241.0,4.825396825396825,125.1994851994852,0.45,0.5914893617021276,0.5863636363636363,0.5191489361702127
608,안평면 금곡리 626답,안평면,안평면,2.8,VWorld UQ164·UO601,VWorld UQ151,,DATA_NOT_AVAILABLE,,DATA_NOT_AVAILABLE,2053.0,108.0,1225.0,5.260594252313687,59.6687773989284,5.0,2025.0,pond_emd_population_context,,,,,,,0,1991.00861414114,pond_emd_population_context,55395.92040350518,5.539592040350518,7.064570571183991,,,,,,,,,,0,4415.5855409768565,pond_emd_population_context,151531.56325479472,15.153156325479472,4.831156403656337,,,False,337500_324083,1,UNIQUE,정좌표,RELIABLE_POINT,True,,,DATA_NOT_AVAILABLE,DATA_NOT_AVAILABLE,D_PRESERVATION,보존·기록형,100–300m,False,False,False,NONE,,,,,,,
609,안평면 하령리 50-1,안평면,안평면,12.5,VWorld UQ164·UO601,VWorld UQ151,73.0,AVAILABLE,248.0,AVAILABLE,2053.0,108.0,1225.0,5.260594252313687,59.6687773989284,5.0,2025.0,pond_emd_population_context,,,,,,,0,1127.2942667370123,pond_emd_population_context,176570.64634950456,17.657064634950455,22.517827718171045,,,,,,,,,,0,3704.1406593285656,pond_emd_population_context,422165.53809443786,42.21655380944379,13.459557196928948,73.0,248.0,False,340954_324028,1,UNIQUE,정좌표,RELIABLE_POINT,True,387813.0,1463750.0,AVAILABLE,AVAILABLE,D_PRESERVATION,보존·기록형,300–500m,True,True,True,BOTH,175.0,3.3972602739726026,169.42783945345857,0.5318181818181819,0.551063829787234,0.5045454545454545,0.7319148936170212
610,안평면 하령리 131유,안평면,안평면,3.8,VWorld UQ164·UO601,VWorld UQ151,53.0,AVAILABLE,223.0,AVAILABLE,2053.0,108.0,1225.0,5.260594252313687,59.6687773989284,5.0,2025.0,pond_emd_population_context,,,,,,,0,848.6958741954684,pond_emd_population_context,135381.27140599323,13.538127140599324,17.264999640726895,,,,,,,,,,0,4607.345453968781,pond_emd_population_context,479697.03577524633,47.96970357752463,15.29378669646381,53.0,223.0,False,341014_323703,1,UNIQUE,정좌표,RELIABLE_POINT,True,316875.0,1326563.0,AVAILABLE,AVAILABLE,D_PRESERVATION,보존·기록형,300–500m,True,True,True,BOTH,170.0,4.2075471698113205,168.10358799393623,0.3977272727272727,0.5063829787234042,0.49318181818181817,0.723404255319149
611,안평면 삼춘리 131-2,안평면,안평면,5.4,VWorld UQ164·UO601,VWorld UQ151,,DATA_NOT_AVAILABLE,,DATA_NOT_AVAILABLE,2053.0,108.0,1225.0,5.260594252313687,59.6687773989284,5.0,2025.0,pond_emd_population_context,,,,,,,0,0.0,pond_emd_population_context,0.0,0.0,0.0,,,,,,,,,,0,0.0,pond_emd_population_context,0.0,0.0,0.0,,,False,341637_327084,1,UNIQUE,정좌표,RELIABLE_POINT,True,,,DATA_NOT_AVAILABLE,DATA_NOT_AVAILABLE,D_PRESERVATION,보존·기록형,500m 이상,False,False,False,NONE,,,,,,,
612,안평면 삼춘리 468유,안평면,안평면,4.3,VWorld UQ164·UO601,VWorld UQ151,,DATA_NOT_AVAILABLE,,DATA_NOT_AVAILABLE,2053.0,108.0,1225.0,5.260594252313687,59.6687773989284,5.0,2025.0,pond_emd_population_context,,,,,,,0,484.7743068439372,pond_emd_population_context,0.0,0.0,0.0,,,,,,,,,,0,3766.455114641352,pond_emd_population_context,0.0,0.0,0.0,,,False,340568_327995,1,UNIQUE,정좌표,RELIABLE_POINT,True,,,DATA_NOT_AVAILABLE,DATA_NOT_AVAILABLE,D_PRESERVATION,보존·기록형,300–500m,False,False,False,NONE,,,,,,,
613,안평면 삼춘리 1077유,안평면,안평면,17.4,VWorld UQ164·UO601,VWorld UQ151,8.0,AVAILABLE,23.0,AVAILABLE,2053.0,108.0,1225.0,5.260594252313687,59.6687773989284,5.0,2025.0,pond_emd_population_context,,,,,,,0,0.0,pond_emd_population_context,0.0,0.0,0.0,,,,,,,,,,0,0.0,pond_emd_population_context,0.0,0.0,0.0,8.0,23.0,False,338194_326907,1,UNIQUE,정좌표,RELIABLE_POINT,True,239375.0,433750.0,AVAILABLE,AVAILABLE,D_PRESERVATION,보존·기록형,500m 이상,True,True,True,BOTH,15.0,2.875,53.02593659942363,0.04772727272727273,0.0425531914893617,0.056818181818181816,0.1276595744680851
614,안평면 삼춘리 998유,안평면,안평면,49.2,VWorld UQ164·UO601,VWorld UQ151,13.0,AVAILABLE,33.0,AVAILABLE,2053.0,108.0,1225.0,5.260594252313687,59.6687773989284,5.0,2025.0,pond_emd_population_context,,,,,,,0,2007.159889814605,pond_emd_population_context,0.0,0.0,0.0,,,,,,,,,,0,4166.39596607176,pond_emd_population_context,44789.3732685962,4.47893732685962,1.4279828098815954,13.0,33.0,False,339190_325329,1,UNIQUE,정좌표,RELIABLE_POINT,True,471563.0,770625.0,AVAILABLE,AVAILABLE,D_PRESERVATION,보존·기록형,100–300m,True,True,True,BOTH,20.0,2.5384615384615383,42.82238442822384,0.10681818181818181,0.07234042553191489,0.07954545454545454,0.08936170212765958
615,안평면 삼춘리 508유,안평면,안평면,2.0,VWorld UQ164·UO601,VWorld UQ151,18.0,AVAILABLE,38.0,AVAILABLE,2053.0,108.0,1225.0,5.260594252313687,59.6687773989284,5.0,2025.0,pond_emd_population_context,,,,,,,0,3151.5391502515718,pond_emd_population_context,0.0,0.0,0.0,,,,,,,,,,0,5535.12445534138,pond_emd_population_context,0.0,0.0,0.0,18.0,38.0,False,340000_327776,1,UNIQUE,정좌표,RELIABLE_POINT,True,600625.0,1160625.0,AVAILABLE,AVAILABLE,D_PRESERVATION,보존·기록형,0–100m,True,True,True,BOTH,20.0,2.111111111111111,32.74098007539041,0.175,0.09148936170212765,0.07954545454545454,0.04680851063829787
616,안사면 중하리 502유,안사면,안사면,11.0,VWorld UQ164·UO601,VWorld UQ151,,DATA_NOT_AVAILABLE,38.0,AVAILABLE,833.0,62.0,478.0,7.44297719087635,57.38295318127251,-21.0,2025.0,pond_emd_population_context,,,,,,,0,0.0,pond_emd_population_context,56742.175129104166,5.674217512910417,7.236256707031319,,,,,,,,,,0,0.0,pond_emd_population_context,106188.26620810748,10.618826620810747,3.3855132968030643,,38.0,False,334259_325698,1,UNIQUE,정좌표,RELIABLE_POINT,True,192188.0,605625.0,DATA_NOT_AVAILABLE,AVAILABLE,D_PRESERVATION,보존·기록형,500m 이상,False,True,False,10MIN_ONLY,,,62.74509803921569,,0.09148936170212765,,0.1574468085106383
617,안사면 중하리 3유,안사면,안사면,11.8,VWorld UQ164·UO601,VWorld UQ151,,DATA_NOT_AVAILABLE,,DATA_NOT_AVAILABLE,833.0,62.0,478.0,7.44297719087635,57.38295318127251,-21.0,2025.0,pond_emd_population_context,,,,,,,0,0.0,pond_emd_population_context,0.0,0.0,0.0,,,,,,,,,,0,0.0,pond_emd_population_context,0.0,0.0,0.0,,,False,335632_322365,1,UNIQUE,정좌표,RELIABLE_POINT,True,,,DATA_NOT_AVAILABLE,DATA_NOT_AVAILABLE,D_PRESERVATION,보존·기록형,500m 이상,False,False,False,NONE,,,,,,,
618,안사면 중하리 883유,안사면,안사면,27.0,VWorld UQ164·UO601,VWorld UQ151,23.0,AVAILABLE,113.0,AVAILABLE,833.0,62.0,478.0,7.44297719087635,57.38295318127251,-21.0,2025.0,pond_emd_population_context,,,,,,,0,0.0,pond_emd_population_context,92998.82755322762,9.29988275532276,11.860021017821651,,,,,,,,,,0,0.0,pond_emd_population_context,445435.1709189055,44.54351709189055,14.20144379280356,23.0,113.0,False,332886_326085,1,UNIQUE,정좌표,RELIABLE_POINT,True,273750.0,848438.0,AVAILABLE,AVAILABLE,D_PRESERVATION,보존·기록형,500m 이상,True,True,True,BOTH,90.0,4.913043478260869,133.18592519429822,0.2159090909090909,0.3148936170212766,0.35,0.5531914893617021
619,안사면 중하리 642유,안사면,안사면,13.2,VWorld UQ164·UO601,VWorld UQ151,,DATA_NOT_AVAILABLE,,DATA_NOT_AVAILABLE,833.0,62.0,478.0,7.44297719087635,57.38295318127251,-21.0,2025.0,pond_emd_population_context,,,,,,,0,0.0,pond_emd_population_context,23671.196838481763,2.3671196838481765,3.01875732638356,,,,,,,,,,0,3294.189547798051,pond_emd_population_context,113156.96459995468,11.315696459995468,3.607690585400772,,,False,333684_323454,1,UNIQUE,정좌표,RELIABLE_POINT,True,,,DATA_NOT_AVAILABLE,DATA_NOT_AVAILABLE,D_PRESERVATION,보존·기록형,500m 이상,False,False,False,NONE,,,,,,,
620,안사면 중하리 1100유,안사면,안사면,9.4,VWorld UQ164·UO601,VWorld UQ151,,DATA_NOT_AVAILABLE,,DATA_NOT_AVAILABLE,833.0,62.0,478.0,7.44297719087635,57.38295318127251,-21.0,2025.0,pond_emd_population_context,,,,,,,0,0.0,pond_emd_population_context,126072.13553784988,12.60721355378499,16.077817501352644,,,,,,,,,,0,0.0,pond_emd_population_context,491455.73224471055,49.14557322447106,15.668679560543769,,,False,332697_324951,1,UNIQUE,정좌표,RELIABLE_POINT,True,,,DATA_NOT_AVAILABLE,DATA_NOT_AVAILABLE,D_PRESERVATION,보존·기록형,500m 이상,False,False,False,NONE,,,,,,,
621,안사면 안사리 391유,안사면,안사면,7.0,VWorld UQ164·UO601,VWorld UQ151,,DATA_NOT_AVAILABLE,,DATA_NOT_AVAILABLE,833.0,62.0,478.0,7.44297719087635,57.38295318127251,-21.0,2025.0,pond_emd_population_context,,,,,,,0,0.0,pond_emd_population_context,196948.84616022283,19.69488461602228,25.11663336356652,,,,,,,,,,0,4354.668382046113,pond_emd_population_context,565832.7748539225,56.58327748539225,18.03998173659484,,,False,331724_326872,1,UNIQUE,정좌표,RELIABLE_POINT,True,,,DATA_NOT_AVAILABLE,DATA_NOT_AVAILABLE,B_ECO_EDUCATION,생태·교육형,500m 이상,False,False,False,NONE,,,,,,,
622,안사면 안사리 407유,안사면,안사면,4.0,VWorld UQ164·UO601,VWorld UQ151,,DATA_NOT_AVAILABLE,,DATA_NOT_AVAILABLE,833.0,62.0,478.0,7.44297719087635,57.38295318127251,-21.0,2025.0,pond_emd_population_context,,,,,,,0,0.0,pond_emd_population_context,53507.69422164706,5.350769422164706,6.823767511700031,,,,,,,,,,0,0.0,pond_emd_population_context,364668.5069550472,36.46685069550472,11.626426565832489,,,False,332136_326819,1,UNIQUE,정좌표,RELIABLE_POINT,True,,,DATA_NOT_AVAILABLE,DATA_NOT_AVAILABLE,D_PRESERVATION,보존·기록형,500m 이상,False,False,False,NONE,,,,,,,
623,안사면 안사리 303유,안사면,안사면,31.7,VWorld UQ164·UO601,VWorld UQ151,180.0,AVAILABLE,315.0,AVAILABLE,833.0,62.0,478.0,7.44297719087635,57.38295318127251,-21.0,2025.0,pond_emd_population_context,,,,,,,0,2064.464454233081,pond_emd_population_context,64456.65722382084,6.445665722382084,8.22007469906549,,,,,,,,,,0,4956.940059922191,pond_emd_population_context,375649.94324868737,37.564994324868735,11.976538681960776,180.0,315.0,False,331753_327840,1,UNIQUE,정좌표,RELIABLE_POINT,True,1409688.0,3326250.0,AVAILABLE,AVAILABLE,D_PRESERVATION,보존·기록형,0–100m,True,True,True,BOTH,135.0,1.75,94.70124013528749,0.740909090909091,0.6042553191489362,0.4431818181818182,0.3574468085106383
624,안사면 안사리 25유,안사면,안사면,4.5,VWorld UQ164·UO601,VWorld UQ151,18.0,AVAILABLE,240.0,AVAILABLE,833.0,62.0,478.0,7.44297719087635,57.38295318127251,-21.0,2025.0,pond_emd_population_context,,,,,,,0,2977.557025364399,pond_emd_population_context,0.0,0.0,0.0,,,,,,,,,,0,7720.574622703035,pond_emd_population_context,0.0,0.0,0.0,18.0,240.0,False,333506_327877,1,UNIQUE,정좌표,RELIABLE_POINT,True,1050000.0,2540625.0,AVAILABLE,AVAILABLE,D_PRESERVATION,보존·기록형,0–100m,True,True,True,BOTH,222.0,13.333333333333334,94.4649446494465,0.175,0.5361702127659574,0.5681818181818182,0.34893617021276596
625,안사면 안사리 507유,안사면,안사면,8.0,VWorld UQ164·UO601,VWorld UQ151,,DATA_NOT_AVAILABLE,,DATA_NOT_AVAILABLE,833.0,62.0,478.0,7.44297719087635,57.38295318127251,-21.0,2025.0,pond_emd_population_context,,,,,,,0,0.0,pond_emd_population_context,152991.59630612368,15.299159630612367,19.510821754201125,,,,,,,,,,0,0.0,pond_emd_population_context,507311.60406187386,50.731160406187385,16.174199301907745,,,False,332134_326285,1,UNIQUE,정좌표,RELIABLE_POINT,True,,,DATA_NOT_AVAILABLE,DATA_NOT_AVAILABLE,D_PRESERVATION,보존·기록형,500m 이상,False,False,False,NONE,,,,,,,
626,안사면 안사리 329 유,안사면,안사면,7.7,VWorld UQ164·UO601,VWorld UQ151,13.0,AVAILABLE,63.0,AVAILABLE,833.0,62.0,478.0,7.44297719087635,57.38295318127251,-21.0,2025.0,pond_emd_population_context,,,,,,,0,2034.6893248934475,pond_emd_population_context,46237.70449377318,4.623770449377318,5.896635060244311,,,,,,,,,,0,4179.68635446849,pond_emd_population_context,107579.68044554848,10.757968044554849,3.4298746143989813,13.0,63.0,False,332007_327996,1,UNIQUE,정좌표,RELIABLE_POINT,True,567500.0,1497500.0,AVAILABLE,AVAILABLE,D_PRESERVATION,보존·기록형,0–100m,True,True,True,BOTH,50.0,4.846153846153846,42.07011686143572,0.10681818181818181,0.15106382978723404,0.19545454545454546,0.0851063829787234
627,안사면 만리리 595-2답,안사면,안사면,2.1,VWorld UQ164·UO601,VWorld UQ151,,DATA_NOT_AVAILABLE,,DATA_NOT_AVAILABLE,833.0,62.0,478.0,7.44297719087635,57.38295318127251,-21.0,2025.0,pond_emd_population_context,,,,,,,0,2003.665025076806,pond_emd_population_context,137388.2563435256,13.73882563435256,17.52094785177248,,,,,,,,,,0,5904.279521390934,pond_emd_population_context,621760.7480633074,62.17607480633074,19.823087382114466,,,False,330491_327976,1,UNIQUE,정좌표,RELIABLE_POINT,True,,,DATA_NOT_AVAILABLE,DATA_NOT_AVAILABLE,D_PRESERVATION,보존·기록형,100–300m,False,False,False,NONE,,,,,,,
628,안사면 만리리 546유,안사면,안사면,5.1,VWorld UQ164·UO601,VWorld UQ151,,DATA_NOT_AVAILABLE,,DATA_NOT_AVAILABLE,833.0,62.0,478.0,7.44297719087635,57.38295318127251,-21.0,2025.0,pond_emd_population_context,,,,,,,0,0.0,pond_emd_population_context,28772.6898186464,2.87726898186464,3.669344173109053,,,,,,,,,,0,4890.620077264205,pond_emd_population_context,595684.4112621875,59.56844112621875,18.99171694803005,,,False,330252_327811,1,UNIQUE,정좌표,RELIABLE_POINT,True,,,DATA_NOT_AVAILABLE,DATA_NOT_AVAILABLE,B_ECO_EDUCATION,생태·교육형,500m 이상,False,False,False,NONE,,,,,,,
629,안사면 만리리 16임,안사면,안사면,15.0,VWorld UQ164·UO601,VWorld UQ151,8.0,AVAILABLE,78.0,AVAILABLE,833.0,62.0,478.0,7.44297719087635,57.38295318127251,-21.0,2025.0,pond_emd_population_context,,,,,,,0,0.0,pond_emd_population_context,2342.1410092721467,0.2342141009272146,0.2986902343556009,,,,,,,,,,0,1011.6294447573138,pond_emd_population_context,278752.2120042348,27.87522120042348,8.887227882637287,8.0,78.0,False,331017_329500,1,UNIQUE,정좌표,RELIABLE_POINT,True,189688.0,707500.0,AVAILABLE,AVAILABLE,D_PRESERVATION,보존·기록형,500m 이상,True,True,True,BOTH,70.0,9.75,110.24734982332156,0.04772727272727273,0.2148936170212766,0.29772727272727273,0.43829787234042555
630,안사면 만리리 1002-1유,안사면,안사면,13.8,VWorld UQ164·UO601,VWorld UQ151,,DATA_NOT_AVAILABLE,,DATA_NOT_AVAILABLE,833.0,62.0,478.0,7.44297719087635,57.38295318127251,-21.0,2025.0,pond_emd_population_context,,,,,,,0,0.0,pond_emd_population_context,0.0,0.0,0.0,,,,,,,,,,0,0.0,pond_emd_population_context,3304.095872771632,0.3304095872771632,0.1053417756087859,,,False,328627_328705,1,UNIQUE,정좌표,RELIABLE_POINT,True,,,DATA_NOT_AVAILABLE,DATA_NOT_AVAILABLE,D_PRESERVATION,보존·기록형,500m 이상,False,False,False,NONE,,,,,,,
631,안사면 만리리 943유,안사면,안사면,21.0,VWorld UQ164·UO601,VWorld UQ151,13.0,AVAILABLE,48.0,AVAILABLE,833.0,62.0,478.0,7.44297719087635,57.38295318127251,-21.0,2025.0,pond_emd_population_context,,,,,,,0,0.0,pond_emd_population_context,84067.77662524507,8.406777662524506,10.721055565203615,,,,,,,,,,0,0.0,pond_emd_population_context,185040.0872862936,18.504008728629355,5.899481160391304,13.0,48.0,False,329207_327470,1,UNIQUE,정좌표,RELIABLE_POINT,True,211250.0,414375.0,AVAILABLE,AVAILABLE,D_PRESERVATION,보존·기록형,500m 이상,True,True,True,BOTH,35.0,3.6923076923076925,115.83710407239819,0.10681818181818181,0.11702127659574468,0.13636363636363635,0.4851063829787234
632,안사면 만리리 580-1,안사면,안사면,25.0,VWorld UQ164·UO601,VWorld UQ151,160.0,AVAILABLE,310.0,AVAILABLE,833.0,62.0,478.0,7.44297719087635,57.38295318127251,-21.0,2025.0,pond_emd_population_context,,,,,,,0,2401.743022194795,pond_emd_population_context,288582.8011791704,28.85828011791704,36.80259394031493,,,,,,,,,,0,6146.8410415798135,pond_emd_population_context,686949.4138171915,68.69494138171915,21.901444083768336,160.0,310.0,False,330587_327740,1,UNIQUE,정좌표,RELIABLE_POINT,True,756563.0,3066875.0,AVAILABLE,AVAILABLE,D_PRESERVATION,보존·기록형,100–300m,True,True,True,BOTH,150.0,1.9375,101.08008966782148,0.7363636363636363,0.5957446808510638,0.4659090909090909,0.4
633,안사면 신수리 산120임,안사면,안사면,5.9,VWorld UQ164·UO601,VWorld UQ151,,DATA_NOT_AVAILABLE,,DATA_NOT_AVAILABLE,833.0,62.0,478.0,7.44297719087635,57.38295318127251,-21.0,2025.0,pond_emd_population_context,,,,,,,0,0.0,pond_emd_population_context,0.0,0.0,0.0,,,,,,,,,,0,0.0,pond_emd_population_context,0.0,0.0,0.0,,,False,328707_329835,1,UNIQUE,정좌표,RELIABLE_POINT,True,,,DATA_NOT_AVAILABLE,DATA_NOT_AVAILABLE,D_PRESERVATION,보존·기록형,500m 이상,False,False,False,NONE,,,,,,,
634,안사면 신수리 33유,안사면,안사면,9.2,VWorld UQ164·UO601,VWorld UQ151,18.0,AVAILABLE,33.0,AVAILABLE,833.0,62.0,478.0,7.44297719087635,57.38295318127251,-21.0,2025.0,pond_emd_population_context,,,,,,,0,0.0,pond_emd_population_context,39138.69737280047,3.913869737280047,4.991307801013934,,,,,,,,,,0,1106.3164903562388,pond_emd_population_context,90972.9532811282,9.09729532811282,2.900415968550661,18.0,33.0,False,330629_331765,1,UNIQUE,정좌표,RELIABLE_POINT,True,416875.0,1189688.0,AVAILABLE,AVAILABLE,D_PRESERVATION,보존·기록형,500m 이상,True,True,True,BOTH,15.0,1.8333333333333333,27.73836501671026,0.175,0.07234042553191489,0.056818181818181816,0.029787234042553193
635,안사면 신수리 84답,안사면,안사면,2.2,VWorld UQ164·UO601,VWorld UQ151,,DATA_NOT_AVAILABLE,,DATA_NOT_AVAILABLE,833.0,62.0,478.0,7.44297719087635,57.38295318127251,-21.0,2025.0,pond_emd_population_context,,,,,,,0,1476.758015420613,pond_emd_population_context,69842.64255776747,6.984264255776747,8.90694249022905,,,,,,,,,,0,5129.490870790946,pond_emd_population_context,136739.20053980252,13.673920053980252,4.35954364971426,,,False,329603_331935,1,UNIQUE,정좌표,RELIABLE_POINT,True,,,DATA_NOT_AVAILABLE,DATA_NOT_AVAILABLE,D_PRESERVATION,보존·기록형,100–300m,False,False,False,NONE,,,,,,,
636,안사면 월소리 251-3유,안사면,안사면,2.6,VWorld UQ164·UO601,VWorld UQ151,43.0,AVAILABLE,103.0,AVAILABLE,833.0,62.0,478.0,7.44297719087635,57.38295318127251,-21.0,2025.0,pond_emd_population_context,,,,,,,0,928.450140621406,pond_emd_population_context,211366.97630894583,21.136697630894584,26.95535898087252,,,,,,,,,,0,3701.8908034895,pond_emd_population_context,724804.1674039438,72.48041674039439,23.1083361085801,43.0,103.0,False,328299_333793,1,UNIQUE,정좌표,RELIABLE_POINT,True,392500.0,1422813.0,AVAILABLE,AVAILABLE,D_PRESERVATION,보존·기록형,300–500m,True,True,True,BOTH,60.0,2.395348837209302,72.39180412324036,0.32272727272727275,0.29148936170212764,0.25681818181818183,0.20425531914893616
637,안사면 월소리 136-1유,안사면,안사면,12.3,VWorld UQ164·UO601,VWorld UQ151,48.0,AVAILABLE,113.0,AVAILABLE,833.0,62.0,478.0,7.44297719087635,57.38295318127251,-21.0,2025.0,pond_emd_population_context,,,,,,,0,1442.4479211834137,pond_emd_population_context,321291.89093429106,32.129189093429105,40.97394214088784,,,,,,,,,,0,3605.443632804751,pond_emd_population_context,697423.9501159295,69.74239501159295,22.23539512359157,48.0,113.0,False,328620_333420,1,UNIQUE,정좌표,RELIABLE_POINT,True,520625.0,1243750.0,AVAILABLE,AVAILABLE,D_PRESERVATION,보존·기록형,300–500m,True,True,True,BOTH,65.0,2.3541666666666665,90.85427135678393,0.3659090909090909,0.3148936170212766,0.2772727272727273,0.32340425531914896
638,안사면 월소리 1000유,안사면,안사면,16.5,VWorld UQ164·UO601,VWorld UQ151,28.0,AVAILABLE,68.0,AVAILABLE,833.0,62.0,478.0,7.44297719087635,57.38295318127251,-21.0,2025.0,pond_emd_population_context,,,,,,,0,0.0,pond_emd_population_context,323849.5609388181,32.38495609388181,41.30011851115423,,,,,,,,,,0,2100.766102803086,pond_emd_population_context,881059.2510093771,88.10592510093771,28.0900886329365,28.0,68.0,False,326440_334103,1,UNIQUE,정좌표,RELIABLE_POINT,True,301875.0,750000.0,AVAILABLE,AVAILABLE,B_ECO_EDUCATION,생태·교육형,500m 이상,True,True,True,BOTH,40.0,2.4285714285714284,90.66666666666667,0.24545454545454545,0.17659574468085107,0.16590909090909092,0.3148936170212766
639,안사면 월소리 366유,안사면,안사면,15.0,VWorld UQ164·UO601,VWorld UQ151,,DATA_NOT_AVAILABLE,,DATA_NOT_AVAILABLE,833.0,62.0,478.0,7.44297719087635,57.38295318127251,-21.0,2025.0,pond_emd_population_context,,,,,,,0,1622.5318754703062,pond_emd_population_context,309708.20798309,30.970820798309003,39.4966899337415,,,,,,,,,,0,4119.349799781142,pond_emd_population_context,841407.4372408913,84.14074372408913,26.82590241397629,,,False,327805_333174,1,UNIQUE,정좌표,RELIABLE_POINT,True,,,DATA_NOT_AVAILABLE,DATA_NOT_AVAILABLE,D_PRESERVATION,보존·기록형,300–500m,False,False,False,NONE,,,,,,,
640,안사면 월소리 541,안사면,안사면,7.2,VWorld UQ164·UO601,VWorld UQ151,,DATA_NOT_AVAILABLE,,DATA_NOT_AVAILABLE,833.0,62.0,478.0,7.44297719087635,57.38295318127251,-21.0,2025.0,pond_emd_population_context,,,,,,,0,834.8160844798031,pond_emd_population_context,0.0,0.0,0.0,,,,,,,,,,0,3875.690506799304,pond_emd_population_context,108854.6269329607,10.88546269329607,3.470522686356266,,,False,328483_331267,1,UNIQUE,정좌표,RELIABLE_POINT,True,,,DATA_NOT_AVAILABLE,DATA_NOT_AVAILABLE,D_PRESERVATION,보존·기록형,300–500m,False,False,False,NONE,,,,,,,
641,안사면 월소리 521구,안사면,안사면,15.0,VWorld UQ164·UO601,VWorld UQ151,13.0,AVAILABLE,38.0,AVAILABLE,833.0,62.0,478.0,7.44297719087635,57.38295318127251,-21.0,2025.0,pond_emd_population_context,,,,,,,0,1352.356824006287,pond_emd_population_context,0.0,0.0,0.0,,,,,,,,,,0,3444.0689995345147,pond_emd_population_context,132677.4845711913,13.267748457119133,4.230047294696828,13.0,38.0,False,328326_331478,1,UNIQUE,정좌표,RELIABLE_POINT,True,484688.0,983750.0,AVAILABLE,AVAILABLE,D_PRESERVATION,보존·기록형,300–500m,True,True,True,BOTH,25.0,2.923076923076923,38.627700127064806,0.10681818181818181,0.09148936170212765,0.10227272727272728,0.08085106382978724
642,안사면 쌍호리 368유,안사면,안사면,10.0,VWorld UQ164·UO601,VWorld UQ151,68.0,AVAILABLE,138.0,AVAILABLE,833.0,62.0,478.0,7.44297719087635,57.38295318127251,-21.0,2025.0,pond_emd_population_context,,,,,,,0,1881.984123711032,pond_emd_population_context,132532.81034840213,13.253281034840212,16.90173906099387,,,,,,,,,,0,4135.300924287094,pond_emd_population_context,781749.1609914799,78.17491609914799,24.923866579707138,68.0,138.0,False,327501_335002,1,UNIQUE,정좌표,RELIABLE_POINT,True,469688.0,1248438.0,AVAILABLE,AVAILABLE,D_PRESERVATION,보존·기록형,100–300m,True,True,True,BOTH,70.0,2.0294117647058822,110.53812844530526,0.4909090909090909,0.3659574468085106,0.29772727272727273,0.4425531914893617
643,단촌면 후평리 188-01,단촌면,단촌면,35.0,VWorld UQ164·UO601,VWorld UQ151,,DATA_NOT_AVAILABLE,,DATA_NOT_AVAILABLE,1820.0,122.0,1025.0,6.703296703296704,56.31868131868132,-6.0,2025.0,pond_emd_population_context,,,,,,,0,2857.3385944509664,pond_emd_population_context,141493.04626921538,14.149304626921538,18.04442643825853,,,,,,,,,,0,6027.660182494657,pond_emd_population_context,773274.7158146072,77.32747158146073,24.653682802781127,,,False,354215_327955,1,UNIQUE,정좌표,RELIABLE_POINT,True,,,DATA_NOT_AVAILABLE,DATA_NOT_AVAILABLE,D_PRESERVATION,보존·기록형,100–300m,False,False,False,NONE,,,,,,,
644,점곡면 동변리 524,점곡면,점곡면,798.5,VWorld UQ164·UO601,VWorld UQ151,23.0,AVAILABLE,23.0,AVAILABLE,1476.0,101.0,880.0,6.842818428184281,59.62059620596206,-30.0,2025.0,pond_emd_population_context,,,,,,,0,2080.863308607548,pond_emd_population_context,74897.17640708563,7.489717640708563,9.551540699318236,,,,,,,,,,0,4188.6964560262,pond_emd_population_context,214743.0464259251,21.47430464259251,6.846476216554515,23.0,23.0,False,360339_328145,1,UNIQUE,정좌표,RELIABLE_POINT,True,301563.0,616563.0,AVAILABLE,AVAILABLE,D_PRESERVATION,보존·기록형,0–100m,True,True,True,BOTH,0.0,1.0,37.30356832959487,0.2159090909090909,0.0425531914893617,0.00909090909090909,0.07659574468085106
645,점곡면 사촌리 496,점곡면,점곡면,6.7,VWorld UQ164·UO601,VWorld UQ151,58.0,AVAILABLE,348.0,AVAILABLE,1476.0,101.0,880.0,6.842818428184281,59.62059620596206,-30.0,2025.0,pond_emd_population_context,,,,,,,0,0.0,pond_emd_population_context,96186.84795529173,9.618684795529171,12.266585164580212,,,,,,,,,,1,3848.399037715324,pond_emd_population_context,1007305.2840133024,100.73052840133025,32.11508723839254,58.0,348.0,False,357111_326997,1,UNIQUE,정좌표,RELIABLE_POINT,True,280000.0,2387500.0,AVAILABLE,AVAILABLE,B_ECO_EDUCATION,생태·교육형,500m 이상,True,True,True,BOTH,290.0,6.0,145.7591623036649,0.42045454545454547,0.6212765957446809,0.615909090909091,0.6382978723404256
646,점곡면 송내리 66,점곡면,점곡면,20.5,VWorld UQ164·UO601,VWorld UQ151,118.0,AVAILABLE,443.0,AVAILABLE,1476.0,101.0,880.0,6.842818428184281,59.62059620596206,-30.0,2025.0,pond_emd_population_context,,,,,,,0,0.0,pond_emd_population_context,190775.5950460885,19.07755950460885,24.329366578724315,,,,,,,,,,0,3616.539188593742,pond_emd_population_context,862568.6741202027,86.25686741202027,27.500568753205386,118.0,443.0,False,356606_327098,1,UNIQUE,정좌표,RELIABLE_POINT,True,427500.0,2873125.0,AVAILABLE,AVAILABLE,B_ECO_EDUCATION,생태·교육형,500m 이상,True,True,True,BOTH,325.0,3.7542372881355934,154.18751359582336,0.675,0.6893617021276596,0.6613636363636364,0.676595744680851
647,점곡면 윤암리 112,점곡면,점곡면,4.0,VWorld UQ164·UO601,VWorld UQ151,,DATA_NOT_AVAILABLE,,DATA_NOT_AVAILABLE,1476.0,101.0,880.0,6.842818428184281,59.62059620596206,-30.0,2025.0,pond_emd_population_context,,,,,,,0,3090.7093003619884,pond_emd_population_context,148392.83161253907,14.839283161253906,18.924347200092225,,,,,,,,,,0,8272.600345293024,pond_emd_population_context,1041361.4657968236,104.13614657968236,33.20087251753528,,,False,360162_325090,1,UNIQUE,정좌표,RELIABLE_POINT,True,,,DATA_NOT_AVAILABLE,DATA_NOT_AVAILABLE,D_PRESERVATION,보존·기록형,100–300m,False,False,False,NONE,,,,,,,
656,가음면 양지리 164,가음면,가음면,4703.87,VWorld UQ164·UO601,VWorld UQ151,118.0,AVAILABLE,699.0,AVAILABLE,1396.0,85.0,797.0,6.088825214899714,57.09169054441261,-32.0,2025.0,pond_emd_population_context,,,,,,,0,3436.101823320011,pond_emd_population_context,265208.8289695428,26.52088289695428,33.821741289054366,,,,,,,,,,0,7839.251712126017,pond_emd_population_context,746608.816933145,74.66088169331451,23.803515844998145,118.0,699.0,False,356473_304827,1,UNIQUE,정좌표,RELIABLE_POINT,True,717813.0,4253125.0,AVAILABLE,AVAILABLE,D_PRESERVATION,보존·기록형,100–300m,True,True,True,BOTH,581.0,5.923728813559322,164.3497428361499,0.675,0.7617021276595745,0.7636363636363637,0.7106382978723405
657,구천면 위성리 210,구천면,구천면,159.0,VWorld UQ164·UO601,VWorld UQ151,,DATA_NOT_AVAILABLE,,DATA_NOT_AVAILABLE,1618.0,106.0,941.0,6.551297898640297,58.15822002472187,-64.0,2025.0,pond_emd_population_context,,,,,,,0,0.0,pond_emd_population_context,42705.12621602231,4.27051262160223,5.446129890195298,,,,,,,,,,0,0.0,pond_emd_population_context,441440.16852880747,44.144016852880746,14.074074412029134,,,False,330868_316318,1,UNIQUE,정좌표,RELIABLE_POINT,True,,,DATA_NOT_AVAILABLE,DATA_NOT_AVAILABLE,D_PRESERVATION,보존·기록형,500m 이상,False,False,False,NONE,,,,,,,
658,구천면 노연리 185,구천면,구천면,3597.0,VWorld UQ164·UO601,VWorld UQ151,273.0,AVAILABLE,773.0,AVAILABLE,1618.0,106.0,941.0,6.551297898640297,58.15822002472187,-64.0,2025.0,pond_emd_population_context,,,,,,,0,3113.158634202822,pond_emd_population_context,361981.44653182174,36.198144653182176,46.163028899173405,,,,,,,,,,1,7700.344393808285,pond_emd_population_context,1578945.5290884576,157.89455290884575,50.34022377934437,273.0,773.0,False,328829_316568,1,UNIQUE,인근좌표,UNVERIFIED_NEARBY_POINT,False,1689688.0,6860625.0,AVAILABLE,AVAILABLE,A_CULTURE_TOURISM,문화·관광형,0–100m,True,True,True,BOTH,500.0,2.8315018315018317,112.67195044183293,0.7818181818181819,0.774468085106383,0.7318181818181818,0.4553191489361702
659,단밀면 위중리 1219,단밀면,단밀면,828.0,VWorld UQ164·UO601,VWorld UQ151,,DATA_NOT_AVAILABLE,,DATA_NOT_AVAILABLE,1569.0,119.0,840.0,7.58444869343531,53.53728489483748,-37.0,2025.0,pond_emd_population_context,,,,,,,0,0.0,pond_emd_population_context,296715.4341090168,29.67154341090168,37.839738171224745,,,,,,,,,,0,1648.0989904442238,pond_emd_population_context,998718.9833207732,99.87189833207732,31.84133726390913,,,False,323418_318775,1,UNIQUE,정좌표,RELIABLE_POINT,True,,,DATA_NOT_AVAILABLE,DATA_NOT_AVAILABLE,B_ECO_EDUCATION,생태·교육형,500m 이상,False,False,False,NONE,,,,,,,
660,단북면 노연리 396,단북면,단북면,8.0,VWorld UQ164·UO601,VWorld UQ151,520.0,AVAILABLE,3037.0,AVAILABLE,1631.0,117.0,902.0,7.173513182096873,55.30349478847333,-39.0,2025.0,pond_emd_population_context,,,,,,,2,4279.215889486716,pond_emd_population_context,0.0,0.0,0.0,,,,,,,,,,3,20851.930548528417,pond_emd_population_context,490945.6078383303,49.09456078383303,15.65241568297523,520.0,3037.0,False,327925_322087,1,UNIQUE,정좌표,RELIABLE_POINT,True,675313.0,4213125.0,AVAILABLE,AVAILABLE,A_CULTURE_TOURISM,문화·관광형,100–300m,True,True,True,BOTH,2517.0,5.8403846153846155,720.8426049547545,0.8,0.8170212765957446,0.8136363636363636,0.825531914893617
661,단북면 정안리 478,단북면,단북면,49.0,VWorld UQ164·UO601,VWorld UQ151,,DATA_NOT_AVAILABLE,,DATA_NOT_AVAILABLE,1631.0,117.0,902.0,7.173513182096873,55.30349478847333,-39.0,2025.0,pond_emd_population_context,,,,,,,0,3522.695589771106,pond_emd_population_context,479686.7568214719,47.96867568214719,61.17383592408434,,,,,,,,,,0,7389.913601920793,pond_emd_population_context,1672857.5616255766,167.28575616255765,53.33434399843826,,,False,327367_323379,1,UNIQUE,정좌표,RELIABLE_POINT,True,,,DATA_NOT_AVAILABLE,DATA_NOT_AVAILABLE,D_PRESERVATION,보존·기록형,100–300m,False,False,False,NONE,,,,,,,
662,단북면 정안리 935-01,단북면,단북면,20.0,VWorld UQ164·UO601,VWorld UQ151,623.0,AVAILABLE,2803.0,AVAILABLE,1631.0,117.0,902.0,7.173513182096873,55.30349478847333,-39.0,2025.0,pond_emd_population_context,,,,,,,0,2069.7510281840214,pond_emd_population_context,559299.447561327,55.9299447561327,71.32674010902798,,,,,,,,,,0,9556.00141836262,pond_emd_population_context,1912788.5508216028,191.27885508216028,60.98386671167605,623.0,2803.0,False,326552_321644,1,UNIQUE,정좌표,RELIABLE_POINT,True,1492188.0,6578438.0,AVAILABLE,AVAILABLE,D_PRESERVATION,보존·기록형,100–300m,True,True,True,BOTH,2180.0,4.499197431781702,426.0889895139241,0.8045454545454546,0.8127659574468085,0.8045454545454546,0.8042553191489362
666,단북면 효제리 485,단북면,단북면,6.0,VWorld UQ164·UO601,VWorld UQ151,,DATA_NOT_AVAILABLE,,DATA_NOT_AVAILABLE,1631.0,117.0,902.0,7.173513182096873,55.30349478847333,-39.0,2025.0,pond_emd_population_context,,,,,,,1,982.3616505597809,pond_emd_population_context,631044.8882439598,63.10448882439597,80.47634399991456,,,,,,,,,,1,4430.204098381975,pond_emd_population_context,2066457.3738619008,206.6457373861901,65.88316361409863,,,False,324059_323482,1,UNIQUE,정좌표,RELIABLE_POINT,True,,,DATA_NOT_AVAILABLE,DATA_NOT_AVAILABLE,D_PRESERVATION,보존·기록형,300–500m,False,False,False,NONE,,,,,,,
667,단북면 성암리 843,단북면,단북면,8.0,VWorld UQ164·UO601,VWorld UQ151,363.0,AVAILABLE,973.0,AVAILABLE,1631.0,117.0,902.0,7.173513182096873,55.30349478847333,-39.0,2025.0,pond_emd_population_context,,,,,,,0,2114.0086965175847,pond_emd_population_context,353805.2312167929,35.38052312167929,45.12032666266428,,,,,,,,,,1,4417.302838932588,pond_emd_population_context,1955823.9999387783,195.58239999387783,62.35593059804325,363.0,973.0,False,323327_323414,1,UNIQUE,정좌표,RELIABLE_POINT,True,1730313.0,6420313.0,AVAILABLE,AVAILABLE,A_CULTURE_TOURISM,문화·관광형,0–100m,True,True,True,BOTH,610.0,2.680440771349862,151.55024373422293,0.7909090909090909,0.7914893617021277,0.7681818181818182,0.6680851063829787
668,안계면 용기리 169,안계면,안계면,32.0,VWorld UQ164·UO601,VWorld UQ151,28.0,AVAILABLE,1957.0,AVAILABLE,4208.0,575.0,1772.0,13.66444866920152,42.11026615969582,-43.0,2025.0,pond_emd_population_context,,,,,,,0,4389.496760129759,pond_emd_population_context,800.287240940138,0.0800287240940137,0.1020596038419102,,,,,,,,,,0,9697.882578044688,pond_emd_population_context,195682.86872750075,19.568286872750075,6.238796221940211,28.0,1957.0,False,329730_322432,1,UNIQUE,정좌표,RELIABLE_POINT,True,470000.0,3119688.0,AVAILABLE,AVAILABLE,D_PRESERVATION,보존·기록형,100–300m,True,True,True,BOTH,1929.0,69.89285714285714,627.3063203756273,0.24545454545454545,0.8085106382978723,0.8,0.8212765957446808
669,안계면 봉양리 851,안계면,안계면,1271.0,VWorld UQ164·UO601,VWorld UQ151,,DATA_NOT_AVAILABLE,,DATA_NOT_AVAILABLE,4208.0,575.0,1772.0,13.66444866920152,42.11026615969582,-43.0,2025.0,pond_emd_population_context,,,,,,,0,836.7640068670905,pond_emd_population_context,372444.0476777064,37.24440476777063,47.49731098375405,,,,,,,,,,0,7957.061248670594,pond_emd_population_context,1287849.6372743696,128.78496372743697,41.05945248913475,,,False,330834_321326,1,UNIQUE,정좌표,RELIABLE_POINT,True,,,DATA_NOT_AVAILABLE,DATA_NOT_AVAILABLE,D_PRESERVATION,보존·기록형,300–500m,False,False,False,NONE,,,,,,,
670,안계면 시안리 357,안계면,안계면,20.0,VWorld UQ164·UO601,VWorld UQ151,934.0,AVAILABLE,3258.0,AVAILABLE,4208.0,575.0,1772.0,13.66444866920152,42.11026615969582,-43.0,2025.0,pond_emd_population_context,,,,,,,0,4294.325973867382,pond_emd_population_context,225.32042467180148,0.0225320424671801,0.0287348243269258,,,,,,,,,,2,16542.21938155485,pond_emd_population_context,616975.5364996376,61.697553649963766,19.670524411126035,934.0,3258.0,False,328131_322490,1,UNIQUE,정좌표,RELIABLE_POINT,True,1110938.0,5597188.0,AVAILABLE,AVAILABLE,A_CULTURE_TOURISM,문화·관광형,100–300m,True,True,True,BOTH,2324.0,3.4882226980728053,582.0780005960136,0.8090909090909091,0.8212765957446808,0.8090909090909091,0.8127659574468085
671,안계면 시안리 185,안계면,안계면,23.9,VWorld UQ164·UO601,VWorld UQ151,204.0,AVAILABLE,519.0,AVAILABLE,4208.0,575.0,1772.0,13.66444866920152,42.11026615969582,-43.0,2025.0,pond_emd_population_context,,,,,,,0,2011.892633753362,pond_emd_population_context,489761.3515345778,48.976135153457776,62.45863604669969,,,,,,,,,,0,7251.623618201482,pond_emd_population_context,1773015.6518915987,177.30156518915987,56.52760214725744,204.0,519.0,False,328041_323946,1,UNIQUE,정좌표,RELIABLE_POINT,True,804688.0,2874063.0,AVAILABLE,AVAILABLE,D_PRESERVATION,보존·기록형,100–300m,True,True,True,BOTH,315.0,2.5441176470588234,180.58059270099508,0.7727272727272727,0.7319148936170212,0.65,0.7531914893617021
672,안계면 양곡리 413,안계면,안계면,32.0,VWorld UQ164·UO601,VWorld UQ151,23.0,AVAILABLE,249.0,AVAILABLE,4208.0,575.0,1772.0,13.66444866920152,42.11026615969582,-43.0,2025.0,pond_emd_population_context,,,,,,,0,1173.2184531685616,pond_emd_population_context,267585.0592587527,26.75850592587527,34.12477888549163,,,,,,,,,,0,7699.473900078469,pond_emd_population_context,1243400.9699935312,124.34009699935312,39.64233212849584,23.0,249.0,False,328922_323819,1,UNIQUE,정좌표,RELIABLE_POINT,True,396875.0,1457188.0,AVAILABLE,AVAILABLE,D_PRESERVATION,보존·기록형,300–500m,True,True,True,BOTH,226.0,10.826086956521738,170.87705910287485,0.2159090909090909,0.5617021276595745,0.5772727272727273,0.7361702127659574
673,안계면 시안리 295,안계면,안계면,23.0,VWorld UQ164·UO601,VWorld UQ151,98.0,AVAILABLE,608.0,AVAILABLE,4208.0,575.0,1772.0,13.66444866920152,42.11026615969582,-43.0,2025.0,pond_emd_population_context,,,,,,,0,2109.8526603884084,pond_emd_population_context,198776.55387172583,19.877655387172585,25.349718580264053,,,,,,,,,,0,10394.73689707305,pond_emd_population_context,936883.2946790542,93.68832946790542,29.869880778281622,98.0,608.0,False,328277_323005,1,UNIQUE,정좌표,RELIABLE_POINT,True,503438.0,2958750.0,AVAILABLE,AVAILABLE,D_PRESERVATION,보존·기록형,0–100m,True,True,True,BOTH,510.0,6.204081632653061,205.4921841994085,0.6136363636363636,0.7510638297872341,0.7363636363636363,0.7787234042553192
674,다인면 산내리 167,다인면,다인면,27.0,VWorld UQ164·UO601,VWorld UQ151,,DATA_NOT_AVAILABLE,,DATA_NOT_AVAILABLE,3543.0,296.0,1983.0,8.354501834603443,55.96951735817104,-53.0,2025.0,pond_emd_population_context,,,,,,,0,0.0,pond_emd_population_context,316843.1076649908,31.68431076649908,40.40659452516186,,,,,,,,,,0,2487.183217828184,pond_emd_population_context,1211805.1565997018,121.18051565997018,38.6349887544315,,,False,319887_326263,1,UNIQUE,정좌표,RELIABLE_POINT,True,,,DATA_NOT_AVAILABLE,DATA_NOT_AVAILABLE,B_ECO_EDUCATION,생태·교육형,500m 이상,False,False,False,NONE,,,,,,,
675,다인면 가원리 1279-1,다인면,다인면,18.0,VWorld UQ164·UO601,VWorld UQ151,158.0,AVAILABLE,457.0,AVAILABLE,3543.0,296.0,1983.0,8.354501834603443,55.96951735817104,-53.0,2025.0,pond_emd_population_context,,,,,,,0,1245.3545354663397,pond_emd_population_context,243155.2630041656,24.31552630041656,31.009278350017965,,,,,,,,,,0,5021.431296643777,pond_emd_population_context,1162541.5402749844,116.25415402749844,37.064357327141074,158.0,457.0,False,320439_326010,1,UNIQUE,정좌표,RELIABLE_POINT,True,840938.0,3273125.0,AVAILABLE,AVAILABLE,D_PRESERVATION,보존·기록형,300–500m,True,True,True,BOTH,299.0,2.892405063291139,139.62192094710713,0.7318181818181818,0.7021276595744681,0.6318181818181818,0.5957446808510638
676,다인면 송호리 24,다인면,다인면,9.1,VWorld UQ164·UO601,VWorld UQ151,53.0,AVAILABLE,103.0,AVAILABLE,3543.0,296.0,1983.0,8.354501834603443,55.96951735817104,-53.0,2025.0,pond_emd_population_context,,,,,,,0,0.0,pond_emd_population_context,170517.71712679334,17.051771712679333,21.74590542958462,,,,,,,,,,0,0.0,pond_emd_population_context,703469.9834150913,70.34699834150913,22.42815583867012,53.0,103.0,False,324279_328652,1,UNIQUE,정좌표,RELIABLE_POINT,True,297813.0,1101563.0,AVAILABLE,AVAILABLE,B_ECO_EDUCATION,생태·교육형,500m 이상,True,True,True,BOTH,50.0,1.9433962264150944,93.50350365798415,0.3977272727272727,0.29148936170212764,0.19545454545454546,0.3446808510638298
677,다인면 도암리 999,다인면,다인면,15.0,VWorld UQ164·UO601,VWorld UQ151,439.0,AVAILABLE,1129.0,AVAILABLE,3543.0,296.0,1983.0,8.354501834603443,55.96951735817104,-53.0,2025.0,pond_emd_population_context,,,,,,,1,2540.275723497025,pond_emd_population_context,479751.55803091126,47.97515580309113,61.182099939084864,,,,,,,,,,2,12107.915571163703,pond_emd_population_context,1331484.7661619466,133.14847661619467,42.45063547320468,439.0,1129.0,False,320806_329124,1,UNIQUE,정좌표,RELIABLE_POINT,True,1416563.0,5944063.0,AVAILABLE,AVAILABLE,A_CULTURE_TOURISM,문화·관광형,0–100m,True,True,True,BOTH,690.0,2.571753986332574,189.93742159193133,0.7954545454545454,0.8,0.7727272727272727,0.7702127659574468
678,다인면 도암리 539-01,다인면,다인면,21.0,VWorld UQ164·UO601,VWorld UQ151,198.0,AVAILABLE,979.0,AVAILABLE,3543.0,296.0,1983.0,8.354501834603443,55.96951735817104,-53.0,2025.0,pond_emd_population_context,,,,,,,0,2175.208920139148,pond_emd_population_context,628697.5777830533,62.86975777830533,80.17699451203237,,,,,,,,,,1,6337.040819539015,pond_emd_population_context,1976616.4746666148,197.6616474666615,63.0188399963997,198.0,979.0,False,321949_329679,1,UNIQUE,정좌표,RELIABLE_POINT,True,846250.0,4295625.0,AVAILABLE,AVAILABLE,A_CULTURE_TOURISM,문화·관광형,0–100m,True,True,True,BOTH,781.0,4.944444444444445,227.90630001454969,0.7681818181818182,0.7957446808510639,0.7818181818181819,0.7914893617021277
679,다인면 도암리 61,다인면,다인면,615.0,VWorld UQ164·UO601,VWorld UQ151,128.0,AVAILABLE,423.0,AVAILABLE,3543.0,296.0,1983.0,8.354501834603443,55.96951735817104,-53.0,2025.0,pond_emd_population_context,,,,,,,0,2316.762926398228,pond_emd_population_context,544489.9267589552,54.448992675895525,69.43810094441628,,,,,,,,,,0,6487.568553714489,pond_emd_population_context,1948665.5194760857,194.86655194760857,62.127702643517125,128.0,423.0,False,322471_329709,1,UNIQUE,정좌표,RELIABLE_POINT,True,723125.0,3259375.0,AVAILABLE,AVAILABLE,D_PRESERVATION,보존·기록형,0–100m,True,True,True,BOTH,295.0,3.3046875,129.77948226270374,0.6931818181818182,0.6808510638297872,0.625,0.5404255319148936
680,다인면 덕지리 521,다인면,다인면,3.3,VWorld UQ164·UO601,VWorld UQ151,148.0,AVAILABLE,839.0,AVAILABLE,3543.0,296.0,1983.0,8.354501834603443,55.96951735817104,-53.0,2025.0,pond_emd_population_context,,,,,,,0,2170.117546181528,pond_emd_population_context,154019.27784404362,15.401927784404362,19.64188066064144,,,,,,,,,,0,4547.292107293595,pond_emd_population_context,756979.1259729352,75.69791259729352,24.13414389270881,148.0,839.0,False,319509_328142,1,UNIQUE,정좌표,RELIABLE_POINT,True,1164688.0,4467813.0,AVAILABLE,AVAILABLE,D_PRESERVATION,보존·기록형,0–100m,True,True,True,BOTH,691.0,5.668918918918919,187.7876267426591,0.7204545454545455,0.7829787234042553,0.7772727272727272,0.7659574468085106
681,다인면 삼분리 650,다인면,다인면,97.5,VWorld UQ164·UO601,VWorld UQ151,,DATA_NOT_AVAILABLE,,DATA_NOT_AVAILABLE,3543.0,296.0,1983.0,8.354501834603443,55.96951735817104,-53.0,2025.0,pond_emd_population_context,,,,,,,0,0.0,pond_emd_population_context,581119.5960648956,58.11195960648956,74.10943561899231,,,,,,,,,,0,3142.817231387106,pond_emd_population_context,2288763.107503157,228.87631075031567,72.97075477716606,,,False,326586_325569,1,UNIQUE,정좌표,RELIABLE_POINT,True,,,DATA_NOT_AVAILABLE,DATA_NOT_AVAILABLE,B_ECO_EDUCATION,생태·교육형,500m 이상,False,False,False,NONE,,,,,,,
682,다인면 삼분리 1073,다인면,다인면,25.0,VWorld UQ164·UO601,VWorld UQ151,183.0,AVAILABLE,368.0,AVAILABLE,3543.0,296.0,1983.0,8.354501834603443,55.96951735817104,-53.0,2025.0,pond_emd_population_context,,,,,,,0,1820.736318493616,pond_emd_population_context,608435.4532059231,60.84354532059231,77.59299179207395,,,,,,,,,,0,4985.738905085824,pond_emd_population_context,2469297.134044094,246.9297134044094,78.7265729028892,183.0,368.0,False,325965_325410,1,UNIQUE,정좌표,RELIABLE_POINT,True,787188.0,3813438.0,AVAILABLE,AVAILABLE,D_PRESERVATION,보존·기록형,100–300m,True,True,True,BOTH,185.0,2.010928961748634,96.50084779141551,0.7477272727272727,0.6340425531914894,0.5295454545454545,0.3659574468085106
683,다인면 삼분리 1814,다인면,다인면,35.0,VWorld UQ164·UO601,VWorld UQ151,138.0,AVAILABLE,483.0,AVAILABLE,3543.0,296.0,1983.0,8.354501834603443,55.96951735817104,-53.0,2025.0,pond_emd_population_context,,,,,,,0,1374.6226982322637,pond_emd_population_context,647188.0141524909,64.71880141524909,82.53505611065532,,,,,,,,,,0,3508.3759786984406,pond_emd_population_context,2127119.8667348674,212.71198667348676,67.81721606238101,138.0,483.0,False,324582_325261,1,UNIQUE,정좌표,RELIABLE_POINT,True,983438.0,5192500.0,AVAILABLE,AVAILABLE,D_PRESERVATION,보존·기록형,100–300m,True,True,True,BOTH,345.0,3.5,93.01877708233029,0.7090909090909091,0.7191489361702128,0.6909090909090909,0.33617021276595743
684,다인면 삼분리 1351,다인면,다인면,9.8,VWorld UQ164·UO601,VWorld UQ151,,DATA_NOT_AVAILABLE,,DATA_NOT_AVAILABLE,3543.0,296.0,1983.0,8.354501834603443,55.96951735817104,-53.0,2025.0,pond_emd_population_context,,,,,,,0,0.0,pond_emd_population_context,234520.1983089765,23.45201983089765,29.908059641464067,,,,,,,,,,0,2965.407798430316,pond_emd_population_context,1423075.188547915,142.3075188547915,45.370737702200586,,,False,325413_326290,1,UNIQUE,정좌표,RELIABLE_POINT,True,,,DATA_NOT_AVAILABLE,DATA_NOT_AVAILABLE,B_ECO_EDUCATION,생태·교육형,500m 이상,False,False,False,NONE,,,,,,,
685,다인면 삼분리 1310-01,다인면,다인면,35.0,VWorld UQ164·UO601,VWorld UQ151,78.0,AVAILABLE,233.0,AVAILABLE,3543.0,296.0,1983.0,8.354501834603443,55.96951735817104,-53.0,2025.0,pond_emd_population_context,,,,,,,0,1938.945847220935,pond_emd_population_context,328113.97120502533,32.811397120502534,41.84395327462892,,,,,,,,,,0,4697.127198306785,pond_emd_population_context,1364054.3832919942,136.40543832919943,43.4890258321683,78.0,233.0,False,326117_326432,1,UNIQUE,인근좌표,UNVERIFIED_NEARBY_POINT,False,385000.0,1861563.0,AVAILABLE,AVAILABLE,D_PRESERVATION,보존·기록형,100–300m,True,True,True,BOTH,155.0,2.9871794871794872,125.16363937186117,0.5590909090909091,0.5234042553191489,0.475,0.5148936170212766
686,다인면 외정리 496,다인면,다인면,38.0,VWorld UQ164·UO601,VWorld UQ151,,DATA_NOT_AVAILABLE,,DATA_NOT_AVAILABLE,3543.0,296.0,1983.0,8.354501834603443,55.96951735817104,-53.0,2025.0,pond_emd_population_context,,,,,,,0,478.8987910258117,pond_emd_population_context,468590.805295482,46.8590805295482,59.75878347908819,,,,,,,,,,0,2148.132721488212,pond_emd_population_context,1676361.732560675,167.63617325606748,53.446064602970935,,,False,323991_326940,1,UNIQUE,정좌표,RELIABLE_POINT,True,,,DATA_NOT_AVAILABLE,DATA_NOT_AVAILABLE,D_PRESERVATION,보존·기록형,300–500m,False,False,False,NONE,,,,,,,
687,다인면 외정리 107-01,다인면,다인면,9.0,VWorld UQ164·UO601,VWorld UQ151,,DATA_NOT_AVAILABLE,,DATA_NOT_AVAILABLE,3543.0,296.0,1983.0,8.354501834603443,55.96951735817104,-53.0,2025.0,pond_emd_population_context,,,,,,,0,0.0,pond_emd_population_context,167234.71763475335,16.723471763475334,21.327228721485188,,,,,,,,,,0,1913.347042342388,pond_emd_population_context,743663.6728879721,74.3663672887972,23.70961823576143,,,False,325209_327222,1,UNIQUE,정좌표,RELIABLE_POINT,True,,,DATA_NOT_AVAILABLE,DATA_NOT_AVAILABLE,B_ECO_EDUCATION,생태·교육형,500m 이상,False,False,False,NONE,,,,,,,
688,다인면 외정리 232,다인면,다인면,12.0,VWorld UQ164·UO601,VWorld UQ151,78.0,AVAILABLE,278.0,AVAILABLE,3543.0,296.0,1983.0,8.354501834603443,55.96951735817104,-53.0,2025.0,pond_emd_population_context,,,,,,,0,0.0,pond_emd_population_context,279631.74456720776,27.963174456720772,35.66107718851687,,,,,,,,,,0,1191.0989570488464,pond_emd_population_context,1103280.429336575,110.32804293365751,35.174983988356985,78.0,278.0,False,324236_327781,1,UNIQUE,정좌표,RELIABLE_POINT,True,682500.0,2467188.0,AVAILABLE,AVAILABLE,B_ECO_EDUCATION,생태·교육형,500m 이상,True,True,True,BOTH,200.0,3.5641025641025643,112.67888786748314,0.5590909090909091,0.5765957446808511,0.5409090909090909,0.4595744680851064
689,다인면 달제리 484,다인면,다인면,53.0,VWorld UQ164·UO601,VWorld UQ151,43.0,AVAILABLE,78.0,AVAILABLE,3543.0,296.0,1983.0,8.354501834603443,55.96951735817104,-53.0,2025.0,pond_emd_population_context,,,,,,,0,2207.410231971717,pond_emd_population_context,271681.42540495115,27.168142540495115,34.64718319819977,,,,,,,,,,0,4391.39675021828,pond_emd_population_context,594947.2310357224,59.49472310357224,18.96821403619281,43.0,78.0,False,325814_327849,1,UNIQUE,정좌표,RELIABLE_POINT,True,615313.0,1652813.0,AVAILABLE,AVAILABLE,D_PRESERVATION,보존·기록형,0–100m,True,True,True,BOTH,35.0,1.813953488372093,47.19227159999346,0.32272727272727275,0.2148936170212766,0.13636363636363635,0.10212765957446808
690,다인면 외정리 295,다인면,다인면,9.0,VWorld UQ164·UO601,VWorld UQ151,78.0,AVAILABLE,218.0,AVAILABLE,3543.0,296.0,1983.0,8.354501834603443,55.96951735817104,-53.0,2025.0,pond_emd_population_context,,,,,,,0,0.0,pond_emd_population_context,247678.0447262512,24.76780447262512,31.58606289337421,,,,,,,,,,0,1085.6536467947617,pond_emd_population_context,862789.7973211478,86.27897973211478,27.50761864264952,78.0,218.0,False,324725_327791,1,UNIQUE,정좌표,RELIABLE_POINT,True,485938.0,1699375.0,AVAILABLE,AVAILABLE,B_ECO_EDUCATION,생태·교육형,500m 이상,True,True,True,BOTH,140.0,2.7948717948717947,128.28245678558292,0.5590909090909091,0.4957446808510638,0.45,0.5319148936170213
691,다인면 신락리 137,다인면,다인면,41.0,VWorld UQ164·UO601,VWorld UQ151,,DATA_NOT_AVAILABLE,,DATA_NOT_AVAILABLE,3543.0,296.0,1983.0,8.354501834603443,55.96951735817104,-53.0,2025.0,pond_emd_population_context,,,,,,,0,820.0722504304701,pond_emd_population_context,622295.5354368477,62.22955354368477,79.36055027525396,,,,,,,,,,0,2270.72376944417,pond_emd_population_context,2089473.122315414,208.9473122315414,66.616955823047,,,False,323819_325678,1,UNIQUE,정좌표,RELIABLE_POINT,True,,,DATA_NOT_AVAILABLE,DATA_NOT_AVAILABLE,D_PRESERVATION,보존·기록형,100–300m,False,False,False,NONE,,,,,,,
692,다인면 신락리 63,다인면,다인면,3.2,VWorld UQ164·UO601,VWorld UQ151,,DATA_NOT_AVAILABLE,,DATA_NOT_AVAILABLE,3543.0,296.0,1983.0,8.354501834603443,55.96951735817104,-53.0,2025.0,pond_emd_population_context,,,,,,,0,0.0,pond_emd_population_context,237598.0290613529,23.759802906135285,30.300571443740164,,,,,,,,,,0,1657.7107405767329,pond_emd_population_context,1890783.6925889049,189.0783692588905,60.28230388556243,,,False,323784_324910,1,UNIQUE,정좌표,RELIABLE_POINT,True,,,DATA_NOT_AVAILABLE,DATA_NOT_AVAILABLE,B_ECO_EDUCATION,생태·교육형,500m 이상,False,False,False,NONE,,,,,,,
693,안평면 삼춘리 147-1,안평면,안평면,223.0,VWorld UQ164·UO601,VWorld UQ151,13.0,AVAILABLE,48.0,AVAILABLE,2053.0,108.0,1225.0,5.260594252313687,59.6687773989284,5.0,2025.0,pond_emd_population_context,,,,,,,0,2031.107530146555,pond_emd_population_context,0.0,0.0,0.0,,,,,,,,,,0,4123.827475818535,pond_emd_population_context,0.0,0.0,0.0,13.0,48.0,False,341811_326062,1,UNIQUE,정좌표,RELIABLE_POINT,True,356875.0,637500.0,AVAILABLE,AVAILABLE,D_PRESERVATION,보존·기록형,100–300m,True,True,True,BOTH,35.0,3.6923076923076925,75.29411764705883,0.10681818181818181,0.11702127659574468,0.13636363636363635,0.22127659574468084
695,안사면 중하리 126,안사면,안사면,913.2,VWorld UQ164·UO601,VWorld UQ151,5.0,AVAILABLE,28.0,AVAILABLE,833.0,62.0,478.0,7.44297719087635,57.38295318127251,-21.0,2025.0,pond_emd_population_context,,,,,,,0,0.0,pond_emd_population_context,0.0,0.0,0.0,,,,,,,,,,0,0.0,pond_emd_population_context,46242.802130550896,4.62428021305509,1.4743212888286157,5.0,28.0,False,335189_323302,1,UNIQUE,정좌표,RELIABLE_POINT,True,442500.0,846250.0,AVAILABLE,AVAILABLE,D_PRESERVATION,보존·기록형,500m 이상,True,True,True,BOTH,23.0,5.6,33.087149187592324,0.015909090909090907,0.05531914893617021,0.09090909090909091,0.05106382978723404
696,비안면 현산리 250-1,비안면,비안면,372.87,VWorld UQ164·UO601,VWorld UQ151,,DATA_NOT_AVAILABLE,,DATA_NOT_AVAILABLE,2465.0,177.0,1366.0,7.18052738336714,55.41582150101419,-74.0,2025.0,pond_emd_population_context,,,,,,,0,0.0,pond_emd_population_context,96674.43071430884,9.667443071430885,12.328765967521631,,,,,,,,,,0,0.0,pond_emd_population_context,291779.4282637714,29.17794282637714,9.302563921560418,,,False,336933_317123,1,UNIQUE,정좌표,RELIABLE_POINT,True,,,DATA_NOT_AVAILABLE,DATA_NOT_AVAILABLE,D_PRESERVATION,보존·기록형,500m 이상,False,False,False,NONE,,,,,,,
