pond_id,address,region,emd_name,coordinate_group_id,coordinate_group_size,coordinate_validation,sgis_analysis_eligible,sgis_population_5min,sgis_population_10min,sgis_population_gain_5_to_10,sgis_population_10min_rank_pct,emd_total_population,emd_youth_ratio,emd_elderly_ratio,emd_population_change,facility_count_1000m,accessibility_class,policy_analysis_status,sgis_10min_reach_band,sgis_expansion_band,community_context,mapped_facility_context,policy_evidence_flags,policy_review_context
1,의성읍 중리리 82유,의성읍,의성읍,352275_318212,41,UNVERIFIED_ADMIN_POINT,False,5167.0,9241.0,4074.0,0.9148936170212766,12086.0,15.497269568095318,35.89276849247063,-210.0,13,0–100m,EXCLUDED_COORDINATE_QUALITY,DATA_NOT_AVAILABLE,DATA_NOT_AVAILABLE,DATA_NOT_AVAILABLE,DATA_NOT_AVAILABLE,,FIELD_REVIEW_REQUIRED
2,의성읍 중리리 237-1유,의성읍,의성읍,352275_318212,41,UNVERIFIED_ADMIN_POINT,False,5167.0,9241.0,4074.0,0.9148936170212766,12086.0,15.497269568095318,35.89276849247063,-210.0,13,0–100m,EXCLUDED_COORDINATE_QUALITY,DATA_NOT_AVAILABLE,DATA_NOT_AVAILABLE,DATA_NOT_AVAILABLE,DATA_NOT_AVAILABLE,,FIELD_REVIEW_REQUIRED
3,의성읍 중리리 산 46-2 임,의성읍,의성읍,352275_318212,41,UNVERIFIED_ADMIN_POINT,False,5167.0,9241.0,4074.0,0.9148936170212766,12086.0,15.497269568095318,35.89276849247063,-210.0,13,0–100m,EXCLUDED_COORDINATE_QUALITY,DATA_NOT_AVAILABLE,DATA_NOT_AVAILABLE,DATA_NOT_AVAILABLE,DATA_NOT_AVAILABLE,,FIELD_REVIEW_REQUIRED
4,의성읍 중리리 산60-5구,의성읍,의성읍,352275_318212,41,UNVERIFIED_ADMIN_POINT,False,5167.0,9241.0,4074.0,0.9148936170212766,12086.0,15.497269568095318,35.89276849247063,-210.0,13,0–100m,EXCLUDED_COORDINATE_QUALITY,DATA_NOT_AVAILABLE,DATA_NOT_AVAILABLE,DATA_NOT_AVAILABLE,DATA_NOT_AVAILABLE,,FIELD_REVIEW_REQUIRED
5,의성읍 상리리 43유,의성읍,의성읍,352275_318212,41,UNVERIFIED_ADMIN_POINT,False,5167.0,9241.0,4074.0,0.9148936170212766,12086.0,15.497269568095318,35.89276849247063,-210.0,13,0–100m,EXCLUDED_COORDINATE_QUALITY,DATA_NOT_AVAILABLE,DATA_NOT_AVAILABLE,DATA_NOT_AVAILABLE,DATA_NOT_AVAILABLE,,FIELD_REVIEW_REQUIRED
6,의성읍 상리리 50-3유,의성읍,의성읍,352275_318212,41,UNVERIFIED_ADMIN_POINT,False,5167.0,9241.0,4074.0,0.9148936170212766,12086.0,15.497269568095318,35.89276849247063,-210.0,13,0–100m,EXCLUDED_COORDINATE_QUALITY,DATA_NOT_AVAILABLE,DATA_NOT_AVAILABLE,DATA_NOT_AVAILABLE,DATA_NOT_AVAILABLE,,FIELD_REVIEW_REQUIRED
7,의성읍 상리리 16-1유,의성읍,의성읍,352275_318212,41,UNVERIFIED_ADMIN_POINT,False,5167.0,9241.0,4074.0,0.9148936170212766,12086.0,15.497269568095318,35.89276849247063,-210.0,13,0–100m,EXCLUDED_COORDINATE_QUALITY,DATA_NOT_AVAILABLE,DATA_NOT_AVAILABLE,DATA_NOT_AVAILABLE,DATA_NOT_AVAILABLE,,FIELD_REVIEW_REQUIRED
8,의성읍 상리리 296답,의성읍,의성읍,352275_318212,41,UNVERIFIED_ADMIN_POINT,False,5167.0,9241.0,4074.0,0.9148936170212766,12086.0,15.497269568095318,35.89276849247063,-210.0,13,0–100m,EXCLUDED_COORDINATE_QUALITY,DATA_NOT_AVAILABLE,DATA_NOT_AVAILABLE,DATA_NOT_AVAILABLE,DATA_NOT_AVAILABLE,,FIELD_REVIEW_REQUIRED
9,의성읍 도동리 27유,의성읍,의성읍,352275_318212,41,UNVERIFIED_ADMIN_POINT,False,5167.0,9241.0,4074.0,0.9148936170212766,12086.0,15.497269568095318,35.89276849247063,-210.0,13,0–100m,EXCLUDED_COORDINATE_QUALITY,DATA_NOT_AVAILABLE,DATA_NOT_AVAILABLE,DATA_NOT_AVAILABLE,DATA_NOT_AVAILABLE,,FIELD_REVIEW_REQUIRED
10,의성읍 오로리 716-1유,의성읍,의성읍,352275_318212,41,UNVERIFIED_ADMIN_POINT,False,5167.0,9241.0,4074.0,0.9148936170212766,12086.0,15.497269568095318,35.89276849247063,-210.0,13,0–100m,EXCLUDED_COORDINATE_QUALITY,DATA_NOT_AVAILABLE,DATA_NOT_AVAILABLE,DATA_NOT_AVAILABLE,DATA_NOT_AVAILABLE,,FIELD_REVIEW_REQUIRED
11,의성읍 오로리 895유,의성읍,의성읍,352275_318212,41,UNVERIFIED_ADMIN_POINT,False,5167.0,9241.0,4074.0,0.9148936170212766,12086.0,15.497269568095318,35.89276849247063,-210.0,13,0–100m,EXCLUDED_COORDINATE_QUALITY,DATA_NOT_AVAILABLE,DATA_NOT_AVAILABLE,DATA_NOT_AVAILABLE,DATA_NOT_AVAILABLE,,FIELD_REVIEW_REQUIRED
12,의성읍 비봉리 570-1유,의성읍,의성읍,352275_318212,41,UNVERIFIED_ADMIN_POINT,False,5167.0,9241.0,4074.0,0.9148936170212766,12086.0,15.497269568095318,35.89276849247063,-210.0,13,0–100m,EXCLUDED_COORDINATE_QUALITY,DATA_NOT_AVAILABLE,DATA_NOT_AVAILABLE,DATA_NOT_AVAILABLE,DATA_NOT_AVAILABLE,,FIELD_REVIEW_REQUIRED
13,의성읍 비봉리 1009유,의성읍,의성읍,352275_318212,41,UNVERIFIED_ADMIN_POINT,False,5167.0,9241.0,4074.0,0.9148936170212766,12086.0,15.497269568095318,35.89276849247063,-210.0,13,0–100m,EXCLUDED_COORDINATE_QUALITY,DATA_NOT_AVAILABLE,DATA_NOT_AVAILABLE,DATA_NOT_AVAILABLE,DATA_NOT_AVAILABLE,,FIELD_REVIEW_REQUIRED
14,의성읍 비봉리 105-1유,의성읍,의성읍,352275_318212,41,UNVERIFIED_ADMIN_POINT,False,5167.0,9241.0,4074.0,0.9148936170212766,12086.0,15.497269568095318,35.89276849247063,-210.0,13,0–100m,EXCLUDED_COORDINATE_QUALITY,DATA_NOT_AVAILABLE,DATA_NOT_AVAILABLE,DATA_NOT_AVAILABLE,DATA_NOT_AVAILABLE,,FIELD_REVIEW_REQUIRED
15,의성읍 비봉리 360유,의성읍,의성읍,352275_318212,41,UNVERIFIED_ADMIN_POINT,False,5167.0,9241.0,4074.0,0.9148936170212766,12086.0,15.497269568095318,35.89276849247063,-210.0,13,0–100m,EXCLUDED_COORDINATE_QUALITY,DATA_NOT_AVAILABLE,DATA_NOT_AVAILABLE,DATA_NOT_AVAILABLE,DATA_NOT_AVAILABLE,,FIELD_REVIEW_REQUIRED
16,의성읍 비봉리 697유,의성읍,의성읍,352275_318212,41,UNVERIFIED_ADMIN_POINT,False,5167.0,9241.0,4074.0,0.9148936170212766,12086.0,15.497269568095318,35.89276849247063,-210.0,13,0–100m,EXCLUDED_COORDINATE_QUALITY,DATA_NOT_AVAILABLE,DATA_NOT_AVAILABLE,DATA_NOT_AVAILABLE,DATA_NOT_AVAILABLE,,FIELD_REVIEW_REQUIRED
17,의성읍 비봉리 535유,의성읍,의성읍,352275_318212,41,UNVERIFIED_ADMIN_POINT,False,5167.0,9241.0,4074.0,0.9148936170212766,12086.0,15.497269568095318,35.89276849247063,-210.0,13,0–100m,EXCLUDED_COORDINATE_QUALITY,DATA_NOT_AVAILABLE,DATA_NOT_AVAILABLE,DATA_NOT_AVAILABLE,DATA_NOT_AVAILABLE,,FIELD_REVIEW_REQUIRED
18,의성읍 비봉리 894-3유,의성읍,의성읍,352275_318212,41,UNVERIFIED_ADMIN_POINT,False,5167.0,9241.0,4074.0,0.9148936170212766,12086.0,15.497269568095318,35.89276849247063,-210.0,13,0–100m,EXCLUDED_COORDINATE_QUALITY,DATA_NOT_AVAILABLE,DATA_NOT_AVAILABLE,DATA_NOT_AVAILABLE,DATA_NOT_AVAILABLE,,FIELD_REVIEW_REQUIRED
19,의성읍 팔성리 449,의성읍,의성읍,352275_318212,41,UNVERIFIED_ADMIN_POINT,False,5167.0,9241.0,4074.0,0.9148936170212766,12086.0,15.497269568095318,35.89276849247063,-210.0,13,0–100m,EXCLUDED_COORDINATE_QUALITY,DATA_NOT_AVAILABLE,DATA_NOT_AVAILABLE,DATA_NOT_AVAILABLE,DATA_NOT_AVAILABLE,,FIELD_REVIEW_REQUIRED
20,의성읍 팔성리 560유,의성읍,의성읍,352275_318212,41,UNVERIFIED_ADMIN_POINT,False,5167.0,9241.0,4074.0,0.9148936170212766,12086.0,15.497269568095318,35.89276849247063,-210.0,13,0–100m,EXCLUDED_COORDINATE_QUALITY,DATA_NOT_AVAILABLE,DATA_NOT_AVAILABLE,DATA_NOT_AVAILABLE,DATA_NOT_AVAILABLE,,FIELD_REVIEW_REQUIRED
21,의성읍 팔성리 321유,의성읍,의성읍,352275_318212,41,UNVERIFIED_ADMIN_POINT,False,5167.0,9241.0,4074.0,0.9148936170212766,12086.0,15.497269568095318,35.89276849247063,-210.0,13,0–100m,EXCLUDED_COORDINATE_QUALITY,DATA_NOT_AVAILABLE,DATA_NOT_AVAILABLE,DATA_NOT_AVAILABLE,DATA_NOT_AVAILABLE,,FIELD_REVIEW_REQUIRED
22,의성읍 팔성리 395유,의성읍,의성읍,352275_318212,41,UNVERIFIED_ADMIN_POINT,False,5167.0,9241.0,4074.0,0.9148936170212766,12086.0,15.497269568095318,35.89276849247063,-210.0,13,0–100m,EXCLUDED_COORDINATE_QUALITY,DATA_NOT_AVAILABLE,DATA_NOT_AVAILABLE,DATA_NOT_AVAILABLE,DATA_NOT_AVAILABLE,,FIELD_REVIEW_REQUIRED
23,의성읍 오로리 847-4,의성읍,의성읍,352275_318212,41,UNVERIFIED_ADMIN_POINT,False,5167.0,9241.0,4074.0,0.9148936170212766,12086.0,15.497269568095318,35.89276849247063,-210.0,13,0–100m,EXCLUDED_COORDINATE_QUALITY,DATA_NOT_AVAILABLE,DATA_NOT_AVAILABLE,DATA_NOT_AVAILABLE,DATA_NOT_AVAILABLE,,FIELD_REVIEW_REQUIRED
24,의성읍 팔성리 730,의성읍,의성읍,352275_318212,41,UNVERIFIED_ADMIN_POINT,False,5167.0,9241.0,4074.0,0.9148936170212766,12086.0,15.497269568095318,35.89276849247063,-210.0,13,0–100m,EXCLUDED_COORDINATE_QUALITY,DATA_NOT_AVAILABLE,DATA_NOT_AVAILABLE,DATA_NOT_AVAILABLE,DATA_NOT_AVAILABLE,,FIELD_REVIEW_REQUIRED
25,의성읍 팔성리 846답,의성읍,의성읍,352275_318212,41,UNVERIFIED_ADMIN_POINT,False,5167.0,9241.0,4074.0,0.9148936170212766,12086.0,15.497269568095318,35.89276849247063,-210.0,13,0–100m,EXCLUDED_COORDINATE_QUALITY,DATA_NOT_AVAILABLE,DATA_NOT_AVAILABLE,DATA_NOT_AVAILABLE,DATA_NOT_AVAILABLE,,FIELD_REVIEW_REQUIRED
26,의성읍 용연리 512유,의성읍,의성읍,352275_318212,41,UNVERIFIED_ADMIN_POINT,False,5167.0,9241.0,4074.0,0.9148936170212766,12086.0,15.497269568095318,35.89276849247063,-210.0,13,0–100m,EXCLUDED_COORDINATE_QUALITY,DATA_NOT_AVAILABLE,DATA_NOT_AVAILABLE,DATA_NOT_AVAILABLE,DATA_NOT_AVAILABLE,,FIELD_REVIEW_REQUIRED
27,의성읍 용연리 151유,의성읍,의성읍,352275_318212,41,UNVERIFIED_ADMIN_POINT,False,5167.0,9241.0,4074.0,0.9148936170212766,12086.0,15.497269568095318,35.89276849247063,-210.0,13,0–100m,EXCLUDED_COORDINATE_QUALITY,DATA_NOT_AVAILABLE,DATA_NOT_AVAILABLE,DATA_NOT_AVAILABLE,DATA_NOT_AVAILABLE,,FIELD_REVIEW_REQUIRED
28,의성읍 용연리 296답,의성읍,의성읍,352275_318212,41,UNVERIFIED_ADMIN_POINT,False,5167.0,9241.0,4074.0,0.9148936170212766,12086.0,15.497269568095318,35.89276849247063,-210.0,13,0–100m,EXCLUDED_COORDINATE_QUALITY,DATA_NOT_AVAILABLE,DATA_NOT_AVAILABLE,DATA_NOT_AVAILABLE,DATA_NOT_AVAILABLE,,FIELD_REVIEW_REQUIRED
29,의성읍 상리리 210,의성읍,의성읍,352275_318212,41,UNVERIFIED_ADMIN_POINT,False,5167.0,9241.0,4074.0,0.9148936170212766,12086.0,15.497269568095318,35.89276849247063,-210.0,13,0–100m,EXCLUDED_COORDINATE_QUALITY,DATA_NOT_AVAILABLE,DATA_NOT_AVAILABLE,DATA_NOT_AVAILABLE,DATA_NOT_AVAILABLE,,FIELD_REVIEW_REQUIRED
30,의성읍 철파리 502유,의성읍,의성읍,352275_318212,41,UNVERIFIED_ADMIN_POINT,False,5167.0,9241.0,4074.0,0.9148936170212766,12086.0,15.497269568095318,35.89276849247063,-210.0,13,0–100m,EXCLUDED_COORDINATE_QUALITY,DATA_NOT_AVAILABLE,DATA_NOT_AVAILABLE,DATA_NOT_AVAILABLE,DATA_NOT_AVAILABLE,,FIELD_REVIEW_REQUIRED
31,의성읍 철파리 36유,의성읍,의성읍,352275_318212,41,UNVERIFIED_ADMIN_POINT,False,5167.0,9241.0,4074.0,0.9148936170212766,12086.0,15.497269568095318,35.89276849247063,-210.0,13,0–100m,EXCLUDED_COORDINATE_QUALITY,DATA_NOT_AVAILABLE,DATA_NOT_AVAILABLE,DATA_NOT_AVAILABLE,DATA_NOT_AVAILABLE,,FIELD_REVIEW_REQUIRED
32,의성읍 업리 202유,의성읍,의성읍,352275_318212,41,UNVERIFIED_ADMIN_POINT,False,5167.0,9241.0,4074.0,0.9148936170212766,12086.0,15.497269568095318,35.89276849247063,-210.0,13,0–100m,EXCLUDED_COORDINATE_QUALITY,DATA_NOT_AVAILABLE,DATA_NOT_AVAILABLE,DATA_NOT_AVAILABLE,DATA_NOT_AVAILABLE,,FIELD_REVIEW_REQUIRED
33,의성읍 업리 470유,의성읍,의성읍,352275_318212,41,UNVERIFIED_ADMIN_POINT,False,5167.0,9241.0,4074.0,0.9148936170212766,12086.0,15.497269568095318,35.89276849247063,-210.0,13,0–100m,EXCLUDED_COORDINATE_QUALITY,DATA_NOT_AVAILABLE,DATA_NOT_AVAILABLE,DATA_NOT_AVAILABLE,DATA_NOT_AVAILABLE,,FIELD_REVIEW_REQUIRED
34,의성읍 업리 850유,의성읍,의성읍,352275_318212,41,UNVERIFIED_ADMIN_POINT,False,5167.0,9241.0,4074.0,0.9148936170212766,12086.0,15.497269568095318,35.89276849247063,-210.0,13,0–100m,EXCLUDED_COORDINATE_QUALITY,DATA_NOT_AVAILABLE,DATA_NOT_AVAILABLE,DATA_NOT_AVAILABLE,DATA_NOT_AVAILABLE,,FIELD_REVIEW_REQUIRED
35,의성읍 업리 244유,의성읍,의성읍,352275_318212,41,UNVERIFIED_ADMIN_POINT,False,5167.0,9241.0,4074.0,0.9148936170212766,12086.0,15.497269568095318,35.89276849247063,-210.0,13,0–100m,EXCLUDED_COORDINATE_QUALITY,DATA_NOT_AVAILABLE,DATA_NOT_AVAILABLE,DATA_NOT_AVAILABLE,DATA_NOT_AVAILABLE,,FIELD_REVIEW_REQUIRED
36,의성읍 업리 306답,의성읍,의성읍,352275_318212,41,UNVERIFIED_ADMIN_POINT,False,5167.0,9241.0,4074.0,0.9148936170212766,12086.0,15.497269568095318,35.89276849247063,-210.0,13,0–100m,EXCLUDED_COORDINATE_QUALITY,DATA_NOT_AVAILABLE,DATA_NOT_AVAILABLE,DATA_NOT_AVAILABLE,DATA_NOT_AVAILABLE,,FIELD_REVIEW_REQUIRED
37,의성읍 업리 922-1유,의성읍,의성읍,352275_318212,41,UNVERIFIED_ADMIN_POINT,False,5167.0,9241.0,4074.0,0.9148936170212766,12086.0,15.497269568095318,35.89276849247063,-210.0,13,0–100m,EXCLUDED_COORDINATE_QUALITY,DATA_NOT_AVAILABLE,DATA_NOT_AVAILABLE,DATA_NOT_AVAILABLE,DATA_NOT_AVAILABLE,,FIELD_REVIEW_REQUIRED
38,의성읍 업리 871유,의성읍,의성읍,352275_318212,41,UNVERIFIED_ADMIN_POINT,False,5167.0,9241.0,4074.0,0.9148936170212766,12086.0,15.497269568095318,35.89276849247063,-210.0,13,0–100m,EXCLUDED_COORDINATE_QUALITY,DATA_NOT_AVAILABLE,DATA_NOT_AVAILABLE,DATA_NOT_AVAILABLE,DATA_NOT_AVAILABLE,,FIELD_REVIEW_REQUIRED
39,의성읍 업리 148유,의성읍,의성읍,352275_318212,41,UNVERIFIED_ADMIN_POINT,False,5167.0,9241.0,4074.0,0.9148936170212766,12086.0,15.497269568095318,35.89276849247063,-210.0,13,0–100m,EXCLUDED_COORDINATE_QUALITY,DATA_NOT_AVAILABLE,DATA_NOT_AVAILABLE,DATA_NOT_AVAILABLE,DATA_NOT_AVAILABLE,,FIELD_REVIEW_REQUIRED
40,의성읍 업리 1141유,의성읍,의성읍,352275_318212,41,UNVERIFIED_ADMIN_POINT,False,5167.0,9241.0,4074.0,0.9148936170212766,12086.0,15.497269568095318,35.89276849247063,-210.0,13,0–100m,EXCLUDED_COORDINATE_QUALITY,DATA_NOT_AVAILABLE,DATA_NOT_AVAILABLE,DATA_NOT_AVAILABLE,DATA_NOT_AVAILABLE,,FIELD_REVIEW_REQUIRED
41,의성읍 업리 393,의성읍,의성읍,352275_318212,41,UNVERIFIED_ADMIN_POINT,False,5167.0,9241.0,4074.0,0.9148936170212766,12086.0,15.497269568095318,35.89276849247063,-210.0,13,0–100m,EXCLUDED_COORDINATE_QUALITY,DATA_NOT_AVAILABLE,DATA_NOT_AVAILABLE,DATA_NOT_AVAILABLE,DATA_NOT_AVAILABLE,,FIELD_REVIEW_REQUIRED
42,단촌면 세촌리 1319유,단촌면,단촌면,347892_326140,1,RELIABLE_POINT,True,68.0,223.0,155.0,0.5063829787234042,1820.0,6.703296703296704,56.31868131868132,-6.0,0,0–100m,DESCRIPTIVE_EVIDENCE,MID,MID,GENERAL_EMD_CONTEXT,NO_MAPPED_FACILITY_CONTEXT,NO_MAPPED_FACILITY_CONTEXT,CONTEXT_ONLY
43,단촌면 하화리 117유,단촌면,단촌면,352731_324361,1,RELIABLE_POINT,True,5.0,123.0,118.0,0.3361702127659574,1820.0,6.703296703296704,56.31868131868132,-6.0,0,500m 이상,DESCRIPTIVE_EVIDENCE,MID,MID,GENERAL_EMD_CONTEXT,NO_MAPPED_FACILITY_CONTEXT,NO_MAPPED_FACILITY_CONTEXT,CONTEXT_ONLY
44,단촌면 하화리 209유,단촌면,단촌면,352190_324695,1,RELIABLE_POINT,True,,,,,1820.0,6.703296703296704,56.31868131868132,-6.0,0,500m 이상,INSUFFICIENT_SGIS_10MIN,DATA_NOT_AVAILABLE,DATA_NOT_AVAILABLE,DATA_NOT_AVAILABLE,DATA_NOT_AVAILABLE,,INSUFFICIENT_SGIS_10MIN
45,단촌면 하화리 223유,단촌면,단촌면,352091_325047,1,RELIABLE_POINT,True,,,,,1820.0,6.703296703296704,56.31868131868132,-6.0,0,300–500m,INSUFFICIENT_SGIS_10MIN,DATA_NOT_AVAILABLE,DATA_NOT_AVAILABLE,DATA_NOT_AVAILABLE,DATA_NOT_AVAILABLE,,INSUFFICIENT_SGIS_10MIN
46,단촌면 하화리 1213임,단촌면,단촌면,349025_324639,1,RELIABLE_POINT,True,,,,,1820.0,6.703296703296704,56.31868131868132,-6.0,0,500m 이상,INSUFFICIENT_SGIS_10MIN,DATA_NOT_AVAILABLE,DATA_NOT_AVAILABLE,DATA_NOT_AVAILABLE,DATA_NOT_AVAILABLE,,INSUFFICIENT_SGIS_10MIN
47,단촌면 상화리 32유,단촌면,단촌면,354442_322681,1,RELIABLE_POINT,True,,,,,1820.0,6.703296703296704,56.31868131868132,-6.0,0,500m 이상,INSUFFICIENT_SGIS_10MIN,DATA_NOT_AVAILABLE,DATA_NOT_AVAILABLE,DATA_NOT_AVAILABLE,DATA_NOT_AVAILABLE,,INSUFFICIENT_SGIS_10MIN
48,단촌면 상화리 산56임,단촌면,단촌면,354334_323310,1,RELIABLE_POINT,True,,,,,1820.0,6.703296703296704,56.31868131868132,-6.0,0,500m 이상,INSUFFICIENT_SGIS_10MIN,DATA_NOT_AVAILABLE,DATA_NOT_AVAILABLE,DATA_NOT_AVAILABLE,DATA_NOT_AVAILABLE,,INSUFFICIENT_SGIS_10MIN
49,단촌면 상화리 569-1유,단촌면,단촌면,353806_323939,1,RELIABLE_POINT,True,43.0,93.0,50.0,0.2553191489361702,1820.0,6.703296703296704,56.31868131868132,-6.0,0,500m 이상,DESCRIPTIVE_EVIDENCE,MID,MID,GENERAL_EMD_CONTEXT,NO_MAPPED_FACILITY_CONTEXT,NO_MAPPED_FACILITY_CONTEXT,CONTEXT_ONLY
50,단촌면 상화리 632답,단촌면,단촌면,353520_324217,1,RELIABLE_POINT,True,,,,,1820.0,6.703296703296704,56.31868131868132,-6.0,0,500m 이상,INSUFFICIENT_SGIS_10MIN,DATA_NOT_AVAILABLE,DATA_NOT_AVAILABLE,DATA_NOT_AVAILABLE,DATA_NOT_AVAILABLE,,INSUFFICIENT_SGIS_10MIN
51,단촌면 관덕리 624 유,단촌면,단촌면,352707_325808,1,RELIABLE_POINT,True,18.0,163.0,145.0,0.4297872340425532,1820.0,6.703296703296704,56.31868131868132,-6.0,0,100–300m,DESCRIPTIVE_EVIDENCE,MID,MID,GENERAL_EMD_CONTEXT,NO_MAPPED_FACILITY_CONTEXT,NO_MAPPED_FACILITY_CONTEXT,CONTEXT_ONLY
52,단촌면 병방리 산55임,단촌면,단촌면,355613_324499,1,RELIABLE_POINT,True,,,,,1820.0,6.703296703296704,56.31868131868132,-6.0,0,500m 이상,INSUFFICIENT_SGIS_10MIN,DATA_NOT_AVAILABLE,DATA_NOT_AVAILABLE,DATA_NOT_AVAILABLE,DATA_NOT_AVAILABLE,,INSUFFICIENT_SGIS_10MIN
53,단촌면 병방리 641유,단촌면,단촌면,355358_324775,1,RELIABLE_POINT,True,28.0,33.0,5.0,0.0723404255319148,1820.0,6.703296703296704,56.31868131868132,-6.0,0,500m 이상,DESCRIPTIVE_EVIDENCE,LOW,LOW,GENERAL_EMD_CONTEXT,NO_MAPPED_FACILITY_CONTEXT,NO_MAPPED_FACILITY_CONTEXT,CONTEXT_ONLY
54,단촌면 병방리 705유,단촌면,단촌면,353620_325603,1,RELIABLE_POINT,True,8.0,63.0,55.0,0.151063829787234,1820.0,6.703296703296704,56.31868131868132,-6.0,0,100–300m,DESCRIPTIVE_EVIDENCE,LOW,MID,GENERAL_EMD_CONTEXT,NO_MAPPED_FACILITY_CONTEXT,NO_MAPPED_FACILITY_CONTEXT,CONTEXT_ONLY
55,단촌면 병방리 889유,단촌면,단촌면,353711_326774,1,RELIABLE_POINT,True,128.0,278.0,150.0,0.5765957446808511,1820.0,6.703296703296704,56.31868131868132,-6.0,0,300–500m,DESCRIPTIVE_EVIDENCE,MID,MID,GENERAL_EMD_CONTEXT,NO_MAPPED_FACILITY_CONTEXT,NO_MAPPED_FACILITY_CONTEXT,CONTEXT_ONLY
56,단촌면 병방리 375유,단촌면,단촌면,354276_326391,1,RELIABLE_POINT,True,63.0,238.0,175.0,0.5319148936170213,1820.0,6.703296703296704,56.31868131868132,-6.0,0,300–500m,DESCRIPTIVE_EVIDENCE,MID,MID,GENERAL_EMD_CONTEXT,NO_MAPPED_FACILITY_CONTEXT,NO_MAPPED_FACILITY_CONTEXT,CONTEXT_ONLY
57,단촌면 구계리 산124임,단촌면,단촌면,358082_332078,1,RELIABLE_POINT,True,,,,,1820.0,6.703296703296704,56.31868131868132,-6.0,0,500m 이상,INSUFFICIENT_SGIS_10MIN,DATA_NOT_AVAILABLE,DATA_NOT_AVAILABLE,DATA_NOT_AVAILABLE,DATA_NOT_AVAILABLE,,INSUFFICIENT_SGIS_10MIN
58,단촌면 구계리 산220 임,단촌면,단촌면,356616_329991,1,RELIABLE_POINT,True,39.0,94.0,55.0,0.2638297872340425,1820.0,6.703296703296704,56.31868131868132,-6.0,0,500m 이상,DESCRIPTIVE_EVIDENCE,MID,MID,GENERAL_EMD_CONTEXT,NO_MAPPED_FACILITY_CONTEXT,NO_MAPPED_FACILITY_CONTEXT,CONTEXT_ONLY
59,단촌면 구계리 291유,단촌면,단촌면,355329_330911,1,RELIABLE_POINT,True,43.0,128.0,85.0,0.3489361702127659,1820.0,6.703296703296704,56.31868131868132,-6.0,1,500m 이상,DESCRIPTIVE_EVIDENCE,MID,MID,GENERAL_EMD_CONTEXT,MAPPED_FACILITY_PRESENT,NO_TOP_QUARTILE_SIGNAL,CONTEXT_ONLY
60,단촌면 구계리 937유,단촌면,단촌면,353663_331609,1,RELIABLE_POINT,True,,,,,1820.0,6.703296703296704,56.31868131868132,-6.0,0,500m 이상,INSUFFICIENT_SGIS_10MIN,DATA_NOT_AVAILABLE,DATA_NOT_AVAILABLE,DATA_NOT_AVAILABLE,DATA_NOT_AVAILABLE,,INSUFFICIENT_SGIS_10MIN
61,단촌면 구계리 733유,단촌면,단촌면,354147_329074,1,RELIABLE_POINT,True,,,,,1820.0,6.703296703296704,56.31868131868132,-6.0,0,500m 이상,INSUFFICIENT_SGIS_10MIN,DATA_NOT_AVAILABLE,DATA_NOT_AVAILABLE,DATA_NOT_AVAILABLE,DATA_NOT_AVAILABLE,,INSUFFICIENT_SGIS_10MIN
62,단촌면 구계리 905유,단촌면,단촌면,354244_331469,1,RELIABLE_POINT,True,,,,,1820.0,6.703296703296704,56.31868131868132,-6.0,0,500m 이상,INSUFFICIENT_SGIS_10MIN,DATA_NOT_AVAILABLE,DATA_NOT_AVAILABLE,DATA_NOT_AVAILABLE,DATA_NOT_AVAILABLE,,INSUFFICIENT_SGIS_10MIN
63,단촌면 방하리 1225유,단촌면,단촌면,348399_323305,1,RELIABLE_POINT,True,8.0,63.0,55.0,0.151063829787234,1820.0,6.703296703296704,56.31868131868132,-6.0,0,500m 이상,DESCRIPTIVE_EVIDENCE,LOW,MID,GENERAL_EMD_CONTEXT,NO_MAPPED_FACILITY_CONTEXT,NO_MAPPED_FACILITY_CONTEXT,CONTEXT_ONLY
64,단촌면 방하리 730 유,단촌면,단촌면,348957_321706,1,RELIABLE_POINT,True,48.0,63.0,15.0,0.151063829787234,1820.0,6.703296703296704,56.31868131868132,-6.0,0,500m 이상,DESCRIPTIVE_EVIDENCE,LOW,LOW,GENERAL_EMD_CONTEXT,NO_MAPPED_FACILITY_CONTEXT,NO_MAPPED_FACILITY_CONTEXT,CONTEXT_ONLY
65,단촌면 방하리 896유,단촌면,단촌면,348254_321747,1,RELIABLE_POINT,True,,,,,1820.0,6.703296703296704,56.31868131868132,-6.0,0,500m 이상,INSUFFICIENT_SGIS_10MIN,DATA_NOT_AVAILABLE,DATA_NOT_AVAILABLE,DATA_NOT_AVAILABLE,DATA_NOT_AVAILABLE,,INSUFFICIENT_SGIS_10MIN
66,단촌면 방하리 1249-1,단촌면,단촌면,348171_323783,1,RELIABLE_POINT,True,,,,,1820.0,6.703296703296704,56.31868131868132,-6.0,0,500m 이상,INSUFFICIENT_SGIS_10MIN,DATA_NOT_AVAILABLE,DATA_NOT_AVAILABLE,DATA_NOT_AVAILABLE,DATA_NOT_AVAILABLE,,INSUFFICIENT_SGIS_10MIN
67,단촌면 방하리 298유,단촌면,단촌면,348925_323326,1,RELIABLE_POINT,True,,,,,1820.0,6.703296703296704,56.31868131868132,-6.0,0,500m 이상,INSUFFICIENT_SGIS_10MIN,DATA_NOT_AVAILABLE,DATA_NOT_AVAILABLE,DATA_NOT_AVAILABLE,DATA_NOT_AVAILABLE,,INSUFFICIENT_SGIS_10MIN
68,단촌면 방하리 1273답,단촌면,단촌면,347367_322928,1,RELIABLE_POINT,True,,,,,1820.0,6.703296703296704,56.31868131868132,-6.0,0,500m 이상,INSUFFICIENT_SGIS_10MIN,DATA_NOT_AVAILABLE,DATA_NOT_AVAILABLE,DATA_NOT_AVAILABLE,DATA_NOT_AVAILABLE,,INSUFFICIENT_SGIS_10MIN
69,단촌면 방하리 828-2유,단촌면,단촌면,349101_321318,1,RELIABLE_POINT,True,,,,,1820.0,6.703296703296704,56.31868131868132,-6.0,0,500m 이상,INSUFFICIENT_SGIS_10MIN,DATA_NOT_AVAILABLE,DATA_NOT_AVAILABLE,DATA_NOT_AVAILABLE,DATA_NOT_AVAILABLE,,INSUFFICIENT_SGIS_10MIN
70,단촌면 방하리 110임,단촌면,단촌면,349818_323854,1,RELIABLE_POINT,True,,,,,1820.0,6.703296703296704,56.31868131868132,-6.0,0,300–500m,INSUFFICIENT_SGIS_10MIN,DATA_NOT_AVAILABLE,DATA_NOT_AVAILABLE,DATA_NOT_AVAILABLE,DATA_NOT_AVAILABLE,,INSUFFICIENT_SGIS_10MIN
71,단촌면 방하리 1337 유,단촌면,단촌면,347781_322146,1,RELIABLE_POINT,True,,,,,1820.0,6.703296703296704,56.31868131868132,-6.0,0,500m 이상,INSUFFICIENT_SGIS_10MIN,DATA_NOT_AVAILABLE,DATA_NOT_AVAILABLE,DATA_NOT_AVAILABLE,DATA_NOT_AVAILABLE,,INSUFFICIENT_SGIS_10MIN
72,단촌면 장림리 169유,단촌면,단촌면,347305_323387,1,RELIABLE_POINT,True,,,,,1820.0,6.703296703296704,56.31868131868132,-6.0,0,500m 이상,INSUFFICIENT_SGIS_10MIN,DATA_NOT_AVAILABLE,DATA_NOT_AVAILABLE,DATA_NOT_AVAILABLE,DATA_NOT_AVAILABLE,,INSUFFICIENT_SGIS_10MIN
73,단촌면 장림리 산10임,단촌면,단촌면,347997_324346,1,RELIABLE_POINT,True,,,,,1820.0,6.703296703296704,56.31868131868132,-6.0,0,500m 이상,INSUFFICIENT_SGIS_10MIN,DATA_NOT_AVAILABLE,DATA_NOT_AVAILABLE,DATA_NOT_AVAILABLE,DATA_NOT_AVAILABLE,,INSUFFICIENT_SGIS_10MIN
74,단촌면 장림리 616유,단촌면,단촌면,346771_325437,1,RELIABLE_POINT,True,58.0,98.0,40.0,0.274468085106383,1820.0,6.703296703296704,56.31868131868132,-6.0,0,500m 이상,DESCRIPTIVE_EVIDENCE,MID,LOW,GENERAL_EMD_CONTEXT,NO_MAPPED_FACILITY_CONTEXT,NO_MAPPED_FACILITY_CONTEXT,CONTEXT_ONLY
75,단촌면 장림리 103유,단촌면,단촌면,347574_324386,1,RELIABLE_POINT,True,,,,,1820.0,6.703296703296704,56.31868131868132,-6.0,0,500m 이상,INSUFFICIENT_SGIS_10MIN,DATA_NOT_AVAILABLE,DATA_NOT_AVAILABLE,DATA_NOT_AVAILABLE,DATA_NOT_AVAILABLE,,INSUFFICIENT_SGIS_10MIN
76,단촌면 장림리 821유,단촌면,단촌면,346268_323955,1,RELIABLE_POINT,True,13.0,73.0,60.0,0.1936170212765957,1820.0,6.703296703296704,56.31868131868132,-6.0,0,500m 이상,DESCRIPTIVE_EVIDENCE,LOW,MID,GENERAL_EMD_CONTEXT,NO_MAPPED_FACILITY_CONTEXT,NO_MAPPED_FACILITY_CONTEXT,CONTEXT_ONLY
77,단촌면 장림리 1010-1유,단촌면,단촌면,344737_325064,1,RELIABLE_POINT,True,,,,,1820.0,6.703296703296704,56.31868131868132,-6.0,0,500m 이상,INSUFFICIENT_SGIS_10MIN,DATA_NOT_AVAILABLE,DATA_NOT_AVAILABLE,DATA_NOT_AVAILABLE,DATA_NOT_AVAILABLE,,INSUFFICIENT_SGIS_10MIN
78,단촌면 장림리 982유,단촌면,단촌면,344912_325107,1,RELIABLE_POINT,True,13.0,83.0,70.0,0.2361702127659574,1820.0,6.703296703296704,56.31868131868132,-6.0,0,500m 이상,DESCRIPTIVE_EVIDENCE,MID,MID,GENERAL_EMD_CONTEXT,NO_MAPPED_FACILITY_CONTEXT,NO_MAPPED_FACILITY_CONTEXT,CONTEXT_ONLY
79,점곡면 황룡리 107유,점곡면,점곡면,357898_317288,1,RELIABLE_POINT,True,,43.0,,0.1042553191489361,1476.0,6.842818428184281,59.62059620596206,-30.0,0,500m 이상,DESCRIPTIVE_EVIDENCE,LOW,DATA_NOT_AVAILABLE,ELDERLY_HIGH,NO_MAPPED_FACILITY_CONTEXT,HIGH_ELDERLY_CONTEXT;NO_MAPPED_FACILITY_CONTEXT,COMMUNITY_SUPPORT_REVIEW
80,점곡면 황룡리 412유,점곡면,점곡면,357490_318609,1,RELIABLE_POINT,True,,,,,1476.0,6.842818428184281,59.62059620596206,-30.0,0,500m 이상,INSUFFICIENT_SGIS_10MIN,DATA_NOT_AVAILABLE,DATA_NOT_AVAILABLE,DATA_NOT_AVAILABLE,DATA_NOT_AVAILABLE,,INSUFFICIENT_SGIS_10MIN
81,점곡면 황룡리 493답,점곡면,점곡면,357018_319448,1,RELIABLE_POINT,True,48.0,258.0,210.0,0.5702127659574469,1476.0,6.842818428184281,59.62059620596206,-30.0,0,500m 이상,DESCRIPTIVE_EVIDENCE,MID,MID,ELDERLY_HIGH,NO_MAPPED_FACILITY_CONTEXT,HIGH_ELDERLY_CONTEXT;NO_MAPPED_FACILITY_CONTEXT,COMMUNITY_SUPPORT_REVIEW
82,점곡면 황룡리 384유,점곡면,점곡면,357585_318909,1,RELIABLE_POINT,True,48.0,168.0,120.0,0.4425531914893617,1476.0,6.842818428184281,59.62059620596206,-30.0,0,500m 이상,DESCRIPTIVE_EVIDENCE,MID,MID,ELDERLY_HIGH,NO_MAPPED_FACILITY_CONTEXT,HIGH_ELDERLY_CONTEXT;NO_MAPPED_FACILITY_CONTEXT,COMMUNITY_SUPPORT_REVIEW
83,점곡면 황룡리 371유,점곡면,점곡면,357549_318300,1,RELIABLE_POINT,True,,,,,1476.0,6.842818428184281,59.62059620596206,-30.0,0,500m 이상,INSUFFICIENT_SGIS_10MIN,DATA_NOT_AVAILABLE,DATA_NOT_AVAILABLE,DATA_NOT_AVAILABLE,DATA_NOT_AVAILABLE,,INSUFFICIENT_SGIS_10MIN
84,점곡면 황룡리 산32임,점곡면,점곡면,357569_318024,1,RELIABLE_POINT,True,43.0,103.0,60.0,0.2914893617021276,1476.0,6.842818428184281,59.62059620596206,-30.0,0,500m 이상,DESCRIPTIVE_EVIDENCE,MID,MID,ELDERLY_HIGH,NO_MAPPED_FACILITY_CONTEXT,HIGH_ELDERLY_CONTEXT;NO_MAPPED_FACILITY_CONTEXT,COMMUNITY_SUPPORT_REVIEW
85,점곡면 구암리 271유,점곡면,점곡면,357541_320632,1,RELIABLE_POINT,True,,,,,1476.0,6.842818428184281,59.62059620596206,-30.0,0,300–500m,INSUFFICIENT_SGIS_10MIN,DATA_NOT_AVAILABLE,DATA_NOT_AVAILABLE,DATA_NOT_AVAILABLE,DATA_NOT_AVAILABLE,,INSUFFICIENT_SGIS_10MIN
86,점곡면 구암리 78유,점곡면,점곡면,358738_320065,1,RELIABLE_POINT,True,83.0,413.0,330.0,0.6723404255319149,1476.0,6.842818428184281,59.62059620596206,-30.0,0,500m 이상,DESCRIPTIVE_EVIDENCE,HIGH,HIGH,ELDERLY_HIGH,NO_MAPPED_FACILITY_CONTEXT,HIGH_10MIN_REACH;HIGH_5_TO_10_EXPANSION;HIGH_ELDERLY_CONTEXT;NO_MAPPED_FACILITY_CONTEXT,COMMUNITY_SUPPORT_REVIEW
87,점곡면 구암리 658-1,점곡면,점곡면,359053_318556,1,RELIABLE_POINT,True,,,,,1476.0,6.842818428184281,59.62059620596206,-30.0,0,500m 이상,INSUFFICIENT_SGIS_10MIN,DATA_NOT_AVAILABLE,DATA_NOT_AVAILABLE,DATA_NOT_AVAILABLE,DATA_NOT_AVAILABLE,,INSUFFICIENT_SGIS_10MIN
88,점곡면 구암리 664유,점곡면,점곡면,358662_318412,1,RELIABLE_POINT,True,,,,,1476.0,6.842818428184281,59.62059620596206,-30.0,0,500m 이상,INSUFFICIENT_SGIS_10MIN,DATA_NOT_AVAILABLE,DATA_NOT_AVAILABLE,DATA_NOT_AVAILABLE,DATA_NOT_AVAILABLE,,INSUFFICIENT_SGIS_10MIN
89,점곡면 구암리 120유,점곡면,점곡면,359348_319981,1,RELIABLE_POINT,True,,,,,1476.0,6.842818428184281,59.62059620596206,-30.0,0,500m 이상,INSUFFICIENT_SGIS_10MIN,DATA_NOT_AVAILABLE,DATA_NOT_AVAILABLE,DATA_NOT_AVAILABLE,DATA_NOT_AVAILABLE,,INSUFFICIENT_SGIS_10MIN
90,점곡면 명고리 767유,점곡면,점곡면,356697_320910,1,RELIABLE_POINT,True,13.0,133.0,120.0,0.3574468085106383,1476.0,6.842818428184281,59.62059620596206,-30.0,0,500m 이상,DESCRIPTIVE_EVIDENCE,MID,MID,ELDERLY_HIGH,NO_MAPPED_FACILITY_CONTEXT,HIGH_ELDERLY_CONTEXT;NO_MAPPED_FACILITY_CONTEXT,COMMUNITY_SUPPORT_REVIEW
91,점곡면 명고리 757유,점곡면,점곡면,356418_321274,1,RELIABLE_POINT,True,5.0,93.0,88.0,0.2553191489361702,1476.0,6.842818428184281,59.62059620596206,-30.0,0,500m 이상,DESCRIPTIVE_EVIDENCE,MID,MID,ELDERLY_HIGH,NO_MAPPED_FACILITY_CONTEXT,HIGH_ELDERLY_CONTEXT;NO_MAPPED_FACILITY_CONTEXT,COMMUNITY_SUPPORT_REVIEW
92,점곡면 명고리 362유,점곡면,점곡면,356907_323024,1,RELIABLE_POINT,True,43.0,68.0,25.0,0.176595744680851,1476.0,6.842818428184281,59.62059620596206,-30.0,0,500m 이상,DESCRIPTIVE_EVIDENCE,LOW,LOW,ELDERLY_HIGH,NO_MAPPED_FACILITY_CONTEXT,HIGH_ELDERLY_CONTEXT;NO_MAPPED_FACILITY_CONTEXT,COMMUNITY_SUPPORT_REVIEW
93,점곡면 명고리 363유,점곡면,점곡면,356657_323093,1,RELIABLE_POINT,True,38.0,63.0,25.0,0.151063829787234,1476.0,6.842818428184281,59.62059620596206,-30.0,0,500m 이상,DESCRIPTIVE_EVIDENCE,LOW,LOW,ELDERLY_HIGH,NO_MAPPED_FACILITY_CONTEXT,HIGH_ELDERLY_CONTEXT;NO_MAPPED_FACILITY_CONTEXT,COMMUNITY_SUPPORT_REVIEW
94,점곡면 동변리 702유,점곡면,점곡면,360759_326469,1,RELIABLE_POINT,True,,,,,1476.0,6.842818428184281,59.62059620596206,-30.0,0,500m 이상,INSUFFICIENT_SGIS_10MIN,DATA_NOT_AVAILABLE,DATA_NOT_AVAILABLE,DATA_NOT_AVAILABLE,DATA_NOT_AVAILABLE,,INSUFFICIENT_SGIS_10MIN
95,점곡면 동변리 118-1유,점곡면,점곡면,360498_329881,1,RELIABLE_POINT,True,,,,,1476.0,6.842818428184281,59.62059620596206,-30.0,0,300–500m,INSUFFICIENT_SGIS_10MIN,DATA_NOT_AVAILABLE,DATA_NOT_AVAILABLE,DATA_NOT_AVAILABLE,DATA_NOT_AVAILABLE,,INSUFFICIENT_SGIS_10MIN
96,점곡면 동변리 299유,점곡면,점곡면,361853_328137,1,RELIABLE_POINT,True,,48.0,,0.1170212765957446,1476.0,6.842818428184281,59.62059620596206,-30.0,0,500m 이상,DESCRIPTIVE_EVIDENCE,LOW,DATA_NOT_AVAILABLE,ELDERLY_HIGH,NO_MAPPED_FACILITY_CONTEXT,HIGH_ELDERLY_CONTEXT;NO_MAPPED_FACILITY_CONTEXT,COMMUNITY_SUPPORT_REVIEW
97,점곡면 사촌리 32답,점곡면,점곡면,358267_330154,1,RELIABLE_POINT,True,,13.0,,0.0212765957446808,1476.0,6.842818428184281,59.62059620596206,-30.0,0,500m 이상,DESCRIPTIVE_EVIDENCE,LOW,DATA_NOT_AVAILABLE,ELDERLY_HIGH,NO_MAPPED_FACILITY_CONTEXT,HIGH_ELDERLY_CONTEXT;NO_MAPPED_FACILITY_CONTEXT,COMMUNITY_SUPPORT_REVIEW
98,점곡면 송내리 456유,점곡면,점곡면,355491_327506,1,RELIABLE_POINT,True,108.0,383.0,275.0,0.6425531914893617,1476.0,6.842818428184281,59.62059620596206,-30.0,0,300–500m,DESCRIPTIVE_EVIDENCE,HIGH,MID,ELDERLY_HIGH,NO_MAPPED_FACILITY_CONTEXT,HIGH_10MIN_REACH;HIGH_ELDERLY_CONTEXT;NO_MAPPED_FACILITY_CONTEXT,COMMUNITY_SUPPORT_REVIEW
99,점곡면 윤암리 808,점곡면,점곡면,359613_322626,1,RELIABLE_POINT,True,,,,,1476.0,6.842818428184281,59.62059620596206,-30.0,0,500m 이상,INSUFFICIENT_SGIS_10MIN,DATA_NOT_AVAILABLE,DATA_NOT_AVAILABLE,DATA_NOT_AVAILABLE,DATA_NOT_AVAILABLE,,INSUFFICIENT_SGIS_10MIN
100,점곡면 윤암리 916유,점곡면,점곡면,358440_321486,1,RELIABLE_POINT,True,103.0,328.0,225.0,0.6127659574468085,1476.0,6.842818428184281,59.62059620596206,-30.0,0,0–100m,DESCRIPTIVE_EVIDENCE,MID,MID,ELDERLY_HIGH,NO_MAPPED_FACILITY_CONTEXT,HIGH_ELDERLY_CONTEXT;NO_MAPPED_FACILITY_CONTEXT,COMMUNITY_SUPPORT_REVIEW
101,점곡면 윤암리 289유,점곡면,점곡면,359312_325146,1,RELIABLE_POINT,True,73.0,598.0,525.0,0.7446808510638298,1476.0,6.842818428184281,59.62059620596206,-30.0,0,100–300m,DESCRIPTIVE_EVIDENCE,HIGH,HIGH,ELDERLY_HIGH,NO_MAPPED_FACILITY_CONTEXT,HIGH_10MIN_REACH;HIGH_5_TO_10_EXPANSION;HIGH_ELDERLY_CONTEXT;NO_MAPPED_FACILITY_CONTEXT,COMMUNITY_SUPPORT_REVIEW
102,점곡면 윤암리 678유,점곡면,점곡면,359795_322974,1,RELIABLE_POINT,True,,,,,1476.0,6.842818428184281,59.62059620596206,-30.0,0,500m 이상,INSUFFICIENT_SGIS_10MIN,DATA_NOT_AVAILABLE,DATA_NOT_AVAILABLE,DATA_NOT_AVAILABLE,DATA_NOT_AVAILABLE,,INSUFFICIENT_SGIS_10MIN
103,점곡면 윤암리 1022유,점곡면,점곡면,359426_321689,1,RELIABLE_POINT,True,,,,,1476.0,6.842818428184281,59.62059620596206,-30.0,0,500m 이상,INSUFFICIENT_SGIS_10MIN,DATA_NOT_AVAILABLE,DATA_NOT_AVAILABLE,DATA_NOT_AVAILABLE,DATA_NOT_AVAILABLE,,INSUFFICIENT_SGIS_10MIN
188,춘산면 옥정리 895유,춘산면,춘산면,363015_304007,1,RELIABLE_POINT,True,23.0,83.0,60.0,0.2361702127659574,1465.0,6.006825938566553,57.40614334470989,-17.0,0,0–100m,DESCRIPTIVE_EVIDENCE,MID,MID,GENERAL_EMD_CONTEXT,NO_MAPPED_FACILITY_CONTEXT,NO_MAPPED_FACILITY_CONTEXT,CONTEXT_ONLY
189,춘산면 옥정리 1186,춘산면,춘산면,362762_303070,1,RELIABLE_POINT,True,,,,,1465.0,6.006825938566553,57.40614334470989,-17.0,0,100–300m,INSUFFICIENT_SGIS_10MIN,DATA_NOT_AVAILABLE,DATA_NOT_AVAILABLE,DATA_NOT_AVAILABLE,DATA_NOT_AVAILABLE,,INSUFFICIENT_SGIS_10MIN
190,춘산면 옥정리 480유,춘산면,춘산면,362560_304935,1,RELIABLE_POINT,True,63.0,388.0,325.0,0.648936170212766,1465.0,6.006825938566553,57.40614334470989,-17.0,3,300–500m,DESCRIPTIVE_EVIDENCE,HIGH,HIGH,GENERAL_EMD_CONTEXT,MAPPED_FACILITY_PRESENT,HIGH_10MIN_REACH;HIGH_5_TO_10_EXPANSION,ACCESS_AND_REACH_REVIEW
191,춘산면 옥정리 875유,춘산면,춘산면,362609_304016,1,RELIABLE_POINT,True,,,,,1465.0,6.006825938566553,57.40614334470989,-17.0,0,300–500m,INSUFFICIENT_SGIS_10MIN,DATA_NOT_AVAILABLE,DATA_NOT_AVAILABLE,DATA_NOT_AVAILABLE,DATA_NOT_AVAILABLE,,INSUFFICIENT_SGIS_10MIN
192,춘산면 옥정리 253유,춘산면,춘산면,362546_305953,1,RELIABLE_POINT,True,,,,,1465.0,6.006825938566553,57.40614334470989,-17.0,3,300–500m,INSUFFICIENT_SGIS_10MIN,DATA_NOT_AVAILABLE,DATA_NOT_AVAILABLE,DATA_NOT_AVAILABLE,DATA_NOT_AVAILABLE,,INSUFFICIENT_SGIS_10MIN
193,춘산면 옥정리 568,춘산면,춘산면,363037_304837,1,RELIABLE_POINT,True,43.0,398.0,355.0,0.6617021276595745,1465.0,6.006825938566553,57.40614334470989,-17.0,3,0–100m,DESCRIPTIVE_EVIDENCE,HIGH,HIGH,GENERAL_EMD_CONTEXT,MAPPED_FACILITY_PRESENT,HIGH_10MIN_REACH;HIGH_5_TO_10_EXPANSION,ACCESS_AND_REACH_REVIEW
194,춘산면 금오리 37유,춘산면,춘산면,370023_302381,1,RELIABLE_POINT,True,183.0,458.0,275.0,0.7063829787234043,1465.0,6.006825938566553,57.40614334470989,-17.0,0,0–100m,DESCRIPTIVE_EVIDENCE,HIGH,MID,GENERAL_EMD_CONTEXT,NO_MAPPED_FACILITY_CONTEXT,HIGH_10MIN_REACH;NO_MAPPED_FACILITY_CONTEXT,ACCESS_AND_REACH_REVIEW
195,춘산면 금오리 산61임,춘산면,춘산면,368714_302687,1,RELIABLE_POINT,True,,,,,1465.0,6.006825938566553,57.40614334470989,-17.0,0,300–500m,INSUFFICIENT_SGIS_10MIN,DATA_NOT_AVAILABLE,DATA_NOT_AVAILABLE,DATA_NOT_AVAILABLE,DATA_NOT_AVAILABLE,,INSUFFICIENT_SGIS_10MIN
196,춘산면 금오리 382-1유,춘산면,춘산면,368301_303505,1,RELIABLE_POINT,True,,,,,1465.0,6.006825938566553,57.40614334470989,-17.0,0,100–300m,INSUFFICIENT_SGIS_10MIN,DATA_NOT_AVAILABLE,DATA_NOT_AVAILABLE,DATA_NOT_AVAILABLE,DATA_NOT_AVAILABLE,,INSUFFICIENT_SGIS_10MIN
197,춘산면 신흥리 782답,춘산면,춘산면,365682_305190,1,RELIABLE_POINT,True,88.0,498.0,410.0,0.723404255319149,1465.0,6.006825938566553,57.40614334470989,-17.0,0,100–300m,DESCRIPTIVE_EVIDENCE,HIGH,HIGH,GENERAL_EMD_CONTEXT,NO_MAPPED_FACILITY_CONTEXT,HIGH_10MIN_REACH;HIGH_5_TO_10_EXPANSION;NO_MAPPED_FACILITY_CONTEXT,ACCESS_AND_REACH_REVIEW
198,춘산면 신흥리 535 유,춘산면,춘산면,365433_304339,1,RELIABLE_POINT,True,,,,,1465.0,6.006825938566553,57.40614334470989,-17.0,0,500m 이상,INSUFFICIENT_SGIS_10MIN,DATA_NOT_AVAILABLE,DATA_NOT_AVAILABLE,DATA_NOT_AVAILABLE,DATA_NOT_AVAILABLE,,INSUFFICIENT_SGIS_10MIN
199,춘산면 신흥리 480답,춘산면,춘산면,366024_305116,1,RELIABLE_POINT,True,148.0,553.0,405.0,0.7361702127659574,1465.0,6.006825938566553,57.40614334470989,-17.0,0,0–100m,DESCRIPTIVE_EVIDENCE,HIGH,HIGH,GENERAL_EMD_CONTEXT,NO_MAPPED_FACILITY_CONTEXT,HIGH_10MIN_REACH;HIGH_5_TO_10_EXPANSION;NO_MAPPED_FACILITY_CONTEXT,ACCESS_AND_REACH_REVIEW
200,춘산면 신흥리 126유,춘산면,춘산면,367912_307045,1,RELIABLE_POINT,True,28.0,213.0,185.0,0.4893617021276595,1465.0,6.006825938566553,57.40614334470989,-17.0,0,100–300m,DESCRIPTIVE_EVIDENCE,MID,MID,GENERAL_EMD_CONTEXT,NO_MAPPED_FACILITY_CONTEXT,NO_MAPPED_FACILITY_CONTEXT,CONTEXT_ONLY
201,춘산면 신흥리 144,춘산면,춘산면,368320_306892,1,RELIABLE_POINT,True,,38.0,,0.0914893617021276,1465.0,6.006825938566553,57.40614334470989,-17.0,0,300–500m,DESCRIPTIVE_EVIDENCE,LOW,DATA_NOT_AVAILABLE,GENERAL_EMD_CONTEXT,NO_MAPPED_FACILITY_CONTEXT,NO_MAPPED_FACILITY_CONTEXT,CONTEXT_ONLY
202,춘산면 대사리 516유,춘산면,춘산면,363671_307891,1,RELIABLE_POINT,True,68.0,403.0,335.0,0.6680851063829787,1465.0,6.006825938566553,57.40614334470989,-17.0,0,0–100m,DESCRIPTIVE_EVIDENCE,HIGH,HIGH,GENERAL_EMD_CONTEXT,NO_MAPPED_FACILITY_CONTEXT,HIGH_10MIN_REACH;HIGH_5_TO_10_EXPANSION;NO_MAPPED_FACILITY_CONTEXT,ACCESS_AND_REACH_REVIEW
203,춘산면 대사리 186유,춘산면,춘산면,364773_306571,1,RELIABLE_POINT,True,13.0,323.0,310.0,0.6085106382978723,1465.0,6.006825938566553,57.40614334470989,-17.0,0,500m 이상,DESCRIPTIVE_EVIDENCE,MID,HIGH,GENERAL_EMD_CONTEXT,NO_MAPPED_FACILITY_CONTEXT,HIGH_5_TO_10_EXPANSION;NO_MAPPED_FACILITY_CONTEXT,ACCESS_AND_REACH_REVIEW
204,춘산면 대사리 147 유,춘산면,춘산면,364671_307906,1,RELIABLE_POINT,True,28.0,63.0,35.0,0.151063829787234,1465.0,6.006825938566553,57.40614334470989,-17.0,0,500m 이상,DESCRIPTIVE_EVIDENCE,LOW,LOW,GENERAL_EMD_CONTEXT,NO_MAPPED_FACILITY_CONTEXT,NO_MAPPED_FACILITY_CONTEXT,CONTEXT_ONLY
213,춘산면 빙계리 142유,춘산면,춘산면,359800_306520,1,RELIABLE_POINT,True,33.0,203.0,170.0,0.4808510638297872,1465.0,6.006825938566553,57.40614334470989,-17.0,0,500m 이상,DESCRIPTIVE_EVIDENCE,MID,MID,GENERAL_EMD_CONTEXT,NO_MAPPED_FACILITY_CONTEXT,NO_MAPPED_FACILITY_CONTEXT,CONTEXT_ONLY
214,춘산면 빙계리 109유,춘산면,춘산면,359507_306787,1,RELIABLE_POINT,True,13.0,173.0,160.0,0.4468085106382978,1465.0,6.006825938566553,57.40614334470989,-17.0,0,500m 이상,DESCRIPTIVE_EVIDENCE,MID,MID,GENERAL_EMD_CONTEXT,NO_MAPPED_FACILITY_CONTEXT,NO_MAPPED_FACILITY_CONTEXT,CONTEXT_ONLY
215,춘산면 사미리 645-1답,춘산면,춘산면,357648_307759,1,UNVERIFIED_NEARBY_POINT,False,,,,,1465.0,6.006825938566553,57.40614334470989,-17.0,0,300–500m,EXCLUDED_COORDINATE_QUALITY,DATA_NOT_AVAILABLE,DATA_NOT_AVAILABLE,DATA_NOT_AVAILABLE,DATA_NOT_AVAILABLE,,FIELD_REVIEW_REQUIRED
216,춘산면 사미리 292유,춘산면,춘산면,357623_306941,1,RELIABLE_POINT,True,,,,,1465.0,6.006825938566553,57.40614334470989,-17.0,0,100–300m,INSUFFICIENT_SGIS_10MIN,DATA_NOT_AVAILABLE,DATA_NOT_AVAILABLE,DATA_NOT_AVAILABLE,DATA_NOT_AVAILABLE,,INSUFFICIENT_SGIS_10MIN
217,춘산면 사미리 618답,춘산면,춘산면,357239_307748,1,RELIABLE_POINT,True,,,,,1465.0,6.006825938566553,57.40614334470989,-17.0,0,500m 이상,INSUFFICIENT_SGIS_10MIN,DATA_NOT_AVAILABLE,DATA_NOT_AVAILABLE,DATA_NOT_AVAILABLE,DATA_NOT_AVAILABLE,,INSUFFICIENT_SGIS_10MIN
218,춘산면 사미리 921유,춘산면,춘산면,357688_308177,1,RELIABLE_POINT,True,,28.0,,0.0553191489361702,1465.0,6.006825938566553,57.40614334470989,-17.0,0,300–500m,DESCRIPTIVE_EVIDENCE,LOW,DATA_NOT_AVAILABLE,GENERAL_EMD_CONTEXT,NO_MAPPED_FACILITY_CONTEXT,NO_MAPPED_FACILITY_CONTEXT,CONTEXT_ONLY
219,춘산면 효선리 62유,춘산면,춘산면,361907_308857,1,RELIABLE_POINT,True,,5.0,,0.0085106382978723,1465.0,6.006825938566553,57.40614334470989,-17.0,0,500m 이상,DESCRIPTIVE_EVIDENCE,LOW,DATA_NOT_AVAILABLE,GENERAL_EMD_CONTEXT,NO_MAPPED_FACILITY_CONTEXT,NO_MAPPED_FACILITY_CONTEXT,CONTEXT_ONLY
220,춘산면 효선리 1011유,춘산면,춘산면,358016_308579,1,RELIABLE_POINT,True,93.0,228.0,135.0,0.5148936170212766,1465.0,6.006825938566553,57.40614334470989,-17.0,0,100–300m,DESCRIPTIVE_EVIDENCE,MID,MID,GENERAL_EMD_CONTEXT,NO_MAPPED_FACILITY_CONTEXT,NO_MAPPED_FACILITY_CONTEXT,CONTEXT_ONLY
221,춘산면 효선리 1213답,춘산면,춘산면,357814_309030,1,RELIABLE_POINT,True,,,,,1465.0,6.006825938566553,57.40614334470989,-17.0,0,500m 이상,INSUFFICIENT_SGIS_10MIN,DATA_NOT_AVAILABLE,DATA_NOT_AVAILABLE,DATA_NOT_AVAILABLE,DATA_NOT_AVAILABLE,,INSUFFICIENT_SGIS_10MIN
222,춘산면 효선리 342유,춘산면,춘산면,359712_309308,1,RELIABLE_POINT,True,,,,,1465.0,6.006825938566553,57.40614334470989,-17.0,0,500m 이상,INSUFFICIENT_SGIS_10MIN,DATA_NOT_AVAILABLE,DATA_NOT_AVAILABLE,DATA_NOT_AVAILABLE,DATA_NOT_AVAILABLE,,INSUFFICIENT_SGIS_10MIN
223,춘산면 효선리 356유,춘산면,춘산면,359980_309329,1,RELIABLE_POINT,True,88.0,123.0,35.0,0.3361702127659574,1465.0,6.006825938566553,57.40614334470989,-17.0,0,500m 이상,DESCRIPTIVE_EVIDENCE,MID,LOW,GENERAL_EMD_CONTEXT,NO_MAPPED_FACILITY_CONTEXT,NO_MAPPED_FACILITY_CONTEXT,CONTEXT_ONLY
224,춘산면 효선리 1029유,춘산면,춘산면,358041_308279,1,RELIABLE_POINT,True,,,,,1465.0,6.006825938566553,57.40614334470989,-17.0,0,0–100m,INSUFFICIENT_SGIS_10MIN,DATA_NOT_AVAILABLE,DATA_NOT_AVAILABLE,DATA_NOT_AVAILABLE,DATA_NOT_AVAILABLE,,INSUFFICIENT_SGIS_10MIN
225,가음면 장리 499유,가음면,가음면,356203_306477,1,RELIABLE_POINT,True,,,,,1396.0,6.088825214899714,57.09169054441261,-32.0,0,500m 이상,INSUFFICIENT_SGIS_10MIN,DATA_NOT_AVAILABLE,DATA_NOT_AVAILABLE,DATA_NOT_AVAILABLE,DATA_NOT_AVAILABLE,,INSUFFICIENT_SGIS_10MIN
226,가음면 장리 176유,가음면,가음면,355919_305682,1,RELIABLE_POINT,True,193.0,733.0,540.0,0.7659574468085106,1396.0,6.088825214899714,57.09169054441261,-32.0,0,500m 이상,DESCRIPTIVE_EVIDENCE,HIGH,HIGH,GENERAL_EMD_CONTEXT,NO_MAPPED_FACILITY_CONTEXT,HIGH_10MIN_REACH;HIGH_5_TO_10_EXPANSION;NO_MAPPED_FACILITY_CONTEXT,ACCESS_AND_REACH_REVIEW
227,가음면 장리 828유,가음면,가음면,355210_306276,1,RELIABLE_POINT,True,,,,,1396.0,6.088825214899714,57.09169054441261,-32.0,1,500m 이상,INSUFFICIENT_SGIS_10MIN,DATA_NOT_AVAILABLE,DATA_NOT_AVAILABLE,DATA_NOT_AVAILABLE,DATA_NOT_AVAILABLE,,INSUFFICIENT_SGIS_10MIN
228,가음면 장리 738유,가음면,가음면,354814_306393,1,RELIABLE_POINT,True,108.0,223.0,115.0,0.5063829787234042,1396.0,6.088825214899714,57.09169054441261,-32.0,1,500m 이상,DESCRIPTIVE_EVIDENCE,MID,MID,GENERAL_EMD_CONTEXT,MAPPED_FACILITY_PRESENT,NO_TOP_QUARTILE_SIGNAL,CONTEXT_ONLY
229,가음면 장리 1271유,가음면,가음면,354919_305550,1,RELIABLE_POINT,True,188.0,743.0,555.0,0.7702127659574468,1396.0,6.088825214899714,57.09169054441261,-32.0,2,100–300m,DESCRIPTIVE_EVIDENCE,HIGH,HIGH,GENERAL_EMD_CONTEXT,MAPPED_FACILITY_PRESENT,HIGH_10MIN_REACH;HIGH_5_TO_10_EXPANSION,ACCESS_AND_REACH_REVIEW
230,가음면 장리 436유,가음면,가음면,355810_306168,1,RELIABLE_POINT,True,92.0,508.0,416.0,0.7276595744680852,1396.0,6.088825214899714,57.09169054441261,-32.0,0,500m 이상,DESCRIPTIVE_EVIDENCE,HIGH,HIGH,GENERAL_EMD_CONTEXT,NO_MAPPED_FACILITY_CONTEXT,HIGH_10MIN_REACH;HIGH_5_TO_10_EXPANSION;NO_MAPPED_FACILITY_CONTEXT,ACCESS_AND_REACH_REVIEW
231,가음면 장리 393유,가음면,가음면,355385_306380,1,RELIABLE_POINT,True,,,,,1396.0,6.088825214899714,57.09169054441261,-32.0,0,500m 이상,INSUFFICIENT_SGIS_10MIN,DATA_NOT_AVAILABLE,DATA_NOT_AVAILABLE,DATA_NOT_AVAILABLE,DATA_NOT_AVAILABLE,,INSUFFICIENT_SGIS_10MIN
232,가음면 장리 624유,가음면,가음면,355114_306615,1,RELIABLE_POINT,True,83.0,138.0,55.0,0.3659574468085106,1396.0,6.088825214899714,57.09169054441261,-32.0,0,500m 이상,DESCRIPTIVE_EVIDENCE,MID,MID,GENERAL_EMD_CONTEXT,NO_MAPPED_FACILITY_CONTEXT,NO_MAPPED_FACILITY_CONTEXT,CONTEXT_ONLY
233,가음면 장리 산45-8임,가음면,가음면,355654_307003,1,RELIABLE_POINT,True,,,,,1396.0,6.088825214899714,57.09169054441261,-32.0,0,500m 이상,INSUFFICIENT_SGIS_10MIN,DATA_NOT_AVAILABLE,DATA_NOT_AVAILABLE,DATA_NOT_AVAILABLE,DATA_NOT_AVAILABLE,,INSUFFICIENT_SGIS_10MIN
234,가음면 이리 690유,가음면,가음면,357019_307382,1,RELIABLE_POINT,True,,,,,1396.0,6.088825214899714,57.09169054441261,-32.0,0,500m 이상,INSUFFICIENT_SGIS_10MIN,DATA_NOT_AVAILABLE,DATA_NOT_AVAILABLE,DATA_NOT_AVAILABLE,DATA_NOT_AVAILABLE,,INSUFFICIENT_SGIS_10MIN
235,가음면 이리 1033-2유,가음면,가음면,356642_307073,1,RELIABLE_POINT,True,63.0,188.0,125.0,0.4553191489361702,1396.0,6.088825214899714,57.09169054441261,-32.0,0,500m 이상,DESCRIPTIVE_EVIDENCE,MID,MID,GENERAL_EMD_CONTEXT,NO_MAPPED_FACILITY_CONTEXT,NO_MAPPED_FACILITY_CONTEXT,CONTEXT_ONLY
236,가음면 이리 1089유,가음면,가음면,356544_306946,1,RELIABLE_POINT,True,,,,,1396.0,6.088825214899714,57.09169054441261,-32.0,0,500m 이상,INSUFFICIENT_SGIS_10MIN,DATA_NOT_AVAILABLE,DATA_NOT_AVAILABLE,DATA_NOT_AVAILABLE,DATA_NOT_AVAILABLE,,INSUFFICIENT_SGIS_10MIN
237,가음면 이리 1104유,가음면,가음면,356420_306635,1,RELIABLE_POINT,True,,,,,1396.0,6.088825214899714,57.09169054441261,-32.0,0,500m 이상,INSUFFICIENT_SGIS_10MIN,DATA_NOT_AVAILABLE,DATA_NOT_AVAILABLE,DATA_NOT_AVAILABLE,DATA_NOT_AVAILABLE,,INSUFFICIENT_SGIS_10MIN
238,가음면 이리 802-2임,가음면,가음면,356776_307646,1,RELIABLE_POINT,True,48.0,88.0,40.0,0.2468085106382978,1396.0,6.088825214899714,57.09169054441261,-32.0,0,500m 이상,DESCRIPTIVE_EVIDENCE,MID,LOW,GENERAL_EMD_CONTEXT,NO_MAPPED_FACILITY_CONTEXT,NO_MAPPED_FACILITY_CONTEXT,CONTEXT_ONLY
239,가음면 이리 651유,가음면,가음면,357311_306797,1,RELIABLE_POINT,True,,,,,1396.0,6.088825214899714,57.09169054441261,-32.0,0,300–500m,INSUFFICIENT_SGIS_10MIN,DATA_NOT_AVAILABLE,DATA_NOT_AVAILABLE,DATA_NOT_AVAILABLE,DATA_NOT_AVAILABLE,,INSUFFICIENT_SGIS_10MIN
240,가음면 가산리 169유,가음면,가음면,355131_303359,1,RELIABLE_POINT,True,,,,,1396.0,6.088825214899714,57.09169054441261,-32.0,0,300–500m,INSUFFICIENT_SGIS_10MIN,DATA_NOT_AVAILABLE,DATA_NOT_AVAILABLE,DATA_NOT_AVAILABLE,DATA_NOT_AVAILABLE,,INSUFFICIENT_SGIS_10MIN
241,가음면 순호리 1134유,가음면,가음면,352890_301726,1,RELIABLE_POINT,True,13.0,98.0,85.0,0.274468085106383,1396.0,6.088825214899714,57.09169054441261,-32.0,0,300–500m,DESCRIPTIVE_EVIDENCE,MID,MID,GENERAL_EMD_CONTEXT,NO_MAPPED_FACILITY_CONTEXT,NO_MAPPED_FACILITY_CONTEXT,CONTEXT_ONLY
242,가음면 순호리 495유,가음면,가음면,355112_302279,1,RELIABLE_POINT,True,,,,,1396.0,6.088825214899714,57.09169054441261,-32.0,0,300–500m,INSUFFICIENT_SGIS_10MIN,DATA_NOT_AVAILABLE,DATA_NOT_AVAILABLE,DATA_NOT_AVAILABLE,DATA_NOT_AVAILABLE,,INSUFFICIENT_SGIS_10MIN
243,가음면 순호리 1003유,가음면,가음면,353433_302081,1,RELIABLE_POINT,True,,,,,1396.0,6.088825214899714,57.09169054441261,-32.0,0,500m 이상,INSUFFICIENT_SGIS_10MIN,DATA_NOT_AVAILABLE,DATA_NOT_AVAILABLE,DATA_NOT_AVAILABLE,DATA_NOT_AVAILABLE,,INSUFFICIENT_SGIS_10MIN
244,가음면 순호리 975유,가음면,가음면,353868_302596,1,RELIABLE_POINT,True,,,,,1396.0,6.088825214899714,57.09169054441261,-32.0,0,500m 이상,INSUFFICIENT_SGIS_10MIN,DATA_NOT_AVAILABLE,DATA_NOT_AVAILABLE,DATA_NOT_AVAILABLE,DATA_NOT_AVAILABLE,,INSUFFICIENT_SGIS_10MIN
245,가음면 순호리 132유,가음면,가음면,356750_301646,1,RELIABLE_POINT,True,5.0,13.0,8.0,0.0212765957446808,1396.0,6.088825214899714,57.09169054441261,-32.0,0,500m 이상,DESCRIPTIVE_EVIDENCE,LOW,LOW,GENERAL_EMD_CONTEXT,NO_MAPPED_FACILITY_CONTEXT,NO_MAPPED_FACILITY_CONTEXT,CONTEXT_ONLY
246,가음면 순호리 16유,가음면,가음면,357198_302246,1,RELIABLE_POINT,True,,0.0,,0.0042553191489361,1396.0,6.088825214899714,57.09169054441261,-32.0,0,500m 이상,DESCRIPTIVE_EVIDENCE,LOW,DATA_NOT_AVAILABLE,GENERAL_EMD_CONTEXT,NO_MAPPED_FACILITY_CONTEXT,NO_MAPPED_FACILITY_CONTEXT,CONTEXT_ONLY
247,가음면 현리리 487유,가음면,가음면,358362_301831,1,RELIABLE_POINT,True,,,,,1396.0,6.088825214899714,57.09169054441261,-32.0,0,500m 이상,INSUFFICIENT_SGIS_10MIN,DATA_NOT_AVAILABLE,DATA_NOT_AVAILABLE,DATA_NOT_AVAILABLE,DATA_NOT_AVAILABLE,,INSUFFICIENT_SGIS_10MIN
248,가음면 현리리 249-2유,가음면,가음면,358436_302993,1,RELIABLE_POINT,True,73.0,193.0,120.0,0.4680851063829787,1396.0,6.088825214899714,57.09169054441261,-32.0,0,100–300m,DESCRIPTIVE_EVIDENCE,MID,MID,GENERAL_EMD_CONTEXT,NO_MAPPED_FACILITY_CONTEXT,NO_MAPPED_FACILITY_CONTEXT,CONTEXT_ONLY
249,가음면 현리리 67유,가음면,가음면,360531_303112,1,RELIABLE_POINT,True,,,,,1396.0,6.088825214899714,57.09169054441261,-32.0,0,300–500m,INSUFFICIENT_SGIS_10MIN,DATA_NOT_AVAILABLE,DATA_NOT_AVAILABLE,DATA_NOT_AVAILABLE,DATA_NOT_AVAILABLE,,INSUFFICIENT_SGIS_10MIN
250,가음면 현리리 584유,가음면,가음면,358792_301088,1,RELIABLE_POINT,True,,,,,1396.0,6.088825214899714,57.09169054441261,-32.0,0,500m 이상,INSUFFICIENT_SGIS_10MIN,DATA_NOT_AVAILABLE,DATA_NOT_AVAILABLE,DATA_NOT_AVAILABLE,DATA_NOT_AVAILABLE,,INSUFFICIENT_SGIS_10MIN
251,가음면 현리리 450답,가음면,가음면,358469_302105,1,RELIABLE_POINT,True,58.0,98.0,40.0,0.274468085106383,1396.0,6.088825214899714,57.09169054441261,-32.0,0,500m 이상,DESCRIPTIVE_EVIDENCE,MID,LOW,GENERAL_EMD_CONTEXT,NO_MAPPED_FACILITY_CONTEXT,NO_MAPPED_FACILITY_CONTEXT,CONTEXT_ONLY
380,비안면 옥연리 630유,비안면,비안면,332564_313710,1,RELIABLE_POINT,True,,,,,2465.0,7.18052738336714,55.41582150101419,-74.0,0,300–500m,INSUFFICIENT_SGIS_10MIN,DATA_NOT_AVAILABLE,DATA_NOT_AVAILABLE,DATA_NOT_AVAILABLE,DATA_NOT_AVAILABLE,,INSUFFICIENT_SGIS_10MIN
381,비안면 옥연리 777-1,비안면,비안면,331256_315110,1,RELIABLE_POINT,True,53.0,113.0,60.0,0.3148936170212766,2465.0,7.18052738336714,55.41582150101419,-74.0,0,500m 이상,DESCRIPTIVE_EVIDENCE,MID,MID,GENERAL_EMD_CONTEXT,NO_MAPPED_FACILITY_CONTEXT,NO_MAPPED_FACILITY_CONTEXT,CONTEXT_ONLY
382,비안면 용남리 570답,비안면,비안면,331958_318058,1,RELIABLE_POINT,True,128.0,463.0,335.0,0.7106382978723405,2465.0,7.18052738336714,55.41582150101419,-74.0,0,300–500m,DESCRIPTIVE_EVIDENCE,HIGH,HIGH,GENERAL_EMD_CONTEXT,NO_MAPPED_FACILITY_CONTEXT,HIGH_10MIN_REACH;HIGH_5_TO_10_EXPANSION;NO_MAPPED_FACILITY_CONTEXT,ACCESS_AND_REACH_REVIEW
383,비안면 용남리 105유,비안면,비안면,332657_317528,1,RELIABLE_POINT,True,33.0,128.0,95.0,0.3489361702127659,2465.0,7.18052738336714,55.41582150101419,-74.0,0,500m 이상,DESCRIPTIVE_EVIDENCE,MID,MID,GENERAL_EMD_CONTEXT,NO_MAPPED_FACILITY_CONTEXT,NO_MAPPED_FACILITY_CONTEXT,CONTEXT_ONLY
384,비안면 용남리 8답,비안면,비안면,333121_318066,1,RELIABLE_POINT,True,8.0,63.0,55.0,0.151063829787234,2465.0,7.18052738336714,55.41582150101419,-74.0,0,500m 이상,DESCRIPTIVE_EVIDENCE,LOW,MID,GENERAL_EMD_CONTEXT,NO_MAPPED_FACILITY_CONTEXT,NO_MAPPED_FACILITY_CONTEXT,CONTEXT_ONLY
385,비안면 이두리 401-1유,비안면,비안면,333764_316884,1,RELIABLE_POINT,True,83.0,448.0,365.0,0.6978723404255319,2465.0,7.18052738336714,55.41582150101419,-74.0,2,500m 이상,DESCRIPTIVE_EVIDENCE,HIGH,HIGH,GENERAL_EMD_CONTEXT,MAPPED_FACILITY_PRESENT,HIGH_10MIN_REACH;HIGH_5_TO_10_EXPANSION,ACCESS_AND_REACH_REVIEW
386,비안면 이두리 561유,비안면,비안면,333138_317210,1,RELIABLE_POINT,True,58.0,93.0,35.0,0.2553191489361702,2465.0,7.18052738336714,55.41582150101419,-74.0,0,500m 이상,DESCRIPTIVE_EVIDENCE,MID,LOW,GENERAL_EMD_CONTEXT,NO_MAPPED_FACILITY_CONTEXT,NO_MAPPED_FACILITY_CONTEXT,CONTEXT_ONLY
387,비안면 이두리 16답,비안면,비안면,335041_316330,1,RELIABLE_POINT,True,,,,,2465.0,7.18052738336714,55.41582150101419,-74.0,3,100–300m,INSUFFICIENT_SGIS_10MIN,DATA_NOT_AVAILABLE,DATA_NOT_AVAILABLE,DATA_NOT_AVAILABLE,DATA_NOT_AVAILABLE,,INSUFFICIENT_SGIS_10MIN
388,비안면 외곡리 7-1유,비안면,비안면,335923_318138,1,RELIABLE_POINT,True,,,,,2465.0,7.18052738336714,55.41582150101419,-74.0,0,500m 이상,INSUFFICIENT_SGIS_10MIN,DATA_NOT_AVAILABLE,DATA_NOT_AVAILABLE,DATA_NOT_AVAILABLE,DATA_NOT_AVAILABLE,,INSUFFICIENT_SGIS_10MIN
389,비안면 외곡리 67유,비안면,비안면,335718_317605,1,RELIABLE_POINT,True,,,,,2465.0,7.18052738336714,55.41582150101419,-74.0,0,500m 이상,INSUFFICIENT_SGIS_10MIN,DATA_NOT_AVAILABLE,DATA_NOT_AVAILABLE,DATA_NOT_AVAILABLE,DATA_NOT_AVAILABLE,,INSUFFICIENT_SGIS_10MIN
390,비안면 외곡리 498-1유,비안면,비안면,334227_318207,1,RELIABLE_POINT,True,18.0,63.0,45.0,0.151063829787234,2465.0,7.18052738336714,55.41582150101419,-74.0,0,500m 이상,DESCRIPTIVE_EVIDENCE,LOW,LOW,GENERAL_EMD_CONTEXT,NO_MAPPED_FACILITY_CONTEXT,NO_MAPPED_FACILITY_CONTEXT,CONTEXT_ONLY
391,비안면 외곡리 521유,비안면,비안면,333975_317550,1,RELIABLE_POINT,True,53.0,73.0,20.0,0.1936170212765957,2465.0,7.18052738336714,55.41582150101419,-74.0,0,500m 이상,DESCRIPTIVE_EVIDENCE,LOW,LOW,GENERAL_EMD_CONTEXT,NO_MAPPED_FACILITY_CONTEXT,NO_MAPPED_FACILITY_CONTEXT,CONTEXT_ONLY
392,비안면 자락리 78유,비안면,비안면,336457_320121,1,RELIABLE_POINT,True,,,,,2465.0,7.18052738336714,55.41582150101419,-74.0,0,500m 이상,INSUFFICIENT_SGIS_10MIN,DATA_NOT_AVAILABLE,DATA_NOT_AVAILABLE,DATA_NOT_AVAILABLE,DATA_NOT_AVAILABLE,,INSUFFICIENT_SGIS_10MIN
393,비안면 자락리 14유,비안면,비안면,336434_320825,1,RELIABLE_POINT,True,63.0,118.0,55.0,0.3276595744680851,2465.0,7.18052738336714,55.41582150101419,-74.0,0,500m 이상,DESCRIPTIVE_EVIDENCE,MID,MID,GENERAL_EMD_CONTEXT,NO_MAPPED_FACILITY_CONTEXT,NO_MAPPED_FACILITY_CONTEXT,CONTEXT_ONLY
394,비안면 자락리 448-1유,비안면,비안면,334992_319847,1,RELIABLE_POINT,True,33.0,163.0,130.0,0.4297872340425532,2465.0,7.18052738336714,55.41582150101419,-74.0,0,0–100m,DESCRIPTIVE_EVIDENCE,MID,MID,GENERAL_EMD_CONTEXT,NO_MAPPED_FACILITY_CONTEXT,NO_MAPPED_FACILITY_CONTEXT,CONTEXT_ONLY
395,비안면 자락리 453답,비안면,비안면,335025_319651,1,RELIABLE_POINT,True,108.0,163.0,55.0,0.4297872340425532,2465.0,7.18052738336714,55.41582150101419,-74.0,0,0–100m,DESCRIPTIVE_EVIDENCE,MID,MID,GENERAL_EMD_CONTEXT,NO_MAPPED_FACILITY_CONTEXT,NO_MAPPED_FACILITY_CONTEXT,CONTEXT_ONLY
396,비안면 자락리 603구,비안면,비안면,335543_319753,1,RELIABLE_POINT,True,128.0,143.0,15.0,0.3851063829787234,2465.0,7.18052738336714,55.41582150101419,-74.0,0,100–300m,DESCRIPTIVE_EVIDENCE,MID,LOW,GENERAL_EMD_CONTEXT,NO_MAPPED_FACILITY_CONTEXT,NO_MAPPED_FACILITY_CONTEXT,CONTEXT_ONLY
397,비안면 자락리 172유,비안면,비안면,336000_318996,1,RELIABLE_POINT,True,103.0,143.0,40.0,0.3851063829787234,2465.0,7.18052738336714,55.41582150101419,-74.0,0,0–100m,DESCRIPTIVE_EVIDENCE,MID,LOW,GENERAL_EMD_CONTEXT,NO_MAPPED_FACILITY_CONTEXT,NO_MAPPED_FACILITY_CONTEXT,CONTEXT_ONLY
398,비안면 자락리 150유,비안면,비안면,336046_319627,1,RELIABLE_POINT,True,113.0,143.0,30.0,0.3851063829787234,2465.0,7.18052738336714,55.41582150101419,-74.0,0,300–500m,DESCRIPTIVE_EVIDENCE,MID,LOW,GENERAL_EMD_CONTEXT,NO_MAPPED_FACILITY_CONTEXT,NO_MAPPED_FACILITY_CONTEXT,CONTEXT_ONLY
399,비안면 자락리 116유,비안면,비안면,336205_319955,1,RELIABLE_POINT,True,,,,,2465.0,7.18052738336714,55.41582150101419,-74.0,0,500m 이상,INSUFFICIENT_SGIS_10MIN,DATA_NOT_AVAILABLE,DATA_NOT_AVAILABLE,DATA_NOT_AVAILABLE,DATA_NOT_AVAILABLE,,INSUFFICIENT_SGIS_10MIN
400,비안면 현산리 26유,비안면,비안면,336868_317765,1,RELIABLE_POINT,True,13.0,83.0,70.0,0.2361702127659574,2465.0,7.18052738336714,55.41582150101419,-74.0,0,500m 이상,DESCRIPTIVE_EVIDENCE,MID,MID,GENERAL_EMD_CONTEXT,NO_MAPPED_FACILITY_CONTEXT,NO_MAPPED_FACILITY_CONTEXT,CONTEXT_ONLY
401,비안면 현산리 124-3유,비안면,비안면,336841_316363,1,RELIABLE_POINT,True,,,,,2465.0,7.18052738336714,55.41582150101419,-74.0,0,500m 이상,INSUFFICIENT_SGIS_10MIN,DATA_NOT_AVAILABLE,DATA_NOT_AVAILABLE,DATA_NOT_AVAILABLE,DATA_NOT_AVAILABLE,,INSUFFICIENT_SGIS_10MIN
402,비안면 산제리 1379유,비안면,비안면,338470_318819,1,RELIABLE_POINT,True,63.0,143.0,80.0,0.3851063829787234,2465.0,7.18052738336714,55.41582150101419,-74.0,0,500m 이상,DESCRIPTIVE_EVIDENCE,MID,MID,GENERAL_EMD_CONTEXT,NO_MAPPED_FACILITY_CONTEXT,NO_MAPPED_FACILITY_CONTEXT,CONTEXT_ONLY
403,비안면 산제리 1506구,비안면,비안면,337967_321091,1,RELIABLE_POINT,True,,,,,2465.0,7.18052738336714,55.41582150101419,-74.0,0,500m 이상,INSUFFICIENT_SGIS_10MIN,DATA_NOT_AVAILABLE,DATA_NOT_AVAILABLE,DATA_NOT_AVAILABLE,DATA_NOT_AVAILABLE,,INSUFFICIENT_SGIS_10MIN
404,비안면 산제리 554-2유,비안면,비안면,338139_320952,1,RELIABLE_POINT,True,13.0,13.0,0.0,0.0212765957446808,2465.0,7.18052738336714,55.41582150101419,-74.0,0,500m 이상,DESCRIPTIVE_EVIDENCE,LOW,LOW,GENERAL_EMD_CONTEXT,NO_MAPPED_FACILITY_CONTEXT,NO_MAPPED_FACILITY_CONTEXT,CONTEXT_ONLY
405,비안면 산제리 1212유,비안면,비안면,338609_316726,1,RELIABLE_POINT,True,,,,,2465.0,7.18052738336714,55.41582150101419,-74.0,0,500m 이상,INSUFFICIENT_SGIS_10MIN,DATA_NOT_AVAILABLE,DATA_NOT_AVAILABLE,DATA_NOT_AVAILABLE,DATA_NOT_AVAILABLE,,INSUFFICIENT_SGIS_10MIN
406,비안면 산제리 185유,비안면,비안면,339235_317547,2,DUPLICATED_COORDINATE,False,68.0,248.0,180.0,0.551063829787234,2465.0,7.18052738336714,55.41582150101419,-74.0,0,300–500m,EXCLUDED_COORDINATE_QUALITY,DATA_NOT_AVAILABLE,DATA_NOT_AVAILABLE,DATA_NOT_AVAILABLE,DATA_NOT_AVAILABLE,,FIELD_REVIEW_REQUIRED
407,비안면 산제리 1297유,비안면,비안면,338068_317553,1,RELIABLE_POINT,True,,,,,2465.0,7.18052738336714,55.41582150101419,-74.0,0,300–500m,INSUFFICIENT_SGIS_10MIN,DATA_NOT_AVAILABLE,DATA_NOT_AVAILABLE,DATA_NOT_AVAILABLE,DATA_NOT_AVAILABLE,,INSUFFICIENT_SGIS_10MIN
408,비안면 산제리 1231-1답,비안면,비안면,338470_317182,1,RELIABLE_POINT,True,68.0,233.0,165.0,0.5234042553191489,2465.0,7.18052738336714,55.41582150101419,-74.0,0,300–500m,DESCRIPTIVE_EVIDENCE,MID,MID,GENERAL_EMD_CONTEXT,NO_MAPPED_FACILITY_CONTEXT,NO_MAPPED_FACILITY_CONTEXT,CONTEXT_ONLY
409,비안면 산제리 323유,비안면,비안면,339270_317982,1,RELIABLE_POINT,True,48.0,153.0,105.0,0.4085106382978723,2465.0,7.18052738336714,55.41582150101419,-74.0,0,500m 이상,DESCRIPTIVE_EVIDENCE,MID,MID,GENERAL_EMD_CONTEXT,NO_MAPPED_FACILITY_CONTEXT,NO_MAPPED_FACILITY_CONTEXT,CONTEXT_ONLY
410,비안면 산제리 1450-1유,비안면,비안면,337473_318235,1,RELIABLE_POINT,True,18.0,113.0,95.0,0.3148936170212766,2465.0,7.18052738336714,55.41582150101419,-74.0,0,0–100m,DESCRIPTIVE_EVIDENCE,MID,MID,GENERAL_EMD_CONTEXT,NO_MAPPED_FACILITY_CONTEXT,NO_MAPPED_FACILITY_CONTEXT,CONTEXT_ONLY
411,비안면 산제리 50유,비안면,비안면,339555_317211,1,RELIABLE_POINT,True,28.0,243.0,215.0,0.5404255319148936,2465.0,7.18052738336714,55.41582150101419,-74.0,0,300–500m,DESCRIPTIVE_EVIDENCE,MID,MID,GENERAL_EMD_CONTEXT,NO_MAPPED_FACILITY_CONTEXT,NO_MAPPED_FACILITY_CONTEXT,CONTEXT_ONLY
412,비안면 산제리 137유,비안면,비안면,339510_317188,1,RELIABLE_POINT,True,33.0,248.0,215.0,0.551063829787234,2465.0,7.18052738336714,55.41582150101419,-74.0,0,300–500m,DESCRIPTIVE_EVIDENCE,MID,MID,GENERAL_EMD_CONTEXT,NO_MAPPED_FACILITY_CONTEXT,NO_MAPPED_FACILITY_CONTEXT,CONTEXT_ONLY
413,비안면 산제리 600유,비안면,비안면,337865_320050,1,RELIABLE_POINT,True,,,,,2465.0,7.18052738336714,55.41582150101419,-74.0,0,500m 이상,INSUFFICIENT_SGIS_10MIN,DATA_NOT_AVAILABLE,DATA_NOT_AVAILABLE,DATA_NOT_AVAILABLE,DATA_NOT_AVAILABLE,,INSUFFICIENT_SGIS_10MIN
414,비안면 산제리 549유,비안면,비안면,338194_320874,1,RELIABLE_POINT,True,13.0,13.0,0.0,0.0212765957446808,2465.0,7.18052738336714,55.41582150101419,-74.0,0,500m 이상,DESCRIPTIVE_EVIDENCE,LOW,LOW,GENERAL_EMD_CONTEXT,NO_MAPPED_FACILITY_CONTEXT,NO_MAPPED_FACILITY_CONTEXT,CONTEXT_ONLY
415,비안면 산제리 185유,비안면,비안면,339235_317547,2,DUPLICATED_COORDINATE,False,68.0,248.0,180.0,0.551063829787234,2465.0,7.18052738336714,55.41582150101419,-74.0,0,300–500m,EXCLUDED_COORDINATE_QUALITY,DATA_NOT_AVAILABLE,DATA_NOT_AVAILABLE,DATA_NOT_AVAILABLE,DATA_NOT_AVAILABLE,,FIELD_REVIEW_REQUIRED
416,비안면 산제리 1127유,비안면,비안면,338576_317249,1,RELIABLE_POINT,True,68.0,253.0,185.0,0.5659574468085107,2465.0,7.18052738336714,55.41582150101419,-74.0,0,100–300m,DESCRIPTIVE_EVIDENCE,MID,MID,GENERAL_EMD_CONTEXT,NO_MAPPED_FACILITY_CONTEXT,NO_MAPPED_FACILITY_CONTEXT,CONTEXT_ONLY
417,비안면 화신리 56-1유,비안면,비안면,339932_316365,1,RELIABLE_POINT,True,,,,,2465.0,7.18052738336714,55.41582150101419,-74.0,0,500m 이상,INSUFFICIENT_SGIS_10MIN,DATA_NOT_AVAILABLE,DATA_NOT_AVAILABLE,DATA_NOT_AVAILABLE,DATA_NOT_AVAILABLE,,INSUFFICIENT_SGIS_10MIN
418,비안면 화신리 572유,비안면,비안면,339922_315291,1,RELIABLE_POINT,True,,,,,2465.0,7.18052738336714,55.41582150101419,-74.0,0,500m 이상,INSUFFICIENT_SGIS_10MIN,DATA_NOT_AVAILABLE,DATA_NOT_AVAILABLE,DATA_NOT_AVAILABLE,DATA_NOT_AVAILABLE,,INSUFFICIENT_SGIS_10MIN
419,비안면 화신리 66-1유,비안면,비안면,339807_316468,1,RELIABLE_POINT,True,,,,,2465.0,7.18052738336714,55.41582150101419,-74.0,0,300–500m,INSUFFICIENT_SGIS_10MIN,DATA_NOT_AVAILABLE,DATA_NOT_AVAILABLE,DATA_NOT_AVAILABLE,DATA_NOT_AVAILABLE,,INSUFFICIENT_SGIS_10MIN
420,비안면 화신리 890유,비안면,비안면,338249_315974,1,RELIABLE_POINT,True,,,,,2465.0,7.18052738336714,55.41582150101419,-74.0,0,500m 이상,INSUFFICIENT_SGIS_10MIN,DATA_NOT_AVAILABLE,DATA_NOT_AVAILABLE,DATA_NOT_AVAILABLE,DATA_NOT_AVAILABLE,,INSUFFICIENT_SGIS_10MIN
421,비안면 화신리 26,비안면,비안면,339842_315938,1,RELIABLE_POINT,True,,,,,2465.0,7.18052738336714,55.41582150101419,-74.0,0,500m 이상,INSUFFICIENT_SGIS_10MIN,DATA_NOT_AVAILABLE,DATA_NOT_AVAILABLE,DATA_NOT_AVAILABLE,DATA_NOT_AVAILABLE,,INSUFFICIENT_SGIS_10MIN
422,비안면 화신리 907유,비안면,비안면,338335_314865,1,RELIABLE_POINT,True,23.0,313.0,290.0,0.6,2465.0,7.18052738336714,55.41582150101419,-74.0,0,500m 이상,DESCRIPTIVE_EVIDENCE,MID,HIGH,GENERAL_EMD_CONTEXT,NO_MAPPED_FACILITY_CONTEXT,HIGH_5_TO_10_EXPANSION;NO_MAPPED_FACILITY_CONTEXT,ACCESS_AND_REACH_REVIEW
423,비안면 화신리 674답,비안면,비안면,339439_314997,1,RELIABLE_POINT,True,,,,,2465.0,7.18052738336714,55.41582150101419,-74.0,0,300–500m,INSUFFICIENT_SGIS_10MIN,DATA_NOT_AVAILABLE,DATA_NOT_AVAILABLE,DATA_NOT_AVAILABLE,DATA_NOT_AVAILABLE,,INSUFFICIENT_SGIS_10MIN
424,비안면 쌍계리 663유,비안면,비안면,337667_314880,1,RELIABLE_POINT,True,,83.0,,0.2361702127659574,2465.0,7.18052738336714,55.41582150101419,-74.0,0,300–500m,DESCRIPTIVE_EVIDENCE,MID,DATA_NOT_AVAILABLE,GENERAL_EMD_CONTEXT,NO_MAPPED_FACILITY_CONTEXT,NO_MAPPED_FACILITY_CONTEXT,CONTEXT_ONLY
425,비안면 산제리 1476,비안면,비안면,338464_319850,1,RELIABLE_POINT,True,,,,,2465.0,7.18052738336714,55.41582150101419,-74.0,0,500m 이상,INSUFFICIENT_SGIS_10MIN,DATA_NOT_AVAILABLE,DATA_NOT_AVAILABLE,DATA_NOT_AVAILABLE,DATA_NOT_AVAILABLE,,INSUFFICIENT_SGIS_10MIN
426,비안면 쌍계리 692답,비안면,비안면,337766_315446,1,RELIABLE_POINT,True,,,,,2465.0,7.18052738336714,55.41582150101419,-74.0,0,500m 이상,INSUFFICIENT_SGIS_10MIN,DATA_NOT_AVAILABLE,DATA_NOT_AVAILABLE,DATA_NOT_AVAILABLE,DATA_NOT_AVAILABLE,,INSUFFICIENT_SGIS_10MIN
427,비안면 도암리 209-1유,비안면,비안면,338554_312465,1,RELIABLE_POINT,True,93.0,466.0,373.0,0.7148936170212766,2465.0,7.18052738336714,55.41582150101419,-74.0,1,500m 이상,DESCRIPTIVE_EVIDENCE,HIGH,HIGH,GENERAL_EMD_CONTEXT,MAPPED_FACILITY_PRESENT,HIGH_10MIN_REACH;HIGH_5_TO_10_EXPANSION,ACCESS_AND_REACH_REVIEW
428,비안면 도암리 289답,비안면,비안면,337552_312047,1,RELIABLE_POINT,True,,,,,2465.0,7.18052738336714,55.41582150101419,-74.0,0,500m 이상,INSUFFICIENT_SGIS_10MIN,DATA_NOT_AVAILABLE,DATA_NOT_AVAILABLE,DATA_NOT_AVAILABLE,DATA_NOT_AVAILABLE,,INSUFFICIENT_SGIS_10MIN
429,비안면 도암리 543-2유,비안면,비안면,335792_312711,1,RELIABLE_POINT,True,63.0,98.0,35.0,0.274468085106383,2465.0,7.18052738336714,55.41582150101419,-74.0,0,500m 이상,DESCRIPTIVE_EVIDENCE,MID,LOW,GENERAL_EMD_CONTEXT,NO_MAPPED_FACILITY_CONTEXT,NO_MAPPED_FACILITY_CONTEXT,CONTEXT_ONLY
430,비안면 화신리 823,비안면,비안면,338701_316122,1,RELIABLE_POINT,True,,,,,2465.0,7.18052738336714,55.41582150101419,-74.0,0,500m 이상,INSUFFICIENT_SGIS_10MIN,DATA_NOT_AVAILABLE,DATA_NOT_AVAILABLE,DATA_NOT_AVAILABLE,DATA_NOT_AVAILABLE,,INSUFFICIENT_SGIS_10MIN
431,구천면 위성리 223,구천면,구천면,330525_315425,1,RELIABLE_POINT,True,,,,,1618.0,6.551297898640297,58.15822002472187,-64.0,0,500m 이상,INSUFFICIENT_SGIS_10MIN,DATA_NOT_AVAILABLE,DATA_NOT_AVAILABLE,DATA_NOT_AVAILABLE,DATA_NOT_AVAILABLE,,INSUFFICIENT_SGIS_10MIN
432,구천면 모흥리 307,구천면,구천면,329762_316052,1,RELIABLE_POINT,True,,,,,1618.0,6.551297898640297,58.15822002472187,-64.0,0,500m 이상,INSUFFICIENT_SGIS_10MIN,DATA_NOT_AVAILABLE,DATA_NOT_AVAILABLE,DATA_NOT_AVAILABLE,DATA_NOT_AVAILABLE,,INSUFFICIENT_SGIS_10MIN
433,구천면 위성리 18,구천면,구천면,331115_318705,1,RELIABLE_POINT,True,,,,,1618.0,6.551297898640297,58.15822002472187,-64.0,0,500m 이상,INSUFFICIENT_SGIS_10MIN,DATA_NOT_AVAILABLE,DATA_NOT_AVAILABLE,DATA_NOT_AVAILABLE,DATA_NOT_AVAILABLE,,INSUFFICIENT_SGIS_10MIN
434,구천면 위성리 224-2,구천면,구천면,330407_315780,1,RELIABLE_POINT,True,,,,,1618.0,6.551297898640297,58.15822002472187,-64.0,0,500m 이상,INSUFFICIENT_SGIS_10MIN,DATA_NOT_AVAILABLE,DATA_NOT_AVAILABLE,DATA_NOT_AVAILABLE,DATA_NOT_AVAILABLE,,INSUFFICIENT_SGIS_10MIN
435,구천면 모흥리 464-1,구천면,구천면,329353_313973,1,RELIABLE_POINT,True,,,,,1618.0,6.551297898640297,58.15822002472187,-64.0,0,500m 이상,INSUFFICIENT_SGIS_10MIN,DATA_NOT_AVAILABLE,DATA_NOT_AVAILABLE,DATA_NOT_AVAILABLE,DATA_NOT_AVAILABLE,,INSUFFICIENT_SGIS_10MIN
436,구천면 장국리 393,구천면,구천면,325091_315097,1,RELIABLE_POINT,True,,,,,1618.0,6.551297898640297,58.15822002472187,-64.0,0,500m 이상,INSUFFICIENT_SGIS_10MIN,DATA_NOT_AVAILABLE,DATA_NOT_AVAILABLE,DATA_NOT_AVAILABLE,DATA_NOT_AVAILABLE,,INSUFFICIENT_SGIS_10MIN
437,구천면 청산리 산182,구천면,구천면,326441_314071,1,RELIABLE_POINT,True,,,,,1618.0,6.551297898640297,58.15822002472187,-64.0,0,100–300m,INSUFFICIENT_SGIS_10MIN,DATA_NOT_AVAILABLE,DATA_NOT_AVAILABLE,DATA_NOT_AVAILABLE,DATA_NOT_AVAILABLE,,INSUFFICIENT_SGIS_10MIN
438,구천면 장국리 433,구천면,구천면,324600_314144,1,RELIABLE_POINT,True,,,,,1618.0,6.551297898640297,58.15822002472187,-64.0,0,300–500m,INSUFFICIENT_SGIS_10MIN,DATA_NOT_AVAILABLE,DATA_NOT_AVAILABLE,DATA_NOT_AVAILABLE,DATA_NOT_AVAILABLE,,INSUFFICIENT_SGIS_10MIN
439,구천면 소호리 500-1,구천면,구천면,326869_316042,1,RELIABLE_POINT,True,98.0,153.0,55.0,0.4085106382978723,1618.0,6.551297898640297,58.15822002472187,-64.0,0,300–500m,DESCRIPTIVE_EVIDENCE,MID,MID,ELDERLY_HIGH,NO_MAPPED_FACILITY_CONTEXT,HIGH_ELDERLY_CONTEXT;NO_MAPPED_FACILITY_CONTEXT,COMMUNITY_SUPPORT_REVIEW
440,구천면 소호리 562-1,구천면,구천면,326612_316138,1,RELIABLE_POINT,True,73.0,218.0,145.0,0.4957446808510638,1618.0,6.551297898640297,58.15822002472187,-64.0,0,500m 이상,DESCRIPTIVE_EVIDENCE,MID,MID,ELDERLY_HIGH,NO_MAPPED_FACILITY_CONTEXT,HIGH_ELDERLY_CONTEXT;NO_MAPPED_FACILITY_CONTEXT,COMMUNITY_SUPPORT_REVIEW
441,구천면 소호리 1106,구천면,구천면,325433_316263,1,RELIABLE_POINT,True,,,,,1618.0,6.551297898640297,58.15822002472187,-64.0,0,500m 이상,INSUFFICIENT_SGIS_10MIN,DATA_NOT_AVAILABLE,DATA_NOT_AVAILABLE,DATA_NOT_AVAILABLE,DATA_NOT_AVAILABLE,,INSUFFICIENT_SGIS_10MIN
442,구천면 소호리 1089,구천면,구천면,325052_316441,1,RELIABLE_POINT,True,,,,,1618.0,6.551297898640297,58.15822002472187,-64.0,0,500m 이상,INSUFFICIENT_SGIS_10MIN,DATA_NOT_AVAILABLE,DATA_NOT_AVAILABLE,DATA_NOT_AVAILABLE,DATA_NOT_AVAILABLE,,INSUFFICIENT_SGIS_10MIN
443,구천면 소호리 1141,구천면,구천면,324933_316108,1,RELIABLE_POINT,True,23.0,73.0,50.0,0.1936170212765957,1618.0,6.551297898640297,58.15822002472187,-64.0,0,500m 이상,DESCRIPTIVE_EVIDENCE,LOW,MID,ELDERLY_HIGH,NO_MAPPED_FACILITY_CONTEXT,HIGH_ELDERLY_CONTEXT;NO_MAPPED_FACILITY_CONTEXT,COMMUNITY_SUPPORT_REVIEW
444,구천면 용사리 152-2,구천면,구천면,327428_317790,1,RELIABLE_POINT,True,308.0,828.0,520.0,0.7787234042553192,1618.0,6.551297898640297,58.15822002472187,-64.0,0,0–100m,DESCRIPTIVE_EVIDENCE,HIGH,HIGH,ELDERLY_HIGH,NO_MAPPED_FACILITY_CONTEXT,HIGH_10MIN_REACH;HIGH_5_TO_10_EXPANSION;HIGH_ELDERLY_CONTEXT;NO_MAPPED_FACILITY_CONTEXT,COMMUNITY_SUPPORT_REVIEW
445,구천면 내산리 845,구천면,구천면,327180_318324,1,RELIABLE_POINT,True,193.0,433.0,240.0,0.6851063829787234,1618.0,6.551297898640297,58.15822002472187,-64.0,0,300–500m,DESCRIPTIVE_EVIDENCE,HIGH,MID,ELDERLY_HIGH,NO_MAPPED_FACILITY_CONTEXT,HIGH_10MIN_REACH;HIGH_ELDERLY_CONTEXT;NO_MAPPED_FACILITY_CONTEXT,COMMUNITY_SUPPORT_REVIEW
446,구천면 청산리 산98-1,구천면,구천면,326590_312575,1,RELIABLE_POINT,True,,43.0,,0.1042553191489361,1618.0,6.551297898640297,58.15822002472187,-64.0,0,500m 이상,DESCRIPTIVE_EVIDENCE,LOW,DATA_NOT_AVAILABLE,ELDERLY_HIGH,NO_MAPPED_FACILITY_CONTEXT,HIGH_ELDERLY_CONTEXT;NO_MAPPED_FACILITY_CONTEXT,COMMUNITY_SUPPORT_REVIEW
447,구천면 조성리 26,구천면,구천면,328524_313805,1,RELIABLE_POINT,True,,,,,1618.0,6.551297898640297,58.15822002472187,-64.0,0,500m 이상,INSUFFICIENT_SGIS_10MIN,DATA_NOT_AVAILABLE,DATA_NOT_AVAILABLE,DATA_NOT_AVAILABLE,DATA_NOT_AVAILABLE,,INSUFFICIENT_SGIS_10MIN
448,구천면 청산리 산50-2,구천면,구천면,326967_312213,1,RELIABLE_POINT,True,,,,,1618.0,6.551297898640297,58.15822002472187,-64.0,0,500m 이상,INSUFFICIENT_SGIS_10MIN,DATA_NOT_AVAILABLE,DATA_NOT_AVAILABLE,DATA_NOT_AVAILABLE,DATA_NOT_AVAILABLE,,INSUFFICIENT_SGIS_10MIN
449,단밀면 용곡리 산64임,단밀면,단밀면,324324_315889,1,RELIABLE_POINT,True,,,,,1569.0,7.58444869343531,53.53728489483748,-37.0,0,500m 이상,INSUFFICIENT_SGIS_10MIN,DATA_NOT_AVAILABLE,DATA_NOT_AVAILABLE,DATA_NOT_AVAILABLE,DATA_NOT_AVAILABLE,,INSUFFICIENT_SGIS_10MIN
450,단밀면 용곡리 1544유,단밀면,단밀면,323815_315815,1,RELIABLE_POINT,True,,,,,1569.0,7.58444869343531,53.53728489483748,-37.0,0,500m 이상,INSUFFICIENT_SGIS_10MIN,DATA_NOT_AVAILABLE,DATA_NOT_AVAILABLE,DATA_NOT_AVAILABLE,DATA_NOT_AVAILABLE,,INSUFFICIENT_SGIS_10MIN
451,단밀면 위중리 1459유,단밀면,단밀면,322586_318783,1,RELIABLE_POINT,True,,,,,1569.0,7.58444869343531,53.53728489483748,-37.0,0,500m 이상,INSUFFICIENT_SGIS_10MIN,DATA_NOT_AVAILABLE,DATA_NOT_AVAILABLE,DATA_NOT_AVAILABLE,DATA_NOT_AVAILABLE,,INSUFFICIENT_SGIS_10MIN
452,단밀면 위중리 1332답,단밀면,단밀면,322506_317061,1,RELIABLE_POINT,True,,,,,1569.0,7.58444869343531,53.53728489483748,-37.0,0,500m 이상,INSUFFICIENT_SGIS_10MIN,DATA_NOT_AVAILABLE,DATA_NOT_AVAILABLE,DATA_NOT_AVAILABLE,DATA_NOT_AVAILABLE,,INSUFFICIENT_SGIS_10MIN
453,단밀면 위중리 산27-1,단밀면,단밀면,322493_317130,1,RELIABLE_POINT,True,,,,,1569.0,7.58444869343531,53.53728489483748,-37.0,0,500m 이상,INSUFFICIENT_SGIS_10MIN,DATA_NOT_AVAILABLE,DATA_NOT_AVAILABLE,DATA_NOT_AVAILABLE,DATA_NOT_AVAILABLE,,INSUFFICIENT_SGIS_10MIN
454,단밀면 주선리 748유,단밀면,단밀면,322677_320366,1,RELIABLE_POINT,True,98.0,398.0,300.0,0.6617021276595745,1569.0,7.58444869343531,53.53728489483748,-37.0,0,500m 이상,DESCRIPTIVE_EVIDENCE,HIGH,HIGH,YOUTH_HIGH,NO_MAPPED_FACILITY_CONTEXT,HIGH_10MIN_REACH;HIGH_5_TO_10_EXPANSION;HIGH_YOUTH_CONTEXT;NO_MAPPED_FACILITY_CONTEXT,YOUTH_PARTICIPATION_REVIEW
455,단밀면 서제리 1068-1답,단밀면,단밀면,322460_320535,1,RELIABLE_POINT,True,68.0,388.0,320.0,0.648936170212766,1569.0,7.58444869343531,53.53728489483748,-37.0,0,500m 이상,DESCRIPTIVE_EVIDENCE,HIGH,HIGH,YOUTH_HIGH,NO_MAPPED_FACILITY_CONTEXT,HIGH_10MIN_REACH;HIGH_5_TO_10_EXPANSION;HIGH_YOUTH_CONTEXT;NO_MAPPED_FACILITY_CONTEXT,YOUTH_PARTICIPATION_REVIEW
456,단밀면 팔등리 179유,단밀면,단밀면,320767_322683,1,RELIABLE_POINT,True,,,,,1569.0,7.58444869343531,53.53728489483748,-37.0,0,500m 이상,INSUFFICIENT_SGIS_10MIN,DATA_NOT_AVAILABLE,DATA_NOT_AVAILABLE,DATA_NOT_AVAILABLE,DATA_NOT_AVAILABLE,,INSUFFICIENT_SGIS_10MIN
457,단밀면 팔등리 988답,단밀면,단밀면,319800_322075,1,RELIABLE_POINT,True,,,,,1569.0,7.58444869343531,53.53728489483748,-37.0,0,500m 이상,INSUFFICIENT_SGIS_10MIN,DATA_NOT_AVAILABLE,DATA_NOT_AVAILABLE,DATA_NOT_AVAILABLE,DATA_NOT_AVAILABLE,,INSUFFICIENT_SGIS_10MIN
458,단밀면 서제리 340-2답,단밀면,단밀면,322445_320853,1,RELIABLE_POINT,True,138.0,393.0,255.0,0.6553191489361702,1569.0,7.58444869343531,53.53728489483748,-37.0,0,300–500m,DESCRIPTIVE_EVIDENCE,HIGH,MID,YOUTH_HIGH,NO_MAPPED_FACILITY_CONTEXT,HIGH_10MIN_REACH;HIGH_YOUTH_CONTEXT;NO_MAPPED_FACILITY_CONTEXT,YOUTH_PARTICIPATION_REVIEW
459,단밀면 생송리 544,단밀면,단밀면,319591_319226,1,RELIABLE_POINT,True,,,,,1569.0,7.58444869343531,53.53728489483748,-37.0,0,500m 이상,INSUFFICIENT_SGIS_10MIN,DATA_NOT_AVAILABLE,DATA_NOT_AVAILABLE,DATA_NOT_AVAILABLE,DATA_NOT_AVAILABLE,,INSUFFICIENT_SGIS_10MIN
460,단밀면 생송리 산1-3구,단밀면,단밀면,319598_321299,1,RELIABLE_POINT,True,,,,,1569.0,7.58444869343531,53.53728489483748,-37.0,0,500m 이상,INSUFFICIENT_SGIS_10MIN,DATA_NOT_AVAILABLE,DATA_NOT_AVAILABLE,DATA_NOT_AVAILABLE,DATA_NOT_AVAILABLE,,INSUFFICIENT_SGIS_10MIN
461,단밀면 생송리 445-1,단밀면,단밀면,320263_319127,1,RELIABLE_POINT,True,,,,,1569.0,7.58444869343531,53.53728489483748,-37.0,0,500m 이상,INSUFFICIENT_SGIS_10MIN,DATA_NOT_AVAILABLE,DATA_NOT_AVAILABLE,DATA_NOT_AVAILABLE,DATA_NOT_AVAILABLE,,INSUFFICIENT_SGIS_10MIN
462,단밀면 생송리 447,단밀면,단밀면,320139_318401,1,RELIABLE_POINT,True,,,,,1569.0,7.58444869343531,53.53728489483748,-37.0,0,500m 이상,INSUFFICIENT_SGIS_10MIN,DATA_NOT_AVAILABLE,DATA_NOT_AVAILABLE,DATA_NOT_AVAILABLE,DATA_NOT_AVAILABLE,,INSUFFICIENT_SGIS_10MIN
463,단밀면 생송리 296답,단밀면,단밀면,321100_319303,1,RELIABLE_POINT,True,8.0,28.0,20.0,0.0553191489361702,1569.0,7.58444869343531,53.53728489483748,-37.0,0,500m 이상,DESCRIPTIVE_EVIDENCE,LOW,LOW,YOUTH_HIGH,NO_MAPPED_FACILITY_CONTEXT,HIGH_YOUTH_CONTEXT;NO_MAPPED_FACILITY_CONTEXT,YOUTH_PARTICIPATION_REVIEW
464,단밀면 생송리 484,단밀면,단밀면,319807_318326,1,RELIABLE_POINT,True,,,,,1569.0,7.58444869343531,53.53728489483748,-37.0,0,500m 이상,INSUFFICIENT_SGIS_10MIN,DATA_NOT_AVAILABLE,DATA_NOT_AVAILABLE,DATA_NOT_AVAILABLE,DATA_NOT_AVAILABLE,,INSUFFICIENT_SGIS_10MIN
465,단밀면 생송리 64유,단밀면,단밀면,321752_319366,1,RELIABLE_POINT,True,,,,,1569.0,7.58444869343531,53.53728489483748,-37.0,0,300–500m,INSUFFICIENT_SGIS_10MIN,DATA_NOT_AVAILABLE,DATA_NOT_AVAILABLE,DATA_NOT_AVAILABLE,DATA_NOT_AVAILABLE,,INSUFFICIENT_SGIS_10MIN
466,단밀면 생송리 산51임,단밀면,단밀면,321858_318803,1,RELIABLE_POINT,True,,,,,1569.0,7.58444869343531,53.53728489483748,-37.0,0,500m 이상,INSUFFICIENT_SGIS_10MIN,DATA_NOT_AVAILABLE,DATA_NOT_AVAILABLE,DATA_NOT_AVAILABLE,DATA_NOT_AVAILABLE,,INSUFFICIENT_SGIS_10MIN
467,단밀면 생송리 132답,단밀면,단밀면,321117_320897,1,RELIABLE_POINT,True,33.0,208.0,175.0,0.4851063829787234,1569.0,7.58444869343531,53.53728489483748,-37.0,0,0–100m,DESCRIPTIVE_EVIDENCE,MID,MID,YOUTH_HIGH,NO_MAPPED_FACILITY_CONTEXT,HIGH_YOUTH_CONTEXT;NO_MAPPED_FACILITY_CONTEXT,YOUTH_PARTICIPATION_REVIEW
468,단밀면 생송리 1172,단밀면,단밀면,318918_320238,1,RELIABLE_POINT,True,63.0,628.0,565.0,0.7574468085106383,1569.0,7.58444869343531,53.53728489483748,-37.0,0,0–100m,DESCRIPTIVE_EVIDENCE,HIGH,HIGH,YOUTH_HIGH,NO_MAPPED_FACILITY_CONTEXT,HIGH_10MIN_REACH;HIGH_5_TO_10_EXPANSION;HIGH_YOUTH_CONTEXT;NO_MAPPED_FACILITY_CONTEXT,YOUTH_PARTICIPATION_REVIEW
469,단밀면 생송리 550,단밀면,단밀면,319839_319831,1,RELIABLE_POINT,True,,,,,1569.0,7.58444869343531,53.53728489483748,-37.0,0,100–300m,INSUFFICIENT_SGIS_10MIN,DATA_NOT_AVAILABLE,DATA_NOT_AVAILABLE,DATA_NOT_AVAILABLE,DATA_NOT_AVAILABLE,,INSUFFICIENT_SGIS_10MIN
470,단밀면 생송리 산67-15임,단밀면,단밀면,320930_318973,1,RELIABLE_POINT,True,,,,,1569.0,7.58444869343531,53.53728489483748,-37.0,0,500m 이상,INSUFFICIENT_SGIS_10MIN,DATA_NOT_AVAILABLE,DATA_NOT_AVAILABLE,DATA_NOT_AVAILABLE,DATA_NOT_AVAILABLE,,INSUFFICIENT_SGIS_10MIN
471,단밀면 생송리 1425,단밀면,단밀면,318403_318345,1,RELIABLE_POINT,True,18.0,48.0,30.0,0.1170212765957446,1569.0,7.58444869343531,53.53728489483748,-37.0,0,500m 이상,DESCRIPTIVE_EVIDENCE,LOW,LOW,YOUTH_HIGH,NO_MAPPED_FACILITY_CONTEXT,HIGH_YOUTH_CONTEXT;NO_MAPPED_FACILITY_CONTEXT,YOUTH_PARTICIPATION_REVIEW
472,단밀면 생송리 377답,단밀면,단밀면,320460_320981,1,RELIABLE_POINT,True,,,,,1569.0,7.58444869343531,53.53728489483748,-37.0,0,300–500m,INSUFFICIENT_SGIS_10MIN,DATA_NOT_AVAILABLE,DATA_NOT_AVAILABLE,DATA_NOT_AVAILABLE,DATA_NOT_AVAILABLE,,INSUFFICIENT_SGIS_10MIN
473,단밀면 서제리 871답,단밀면,단밀면,322101_321566,1,RELIABLE_POINT,True,43.0,373.0,330.0,0.6382978723404256,1569.0,7.58444869343531,53.53728489483748,-37.0,0,100–300m,DESCRIPTIVE_EVIDENCE,HIGH,HIGH,YOUTH_HIGH,NO_MAPPED_FACILITY_CONTEXT,HIGH_10MIN_REACH;HIGH_5_TO_10_EXPANSION;HIGH_YOUTH_CONTEXT;NO_MAPPED_FACILITY_CONTEXT,YOUTH_PARTICIPATION_REVIEW
474,단북면 노연리 348-2유,단북면,단북면,327993_321636,1,RELIABLE_POINT,True,2298.0,3877.0,1579.0,0.825531914893617,1631.0,7.173513182096873,55.30349478847333,-39.0,3,0–100m,DESCRIPTIVE_EVIDENCE,HIGH,HIGH,GENERAL_EMD_CONTEXT,MAPPED_FACILITY_PRESENT,HIGH_10MIN_REACH;HIGH_5_TO_10_EXPANSION,ACCESS_AND_REACH_REVIEW
475,안계면 용기리 80유,안계면,안계면,330106_323549,1,RELIABLE_POINT,True,214.0,1704.0,1490.0,0.8042553191489362,4208.0,13.66444866920152,42.11026615969582,-43.0,0,100–300m,DESCRIPTIVE_EVIDENCE,HIGH,HIGH,YOUTH_HIGH,NO_MAPPED_FACILITY_CONTEXT,HIGH_10MIN_REACH;HIGH_5_TO_10_EXPANSION;HIGH_YOUTH_CONTEXT;NO_MAPPED_FACILITY_CONTEXT,YOUTH_PARTICIPATION_REVIEW
476,안계면 용기리 306-1유,안계면,안계면,329382_323318,1,RELIABLE_POINT,True,,,,,4208.0,13.66444866920152,42.11026615969582,-43.0,0,100–300m,INSUFFICIENT_SGIS_10MIN,DATA_NOT_AVAILABLE,DATA_NOT_AVAILABLE,DATA_NOT_AVAILABLE,DATA_NOT_AVAILABLE,,INSUFFICIENT_SGIS_10MIN
477,안계면 토매리 57답,안계면,안계면,330130_321634,1,RELIABLE_POINT,True,63.0,855.0,792.0,0.7872340425531915,4208.0,13.66444866920152,42.11026615969582,-43.0,1,0–100m,DESCRIPTIVE_EVIDENCE,HIGH,HIGH,YOUTH_HIGH,MAPPED_FACILITY_PRESENT,HIGH_10MIN_REACH;HIGH_5_TO_10_EXPANSION;HIGH_YOUTH_CONTEXT,YOUTH_PARTICIPATION_REVIEW
478,안계면 위양리 19-2유,안계면,안계면,330936_320649,1,RELIABLE_POINT,True,78.0,193.0,115.0,0.4680851063829787,4208.0,13.66444866920152,42.11026615969582,-43.0,0,100–300m,DESCRIPTIVE_EVIDENCE,MID,MID,YOUTH_HIGH,NO_MAPPED_FACILITY_CONTEXT,HIGH_YOUTH_CONTEXT;NO_MAPPED_FACILITY_CONTEXT,YOUTH_PARTICIPATION_REVIEW
479,안계면 교촌리 134-2유,안계면,안계면,332323_318895,1,RELIABLE_POINT,True,13.0,143.0,130.0,0.3851063829787234,4208.0,13.66444866920152,42.11026615969582,-43.0,0,500m 이상,DESCRIPTIVE_EVIDENCE,MID,MID,YOUTH_HIGH,NO_MAPPED_FACILITY_CONTEXT,HIGH_YOUTH_CONTEXT;NO_MAPPED_FACILITY_CONTEXT,YOUTH_PARTICIPATION_REVIEW
480,안계면 교촌리 294유,안계면,안계면,332077_320291,1,RELIABLE_POINT,True,,,,,4208.0,13.66444866920152,42.11026615969582,-43.0,0,500m 이상,INSUFFICIENT_SGIS_10MIN,DATA_NOT_AVAILABLE,DATA_NOT_AVAILABLE,DATA_NOT_AVAILABLE,DATA_NOT_AVAILABLE,,INSUFFICIENT_SGIS_10MIN
481,안계면 안정리 337유,안계면,안계면,333307_319380,1,RELIABLE_POINT,True,48.0,138.0,90.0,0.3659574468085106,4208.0,13.66444866920152,42.11026615969582,-43.0,0,500m 이상,DESCRIPTIVE_EVIDENCE,MID,MID,YOUTH_HIGH,NO_MAPPED_FACILITY_CONTEXT,HIGH_YOUTH_CONTEXT;NO_MAPPED_FACILITY_CONTEXT,YOUTH_PARTICIPATION_REVIEW
482,안계면 안정리 174-1유,안계면,안계면,334292_320029,1,RELIABLE_POINT,True,13.0,233.0,220.0,0.5234042553191489,4208.0,13.66444866920152,42.11026615969582,-43.0,0,0–100m,DESCRIPTIVE_EVIDENCE,MID,MID,YOUTH_HIGH,NO_MAPPED_FACILITY_CONTEXT,HIGH_YOUTH_CONTEXT;NO_MAPPED_FACILITY_CONTEXT,YOUTH_PARTICIPATION_REVIEW
483,안계면 안정리 145유,안계면,안계면,334397_321140,1,RELIABLE_POINT,True,,,,,4208.0,13.66444866920152,42.11026615969582,-43.0,0,500m 이상,INSUFFICIENT_SGIS_10MIN,DATA_NOT_AVAILABLE,DATA_NOT_AVAILABLE,DATA_NOT_AVAILABLE,DATA_NOT_AVAILABLE,,INSUFFICIENT_SGIS_10MIN
484,안계면 안정리 483-2유,안계면,안계면,332803_320776,1,RELIABLE_POINT,True,,,,,4208.0,13.66444866920152,42.11026615969582,-43.0,0,500m 이상,INSUFFICIENT_SGIS_10MIN,DATA_NOT_AVAILABLE,DATA_NOT_AVAILABLE,DATA_NOT_AVAILABLE,DATA_NOT_AVAILABLE,,INSUFFICIENT_SGIS_10MIN
485,안계면 안정리 313유,안계면,안계면,333022_318778,1,RELIABLE_POINT,True,5.0,78.0,73.0,0.2148936170212766,4208.0,13.66444866920152,42.11026615969582,-43.0,0,500m 이상,DESCRIPTIVE_EVIDENCE,MID,MID,YOUTH_HIGH,NO_MAPPED_FACILITY_CONTEXT,HIGH_YOUTH_CONTEXT;NO_MAPPED_FACILITY_CONTEXT,YOUTH_PARTICIPATION_REVIEW
486,안계면 안정리 산2임,안계면,안계면,334879_321926,1,RELIABLE_POINT,True,,,,,4208.0,13.66444866920152,42.11026615969582,-43.0,0,500m 이상,INSUFFICIENT_SGIS_10MIN,DATA_NOT_AVAILABLE,DATA_NOT_AVAILABLE,DATA_NOT_AVAILABLE,DATA_NOT_AVAILABLE,,INSUFFICIENT_SGIS_10MIN
487,안계면 안정리 24-1유,안계면,안계면,334091_322017,1,RELIABLE_POINT,True,,,,,4208.0,13.66444866920152,42.11026615969582,-43.0,0,500m 이상,INSUFFICIENT_SGIS_10MIN,DATA_NOT_AVAILABLE,DATA_NOT_AVAILABLE,DATA_NOT_AVAILABLE,DATA_NOT_AVAILABLE,,INSUFFICIENT_SGIS_10MIN
488,안계면 봉양리 472유,안계면,안계면,331393_320395,1,RELIABLE_POINT,True,53.0,348.0,295.0,0.6212765957446809,4208.0,13.66444866920152,42.11026615969582,-43.0,0,0–100m,DESCRIPTIVE_EVIDENCE,HIGH,HIGH,YOUTH_HIGH,NO_MAPPED_FACILITY_CONTEXT,HIGH_10MIN_REACH;HIGH_5_TO_10_EXPANSION;HIGH_YOUTH_CONTEXT;NO_MAPPED_FACILITY_CONTEXT,YOUTH_PARTICIPATION_REVIEW
489,안계면 봉양리 37유,안계면,안계면,332760_321883,1,RELIABLE_POINT,True,,,,,4208.0,13.66444866920152,42.11026615969582,-43.0,0,500m 이상,INSUFFICIENT_SGIS_10MIN,DATA_NOT_AVAILABLE,DATA_NOT_AVAILABLE,DATA_NOT_AVAILABLE,DATA_NOT_AVAILABLE,,INSUFFICIENT_SGIS_10MIN
490,안계면 도덕리 17-1유,안계면,안계면,332628_323828,1,RELIABLE_POINT,True,18.0,128.0,110.0,0.3489361702127659,4208.0,13.66444866920152,42.11026615969582,-43.0,0,100–300m,DESCRIPTIVE_EVIDENCE,MID,MID,YOUTH_HIGH,NO_MAPPED_FACILITY_CONTEXT,HIGH_YOUTH_CONTEXT;NO_MAPPED_FACILITY_CONTEXT,YOUTH_PARTICIPATION_REVIEW
491,안계면 도덕리 172-1유,안계면,안계면,332342_322732,1,RELIABLE_POINT,True,,,,,4208.0,13.66444866920152,42.11026615969582,-43.0,0,500m 이상,INSUFFICIENT_SGIS_10MIN,DATA_NOT_AVAILABLE,DATA_NOT_AVAILABLE,DATA_NOT_AVAILABLE,DATA_NOT_AVAILABLE,,INSUFFICIENT_SGIS_10MIN
492,안계면 도덕리 1011-1유,안계면,안계면,330888_325875,1,RELIABLE_POINT,True,,,,,4208.0,13.66444866920152,42.11026615969582,-43.0,0,100–300m,INSUFFICIENT_SGIS_10MIN,DATA_NOT_AVAILABLE,DATA_NOT_AVAILABLE,DATA_NOT_AVAILABLE,DATA_NOT_AVAILABLE,,INSUFFICIENT_SGIS_10MIN
493,안계면 도덕리 882유,안계면,안계면,331399_324323,1,RELIABLE_POINT,True,69.0,279.0,210.0,0.5829787234042553,4208.0,13.66444866920152,42.11026615969582,-43.0,0,300–500m,DESCRIPTIVE_EVIDENCE,MID,MID,YOUTH_HIGH,NO_MAPPED_FACILITY_CONTEXT,HIGH_YOUTH_CONTEXT;NO_MAPPED_FACILITY_CONTEXT,YOUTH_PARTICIPATION_REVIEW
494,안계면 도덕리 313-2유,안계면,안계면,331555_323683,1,RELIABLE_POINT,True,,,,,4208.0,13.66444866920152,42.11026615969582,-43.0,0,100–300m,INSUFFICIENT_SGIS_10MIN,DATA_NOT_AVAILABLE,DATA_NOT_AVAILABLE,DATA_NOT_AVAILABLE,DATA_NOT_AVAILABLE,,INSUFFICIENT_SGIS_10MIN
495,안계면 도덕리 46-1유,안계면,안계면,332702_323369,1,RELIABLE_POINT,True,,,,,4208.0,13.66444866920152,42.11026615969582,-43.0,0,100–300m,INSUFFICIENT_SGIS_10MIN,DATA_NOT_AVAILABLE,DATA_NOT_AVAILABLE,DATA_NOT_AVAILABLE,DATA_NOT_AVAILABLE,,INSUFFICIENT_SGIS_10MIN
496,안계면 양곡리 885-1유,안계면,안계면,328627_326069,1,RELIABLE_POINT,True,,,,,4208.0,13.66444866920152,42.11026615969582,-43.0,0,500m 이상,INSUFFICIENT_SGIS_10MIN,DATA_NOT_AVAILABLE,DATA_NOT_AVAILABLE,DATA_NOT_AVAILABLE,DATA_NOT_AVAILABLE,,INSUFFICIENT_SGIS_10MIN
497,안계면 양곡리 296유,안계면,안계면,329144_325115,1,RELIABLE_POINT,True,,,,,4208.0,13.66444866920152,42.11026615969582,-43.0,0,500m 이상,INSUFFICIENT_SGIS_10MIN,DATA_NOT_AVAILABLE,DATA_NOT_AVAILABLE,DATA_NOT_AVAILABLE,DATA_NOT_AVAILABLE,,INSUFFICIENT_SGIS_10MIN
498,안계면 양곡리 901유,안계면,안계면,327966_326239,1,RELIABLE_POINT,True,,,,,4208.0,13.66444866920152,42.11026615969582,-43.0,0,500m 이상,INSUFFICIENT_SGIS_10MIN,DATA_NOT_AVAILABLE,DATA_NOT_AVAILABLE,DATA_NOT_AVAILABLE,DATA_NOT_AVAILABLE,,INSUFFICIENT_SGIS_10MIN
499,안계면 양곡리 123유,안계면,안계면,329844_325621,1,RELIABLE_POINT,True,,158.0,,0.4191489361702127,4208.0,13.66444866920152,42.11026615969582,-43.0,0,500m 이상,DESCRIPTIVE_EVIDENCE,MID,DATA_NOT_AVAILABLE,YOUTH_HIGH,NO_MAPPED_FACILITY_CONTEXT,HIGH_YOUTH_CONTEXT;NO_MAPPED_FACILITY_CONTEXT,YOUTH_PARTICIPATION_REVIEW
500,안계면 양곡리 59-1유,안계면,안계면,329755_324784,1,RELIABLE_POINT,True,,,,,4208.0,13.66444866920152,42.11026615969582,-43.0,0,300–500m,INSUFFICIENT_SGIS_10MIN,DATA_NOT_AVAILABLE,DATA_NOT_AVAILABLE,DATA_NOT_AVAILABLE,DATA_NOT_AVAILABLE,,INSUFFICIENT_SGIS_10MIN
501,다인면 송호리 662-2대,다인면,다인면,323704_329703,1,RELIABLE_POINT,True,68.0,78.0,10.0,0.2148936170212766,3543.0,8.354501834603443,55.96951735817104,-53.0,0,500m 이상,DESCRIPTIVE_EVIDENCE,MID,LOW,YOUTH_HIGH,NO_MAPPED_FACILITY_CONTEXT,HIGH_YOUTH_CONTEXT;NO_MAPPED_FACILITY_CONTEXT,YOUTH_PARTICIPATION_REVIEW
502,다인면 평림리 117유,다인면,다인면,322582_330658,1,RELIABLE_POINT,True,,158.0,,0.4191489361702127,3543.0,8.354501834603443,55.96951735817104,-53.0,0,500m 이상,DESCRIPTIVE_EVIDENCE,MID,DATA_NOT_AVAILABLE,YOUTH_HIGH,NO_MAPPED_FACILITY_CONTEXT,HIGH_YOUTH_CONTEXT;NO_MAPPED_FACILITY_CONTEXT,YOUTH_PARTICIPATION_REVIEW
503,다인면 평림리 716유,다인면,다인면,321581_331559,1,RELIABLE_POINT,True,,,,,3543.0,8.354501834603443,55.96951735817104,-53.0,0,500m 이상,INSUFFICIENT_SGIS_10MIN,DATA_NOT_AVAILABLE,DATA_NOT_AVAILABLE,DATA_NOT_AVAILABLE,DATA_NOT_AVAILABLE,,INSUFFICIENT_SGIS_10MIN
504,다인면 평림리 747-1유,다인면,다인면,321831_331416,1,RELIABLE_POINT,True,,,,,3543.0,8.354501834603443,55.96951735817104,-53.0,0,500m 이상,INSUFFICIENT_SGIS_10MIN,DATA_NOT_AVAILABLE,DATA_NOT_AVAILABLE,DATA_NOT_AVAILABLE,DATA_NOT_AVAILABLE,,INSUFFICIENT_SGIS_10MIN
505,다인면 평림리 169-1유,다인면,다인면,322278_331018,1,RELIABLE_POINT,True,,,,,3543.0,8.354501834603443,55.96951735817104,-53.0,0,500m 이상,INSUFFICIENT_SGIS_10MIN,DATA_NOT_AVAILABLE,DATA_NOT_AVAILABLE,DATA_NOT_AVAILABLE,DATA_NOT_AVAILABLE,,INSUFFICIENT_SGIS_10MIN
506,다인면 덕지리 1158-1유,다인면,다인면,318857_330421,1,RELIABLE_POINT,True,,,,,3543.0,8.354501834603443,55.96951735817104,-53.0,0,500m 이상,INSUFFICIENT_SGIS_10MIN,DATA_NOT_AVAILABLE,DATA_NOT_AVAILABLE,DATA_NOT_AVAILABLE,DATA_NOT_AVAILABLE,,INSUFFICIENT_SGIS_10MIN
507,다인면 덕지리 324유,다인면,다인면,319214_330938,1,RELIABLE_POINT,True,43.0,113.0,70.0,0.3148936170212766,3543.0,8.354501834603443,55.96951735817104,-53.0,0,500m 이상,DESCRIPTIVE_EVIDENCE,MID,MID,YOUTH_HIGH,NO_MAPPED_FACILITY_CONTEXT,HIGH_YOUTH_CONTEXT;NO_MAPPED_FACILITY_CONTEXT,YOUTH_PARTICIPATION_REVIEW
508,다인면 덕미리 458-1유,다인면,다인면,320080_332729,1,RELIABLE_POINT,True,153.0,608.0,455.0,0.7510638297872341,3543.0,8.354501834603443,55.96951735817104,-53.0,0,0–100m,DESCRIPTIVE_EVIDENCE,HIGH,HIGH,YOUTH_HIGH,NO_MAPPED_FACILITY_CONTEXT,HIGH_10MIN_REACH;HIGH_5_TO_10_EXPANSION;HIGH_YOUTH_CONTEXT;NO_MAPPED_FACILITY_CONTEXT,YOUTH_PARTICIPATION_REVIEW
509,다인면 덕미리 389유,다인면,다인면,320428_333830,1,RELIABLE_POINT,True,,,,,3543.0,8.354501834603443,55.96951735817104,-53.0,0,500m 이상,INSUFFICIENT_SGIS_10MIN,DATA_NOT_AVAILABLE,DATA_NOT_AVAILABLE,DATA_NOT_AVAILABLE,DATA_NOT_AVAILABLE,,INSUFFICIENT_SGIS_10MIN
510,다인면 덕미리 313-1유,다인면,다인면,321156_334037,1,RELIABLE_POINT,True,,,,,3543.0,8.354501834603443,55.96951735817104,-53.0,0,500m 이상,INSUFFICIENT_SGIS_10MIN,DATA_NOT_AVAILABLE,DATA_NOT_AVAILABLE,DATA_NOT_AVAILABLE,DATA_NOT_AVAILABLE,,INSUFFICIENT_SGIS_10MIN
511,다인면 덕미리 686유,다인면,다인면,320470_331555,1,RELIABLE_POINT,True,,123.0,,0.3361702127659574,3543.0,8.354501834603443,55.96951735817104,-53.0,0,500m 이상,DESCRIPTIVE_EVIDENCE,MID,DATA_NOT_AVAILABLE,YOUTH_HIGH,NO_MAPPED_FACILITY_CONTEXT,HIGH_YOUTH_CONTEXT;NO_MAPPED_FACILITY_CONTEXT,YOUTH_PARTICIPATION_REVIEW
512,다인면 덕미리 546-2유,다인면,다인면,320465_332035,1,RELIABLE_POINT,True,108.0,193.0,85.0,0.4680851063829787,3543.0,8.354501834603443,55.96951735817104,-53.0,0,300–500m,DESCRIPTIVE_EVIDENCE,MID,MID,YOUTH_HIGH,NO_MAPPED_FACILITY_CONTEXT,HIGH_YOUTH_CONTEXT;NO_MAPPED_FACILITY_CONTEXT,YOUTH_PARTICIPATION_REVIEW
513,다인면 용곡리 690-1유,다인면,다인면,320483_336671,1,RELIABLE_POINT,True,38.0,153.0,115.0,0.4085106382978723,3543.0,8.354501834603443,55.96951735817104,-53.0,0,500m 이상,DESCRIPTIVE_EVIDENCE,MID,MID,YOUTH_HIGH,NO_MAPPED_FACILITY_CONTEXT,HIGH_YOUTH_CONTEXT;NO_MAPPED_FACILITY_CONTEXT,YOUTH_PARTICIPATION_REVIEW
514,다인면 봉정리 15유,다인면,다인면,326190_331798,1,RELIABLE_POINT,True,,,,,3543.0,8.354501834603443,55.96951735817104,-53.0,0,500m 이상,INSUFFICIENT_SGIS_10MIN,DATA_NOT_AVAILABLE,DATA_NOT_AVAILABLE,DATA_NOT_AVAILABLE,DATA_NOT_AVAILABLE,,INSUFFICIENT_SGIS_10MIN
515,다인면 달제리 17유,다인면,다인면,327150_329345,1,RELIABLE_POINT,True,,,,,3543.0,8.354501834603443,55.96951735817104,-53.0,0,500m 이상,INSUFFICIENT_SGIS_10MIN,DATA_NOT_AVAILABLE,DATA_NOT_AVAILABLE,DATA_NOT_AVAILABLE,DATA_NOT_AVAILABLE,,INSUFFICIENT_SGIS_10MIN
516,다인면 달제리 1643-1유,다인면,다인면,323513_331016,1,RELIABLE_POINT,True,,,,,3543.0,8.354501834603443,55.96951735817104,-53.0,0,500m 이상,INSUFFICIENT_SGIS_10MIN,DATA_NOT_AVAILABLE,DATA_NOT_AVAILABLE,DATA_NOT_AVAILABLE,DATA_NOT_AVAILABLE,,INSUFFICIENT_SGIS_10MIN
517,다인면 달제리 1165유,다인면,다인면,326067_331114,1,RELIABLE_POINT,True,,,,,3543.0,8.354501834603443,55.96951735817104,-53.0,0,500m 이상,INSUFFICIENT_SGIS_10MIN,DATA_NOT_AVAILABLE,DATA_NOT_AVAILABLE,DATA_NOT_AVAILABLE,DATA_NOT_AVAILABLE,,INSUFFICIENT_SGIS_10MIN
518,다인면 삼분리 450-1유,다인면,다인면,326985_326850,1,RELIABLE_POINT,True,,,,,3543.0,8.354501834603443,55.96951735817104,-53.0,0,300–500m,INSUFFICIENT_SGIS_10MIN,DATA_NOT_AVAILABLE,DATA_NOT_AVAILABLE,DATA_NOT_AVAILABLE,DATA_NOT_AVAILABLE,,INSUFFICIENT_SGIS_10MIN
519,다인면 삼분리 393유,다인면,다인면,327219_326544,1,RELIABLE_POINT,True,43.0,103.0,60.0,0.2914893617021276,3543.0,8.354501834603443,55.96951735817104,-53.0,0,500m 이상,DESCRIPTIVE_EVIDENCE,MID,MID,YOUTH_HIGH,NO_MAPPED_FACILITY_CONTEXT,HIGH_YOUTH_CONTEXT;NO_MAPPED_FACILITY_CONTEXT,YOUTH_PARTICIPATION_REVIEW
543,안평면 창길리 1453유,안평면,안평면,340775_322146,1,RELIABLE_POINT,True,103.0,353.0,250.0,0.6297872340425532,2053.0,5.260594252313687,59.6687773989284,5.0,0,100–300m,DESCRIPTIVE_EVIDENCE,HIGH,MID,ELDERLY_HIGH,NO_MAPPED_FACILITY_CONTEXT,HIGH_10MIN_REACH;HIGH_ELDERLY_CONTEXT;NO_MAPPED_FACILITY_CONTEXT,COMMUNITY_SUPPORT_REVIEW
544,안평면 창길리 762유,안평면,안평면,340803_323057,1,RELIABLE_POINT,True,,,,,2053.0,5.260594252313687,59.6687773989284,5.0,0,100–300m,INSUFFICIENT_SGIS_10MIN,DATA_NOT_AVAILABLE,DATA_NOT_AVAILABLE,DATA_NOT_AVAILABLE,DATA_NOT_AVAILABLE,,INSUFFICIENT_SGIS_10MIN
545,안평면 창길리 317-1유,안평면,안평면,342736_323923,1,RELIABLE_POINT,True,,,,,2053.0,5.260594252313687,59.6687773989284,5.0,0,100–300m,INSUFFICIENT_SGIS_10MIN,DATA_NOT_AVAILABLE,DATA_NOT_AVAILABLE,DATA_NOT_AVAILABLE,DATA_NOT_AVAILABLE,,INSUFFICIENT_SGIS_10MIN
546,안평면 창길리 1496,안평면,안평면,340063_322079,1,RELIABLE_POINT,True,,,,,2053.0,5.260594252313687,59.6687773989284,5.0,0,500m 이상,INSUFFICIENT_SGIS_10MIN,DATA_NOT_AVAILABLE,DATA_NOT_AVAILABLE,DATA_NOT_AVAILABLE,DATA_NOT_AVAILABLE,,INSUFFICIENT_SGIS_10MIN
547,안평면 창길리 598답,안평면,안평면,341022_322828,1,RELIABLE_POINT,True,,,,,2053.0,5.260594252313687,59.6687773989284,5.0,0,300–500m,INSUFFICIENT_SGIS_10MIN,DATA_NOT_AVAILABLE,DATA_NOT_AVAILABLE,DATA_NOT_AVAILABLE,DATA_NOT_AVAILABLE,,INSUFFICIENT_SGIS_10MIN
548,안평면 평팔리 산186,안평면,안평면,343573_320894,1,UNVERIFIED_NEARBY_POINT,False,,,,,2053.0,5.260594252313687,59.6687773989284,5.0,0,100–300m,EXCLUDED_COORDINATE_QUALITY,DATA_NOT_AVAILABLE,DATA_NOT_AVAILABLE,DATA_NOT_AVAILABLE,DATA_NOT_AVAILABLE,,FIELD_REVIEW_REQUIRED
549,안평면 창길리 1,안평면,안평면,343512_324129,1,RELIABLE_POINT,True,,,,,2053.0,5.260594252313687,59.6687773989284,5.0,0,100–300m,INSUFFICIENT_SGIS_10MIN,DATA_NOT_AVAILABLE,DATA_NOT_AVAILABLE,DATA_NOT_AVAILABLE,DATA_NOT_AVAILABLE,,INSUFFICIENT_SGIS_10MIN
550,안평면 창길리 1305유,안평면,안평면,341877_321608,1,RELIABLE_POINT,True,103.0,288.0,185.0,0.5872340425531914,2053.0,5.260594252313687,59.6687773989284,5.0,2,100–300m,DESCRIPTIVE_EVIDENCE,MID,MID,ELDERLY_HIGH,MAPPED_FACILITY_PRESENT,HIGH_ELDERLY_CONTEXT,CONTEXT_ONLY
551,안평면 창길리 92,안평면,안평면,342808_324408,1,RELIABLE_POINT,True,48.0,58.0,10.0,0.1297872340425531,2053.0,5.260594252313687,59.6687773989284,5.0,0,300–500m,DESCRIPTIVE_EVIDENCE,LOW,LOW,ELDERLY_HIGH,NO_MAPPED_FACILITY_CONTEXT,HIGH_ELDERLY_CONTEXT;NO_MAPPED_FACILITY_CONTEXT,COMMUNITY_SUPPORT_REVIEW
556,안평면 박곡리 128유,안평면,안평면,344432_323336,1,RELIABLE_POINT,True,28.0,68.0,40.0,0.176595744680851,2053.0,5.260594252313687,59.6687773989284,5.0,0,500m 이상,DESCRIPTIVE_EVIDENCE,LOW,LOW,ELDERLY_HIGH,NO_MAPPED_FACILITY_CONTEXT,HIGH_ELDERLY_CONTEXT;NO_MAPPED_FACILITY_CONTEXT,COMMUNITY_SUPPORT_REVIEW
557,안평면 박곡리 566유,안평면,안평면,343567_321366,1,RELIABLE_POINT,True,78.0,418.0,340.0,0.676595744680851,2053.0,5.260594252313687,59.6687773989284,5.0,0,100–300m,DESCRIPTIVE_EVIDENCE,HIGH,HIGH,ELDERLY_HIGH,NO_MAPPED_FACILITY_CONTEXT,HIGH_10MIN_REACH;HIGH_5_TO_10_EXPANSION;HIGH_ELDERLY_CONTEXT;NO_MAPPED_FACILITY_CONTEXT,COMMUNITY_SUPPORT_REVIEW
558,안평면 박곡리 135유,안평면,안평면,344428_323508,1,RELIABLE_POINT,True,18.0,68.0,50.0,0.176595744680851,2053.0,5.260594252313687,59.6687773989284,5.0,0,500m 이상,DESCRIPTIVE_EVIDENCE,LOW,MID,ELDERLY_HIGH,NO_MAPPED_FACILITY_CONTEXT,HIGH_ELDERLY_CONTEXT;NO_MAPPED_FACILITY_CONTEXT,COMMUNITY_SUPPORT_REVIEW
559,안평면 창길리 1079,안평면,안평면,341761_321982,1,RELIABLE_POINT,True,53.0,143.0,90.0,0.3851063829787234,2053.0,5.260594252313687,59.6687773989284,5.0,0,0–100m,DESCRIPTIVE_EVIDENCE,MID,MID,ELDERLY_HIGH,NO_MAPPED_FACILITY_CONTEXT,HIGH_ELDERLY_CONTEXT;NO_MAPPED_FACILITY_CONTEXT,COMMUNITY_SUPPORT_REVIEW
560,안평면 석탑리 17,안평면,안평면,348148_320663,1,RELIABLE_POINT,True,8.0,33.0,25.0,0.0723404255319148,2053.0,5.260594252313687,59.6687773989284,5.0,0,500m 이상,DESCRIPTIVE_EVIDENCE,LOW,LOW,ELDERLY_HIGH,NO_MAPPED_FACILITY_CONTEXT,HIGH_ELDERLY_CONTEXT;NO_MAPPED_FACILITY_CONTEXT,COMMUNITY_SUPPORT_REVIEW
561,안평면 석탑리 780,안평면,안평면,346358_321882,1,RELIABLE_POINT,True,,,,,2053.0,5.260594252313687,59.6687773989284,5.0,0,500m 이상,INSUFFICIENT_SGIS_10MIN,DATA_NOT_AVAILABLE,DATA_NOT_AVAILABLE,DATA_NOT_AVAILABLE,DATA_NOT_AVAILABLE,,INSUFFICIENT_SGIS_10MIN
562,안평면 석탑리 890,안평면,안평면,346472_322565,1,RELIABLE_POINT,True,,,,,2053.0,5.260594252313687,59.6687773989284,5.0,0,500m 이상,INSUFFICIENT_SGIS_10MIN,DATA_NOT_AVAILABLE,DATA_NOT_AVAILABLE,DATA_NOT_AVAILABLE,DATA_NOT_AVAILABLE,,INSUFFICIENT_SGIS_10MIN
563,안평면 석탑리 815,안평면,안평면,347076_321652,1,RELIABLE_POINT,True,18.0,23.0,5.0,0.0425531914893617,2053.0,5.260594252313687,59.6687773989284,5.0,0,500m 이상,DESCRIPTIVE_EVIDENCE,LOW,LOW,ELDERLY_HIGH,NO_MAPPED_FACILITY_CONTEXT,HIGH_ELDERLY_CONTEXT;NO_MAPPED_FACILITY_CONTEXT,COMMUNITY_SUPPORT_REVIEW
564,안평면 석탑리 1242,안평면,안평면,345701_323729,1,RELIABLE_POINT,True,5.0,13.0,8.0,0.0212765957446808,2053.0,5.260594252313687,59.6687773989284,5.0,0,500m 이상,DESCRIPTIVE_EVIDENCE,LOW,LOW,ELDERLY_HIGH,NO_MAPPED_FACILITY_CONTEXT,HIGH_ELDERLY_CONTEXT;NO_MAPPED_FACILITY_CONTEXT,COMMUNITY_SUPPORT_REVIEW
565,안평면 석탑리 619,안평면,안평면,345337_321511,1,RELIABLE_POINT,True,,,,,2053.0,5.260594252313687,59.6687773989284,5.0,0,300–500m,INSUFFICIENT_SGIS_10MIN,DATA_NOT_AVAILABLE,DATA_NOT_AVAILABLE,DATA_NOT_AVAILABLE,DATA_NOT_AVAILABLE,,INSUFFICIENT_SGIS_10MIN
566,안평면 신월리 317-1유,안평면,안평면,347001_318653,1,RELIABLE_POINT,True,13.0,78.0,65.0,0.2148936170212766,2053.0,5.260594252313687,59.6687773989284,5.0,0,500m 이상,DESCRIPTIVE_EVIDENCE,MID,MID,ELDERLY_HIGH,NO_MAPPED_FACILITY_CONTEXT,HIGH_ELDERLY_CONTEXT;NO_MAPPED_FACILITY_CONTEXT,COMMUNITY_SUPPORT_REVIEW
567,안평면 신월리 512,안평면,안평면,346905_318944,1,RELIABLE_POINT,True,,,,,2053.0,5.260594252313687,59.6687773989284,5.0,0,500m 이상,INSUFFICIENT_SGIS_10MIN,DATA_NOT_AVAILABLE,DATA_NOT_AVAILABLE,DATA_NOT_AVAILABLE,DATA_NOT_AVAILABLE,,INSUFFICIENT_SGIS_10MIN
568,안평면 신월리 27,안평면,안평면,347920_319894,1,RELIABLE_POINT,True,18.0,148.0,130.0,0.4,2053.0,5.260594252313687,59.6687773989284,5.0,0,300–500m,DESCRIPTIVE_EVIDENCE,MID,MID,ELDERLY_HIGH,NO_MAPPED_FACILITY_CONTEXT,HIGH_ELDERLY_CONTEXT;NO_MAPPED_FACILITY_CONTEXT,COMMUNITY_SUPPORT_REVIEW
569,안평면 신월리 813,안평면,안평면,346125_319716,1,RELIABLE_POINT,True,110.0,190.0,80.0,0.4595744680851064,2053.0,5.260594252313687,59.6687773989284,5.0,0,500m 이상,DESCRIPTIVE_EVIDENCE,MID,MID,ELDERLY_HIGH,NO_MAPPED_FACILITY_CONTEXT,HIGH_ELDERLY_CONTEXT;NO_MAPPED_FACILITY_CONTEXT,COMMUNITY_SUPPORT_REVIEW
570,안평면 신월리 250-1,안평면,안평면,347904_318183,1,RELIABLE_POINT,True,18.0,33.0,15.0,0.0723404255319148,2053.0,5.260594252313687,59.6687773989284,5.0,0,500m 이상,DESCRIPTIVE_EVIDENCE,LOW,LOW,ELDERLY_HIGH,NO_MAPPED_FACILITY_CONTEXT,HIGH_ELDERLY_CONTEXT;NO_MAPPED_FACILITY_CONTEXT,COMMUNITY_SUPPORT_REVIEW
571,안평면 신월리 1055,안평면,안평면,345968_320688,1,RELIABLE_POINT,True,73.0,200.0,127.0,0.4765957446808511,2053.0,5.260594252313687,59.6687773989284,5.0,0,100–300m,DESCRIPTIVE_EVIDENCE,MID,MID,ELDERLY_HIGH,NO_MAPPED_FACILITY_CONTEXT,HIGH_ELDERLY_CONTEXT;NO_MAPPED_FACILITY_CONTEXT,COMMUNITY_SUPPORT_REVIEW
572,안평면 신월리 49-2,안평면,안평면,347992_319570,1,RELIABLE_POINT,True,,,,,2053.0,5.260594252313687,59.6687773989284,5.0,0,0–100m,INSUFFICIENT_SGIS_10MIN,DATA_NOT_AVAILABLE,DATA_NOT_AVAILABLE,DATA_NOT_AVAILABLE,DATA_NOT_AVAILABLE,,INSUFFICIENT_SGIS_10MIN
573,안평면 신월리 988,안평면,안평면,346061_320156,1,RELIABLE_POINT,True,,,,,2053.0,5.260594252313687,59.6687773989284,5.0,0,300–500m,INSUFFICIENT_SGIS_10MIN,DATA_NOT_AVAILABLE,DATA_NOT_AVAILABLE,DATA_NOT_AVAILABLE,DATA_NOT_AVAILABLE,,INSUFFICIENT_SGIS_10MIN
574,안평면 신월리 613-1,안평면,안평면,346357_318905,1,RELIABLE_POINT,True,73.0,180.0,107.0,0.451063829787234,2053.0,5.260594252313687,59.6687773989284,5.0,0,500m 이상,DESCRIPTIVE_EVIDENCE,MID,MID,ELDERLY_HIGH,NO_MAPPED_FACILITY_CONTEXT,HIGH_ELDERLY_CONTEXT;NO_MAPPED_FACILITY_CONTEXT,COMMUNITY_SUPPORT_REVIEW
575,안평면 신월리 1181,안평면,안평면,345921_320022,1,RELIABLE_POINT,True,,,,,2053.0,5.260594252313687,59.6687773989284,5.0,0,500m 이상,INSUFFICIENT_SGIS_10MIN,DATA_NOT_AVAILABLE,DATA_NOT_AVAILABLE,DATA_NOT_AVAILABLE,DATA_NOT_AVAILABLE,,INSUFFICIENT_SGIS_10MIN
576,안평면 신월리 1150,안평면,안평면,345541_320433,1,RELIABLE_POINT,True,8.0,78.0,70.0,0.2148936170212766,2053.0,5.260594252313687,59.6687773989284,5.0,0,500m 이상,DESCRIPTIVE_EVIDENCE,MID,MID,ELDERLY_HIGH,NO_MAPPED_FACILITY_CONTEXT,HIGH_ELDERLY_CONTEXT;NO_MAPPED_FACILITY_CONTEXT,COMMUNITY_SUPPORT_REVIEW
587,안평면 대사리 1159-1,안평면,안평면,340349_317786,1,RELIABLE_POINT,True,,,,,2053.0,5.260594252313687,59.6687773989284,5.0,0,500m 이상,INSUFFICIENT_SGIS_10MIN,DATA_NOT_AVAILABLE,DATA_NOT_AVAILABLE,DATA_NOT_AVAILABLE,DATA_NOT_AVAILABLE,,INSUFFICIENT_SGIS_10MIN
588,안평면 대사리 319,안평면,안평면,342418_316224,1,RELIABLE_POINT,True,138.0,445.0,307.0,0.6936170212765957,2053.0,5.260594252313687,59.6687773989284,5.0,0,0–100m,DESCRIPTIVE_EVIDENCE,HIGH,HIGH,ELDERLY_HIGH,NO_MAPPED_FACILITY_CONTEXT,HIGH_10MIN_REACH;HIGH_5_TO_10_EXPANSION;HIGH_ELDERLY_CONTEXT;NO_MAPPED_FACILITY_CONTEXT,COMMUNITY_SUPPORT_REVIEW
589,안평면 대사리 1101,안평면,안평면,340407_318373,1,RELIABLE_POINT,True,,,,,2053.0,5.260594252313687,59.6687773989284,5.0,0,500m 이상,INSUFFICIENT_SGIS_10MIN,DATA_NOT_AVAILABLE,DATA_NOT_AVAILABLE,DATA_NOT_AVAILABLE,DATA_NOT_AVAILABLE,,INSUFFICIENT_SGIS_10MIN
590,안평면 대사리 895,안평면,안평면,340685_317436,1,RELIABLE_POINT,True,43.0,58.0,15.0,0.1297872340425531,2053.0,5.260594252313687,59.6687773989284,5.0,0,500m 이상,DESCRIPTIVE_EVIDENCE,LOW,LOW,ELDERLY_HIGH,NO_MAPPED_FACILITY_CONTEXT,HIGH_ELDERLY_CONTEXT;NO_MAPPED_FACILITY_CONTEXT,COMMUNITY_SUPPORT_REVIEW
591,안평면 대사리 780,안평면,안평면,341069_316842,1,RELIABLE_POINT,True,,,,,2053.0,5.260594252313687,59.6687773989284,5.0,0,500m 이상,INSUFFICIENT_SGIS_10MIN,DATA_NOT_AVAILABLE,DATA_NOT_AVAILABLE,DATA_NOT_AVAILABLE,DATA_NOT_AVAILABLE,,INSUFFICIENT_SGIS_10MIN
592,안평면 도옥리 829유,안평면,안평면,341971_318821,1,RELIABLE_POINT,True,73.0,348.0,275.0,0.6212765957446809,2053.0,5.260594252313687,59.6687773989284,5.0,0,300–500m,DESCRIPTIVE_EVIDENCE,HIGH,MID,ELDERLY_HIGH,NO_MAPPED_FACILITY_CONTEXT,HIGH_10MIN_REACH;HIGH_ELDERLY_CONTEXT;NO_MAPPED_FACILITY_CONTEXT,COMMUNITY_SUPPORT_REVIEW
593,안평면 도옥리 838,안평면,안평면,341867_318968,1,RELIABLE_POINT,True,,,,,2053.0,5.260594252313687,59.6687773989284,5.0,0,300–500m,INSUFFICIENT_SGIS_10MIN,DATA_NOT_AVAILABLE,DATA_NOT_AVAILABLE,DATA_NOT_AVAILABLE,DATA_NOT_AVAILABLE,,INSUFFICIENT_SGIS_10MIN
594,안평면 도옥리 507유,안평면,안평면,342429_317753,1,RELIABLE_POINT,True,125.0,575.0,450.0,0.7404255319148936,2053.0,5.260594252313687,59.6687773989284,5.0,0,100–300m,DESCRIPTIVE_EVIDENCE,HIGH,HIGH,ELDERLY_HIGH,NO_MAPPED_FACILITY_CONTEXT,HIGH_10MIN_REACH;HIGH_5_TO_10_EXPANSION;HIGH_ELDERLY_CONTEXT;NO_MAPPED_FACILITY_CONTEXT,COMMUNITY_SUPPORT_REVIEW
595,안평면 도옥리 310답,안평면,안평면,342667_318715,1,RELIABLE_POINT,True,,,,,2053.0,5.260594252313687,59.6687773989284,5.0,0,500m 이상,INSUFFICIENT_SGIS_10MIN,DATA_NOT_AVAILABLE,DATA_NOT_AVAILABLE,DATA_NOT_AVAILABLE,DATA_NOT_AVAILABLE,,INSUFFICIENT_SGIS_10MIN
596,안평면 마전리 459유,안평면,안평면,340124_319128,1,RELIABLE_POINT,True,,,,,2053.0,5.260594252313687,59.6687773989284,5.0,0,500m 이상,INSUFFICIENT_SGIS_10MIN,DATA_NOT_AVAILABLE,DATA_NOT_AVAILABLE,DATA_NOT_AVAILABLE,DATA_NOT_AVAILABLE,,INSUFFICIENT_SGIS_10MIN
597,안평면 마전리 419유,안평면,안평면,340817_319990,1,RELIABLE_POINT,True,,,,,2053.0,5.260594252313687,59.6687773989284,5.0,1,100–300m,INSUFFICIENT_SGIS_10MIN,DATA_NOT_AVAILABLE,DATA_NOT_AVAILABLE,DATA_NOT_AVAILABLE,DATA_NOT_AVAILABLE,,INSUFFICIENT_SGIS_10MIN
598,안평면 마전리 616유,안평면,안평면,340040_318799,1,RELIABLE_POINT,True,,,,,2053.0,5.260594252313687,59.6687773989284,5.0,0,500m 이상,INSUFFICIENT_SGIS_10MIN,DATA_NOT_AVAILABLE,DATA_NOT_AVAILABLE,DATA_NOT_AVAILABLE,DATA_NOT_AVAILABLE,,INSUFFICIENT_SGIS_10MIN
599,안평면 기도리 1235유,안평면,안평면,339280_320911,1,RELIABLE_POINT,True,,73.0,,0.1936170212765957,2053.0,5.260594252313687,59.6687773989284,5.0,0,500m 이상,DESCRIPTIVE_EVIDENCE,LOW,DATA_NOT_AVAILABLE,ELDERLY_HIGH,NO_MAPPED_FACILITY_CONTEXT,HIGH_ELDERLY_CONTEXT;NO_MAPPED_FACILITY_CONTEXT,COMMUNITY_SUPPORT_REVIEW
600,안평면 기도리 503유,안평면,안평면,341062_320322,1,RELIABLE_POINT,True,,,,,2053.0,5.260594252313687,59.6687773989284,5.0,2,100–300m,INSUFFICIENT_SGIS_10MIN,DATA_NOT_AVAILABLE,DATA_NOT_AVAILABLE,DATA_NOT_AVAILABLE,DATA_NOT_AVAILABLE,,INSUFFICIENT_SGIS_10MIN
601,안평면 기도리 1123유,안평면,안평면,339687_320495,1,RELIABLE_POINT,True,,,,,2053.0,5.260594252313687,59.6687773989284,5.0,0,500m 이상,INSUFFICIENT_SGIS_10MIN,DATA_NOT_AVAILABLE,DATA_NOT_AVAILABLE,DATA_NOT_AVAILABLE,DATA_NOT_AVAILABLE,,INSUFFICIENT_SGIS_10MIN
602,안평면 금곡리 869-1유,안평면,안평면,336642_325342,1,RELIABLE_POINT,True,99.0,164.0,65.0,0.4382978723404255,2053.0,5.260594252313687,59.6687773989284,5.0,0,0–100m,DESCRIPTIVE_EVIDENCE,MID,MID,ELDERLY_HIGH,NO_MAPPED_FACILITY_CONTEXT,HIGH_ELDERLY_CONTEXT;NO_MAPPED_FACILITY_CONTEXT,COMMUNITY_SUPPORT_REVIEW
603,안평면 금곡리 493-1,안평면,안평면,336970_322771,1,RELIABLE_POINT,True,,18.0,,0.0340425531914893,2053.0,5.260594252313687,59.6687773989284,5.0,0,500m 이상,DESCRIPTIVE_EVIDENCE,LOW,DATA_NOT_AVAILABLE,ELDERLY_HIGH,NO_MAPPED_FACILITY_CONTEXT,HIGH_ELDERLY_CONTEXT;NO_MAPPED_FACILITY_CONTEXT,COMMUNITY_SUPPORT_REVIEW
604,안평면 금곡리 379,안평면,안평면,338247_323867,1,RELIABLE_POINT,True,13.0,109.0,96.0,0.3021276595744681,2053.0,5.260594252313687,59.6687773989284,5.0,0,300–500m,DESCRIPTIVE_EVIDENCE,MID,MID,ELDERLY_HIGH,NO_MAPPED_FACILITY_CONTEXT,HIGH_ELDERLY_CONTEXT;NO_MAPPED_FACILITY_CONTEXT,COMMUNITY_SUPPORT_REVIEW
605,안평면 금곡리 470,안평면,안평면,338003_322599,1,RELIABLE_POINT,True,,,,,2053.0,5.260594252313687,59.6687773989284,5.0,0,500m 이상,INSUFFICIENT_SGIS_10MIN,DATA_NOT_AVAILABLE,DATA_NOT_AVAILABLE,DATA_NOT_AVAILABLE,DATA_NOT_AVAILABLE,,INSUFFICIENT_SGIS_10MIN
606,안평면 금곡리 306유,안평면,안평면,338869_322808,1,RELIABLE_POINT,True,,,,,2053.0,5.260594252313687,59.6687773989284,5.0,0,300–500m,INSUFFICIENT_SGIS_10MIN,DATA_NOT_AVAILABLE,DATA_NOT_AVAILABLE,DATA_NOT_AVAILABLE,DATA_NOT_AVAILABLE,,INSUFFICIENT_SGIS_10MIN
607,안평면 금곡리 148유,안평면,안평면,339335_323431,1,RELIABLE_POINT,True,63.0,304.0,241.0,0.5914893617021276,2053.0,5.260594252313687,59.6687773989284,5.0,0,100–300m,DESCRIPTIVE_EVIDENCE,MID,MID,ELDERLY_HIGH,NO_MAPPED_FACILITY_CONTEXT,HIGH_ELDERLY_CONTEXT;NO_MAPPED_FACILITY_CONTEXT,COMMUNITY_SUPPORT_REVIEW
608,안평면 금곡리 626답,안평면,안평면,337500_324083,1,RELIABLE_POINT,True,,,,,2053.0,5.260594252313687,59.6687773989284,5.0,0,100–300m,INSUFFICIENT_SGIS_10MIN,DATA_NOT_AVAILABLE,DATA_NOT_AVAILABLE,DATA_NOT_AVAILABLE,DATA_NOT_AVAILABLE,,INSUFFICIENT_SGIS_10MIN
609,안평면 하령리 50-1,안평면,안평면,340954_324028,1,RELIABLE_POINT,True,73.0,248.0,175.0,0.551063829787234,2053.0,5.260594252313687,59.6687773989284,5.0,0,300–500m,DESCRIPTIVE_EVIDENCE,MID,MID,ELDERLY_HIGH,NO_MAPPED_FACILITY_CONTEXT,HIGH_ELDERLY_CONTEXT;NO_MAPPED_FACILITY_CONTEXT,COMMUNITY_SUPPORT_REVIEW
610,안평면 하령리 131유,안평면,안평면,341014_323703,1,RELIABLE_POINT,True,53.0,223.0,170.0,0.5063829787234042,2053.0,5.260594252313687,59.6687773989284,5.0,0,300–500m,DESCRIPTIVE_EVIDENCE,MID,MID,ELDERLY_HIGH,NO_MAPPED_FACILITY_CONTEXT,HIGH_ELDERLY_CONTEXT;NO_MAPPED_FACILITY_CONTEXT,COMMUNITY_SUPPORT_REVIEW
611,안평면 삼춘리 131-2,안평면,안평면,341637_327084,1,RELIABLE_POINT,True,,,,,2053.0,5.260594252313687,59.6687773989284,5.0,0,500m 이상,INSUFFICIENT_SGIS_10MIN,DATA_NOT_AVAILABLE,DATA_NOT_AVAILABLE,DATA_NOT_AVAILABLE,DATA_NOT_AVAILABLE,,INSUFFICIENT_SGIS_10MIN
612,안평면 삼춘리 468유,안평면,안평면,340568_327995,1,RELIABLE_POINT,True,,,,,2053.0,5.260594252313687,59.6687773989284,5.0,0,300–500m,INSUFFICIENT_SGIS_10MIN,DATA_NOT_AVAILABLE,DATA_NOT_AVAILABLE,DATA_NOT_AVAILABLE,DATA_NOT_AVAILABLE,,INSUFFICIENT_SGIS_10MIN
613,안평면 삼춘리 1077유,안평면,안평면,338194_326907,1,RELIABLE_POINT,True,8.0,23.0,15.0,0.0425531914893617,2053.0,5.260594252313687,59.6687773989284,5.0,0,500m 이상,DESCRIPTIVE_EVIDENCE,LOW,LOW,ELDERLY_HIGH,NO_MAPPED_FACILITY_CONTEXT,HIGH_ELDERLY_CONTEXT;NO_MAPPED_FACILITY_CONTEXT,COMMUNITY_SUPPORT_REVIEW
614,안평면 삼춘리 998유,안평면,안평면,339190_325329,1,RELIABLE_POINT,True,13.0,33.0,20.0,0.0723404255319148,2053.0,5.260594252313687,59.6687773989284,5.0,0,100–300m,DESCRIPTIVE_EVIDENCE,LOW,LOW,ELDERLY_HIGH,NO_MAPPED_FACILITY_CONTEXT,HIGH_ELDERLY_CONTEXT;NO_MAPPED_FACILITY_CONTEXT,COMMUNITY_SUPPORT_REVIEW
615,안평면 삼춘리 508유,안평면,안평면,340000_327776,1,RELIABLE_POINT,True,18.0,38.0,20.0,0.0914893617021276,2053.0,5.260594252313687,59.6687773989284,5.0,0,0–100m,DESCRIPTIVE_EVIDENCE,LOW,LOW,ELDERLY_HIGH,NO_MAPPED_FACILITY_CONTEXT,HIGH_ELDERLY_CONTEXT;NO_MAPPED_FACILITY_CONTEXT,COMMUNITY_SUPPORT_REVIEW
616,안사면 중하리 502유,안사면,안사면,334259_325698,1,RELIABLE_POINT,True,,38.0,,0.0914893617021276,833.0,7.44297719087635,57.38295318127251,-21.0,0,500m 이상,DESCRIPTIVE_EVIDENCE,LOW,DATA_NOT_AVAILABLE,GENERAL_EMD_CONTEXT,NO_MAPPED_FACILITY_CONTEXT,NO_MAPPED_FACILITY_CONTEXT,CONTEXT_ONLY
617,안사면 중하리 3유,안사면,안사면,335632_322365,1,RELIABLE_POINT,True,,,,,833.0,7.44297719087635,57.38295318127251,-21.0,0,500m 이상,INSUFFICIENT_SGIS_10MIN,DATA_NOT_AVAILABLE,DATA_NOT_AVAILABLE,DATA_NOT_AVAILABLE,DATA_NOT_AVAILABLE,,INSUFFICIENT_SGIS_10MIN
618,안사면 중하리 883유,안사면,안사면,332886_326085,1,RELIABLE_POINT,True,23.0,113.0,90.0,0.3148936170212766,833.0,7.44297719087635,57.38295318127251,-21.0,0,500m 이상,DESCRIPTIVE_EVIDENCE,MID,MID,GENERAL_EMD_CONTEXT,NO_MAPPED_FACILITY_CONTEXT,NO_MAPPED_FACILITY_CONTEXT,CONTEXT_ONLY
619,안사면 중하리 642유,안사면,안사면,333684_323454,1,RELIABLE_POINT,True,,,,,833.0,7.44297719087635,57.38295318127251,-21.0,0,500m 이상,INSUFFICIENT_SGIS_10MIN,DATA_NOT_AVAILABLE,DATA_NOT_AVAILABLE,DATA_NOT_AVAILABLE,DATA_NOT_AVAILABLE,,INSUFFICIENT_SGIS_10MIN
620,안사면 중하리 1100유,안사면,안사면,332697_324951,1,RELIABLE_POINT,True,,,,,833.0,7.44297719087635,57.38295318127251,-21.0,0,500m 이상,INSUFFICIENT_SGIS_10MIN,DATA_NOT_AVAILABLE,DATA_NOT_AVAILABLE,DATA_NOT_AVAILABLE,DATA_NOT_AVAILABLE,,INSUFFICIENT_SGIS_10MIN
621,안사면 안사리 391유,안사면,안사면,331724_326872,1,RELIABLE_POINT,True,,,,,833.0,7.44297719087635,57.38295318127251,-21.0,0,500m 이상,INSUFFICIENT_SGIS_10MIN,DATA_NOT_AVAILABLE,DATA_NOT_AVAILABLE,DATA_NOT_AVAILABLE,DATA_NOT_AVAILABLE,,INSUFFICIENT_SGIS_10MIN
622,안사면 안사리 407유,안사면,안사면,332136_326819,1,RELIABLE_POINT,True,,,,,833.0,7.44297719087635,57.38295318127251,-21.0,0,500m 이상,INSUFFICIENT_SGIS_10MIN,DATA_NOT_AVAILABLE,DATA_NOT_AVAILABLE,DATA_NOT_AVAILABLE,DATA_NOT_AVAILABLE,,INSUFFICIENT_SGIS_10MIN
623,안사면 안사리 303유,안사면,안사면,331753_327840,1,RELIABLE_POINT,True,180.0,315.0,135.0,0.6042553191489362,833.0,7.44297719087635,57.38295318127251,-21.0,0,0–100m,DESCRIPTIVE_EVIDENCE,MID,MID,GENERAL_EMD_CONTEXT,NO_MAPPED_FACILITY_CONTEXT,NO_MAPPED_FACILITY_CONTEXT,CONTEXT_ONLY
624,안사면 안사리 25유,안사면,안사면,333506_327877,1,RELIABLE_POINT,True,18.0,240.0,222.0,0.5361702127659574,833.0,7.44297719087635,57.38295318127251,-21.0,0,0–100m,DESCRIPTIVE_EVIDENCE,MID,MID,GENERAL_EMD_CONTEXT,NO_MAPPED_FACILITY_CONTEXT,NO_MAPPED_FACILITY_CONTEXT,CONTEXT_ONLY
625,안사면 안사리 507유,안사면,안사면,332134_326285,1,RELIABLE_POINT,True,,,,,833.0,7.44297719087635,57.38295318127251,-21.0,0,500m 이상,INSUFFICIENT_SGIS_10MIN,DATA_NOT_AVAILABLE,DATA_NOT_AVAILABLE,DATA_NOT_AVAILABLE,DATA_NOT_AVAILABLE,,INSUFFICIENT_SGIS_10MIN
626,안사면 안사리 329 유,안사면,안사면,332007_327996,1,RELIABLE_POINT,True,13.0,63.0,50.0,0.151063829787234,833.0,7.44297719087635,57.38295318127251,-21.0,0,0–100m,DESCRIPTIVE_EVIDENCE,LOW,MID,GENERAL_EMD_CONTEXT,NO_MAPPED_FACILITY_CONTEXT,NO_MAPPED_FACILITY_CONTEXT,CONTEXT_ONLY
627,안사면 만리리 595-2답,안사면,안사면,330491_327976,1,RELIABLE_POINT,True,,,,,833.0,7.44297719087635,57.38295318127251,-21.0,0,100–300m,INSUFFICIENT_SGIS_10MIN,DATA_NOT_AVAILABLE,DATA_NOT_AVAILABLE,DATA_NOT_AVAILABLE,DATA_NOT_AVAILABLE,,INSUFFICIENT_SGIS_10MIN
628,안사면 만리리 546유,안사면,안사면,330252_327811,1,RELIABLE_POINT,True,,,,,833.0,7.44297719087635,57.38295318127251,-21.0,0,500m 이상,INSUFFICIENT_SGIS_10MIN,DATA_NOT_AVAILABLE,DATA_NOT_AVAILABLE,DATA_NOT_AVAILABLE,DATA_NOT_AVAILABLE,,INSUFFICIENT_SGIS_10MIN
629,안사면 만리리 16임,안사면,안사면,331017_329500,1,RELIABLE_POINT,True,8.0,78.0,70.0,0.2148936170212766,833.0,7.44297719087635,57.38295318127251,-21.0,0,500m 이상,DESCRIPTIVE_EVIDENCE,MID,MID,GENERAL_EMD_CONTEXT,NO_MAPPED_FACILITY_CONTEXT,NO_MAPPED_FACILITY_CONTEXT,CONTEXT_ONLY
630,안사면 만리리 1002-1유,안사면,안사면,328627_328705,1,RELIABLE_POINT,True,,,,,833.0,7.44297719087635,57.38295318127251,-21.0,0,500m 이상,INSUFFICIENT_SGIS_10MIN,DATA_NOT_AVAILABLE,DATA_NOT_AVAILABLE,DATA_NOT_AVAILABLE,DATA_NOT_AVAILABLE,,INSUFFICIENT_SGIS_10MIN
631,안사면 만리리 943유,안사면,안사면,329207_327470,1,RELIABLE_POINT,True,13.0,48.0,35.0,0.1170212765957446,833.0,7.44297719087635,57.38295318127251,-21.0,0,500m 이상,DESCRIPTIVE_EVIDENCE,LOW,LOW,GENERAL_EMD_CONTEXT,NO_MAPPED_FACILITY_CONTEXT,NO_MAPPED_FACILITY_CONTEXT,CONTEXT_ONLY
632,안사면 만리리 580-1,안사면,안사면,330587_327740,1,RELIABLE_POINT,True,160.0,310.0,150.0,0.5957446808510638,833.0,7.44297719087635,57.38295318127251,-21.0,0,100–300m,DESCRIPTIVE_EVIDENCE,MID,MID,GENERAL_EMD_CONTEXT,NO_MAPPED_FACILITY_CONTEXT,NO_MAPPED_FACILITY_CONTEXT,CONTEXT_ONLY
633,안사면 신수리 산120임,안사면,안사면,328707_329835,1,RELIABLE_POINT,True,,,,,833.0,7.44297719087635,57.38295318127251,-21.0,0,500m 이상,INSUFFICIENT_SGIS_10MIN,DATA_NOT_AVAILABLE,DATA_NOT_AVAILABLE,DATA_NOT_AVAILABLE,DATA_NOT_AVAILABLE,,INSUFFICIENT_SGIS_10MIN
634,안사면 신수리 33유,안사면,안사면,330629_331765,1,RELIABLE_POINT,True,18.0,33.0,15.0,0.0723404255319148,833.0,7.44297719087635,57.38295318127251,-21.0,0,500m 이상,DESCRIPTIVE_EVIDENCE,LOW,LOW,GENERAL_EMD_CONTEXT,NO_MAPPED_FACILITY_CONTEXT,NO_MAPPED_FACILITY_CONTEXT,CONTEXT_ONLY
635,안사면 신수리 84답,안사면,안사면,329603_331935,1,RELIABLE_POINT,True,,,,,833.0,7.44297719087635,57.38295318127251,-21.0,0,100–300m,INSUFFICIENT_SGIS_10MIN,DATA_NOT_AVAILABLE,DATA_NOT_AVAILABLE,DATA_NOT_AVAILABLE,DATA_NOT_AVAILABLE,,INSUFFICIENT_SGIS_10MIN
636,안사면 월소리 251-3유,안사면,안사면,328299_333793,1,RELIABLE_POINT,True,43.0,103.0,60.0,0.2914893617021276,833.0,7.44297719087635,57.38295318127251,-21.0,0,300–500m,DESCRIPTIVE_EVIDENCE,MID,MID,GENERAL_EMD_CONTEXT,NO_MAPPED_FACILITY_CONTEXT,NO_MAPPED_FACILITY_CONTEXT,CONTEXT_ONLY
637,안사면 월소리 136-1유,안사면,안사면,328620_333420,1,RELIABLE_POINT,True,48.0,113.0,65.0,0.3148936170212766,833.0,7.44297719087635,57.38295318127251,-21.0,0,300–500m,DESCRIPTIVE_EVIDENCE,MID,MID,GENERAL_EMD_CONTEXT,NO_MAPPED_FACILITY_CONTEXT,NO_MAPPED_FACILITY_CONTEXT,CONTEXT_ONLY
638,안사면 월소리 1000유,안사면,안사면,326440_334103,1,RELIABLE_POINT,True,28.0,68.0,40.0,0.176595744680851,833.0,7.44297719087635,57.38295318127251,-21.0,0,500m 이상,DESCRIPTIVE_EVIDENCE,LOW,LOW,GENERAL_EMD_CONTEXT,NO_MAPPED_FACILITY_CONTEXT,NO_MAPPED_FACILITY_CONTEXT,CONTEXT_ONLY
639,안사면 월소리 366유,안사면,안사면,327805_333174,1,RELIABLE_POINT,True,,,,,833.0,7.44297719087635,57.38295318127251,-21.0,0,300–500m,INSUFFICIENT_SGIS_10MIN,DATA_NOT_AVAILABLE,DATA_NOT_AVAILABLE,DATA_NOT_AVAILABLE,DATA_NOT_AVAILABLE,,INSUFFICIENT_SGIS_10MIN
640,안사면 월소리 541,안사면,안사면,328483_331267,1,RELIABLE_POINT,True,,,,,833.0,7.44297719087635,57.38295318127251,-21.0,0,300–500m,INSUFFICIENT_SGIS_10MIN,DATA_NOT_AVAILABLE,DATA_NOT_AVAILABLE,DATA_NOT_AVAILABLE,DATA_NOT_AVAILABLE,,INSUFFICIENT_SGIS_10MIN
641,안사면 월소리 521구,안사면,안사면,328326_331478,1,RELIABLE_POINT,True,13.0,38.0,25.0,0.0914893617021276,833.0,7.44297719087635,57.38295318127251,-21.0,0,300–500m,DESCRIPTIVE_EVIDENCE,LOW,LOW,GENERAL_EMD_CONTEXT,NO_MAPPED_FACILITY_CONTEXT,NO_MAPPED_FACILITY_CONTEXT,CONTEXT_ONLY
642,안사면 쌍호리 368유,안사면,안사면,327501_335002,1,RELIABLE_POINT,True,68.0,138.0,70.0,0.3659574468085106,833.0,7.44297719087635,57.38295318127251,-21.0,0,100–300m,DESCRIPTIVE_EVIDENCE,MID,MID,GENERAL_EMD_CONTEXT,NO_MAPPED_FACILITY_CONTEXT,NO_MAPPED_FACILITY_CONTEXT,CONTEXT_ONLY
643,단촌면 후평리 188-01,단촌면,단촌면,354215_327955,1,RELIABLE_POINT,True,,,,,1820.0,6.703296703296704,56.31868131868132,-6.0,0,100–300m,INSUFFICIENT_SGIS_10MIN,DATA_NOT_AVAILABLE,DATA_NOT_AVAILABLE,DATA_NOT_AVAILABLE,DATA_NOT_AVAILABLE,,INSUFFICIENT_SGIS_10MIN
644,점곡면 동변리 524,점곡면,점곡면,360339_328145,1,RELIABLE_POINT,True,23.0,23.0,0.0,0.0425531914893617,1476.0,6.842818428184281,59.62059620596206,-30.0,0,0–100m,DESCRIPTIVE_EVIDENCE,LOW,LOW,ELDERLY_HIGH,NO_MAPPED_FACILITY_CONTEXT,HIGH_ELDERLY_CONTEXT;NO_MAPPED_FACILITY_CONTEXT,COMMUNITY_SUPPORT_REVIEW
645,점곡면 사촌리 496,점곡면,점곡면,357111_326997,1,RELIABLE_POINT,True,58.0,348.0,290.0,0.6212765957446809,1476.0,6.842818428184281,59.62059620596206,-30.0,1,500m 이상,DESCRIPTIVE_EVIDENCE,HIGH,HIGH,ELDERLY_HIGH,MAPPED_FACILITY_PRESENT,HIGH_10MIN_REACH;HIGH_5_TO_10_EXPANSION;HIGH_ELDERLY_CONTEXT,ACCESS_AND_REACH_REVIEW
646,점곡면 송내리 66,점곡면,점곡면,356606_327098,1,RELIABLE_POINT,True,118.0,443.0,325.0,0.6893617021276596,1476.0,6.842818428184281,59.62059620596206,-30.0,0,500m 이상,DESCRIPTIVE_EVIDENCE,HIGH,HIGH,ELDERLY_HIGH,NO_MAPPED_FACILITY_CONTEXT,HIGH_10MIN_REACH;HIGH_5_TO_10_EXPANSION;HIGH_ELDERLY_CONTEXT;NO_MAPPED_FACILITY_CONTEXT,COMMUNITY_SUPPORT_REVIEW
647,점곡면 윤암리 112,점곡면,점곡면,360162_325090,1,RELIABLE_POINT,True,,,,,1476.0,6.842818428184281,59.62059620596206,-30.0,0,100–300m,INSUFFICIENT_SGIS_10MIN,DATA_NOT_AVAILABLE,DATA_NOT_AVAILABLE,DATA_NOT_AVAILABLE,DATA_NOT_AVAILABLE,,INSUFFICIENT_SGIS_10MIN
656,가음면 양지리 164,가음면,가음면,356473_304827,1,RELIABLE_POINT,True,118.0,699.0,581.0,0.7617021276595745,1396.0,6.088825214899714,57.09169054441261,-32.0,0,100–300m,DESCRIPTIVE_EVIDENCE,HIGH,HIGH,GENERAL_EMD_CONTEXT,NO_MAPPED_FACILITY_CONTEXT,HIGH_10MIN_REACH;HIGH_5_TO_10_EXPANSION;NO_MAPPED_FACILITY_CONTEXT,ACCESS_AND_REACH_REVIEW
657,구천면 위성리 210,구천면,구천면,330868_316318,1,RELIABLE_POINT,True,,,,,1618.0,6.551297898640297,58.15822002472187,-64.0,0,500m 이상,INSUFFICIENT_SGIS_10MIN,DATA_NOT_AVAILABLE,DATA_NOT_AVAILABLE,DATA_NOT_AVAILABLE,DATA_NOT_AVAILABLE,,INSUFFICIENT_SGIS_10MIN
658,구천면 노연리 185,구천면,구천면,328829_316568,1,UNVERIFIED_NEARBY_POINT,False,273.0,773.0,500.0,0.774468085106383,1618.0,6.551297898640297,58.15822002472187,-64.0,1,0–100m,EXCLUDED_COORDINATE_QUALITY,DATA_NOT_AVAILABLE,DATA_NOT_AVAILABLE,DATA_NOT_AVAILABLE,DATA_NOT_AVAILABLE,,FIELD_REVIEW_REQUIRED
659,단밀면 위중리 1219,단밀면,단밀면,323418_318775,1,RELIABLE_POINT,True,,,,,1569.0,7.58444869343531,53.53728489483748,-37.0,0,500m 이상,INSUFFICIENT_SGIS_10MIN,DATA_NOT_AVAILABLE,DATA_NOT_AVAILABLE,DATA_NOT_AVAILABLE,DATA_NOT_AVAILABLE,,INSUFFICIENT_SGIS_10MIN
660,단북면 노연리 396,단북면,단북면,327925_322087,1,RELIABLE_POINT,True,520.0,3037.0,2517.0,0.8170212765957446,1631.0,7.173513182096873,55.30349478847333,-39.0,3,100–300m,DESCRIPTIVE_EVIDENCE,HIGH,HIGH,GENERAL_EMD_CONTEXT,MAPPED_FACILITY_PRESENT,HIGH_10MIN_REACH;HIGH_5_TO_10_EXPANSION,ACCESS_AND_REACH_REVIEW
661,단북면 정안리 478,단북면,단북면,327367_323379,1,RELIABLE_POINT,True,,,,,1631.0,7.173513182096873,55.30349478847333,-39.0,0,100–300m,INSUFFICIENT_SGIS_10MIN,DATA_NOT_AVAILABLE,DATA_NOT_AVAILABLE,DATA_NOT_AVAILABLE,DATA_NOT_AVAILABLE,,INSUFFICIENT_SGIS_10MIN
662,단북면 정안리 935-01,단북면,단북면,326552_321644,1,RELIABLE_POINT,True,623.0,2803.0,2180.0,0.8127659574468085,1631.0,7.173513182096873,55.30349478847333,-39.0,0,100–300m,DESCRIPTIVE_EVIDENCE,HIGH,HIGH,GENERAL_EMD_CONTEXT,NO_MAPPED_FACILITY_CONTEXT,HIGH_10MIN_REACH;HIGH_5_TO_10_EXPANSION;NO_MAPPED_FACILITY_CONTEXT,ACCESS_AND_REACH_REVIEW
666,단북면 효제리 485,단북면,단북면,324059_323482,1,RELIABLE_POINT,True,,,,,1631.0,7.173513182096873,55.30349478847333,-39.0,1,300–500m,INSUFFICIENT_SGIS_10MIN,DATA_NOT_AVAILABLE,DATA_NOT_AVAILABLE,DATA_NOT_AVAILABLE,DATA_NOT_AVAILABLE,,INSUFFICIENT_SGIS_10MIN
667,단북면 성암리 843,단북면,단북면,323327_323414,1,RELIABLE_POINT,True,363.0,973.0,610.0,0.7914893617021277,1631.0,7.173513182096873,55.30349478847333,-39.0,1,0–100m,DESCRIPTIVE_EVIDENCE,HIGH,HIGH,GENERAL_EMD_CONTEXT,MAPPED_FACILITY_PRESENT,HIGH_10MIN_REACH;HIGH_5_TO_10_EXPANSION,ACCESS_AND_REACH_REVIEW
668,안계면 용기리 169,안계면,안계면,329730_322432,1,RELIABLE_POINT,True,28.0,1957.0,1929.0,0.8085106382978723,4208.0,13.66444866920152,42.11026615969582,-43.0,0,100–300m,DESCRIPTIVE_EVIDENCE,HIGH,HIGH,YOUTH_HIGH,NO_MAPPED_FACILITY_CONTEXT,HIGH_10MIN_REACH;HIGH_5_TO_10_EXPANSION;HIGH_YOUTH_CONTEXT;NO_MAPPED_FACILITY_CONTEXT,YOUTH_PARTICIPATION_REVIEW
669,안계면 봉양리 851,안계면,안계면,330834_321326,1,RELIABLE_POINT,True,,,,,4208.0,13.66444866920152,42.11026615969582,-43.0,0,300–500m,INSUFFICIENT_SGIS_10MIN,DATA_NOT_AVAILABLE,DATA_NOT_AVAILABLE,DATA_NOT_AVAILABLE,DATA_NOT_AVAILABLE,,INSUFFICIENT_SGIS_10MIN
670,안계면 시안리 357,안계면,안계면,328131_322490,1,RELIABLE_POINT,True,934.0,3258.0,2324.0,0.8212765957446808,4208.0,13.66444866920152,42.11026615969582,-43.0,2,100–300m,DESCRIPTIVE_EVIDENCE,HIGH,HIGH,YOUTH_HIGH,MAPPED_FACILITY_PRESENT,HIGH_10MIN_REACH;HIGH_5_TO_10_EXPANSION;HIGH_YOUTH_CONTEXT,YOUTH_PARTICIPATION_REVIEW
671,안계면 시안리 185,안계면,안계면,328041_323946,1,RELIABLE_POINT,True,204.0,519.0,315.0,0.7319148936170212,4208.0,13.66444866920152,42.11026615969582,-43.0,0,100–300m,DESCRIPTIVE_EVIDENCE,HIGH,HIGH,YOUTH_HIGH,NO_MAPPED_FACILITY_CONTEXT,HIGH_10MIN_REACH;HIGH_5_TO_10_EXPANSION;HIGH_YOUTH_CONTEXT;NO_MAPPED_FACILITY_CONTEXT,YOUTH_PARTICIPATION_REVIEW
672,안계면 양곡리 413,안계면,안계면,328922_323819,1,RELIABLE_POINT,True,23.0,249.0,226.0,0.5617021276595745,4208.0,13.66444866920152,42.11026615969582,-43.0,0,300–500m,DESCRIPTIVE_EVIDENCE,MID,MID,YOUTH_HIGH,NO_MAPPED_FACILITY_CONTEXT,HIGH_YOUTH_CONTEXT;NO_MAPPED_FACILITY_CONTEXT,YOUTH_PARTICIPATION_REVIEW
673,안계면 시안리 295,안계면,안계면,328277_323005,1,RELIABLE_POINT,True,98.0,608.0,510.0,0.7510638297872341,4208.0,13.66444866920152,42.11026615969582,-43.0,0,0–100m,DESCRIPTIVE_EVIDENCE,HIGH,HIGH,YOUTH_HIGH,NO_MAPPED_FACILITY_CONTEXT,HIGH_10MIN_REACH;HIGH_5_TO_10_EXPANSION;HIGH_YOUTH_CONTEXT;NO_MAPPED_FACILITY_CONTEXT,YOUTH_PARTICIPATION_REVIEW
674,다인면 산내리 167,다인면,다인면,319887_326263,1,RELIABLE_POINT,True,,,,,3543.0,8.354501834603443,55.96951735817104,-53.0,0,500m 이상,INSUFFICIENT_SGIS_10MIN,DATA_NOT_AVAILABLE,DATA_NOT_AVAILABLE,DATA_NOT_AVAILABLE,DATA_NOT_AVAILABLE,,INSUFFICIENT_SGIS_10MIN
675,다인면 가원리 1279-1,다인면,다인면,320439_326010,1,RELIABLE_POINT,True,158.0,457.0,299.0,0.7021276595744681,3543.0,8.354501834603443,55.96951735817104,-53.0,0,300–500m,DESCRIPTIVE_EVIDENCE,HIGH,HIGH,YOUTH_HIGH,NO_MAPPED_FACILITY_CONTEXT,HIGH_10MIN_REACH;HIGH_5_TO_10_EXPANSION;HIGH_YOUTH_CONTEXT;NO_MAPPED_FACILITY_CONTEXT,YOUTH_PARTICIPATION_REVIEW
676,다인면 송호리 24,다인면,다인면,324279_328652,1,RELIABLE_POINT,True,53.0,103.0,50.0,0.2914893617021276,3543.0,8.354501834603443,55.96951735817104,-53.0,0,500m 이상,DESCRIPTIVE_EVIDENCE,MID,MID,YOUTH_HIGH,NO_MAPPED_FACILITY_CONTEXT,HIGH_YOUTH_CONTEXT;NO_MAPPED_FACILITY_CONTEXT,YOUTH_PARTICIPATION_REVIEW
677,다인면 도암리 999,다인면,다인면,320806_329124,1,RELIABLE_POINT,True,439.0,1129.0,690.0,0.8,3543.0,8.354501834603443,55.96951735817104,-53.0,2,0–100m,DESCRIPTIVE_EVIDENCE,HIGH,HIGH,YOUTH_HIGH,MAPPED_FACILITY_PRESENT,HIGH_10MIN_REACH;HIGH_5_TO_10_EXPANSION;HIGH_YOUTH_CONTEXT,YOUTH_PARTICIPATION_REVIEW
678,다인면 도암리 539-01,다인면,다인면,321949_329679,1,RELIABLE_POINT,True,198.0,979.0,781.0,0.7957446808510639,3543.0,8.354501834603443,55.96951735817104,-53.0,1,0–100m,DESCRIPTIVE_EVIDENCE,HIGH,HIGH,YOUTH_HIGH,MAPPED_FACILITY_PRESENT,HIGH_10MIN_REACH;HIGH_5_TO_10_EXPANSION;HIGH_YOUTH_CONTEXT,YOUTH_PARTICIPATION_REVIEW
679,다인면 도암리 61,다인면,다인면,322471_329709,1,RELIABLE_POINT,True,128.0,423.0,295.0,0.6808510638297872,3543.0,8.354501834603443,55.96951735817104,-53.0,0,0–100m,DESCRIPTIVE_EVIDENCE,HIGH,HIGH,YOUTH_HIGH,NO_MAPPED_FACILITY_CONTEXT,HIGH_10MIN_REACH;HIGH_5_TO_10_EXPANSION;HIGH_YOUTH_CONTEXT;NO_MAPPED_FACILITY_CONTEXT,YOUTH_PARTICIPATION_REVIEW
680,다인면 덕지리 521,다인면,다인면,319509_328142,1,RELIABLE_POINT,True,148.0,839.0,691.0,0.7829787234042553,3543.0,8.354501834603443,55.96951735817104,-53.0,0,0–100m,DESCRIPTIVE_EVIDENCE,HIGH,HIGH,YOUTH_HIGH,NO_MAPPED_FACILITY_CONTEXT,HIGH_10MIN_REACH;HIGH_5_TO_10_EXPANSION;HIGH_YOUTH_CONTEXT;NO_MAPPED_FACILITY_CONTEXT,YOUTH_PARTICIPATION_REVIEW
681,다인면 삼분리 650,다인면,다인면,326586_325569,1,RELIABLE_POINT,True,,,,,3543.0,8.354501834603443,55.96951735817104,-53.0,0,500m 이상,INSUFFICIENT_SGIS_10MIN,DATA_NOT_AVAILABLE,DATA_NOT_AVAILABLE,DATA_NOT_AVAILABLE,DATA_NOT_AVAILABLE,,INSUFFICIENT_SGIS_10MIN
682,다인면 삼분리 1073,다인면,다인면,325965_325410,1,RELIABLE_POINT,True,183.0,368.0,185.0,0.6340425531914894,3543.0,8.354501834603443,55.96951735817104,-53.0,0,100–300m,DESCRIPTIVE_EVIDENCE,HIGH,MID,YOUTH_HIGH,NO_MAPPED_FACILITY_CONTEXT,HIGH_10MIN_REACH;HIGH_YOUTH_CONTEXT;NO_MAPPED_FACILITY_CONTEXT,YOUTH_PARTICIPATION_REVIEW
683,다인면 삼분리 1814,다인면,다인면,324582_325261,1,RELIABLE_POINT,True,138.0,483.0,345.0,0.7191489361702128,3543.0,8.354501834603443,55.96951735817104,-53.0,0,100–300m,DESCRIPTIVE_EVIDENCE,HIGH,HIGH,YOUTH_HIGH,NO_MAPPED_FACILITY_CONTEXT,HIGH_10MIN_REACH;HIGH_5_TO_10_EXPANSION;HIGH_YOUTH_CONTEXT;NO_MAPPED_FACILITY_CONTEXT,YOUTH_PARTICIPATION_REVIEW
684,다인면 삼분리 1351,다인면,다인면,325413_326290,1,RELIABLE_POINT,True,,,,,3543.0,8.354501834603443,55.96951735817104,-53.0,0,500m 이상,INSUFFICIENT_SGIS_10MIN,DATA_NOT_AVAILABLE,DATA_NOT_AVAILABLE,DATA_NOT_AVAILABLE,DATA_NOT_AVAILABLE,,INSUFFICIENT_SGIS_10MIN
685,다인면 삼분리 1310-01,다인면,다인면,326117_326432,1,UNVERIFIED_NEARBY_POINT,False,78.0,233.0,155.0,0.5234042553191489,3543.0,8.354501834603443,55.96951735817104,-53.0,0,100–300m,EXCLUDED_COORDINATE_QUALITY,DATA_NOT_AVAILABLE,DATA_NOT_AVAILABLE,DATA_NOT_AVAILABLE,DATA_NOT_AVAILABLE,,FIELD_REVIEW_REQUIRED
686,다인면 외정리 496,다인면,다인면,323991_326940,1,RELIABLE_POINT,True,,,,,3543.0,8.354501834603443,55.96951735817104,-53.0,0,300–500m,INSUFFICIENT_SGIS_10MIN,DATA_NOT_AVAILABLE,DATA_NOT_AVAILABLE,DATA_NOT_AVAILABLE,DATA_NOT_AVAILABLE,,INSUFFICIENT_SGIS_10MIN
687,다인면 외정리 107-01,다인면,다인면,325209_327222,1,RELIABLE_POINT,True,,,,,3543.0,8.354501834603443,55.96951735817104,-53.0,0,500m 이상,INSUFFICIENT_SGIS_10MIN,DATA_NOT_AVAILABLE,DATA_NOT_AVAILABLE,DATA_NOT_AVAILABLE,DATA_NOT_AVAILABLE,,INSUFFICIENT_SGIS_10MIN
688,다인면 외정리 232,다인면,다인면,324236_327781,1,RELIABLE_POINT,True,78.0,278.0,200.0,0.5765957446808511,3543.0,8.354501834603443,55.96951735817104,-53.0,0,500m 이상,DESCRIPTIVE_EVIDENCE,MID,MID,YOUTH_HIGH,NO_MAPPED_FACILITY_CONTEXT,HIGH_YOUTH_CONTEXT;NO_MAPPED_FACILITY_CONTEXT,YOUTH_PARTICIPATION_REVIEW
689,다인면 달제리 484,다인면,다인면,325814_327849,1,RELIABLE_POINT,True,43.0,78.0,35.0,0.2148936170212766,3543.0,8.354501834603443,55.96951735817104,-53.0,0,0–100m,DESCRIPTIVE_EVIDENCE,MID,LOW,YOUTH_HIGH,NO_MAPPED_FACILITY_CONTEXT,HIGH_YOUTH_CONTEXT;NO_MAPPED_FACILITY_CONTEXT,YOUTH_PARTICIPATION_REVIEW
690,다인면 외정리 295,다인면,다인면,324725_327791,1,RELIABLE_POINT,True,78.0,218.0,140.0,0.4957446808510638,3543.0,8.354501834603443,55.96951735817104,-53.0,0,500m 이상,DESCRIPTIVE_EVIDENCE,MID,MID,YOUTH_HIGH,NO_MAPPED_FACILITY_CONTEXT,HIGH_YOUTH_CONTEXT;NO_MAPPED_FACILITY_CONTEXT,YOUTH_PARTICIPATION_REVIEW
691,다인면 신락리 137,다인면,다인면,323819_325678,1,RELIABLE_POINT,True,,,,,3543.0,8.354501834603443,55.96951735817104,-53.0,0,100–300m,INSUFFICIENT_SGIS_10MIN,DATA_NOT_AVAILABLE,DATA_NOT_AVAILABLE,DATA_NOT_AVAILABLE,DATA_NOT_AVAILABLE,,INSUFFICIENT_SGIS_10MIN
692,다인면 신락리 63,다인면,다인면,323784_324910,1,RELIABLE_POINT,True,,,,,3543.0,8.354501834603443,55.96951735817104,-53.0,0,500m 이상,INSUFFICIENT_SGIS_10MIN,DATA_NOT_AVAILABLE,DATA_NOT_AVAILABLE,DATA_NOT_AVAILABLE,DATA_NOT_AVAILABLE,,INSUFFICIENT_SGIS_10MIN
693,안평면 삼춘리 147-1,안평면,안평면,341811_326062,1,RELIABLE_POINT,True,13.0,48.0,35.0,0.1170212765957446,2053.0,5.260594252313687,59.6687773989284,5.0,0,100–300m,DESCRIPTIVE_EVIDENCE,LOW,LOW,ELDERLY_HIGH,NO_MAPPED_FACILITY_CONTEXT,HIGH_ELDERLY_CONTEXT;NO_MAPPED_FACILITY_CONTEXT,COMMUNITY_SUPPORT_REVIEW
695,안사면 중하리 126,안사면,안사면,335189_323302,1,RELIABLE_POINT,True,5.0,28.0,23.0,0.0553191489361702,833.0,7.44297719087635,57.38295318127251,-21.0,0,500m 이상,DESCRIPTIVE_EVIDENCE,LOW,LOW,GENERAL_EMD_CONTEXT,NO_MAPPED_FACILITY_CONTEXT,NO_MAPPED_FACILITY_CONTEXT,CONTEXT_ONLY
696,비안면 현산리 250-1,비안면,비안면,336933_317123,1,RELIABLE_POINT,True,,,,,2465.0,7.18052738336714,55.41582150101419,-74.0,0,500m 이상,INSUFFICIENT_SGIS_10MIN,DATA_NOT_AVAILABLE,DATA_NOT_AVAILABLE,DATA_NOT_AVAILABLE,DATA_NOT_AVAILABLE,,INSUFFICIENT_SGIS_10MIN
