{
"type": "FeatureCollection",
"name": "ponds_context",
"crs": { "type": "name", "properties": { "name": "urn:ogc:def:crs:OGC:1.3:CRS84" } },
"features": [
{ "type": "Feature", "properties": { "id": "1", "address": "의성읍 중리리 82유", "region": "의성읍", "capacity": 12.4, "emd_name": "의성읍", "pond_id": "1", "facility_source": "VWorld UQ164·UO601", "road_source": "DATA_NOT_AVAILABLE", "emd_total_population": 12086.0, "emd_youth_population": 1873.0, "emd_elderly_population": 4338.0, "emd_youth_ratio": 15.497269568095318, "emd_elderly_ratio": 35.89276849247063, "emd_population_change": -210.0, "emd_year": 2025.0, "population_context_method": "pond_emd_population_context", "population_500m": null, "youth_population_500m": null, "elderly_population_500m": null, "facility_count_500m": 7, "road_length_500m": null, "population_context_method_500m": "pond_emd_population_context", "agricultural_area_500m": 0.0, "agricultural_area_ha_500m": 0.0, "agricultural_ratio_500m": 0.0, "population_1000m": null, "youth_population_1000m": null, "elderly_population_1000m": null, "facility_count_1000m": 13, "road_length_1000m": null, "population_context_method_1000m": "pond_emd_population_context", "agricultural_area_1000m": 38793.792155644755, "agricultural_area_ha_1000m": 3.8793792155644753, "agricultural_ratio_1000m": 1.2368306204280239 }, "geometry": { "type": "Point", "coordinates": [ 128.69717256022372, 36.352717386064384 ] } },
{ "type": "Feature", "properties": { "id": "2", "address": "의성읍 중리리 237-1유", "region": "의성읍", "capacity": 4.3, "emd_name": "의성읍", "pond_id": "2", "facility_source": "VWorld UQ164·UO601", "road_source": "DATA_NOT_AVAILABLE", "emd_total_population": 12086.0, "emd_youth_population": 1873.0, "emd_elderly_population": 4338.0, "emd_youth_ratio": 15.497269568095318, "emd_elderly_ratio": 35.89276849247063, "emd_population_change": -210.0, "emd_year": 2025.0, "population_context_method": "pond_emd_population_context", "population_500m": null, "youth_population_500m": null, "elderly_population_500m": null, "facility_count_500m": 7, "road_length_500m": null, "population_context_method_500m": "pond_emd_population_context", "agricultural_area_500m": 0.0, "agricultural_area_ha_500m": 0.0, "agricultural_ratio_500m": 0.0, "population_1000m": null, "youth_population_1000m": null, "elderly_population_1000m": null, "facility_count_1000m": 13, "road_length_1000m": null, "population_context_method_1000m": "pond_emd_population_context", "agricultural_area_1000m": 38793.792155644755, "agricultural_area_ha_1000m": 3.8793792155644753, "agricultural_ratio_1000m": 1.2368306204280239 }, "geometry": { "type": "Point", "coordinates": [ 128.69717256022372, 36.352717386064384 ] } },
{ "type": "Feature", "properties": { "id": "3", "address": "의성읍 중리리 산 46-2 임", "region": "의성읍", "capacity": 2.2, "emd_name": "의성읍", "pond_id": "3", "facility_source": "VWorld UQ164·UO601", "road_source": "DATA_NOT_AVAILABLE", "emd_total_population": 12086.0, "emd_youth_population": 1873.0, "emd_elderly_population": 4338.0, "emd_youth_ratio": 15.497269568095318, "emd_elderly_ratio": 35.89276849247063, "emd_population_change": -210.0, "emd_year": 2025.0, "population_context_method": "pond_emd_population_context", "population_500m": null, "youth_population_500m": null, "elderly_population_500m": null, "facility_count_500m": 7, "road_length_500m": null, "population_context_method_500m": "pond_emd_population_context", "agricultural_area_500m": 0.0, "agricultural_area_ha_500m": 0.0, "agricultural_ratio_500m": 0.0, "population_1000m": null, "youth_population_1000m": null, "elderly_population_1000m": null, "facility_count_1000m": 13, "road_length_1000m": null, "population_context_method_1000m": "pond_emd_population_context", "agricultural_area_1000m": 38793.792155644755, "agricultural_area_ha_1000m": 3.8793792155644753, "agricultural_ratio_1000m": 1.2368306204280239 }, "geometry": { "type": "Point", "coordinates": [ 128.69717256022372, 36.352717386064384 ] } },
{ "type": "Feature", "properties": { "id": "4", "address": "의성읍 중리리 산60-5구", "region": "의성읍", "capacity": 2.0, "emd_name": "의성읍", "pond_id": "4", "facility_source": "VWorld UQ164·UO601", "road_source": "DATA_NOT_AVAILABLE", "emd_total_population": 12086.0, "emd_youth_population": 1873.0, "emd_elderly_population": 4338.0, "emd_youth_ratio": 15.497269568095318, "emd_elderly_ratio": 35.89276849247063, "emd_population_change": -210.0, "emd_year": 2025.0, "population_context_method": "pond_emd_population_context", "population_500m": null, "youth_population_500m": null, "elderly_population_500m": null, "facility_count_500m": 7, "road_length_500m": null, "population_context_method_500m": "pond_emd_population_context", "agricultural_area_500m": 0.0, "agricultural_area_ha_500m": 0.0, "agricultural_ratio_500m": 0.0, "population_1000m": null, "youth_population_1000m": null, "elderly_population_1000m": null, "facility_count_1000m": 13, "road_length_1000m": null, "population_context_method_1000m": "pond_emd_population_context", "agricultural_area_1000m": 38793.792155644755, "agricultural_area_ha_1000m": 3.8793792155644753, "agricultural_ratio_1000m": 1.2368306204280239 }, "geometry": { "type": "Point", "coordinates": [ 128.69717256022372, 36.352717386064384 ] } },
{ "type": "Feature", "properties": { "id": "5", "address": "의성읍 상리리 43유", "region": "의성읍", "capacity": 9.3, "emd_name": "의성읍", "pond_id": "5", "facility_source": "VWorld UQ164·UO601", "road_source": "DATA_NOT_AVAILABLE", "emd_total_population": 12086.0, "emd_youth_population": 1873.0, "emd_elderly_population": 4338.0, "emd_youth_ratio": 15.497269568095318, "emd_elderly_ratio": 35.89276849247063, "emd_population_change": -210.0, "emd_year": 2025.0, "population_context_method": "pond_emd_population_context", "population_500m": null, "youth_population_500m": null, "elderly_population_500m": null, "facility_count_500m": 7, "road_length_500m": null, "population_context_method_500m": "pond_emd_population_context", "agricultural_area_500m": 0.0, "agricultural_area_ha_500m": 0.0, "agricultural_ratio_500m": 0.0, "population_1000m": null, "youth_population_1000m": null, "elderly_population_1000m": null, "facility_count_1000m": 13, "road_length_1000m": null, "population_context_method_1000m": "pond_emd_population_context", "agricultural_area_1000m": 38793.792155644755, "agricultural_area_ha_1000m": 3.8793792155644753, "agricultural_ratio_1000m": 1.2368306204280239 }, "geometry": { "type": "Point", "coordinates": [ 128.69717256022372, 36.352717386064384 ] } },
{ "type": "Feature", "properties": { "id": "6", "address": "의성읍 상리리 50-3유", "region": "의성읍", "capacity": 1.1, "emd_name": "의성읍", "pond_id": "6", "facility_source": "VWorld UQ164·UO601", "road_source": "DATA_NOT_AVAILABLE", "emd_total_population": 12086.0, "emd_youth_population": 1873.0, "emd_elderly_population": 4338.0, "emd_youth_ratio": 15.497269568095318, "emd_elderly_ratio": 35.89276849247063, "emd_population_change": -210.0, "emd_year": 2025.0, "population_context_method": "pond_emd_population_context", "population_500m": null, "youth_population_500m": null, "elderly_population_500m": null, "facility_count_500m": 7, "road_length_500m": null, "population_context_method_500m": "pond_emd_population_context", "agricultural_area_500m": 0.0, "agricultural_area_ha_500m": 0.0, "agricultural_ratio_500m": 0.0, "population_1000m": null, "youth_population_1000m": null, "elderly_population_1000m": null, "facility_count_1000m": 13, "road_length_1000m": null, "population_context_method_1000m": "pond_emd_population_context", "agricultural_area_1000m": 38793.792155644755, "agricultural_area_ha_1000m": 3.8793792155644753, "agricultural_ratio_1000m": 1.2368306204280239 }, "geometry": { "type": "Point", "coordinates": [ 128.69717256022372, 36.352717386064384 ] } },
{ "type": "Feature", "properties": { "id": "7", "address": "의성읍 상리리 16-1유", "region": "의성읍", "capacity": 15.6, "emd_name": "의성읍", "pond_id": "7", "facility_source": "VWorld UQ164·UO601", "road_source": "DATA_NOT_AVAILABLE", "emd_total_population": 12086.0, "emd_youth_population": 1873.0, "emd_elderly_population": 4338.0, "emd_youth_ratio": 15.497269568095318, "emd_elderly_ratio": 35.89276849247063, "emd_population_change": -210.0, "emd_year": 2025.0, "population_context_method": "pond_emd_population_context", "population_500m": null, "youth_population_500m": null, "elderly_population_500m": null, "facility_count_500m": 7, "road_length_500m": null, "population_context_method_500m": "pond_emd_population_context", "agricultural_area_500m": 0.0, "agricultural_area_ha_500m": 0.0, "agricultural_ratio_500m": 0.0, "population_1000m": null, "youth_population_1000m": null, "elderly_population_1000m": null, "facility_count_1000m": 13, "road_length_1000m": null, "population_context_method_1000m": "pond_emd_population_context", "agricultural_area_1000m": 38793.792155644755, "agricultural_area_ha_1000m": 3.8793792155644753, "agricultural_ratio_1000m": 1.2368306204280239 }, "geometry": { "type": "Point", "coordinates": [ 128.69717256022372, 36.352717386064384 ] } },
{ "type": "Feature", "properties": { "id": "8", "address": "의성읍 상리리 296답", "region": "의성읍", "capacity": 1.0, "emd_name": "의성읍", "pond_id": "8", "facility_source": "VWorld UQ164·UO601", "road_source": "DATA_NOT_AVAILABLE", "emd_total_population": 12086.0, "emd_youth_population": 1873.0, "emd_elderly_population": 4338.0, "emd_youth_ratio": 15.497269568095318, "emd_elderly_ratio": 35.89276849247063, "emd_population_change": -210.0, "emd_year": 2025.0, "population_context_method": "pond_emd_population_context", "population_500m": null, "youth_population_500m": null, "elderly_population_500m": null, "facility_count_500m": 7, "road_length_500m": null, "population_context_method_500m": "pond_emd_population_context", "agricultural_area_500m": 0.0, "agricultural_area_ha_500m": 0.0, "agricultural_ratio_500m": 0.0, "population_1000m": null, "youth_population_1000m": null, "elderly_population_1000m": null, "facility_count_1000m": 13, "road_length_1000m": null, "population_context_method_1000m": "pond_emd_population_context", "agricultural_area_1000m": 38793.792155644755, "agricultural_area_ha_1000m": 3.8793792155644753, "agricultural_ratio_1000m": 1.2368306204280239 }, "geometry": { "type": "Point", "coordinates": [ 128.69717256022372, 36.352717386064384 ] } },
{ "type": "Feature", "properties": { "id": "9", "address": "의성읍 도동리 27유", "region": "의성읍", "capacity": 13.5, "emd_name": "의성읍", "pond_id": "9", "facility_source": "VWorld UQ164·UO601", "road_source": "DATA_NOT_AVAILABLE", "emd_total_population": 12086.0, "emd_youth_population": 1873.0, "emd_elderly_population": 4338.0, "emd_youth_ratio": 15.497269568095318, "emd_elderly_ratio": 35.89276849247063, "emd_population_change": -210.0, "emd_year": 2025.0, "population_context_method": "pond_emd_population_context", "population_500m": null, "youth_population_500m": null, "elderly_population_500m": null, "facility_count_500m": 7, "road_length_500m": null, "population_context_method_500m": "pond_emd_population_context", "agricultural_area_500m": 0.0, "agricultural_area_ha_500m": 0.0, "agricultural_ratio_500m": 0.0, "population_1000m": null, "youth_population_1000m": null, "elderly_population_1000m": null, "facility_count_1000m": 13, "road_length_1000m": null, "population_context_method_1000m": "pond_emd_population_context", "agricultural_area_1000m": 38793.792155644755, "agricultural_area_ha_1000m": 3.8793792155644753, "agricultural_ratio_1000m": 1.2368306204280239 }, "geometry": { "type": "Point", "coordinates": [ 128.69717256022372, 36.352717386064384 ] } },
{ "type": "Feature", "properties": { "id": "10", "address": "의성읍 오로리 716-1유", "region": "의성읍", "capacity": 165.0, "emd_name": "의성읍", "pond_id": "10", "facility_source": "VWorld UQ164·UO601", "road_source": "DATA_NOT_AVAILABLE", "emd_total_population": 12086.0, "emd_youth_population": 1873.0, "emd_elderly_population": 4338.0, "emd_youth_ratio": 15.497269568095318, "emd_elderly_ratio": 35.89276849247063, "emd_population_change": -210.0, "emd_year": 2025.0, "population_context_method": "pond_emd_population_context", "population_500m": null, "youth_population_500m": null, "elderly_population_500m": null, "facility_count_500m": 7, "road_length_500m": null, "population_context_method_500m": "pond_emd_population_context", "agricultural_area_500m": 0.0, "agricultural_area_ha_500m": 0.0, "agricultural_ratio_500m": 0.0, "population_1000m": null, "youth_population_1000m": null, "elderly_population_1000m": null, "facility_count_1000m": 13, "road_length_1000m": null, "population_context_method_1000m": "pond_emd_population_context", "agricultural_area_1000m": 38793.792155644755, "agricultural_area_ha_1000m": 3.8793792155644753, "agricultural_ratio_1000m": 1.2368306204280239 }, "geometry": { "type": "Point", "coordinates": [ 128.69717256022372, 36.352717386064384 ] } },
{ "type": "Feature", "properties": { "id": "11", "address": "의성읍 오로리 895유", "region": "의성읍", "capacity": 15.0, "emd_name": "의성읍", "pond_id": "11", "facility_source": "VWorld UQ164·UO601", "road_source": "DATA_NOT_AVAILABLE", "emd_total_population": 12086.0, "emd_youth_population": 1873.0, "emd_elderly_population": 4338.0, "emd_youth_ratio": 15.497269568095318, "emd_elderly_ratio": 35.89276849247063, "emd_population_change": -210.0, "emd_year": 2025.0, "population_context_method": "pond_emd_population_context", "population_500m": null, "youth_population_500m": null, "elderly_population_500m": null, "facility_count_500m": 7, "road_length_500m": null, "population_context_method_500m": "pond_emd_population_context", "agricultural_area_500m": 0.0, "agricultural_area_ha_500m": 0.0, "agricultural_ratio_500m": 0.0, "population_1000m": null, "youth_population_1000m": null, "elderly_population_1000m": null, "facility_count_1000m": 13, "road_length_1000m": null, "population_context_method_1000m": "pond_emd_population_context", "agricultural_area_1000m": 38793.792155644755, "agricultural_area_ha_1000m": 3.8793792155644753, "agricultural_ratio_1000m": 1.2368306204280239 }, "geometry": { "type": "Point", "coordinates": [ 128.69717256022372, 36.352717386064384 ] } },
{ "type": "Feature", "properties": { "id": "12", "address": "의성읍 비봉리 570-1유", "region": "의성읍", "capacity": 40.0, "emd_name": "의성읍", "pond_id": "12", "facility_source": "VWorld UQ164·UO601", "road_source": "DATA_NOT_AVAILABLE", "emd_total_population": 12086.0, "emd_youth_population": 1873.0, "emd_elderly_population": 4338.0, "emd_youth_ratio": 15.497269568095318, "emd_elderly_ratio": 35.89276849247063, "emd_population_change": -210.0, "emd_year": 2025.0, "population_context_method": "pond_emd_population_context", "population_500m": null, "youth_population_500m": null, "elderly_population_500m": null, "facility_count_500m": 7, "road_length_500m": null, "population_context_method_500m": "pond_emd_population_context", "agricultural_area_500m": 0.0, "agricultural_area_ha_500m": 0.0, "agricultural_ratio_500m": 0.0, "population_1000m": null, "youth_population_1000m": null, "elderly_population_1000m": null, "facility_count_1000m": 13, "road_length_1000m": null, "population_context_method_1000m": "pond_emd_population_context", "agricultural_area_1000m": 38793.792155644755, "agricultural_area_ha_1000m": 3.8793792155644753, "agricultural_ratio_1000m": 1.2368306204280239 }, "geometry": { "type": "Point", "coordinates": [ 128.69717256022372, 36.352717386064384 ] } },
{ "type": "Feature", "properties": { "id": "13", "address": "의성읍 비봉리 1009유", "region": "의성읍", "capacity": 19.0, "emd_name": "의성읍", "pond_id": "13", "facility_source": "VWorld UQ164·UO601", "road_source": "DATA_NOT_AVAILABLE", "emd_total_population": 12086.0, "emd_youth_population": 1873.0, "emd_elderly_population": 4338.0, "emd_youth_ratio": 15.497269568095318, "emd_elderly_ratio": 35.89276849247063, "emd_population_change": -210.0, "emd_year": 2025.0, "population_context_method": "pond_emd_population_context", "population_500m": null, "youth_population_500m": null, "elderly_population_500m": null, "facility_count_500m": 7, "road_length_500m": null, "population_context_method_500m": "pond_emd_population_context", "agricultural_area_500m": 0.0, "agricultural_area_ha_500m": 0.0, "agricultural_ratio_500m": 0.0, "population_1000m": null, "youth_population_1000m": null, "elderly_population_1000m": null, "facility_count_1000m": 13, "road_length_1000m": null, "population_context_method_1000m": "pond_emd_population_context", "agricultural_area_1000m": 38793.792155644755, "agricultural_area_ha_1000m": 3.8793792155644753, "agricultural_ratio_1000m": 1.2368306204280239 }, "geometry": { "type": "Point", "coordinates": [ 128.69717256022372, 36.352717386064384 ] } },
{ "type": "Feature", "properties": { "id": "14", "address": "의성읍 비봉리 105-1유", "region": "의성읍", "capacity": 9.9, "emd_name": "의성읍", "pond_id": "14", "facility_source": "VWorld UQ164·UO601", "road_source": "DATA_NOT_AVAILABLE", "emd_total_population": 12086.0, "emd_youth_population": 1873.0, "emd_elderly_population": 4338.0, "emd_youth_ratio": 15.497269568095318, "emd_elderly_ratio": 35.89276849247063, "emd_population_change": -210.0, "emd_year": 2025.0, "population_context_method": "pond_emd_population_context", "population_500m": null, "youth_population_500m": null, "elderly_population_500m": null, "facility_count_500m": 7, "road_length_500m": null, "population_context_method_500m": "pond_emd_population_context", "agricultural_area_500m": 0.0, "agricultural_area_ha_500m": 0.0, "agricultural_ratio_500m": 0.0, "population_1000m": null, "youth_population_1000m": null, "elderly_population_1000m": null, "facility_count_1000m": 13, "road_length_1000m": null, "population_context_method_1000m": "pond_emd_population_context", "agricultural_area_1000m": 38793.792155644755, "agricultural_area_ha_1000m": 3.8793792155644753, "agricultural_ratio_1000m": 1.2368306204280239 }, "geometry": { "type": "Point", "coordinates": [ 128.69717256022372, 36.352717386064384 ] } },
{ "type": "Feature", "properties": { "id": "15", "address": "의성읍 비봉리 360유", "region": "의성읍", "capacity": 7.0, "emd_name": "의성읍", "pond_id": "15", "facility_source": "VWorld UQ164·UO601", "road_source": "DATA_NOT_AVAILABLE", "emd_total_population": 12086.0, "emd_youth_population": 1873.0, "emd_elderly_population": 4338.0, "emd_youth_ratio": 15.497269568095318, "emd_elderly_ratio": 35.89276849247063, "emd_population_change": -210.0, "emd_year": 2025.0, "population_context_method": "pond_emd_population_context", "population_500m": null, "youth_population_500m": null, "elderly_population_500m": null, "facility_count_500m": 7, "road_length_500m": null, "population_context_method_500m": "pond_emd_population_context", "agricultural_area_500m": 0.0, "agricultural_area_ha_500m": 0.0, "agricultural_ratio_500m": 0.0, "population_1000m": null, "youth_population_1000m": null, "elderly_population_1000m": null, "facility_count_1000m": 13, "road_length_1000m": null, "population_context_method_1000m": "pond_emd_population_context", "agricultural_area_1000m": 38793.792155644755, "agricultural_area_ha_1000m": 3.8793792155644753, "agricultural_ratio_1000m": 1.2368306204280239 }, "geometry": { "type": "Point", "coordinates": [ 128.69717256022372, 36.352717386064384 ] } },
{ "type": "Feature", "properties": { "id": "16", "address": "의성읍 비봉리 697유", "region": "의성읍", "capacity": 0.44, "emd_name": "의성읍", "pond_id": "16", "facility_source": "VWorld UQ164·UO601", "road_source": "DATA_NOT_AVAILABLE", "emd_total_population": 12086.0, "emd_youth_population": 1873.0, "emd_elderly_population": 4338.0, "emd_youth_ratio": 15.497269568095318, "emd_elderly_ratio": 35.89276849247063, "emd_population_change": -210.0, "emd_year": 2025.0, "population_context_method": "pond_emd_population_context", "population_500m": null, "youth_population_500m": null, "elderly_population_500m": null, "facility_count_500m": 7, "road_length_500m": null, "population_context_method_500m": "pond_emd_population_context", "agricultural_area_500m": 0.0, "agricultural_area_ha_500m": 0.0, "agricultural_ratio_500m": 0.0, "population_1000m": null, "youth_population_1000m": null, "elderly_population_1000m": null, "facility_count_1000m": 13, "road_length_1000m": null, "population_context_method_1000m": "pond_emd_population_context", "agricultural_area_1000m": 38793.792155644755, "agricultural_area_ha_1000m": 3.8793792155644753, "agricultural_ratio_1000m": 1.2368306204280239 }, "geometry": { "type": "Point", "coordinates": [ 128.69717256022372, 36.352717386064384 ] } },
{ "type": "Feature", "properties": { "id": "17", "address": "의성읍 비봉리 535유", "region": "의성읍", "capacity": 0.56, "emd_name": "의성읍", "pond_id": "17", "facility_source": "VWorld UQ164·UO601", "road_source": "DATA_NOT_AVAILABLE", "emd_total_population": 12086.0, "emd_youth_population": 1873.0, "emd_elderly_population": 4338.0, "emd_youth_ratio": 15.497269568095318, "emd_elderly_ratio": 35.89276849247063, "emd_population_change": -210.0, "emd_year": 2025.0, "population_context_method": "pond_emd_population_context", "population_500m": null, "youth_population_500m": null, "elderly_population_500m": null, "facility_count_500m": 7, "road_length_500m": null, "population_context_method_500m": "pond_emd_population_context", "agricultural_area_500m": 0.0, "agricultural_area_ha_500m": 0.0, "agricultural_ratio_500m": 0.0, "population_1000m": null, "youth_population_1000m": null, "elderly_population_1000m": null, "facility_count_1000m": 13, "road_length_1000m": null, "population_context_method_1000m": "pond_emd_population_context", "agricultural_area_1000m": 38793.792155644755, "agricultural_area_ha_1000m": 3.8793792155644753, "agricultural_ratio_1000m": 1.2368306204280239 }, "geometry": { "type": "Point", "coordinates": [ 128.69717256022372, 36.352717386064384 ] } },
{ "type": "Feature", "properties": { "id": "18", "address": "의성읍 비봉리 894-3유", "region": "의성읍", "capacity": 0.4, "emd_name": "의성읍", "pond_id": "18", "facility_source": "VWorld UQ164·UO601", "road_source": "DATA_NOT_AVAILABLE", "emd_total_population": 12086.0, "emd_youth_population": 1873.0, "emd_elderly_population": 4338.0, "emd_youth_ratio": 15.497269568095318, "emd_elderly_ratio": 35.89276849247063, "emd_population_change": -210.0, "emd_year": 2025.0, "population_context_method": "pond_emd_population_context", "population_500m": null, "youth_population_500m": null, "elderly_population_500m": null, "facility_count_500m": 7, "road_length_500m": null, "population_context_method_500m": "pond_emd_population_context", "agricultural_area_500m": 0.0, "agricultural_area_ha_500m": 0.0, "agricultural_ratio_500m": 0.0, "population_1000m": null, "youth_population_1000m": null, "elderly_population_1000m": null, "facility_count_1000m": 13, "road_length_1000m": null, "population_context_method_1000m": "pond_emd_population_context", "agricultural_area_1000m": 38793.792155644755, "agricultural_area_ha_1000m": 3.8793792155644753, "agricultural_ratio_1000m": 1.2368306204280239 }, "geometry": { "type": "Point", "coordinates": [ 128.69717256022372, 36.352717386064384 ] } },
{ "type": "Feature", "properties": { "id": "19", "address": "의성읍 팔성리 449", "region": "의성읍", "capacity": 2.0, "emd_name": "의성읍", "pond_id": "19", "facility_source": "VWorld UQ164·UO601", "road_source": "DATA_NOT_AVAILABLE", "emd_total_population": 12086.0, "emd_youth_population": 1873.0, "emd_elderly_population": 4338.0, "emd_youth_ratio": 15.497269568095318, "emd_elderly_ratio": 35.89276849247063, "emd_population_change": -210.0, "emd_year": 2025.0, "population_context_method": "pond_emd_population_context", "population_500m": null, "youth_population_500m": null, "elderly_population_500m": null, "facility_count_500m": 7, "road_length_500m": null, "population_context_method_500m": "pond_emd_population_context", "agricultural_area_500m": 0.0, "agricultural_area_ha_500m": 0.0, "agricultural_ratio_500m": 0.0, "population_1000m": null, "youth_population_1000m": null, "elderly_population_1000m": null, "facility_count_1000m": 13, "road_length_1000m": null, "population_context_method_1000m": "pond_emd_population_context", "agricultural_area_1000m": 38793.792155644755, "agricultural_area_ha_1000m": 3.8793792155644753, "agricultural_ratio_1000m": 1.2368306204280239 }, "geometry": { "type": "Point", "coordinates": [ 128.69717256022372, 36.352717386064384 ] } },
{ "type": "Feature", "properties": { "id": "20", "address": "의성읍 팔성리 560유", "region": "의성읍", "capacity": 20.3, "emd_name": "의성읍", "pond_id": "20", "facility_source": "VWorld UQ164·UO601", "road_source": "DATA_NOT_AVAILABLE", "emd_total_population": 12086.0, "emd_youth_population": 1873.0, "emd_elderly_population": 4338.0, "emd_youth_ratio": 15.497269568095318, "emd_elderly_ratio": 35.89276849247063, "emd_population_change": -210.0, "emd_year": 2025.0, "population_context_method": "pond_emd_population_context", "population_500m": null, "youth_population_500m": null, "elderly_population_500m": null, "facility_count_500m": 7, "road_length_500m": null, "population_context_method_500m": "pond_emd_population_context", "agricultural_area_500m": 0.0, "agricultural_area_ha_500m": 0.0, "agricultural_ratio_500m": 0.0, "population_1000m": null, "youth_population_1000m": null, "elderly_population_1000m": null, "facility_count_1000m": 13, "road_length_1000m": null, "population_context_method_1000m": "pond_emd_population_context", "agricultural_area_1000m": 38793.792155644755, "agricultural_area_ha_1000m": 3.8793792155644753, "agricultural_ratio_1000m": 1.2368306204280239 }, "geometry": { "type": "Point", "coordinates": [ 128.69717256022372, 36.352717386064384 ] } },
{ "type": "Feature", "properties": { "id": "21", "address": "의성읍 팔성리 321유", "region": "의성읍", "capacity": 42.0, "emd_name": "의성읍", "pond_id": "21", "facility_source": "VWorld UQ164·UO601", "road_source": "DATA_NOT_AVAILABLE", "emd_total_population": 12086.0, "emd_youth_population": 1873.0, "emd_elderly_population": 4338.0, "emd_youth_ratio": 15.497269568095318, "emd_elderly_ratio": 35.89276849247063, "emd_population_change": -210.0, "emd_year": 2025.0, "population_context_method": "pond_emd_population_context", "population_500m": null, "youth_population_500m": null, "elderly_population_500m": null, "facility_count_500m": 7, "road_length_500m": null, "population_context_method_500m": "pond_emd_population_context", "agricultural_area_500m": 0.0, "agricultural_area_ha_500m": 0.0, "agricultural_ratio_500m": 0.0, "population_1000m": null, "youth_population_1000m": null, "elderly_population_1000m": null, "facility_count_1000m": 13, "road_length_1000m": null, "population_context_method_1000m": "pond_emd_population_context", "agricultural_area_1000m": 38793.792155644755, "agricultural_area_ha_1000m": 3.8793792155644753, "agricultural_ratio_1000m": 1.2368306204280239 }, "geometry": { "type": "Point", "coordinates": [ 128.69717256022372, 36.352717386064384 ] } },
{ "type": "Feature", "properties": { "id": "22", "address": "의성읍 팔성리 395유", "region": "의성읍", "capacity": 5.8, "emd_name": "의성읍", "pond_id": "22", "facility_source": "VWorld UQ164·UO601", "road_source": "DATA_NOT_AVAILABLE", "emd_total_population": 12086.0, "emd_youth_population": 1873.0, "emd_elderly_population": 4338.0, "emd_youth_ratio": 15.497269568095318, "emd_elderly_ratio": 35.89276849247063, "emd_population_change": -210.0, "emd_year": 2025.0, "population_context_method": "pond_emd_population_context", "population_500m": null, "youth_population_500m": null, "elderly_population_500m": null, "facility_count_500m": 7, "road_length_500m": null, "population_context_method_500m": "pond_emd_population_context", "agricultural_area_500m": 0.0, "agricultural_area_ha_500m": 0.0, "agricultural_ratio_500m": 0.0, "population_1000m": null, "youth_population_1000m": null, "elderly_population_1000m": null, "facility_count_1000m": 13, "road_length_1000m": null, "population_context_method_1000m": "pond_emd_population_context", "agricultural_area_1000m": 38793.792155644755, "agricultural_area_ha_1000m": 3.8793792155644753, "agricultural_ratio_1000m": 1.2368306204280239 }, "geometry": { "type": "Point", "coordinates": [ 128.69717256022372, 36.352717386064384 ] } },
{ "type": "Feature", "properties": { "id": "23", "address": "의성읍 오로리 847-4", "region": "의성읍", "capacity": 2.0, "emd_name": "의성읍", "pond_id": "23", "facility_source": "VWorld UQ164·UO601", "road_source": "DATA_NOT_AVAILABLE", "emd_total_population": 12086.0, "emd_youth_population": 1873.0, "emd_elderly_population": 4338.0, "emd_youth_ratio": 15.497269568095318, "emd_elderly_ratio": 35.89276849247063, "emd_population_change": -210.0, "emd_year": 2025.0, "population_context_method": "pond_emd_population_context", "population_500m": null, "youth_population_500m": null, "elderly_population_500m": null, "facility_count_500m": 7, "road_length_500m": null, "population_context_method_500m": "pond_emd_population_context", "agricultural_area_500m": 0.0, "agricultural_area_ha_500m": 0.0, "agricultural_ratio_500m": 0.0, "population_1000m": null, "youth_population_1000m": null, "elderly_population_1000m": null, "facility_count_1000m": 13, "road_length_1000m": null, "population_context_method_1000m": "pond_emd_population_context", "agricultural_area_1000m": 38793.792155644755, "agricultural_area_ha_1000m": 3.8793792155644753, "agricultural_ratio_1000m": 1.2368306204280239 }, "geometry": { "type": "Point", "coordinates": [ 128.69717256022372, 36.352717386064384 ] } },
{ "type": "Feature", "properties": { "id": "24", "address": "의성읍 팔성리 730", "region": "의성읍", "capacity": 11.4, "emd_name": "의성읍", "pond_id": "24", "facility_source": "VWorld UQ164·UO601", "road_source": "DATA_NOT_AVAILABLE", "emd_total_population": 12086.0, "emd_youth_population": 1873.0, "emd_elderly_population": 4338.0, "emd_youth_ratio": 15.497269568095318, "emd_elderly_ratio": 35.89276849247063, "emd_population_change": -210.0, "emd_year": 2025.0, "population_context_method": "pond_emd_population_context", "population_500m": null, "youth_population_500m": null, "elderly_population_500m": null, "facility_count_500m": 7, "road_length_500m": null, "population_context_method_500m": "pond_emd_population_context", "agricultural_area_500m": 0.0, "agricultural_area_ha_500m": 0.0, "agricultural_ratio_500m": 0.0, "population_1000m": null, "youth_population_1000m": null, "elderly_population_1000m": null, "facility_count_1000m": 13, "road_length_1000m": null, "population_context_method_1000m": "pond_emd_population_context", "agricultural_area_1000m": 38793.792155644755, "agricultural_area_ha_1000m": 3.8793792155644753, "agricultural_ratio_1000m": 1.2368306204280239 }, "geometry": { "type": "Point", "coordinates": [ 128.69717256022372, 36.352717386064384 ] } },
{ "type": "Feature", "properties": { "id": "25", "address": "의성읍 팔성리 846답", "region": "의성읍", "capacity": 0.4, "emd_name": "의성읍", "pond_id": "25", "facility_source": "VWorld UQ164·UO601", "road_source": "DATA_NOT_AVAILABLE", "emd_total_population": 12086.0, "emd_youth_population": 1873.0, "emd_elderly_population": 4338.0, "emd_youth_ratio": 15.497269568095318, "emd_elderly_ratio": 35.89276849247063, "emd_population_change": -210.0, "emd_year": 2025.0, "population_context_method": "pond_emd_population_context", "population_500m": null, "youth_population_500m": null, "elderly_population_500m": null, "facility_count_500m": 7, "road_length_500m": null, "population_context_method_500m": "pond_emd_population_context", "agricultural_area_500m": 0.0, "agricultural_area_ha_500m": 0.0, "agricultural_ratio_500m": 0.0, "population_1000m": null, "youth_population_1000m": null, "elderly_population_1000m": null, "facility_count_1000m": 13, "road_length_1000m": null, "population_context_method_1000m": "pond_emd_population_context", "agricultural_area_1000m": 38793.792155644755, "agricultural_area_ha_1000m": 3.8793792155644753, "agricultural_ratio_1000m": 1.2368306204280239 }, "geometry": { "type": "Point", "coordinates": [ 128.69717256022372, 36.352717386064384 ] } },
{ "type": "Feature", "properties": { "id": "26", "address": "의성읍 용연리 512유", "region": "의성읍", "capacity": 93.4, "emd_name": "의성읍", "pond_id": "26", "facility_source": "VWorld UQ164·UO601", "road_source": "DATA_NOT_AVAILABLE", "emd_total_population": 12086.0, "emd_youth_population": 1873.0, "emd_elderly_population": 4338.0, "emd_youth_ratio": 15.497269568095318, "emd_elderly_ratio": 35.89276849247063, "emd_population_change": -210.0, "emd_year": 2025.0, "population_context_method": "pond_emd_population_context", "population_500m": null, "youth_population_500m": null, "elderly_population_500m": null, "facility_count_500m": 7, "road_length_500m": null, "population_context_method_500m": "pond_emd_population_context", "agricultural_area_500m": 0.0, "agricultural_area_ha_500m": 0.0, "agricultural_ratio_500m": 0.0, "population_1000m": null, "youth_population_1000m": null, "elderly_population_1000m": null, "facility_count_1000m": 13, "road_length_1000m": null, "population_context_method_1000m": "pond_emd_population_context", "agricultural_area_1000m": 38793.792155644755, "agricultural_area_ha_1000m": 3.8793792155644753, "agricultural_ratio_1000m": 1.2368306204280239 }, "geometry": { "type": "Point", "coordinates": [ 128.69717256022372, 36.352717386064384 ] } },
{ "type": "Feature", "properties": { "id": "27", "address": "의성읍 용연리 151유", "region": "의성읍", "capacity": 17.6, "emd_name": "의성읍", "pond_id": "27", "facility_source": "VWorld UQ164·UO601", "road_source": "DATA_NOT_AVAILABLE", "emd_total_population": 12086.0, "emd_youth_population": 1873.0, "emd_elderly_population": 4338.0, "emd_youth_ratio": 15.497269568095318, "emd_elderly_ratio": 35.89276849247063, "emd_population_change": -210.0, "emd_year": 2025.0, "population_context_method": "pond_emd_population_context", "population_500m": null, "youth_population_500m": null, "elderly_population_500m": null, "facility_count_500m": 7, "road_length_500m": null, "population_context_method_500m": "pond_emd_population_context", "agricultural_area_500m": 0.0, "agricultural_area_ha_500m": 0.0, "agricultural_ratio_500m": 0.0, "population_1000m": null, "youth_population_1000m": null, "elderly_population_1000m": null, "facility_count_1000m": 13, "road_length_1000m": null, "population_context_method_1000m": "pond_emd_population_context", "agricultural_area_1000m": 38793.792155644755, "agricultural_area_ha_1000m": 3.8793792155644753, "agricultural_ratio_1000m": 1.2368306204280239 }, "geometry": { "type": "Point", "coordinates": [ 128.69717256022372, 36.352717386064384 ] } },
{ "type": "Feature", "properties": { "id": "28", "address": "의성읍 용연리 296답", "region": "의성읍", "capacity": 2.2, "emd_name": "의성읍", "pond_id": "28", "facility_source": "VWorld UQ164·UO601", "road_source": "DATA_NOT_AVAILABLE", "emd_total_population": 12086.0, "emd_youth_population": 1873.0, "emd_elderly_population": 4338.0, "emd_youth_ratio": 15.497269568095318, "emd_elderly_ratio": 35.89276849247063, "emd_population_change": -210.0, "emd_year": 2025.0, "population_context_method": "pond_emd_population_context", "population_500m": null, "youth_population_500m": null, "elderly_population_500m": null, "facility_count_500m": 7, "road_length_500m": null, "population_context_method_500m": "pond_emd_population_context", "agricultural_area_500m": 0.0, "agricultural_area_ha_500m": 0.0, "agricultural_ratio_500m": 0.0, "population_1000m": null, "youth_population_1000m": null, "elderly_population_1000m": null, "facility_count_1000m": 13, "road_length_1000m": null, "population_context_method_1000m": "pond_emd_population_context", "agricultural_area_1000m": 38793.792155644755, "agricultural_area_ha_1000m": 3.8793792155644753, "agricultural_ratio_1000m": 1.2368306204280239 }, "geometry": { "type": "Point", "coordinates": [ 128.69717256022372, 36.352717386064384 ] } },
{ "type": "Feature", "properties": { "id": "29", "address": "의성읍 상리리 210", "region": "의성읍", "capacity": 3.6, "emd_name": "의성읍", "pond_id": "29", "facility_source": "VWorld UQ164·UO601", "road_source": "DATA_NOT_AVAILABLE", "emd_total_population": 12086.0, "emd_youth_population": 1873.0, "emd_elderly_population": 4338.0, "emd_youth_ratio": 15.497269568095318, "emd_elderly_ratio": 35.89276849247063, "emd_population_change": -210.0, "emd_year": 2025.0, "population_context_method": "pond_emd_population_context", "population_500m": null, "youth_population_500m": null, "elderly_population_500m": null, "facility_count_500m": 7, "road_length_500m": null, "population_context_method_500m": "pond_emd_population_context", "agricultural_area_500m": 0.0, "agricultural_area_ha_500m": 0.0, "agricultural_ratio_500m": 0.0, "population_1000m": null, "youth_population_1000m": null, "elderly_population_1000m": null, "facility_count_1000m": 13, "road_length_1000m": null, "population_context_method_1000m": "pond_emd_population_context", "agricultural_area_1000m": 38793.792155644755, "agricultural_area_ha_1000m": 3.8793792155644753, "agricultural_ratio_1000m": 1.2368306204280239 }, "geometry": { "type": "Point", "coordinates": [ 128.69717256022372, 36.352717386064384 ] } },
{ "type": "Feature", "properties": { "id": "30", "address": "의성읍 철파리 502유", "region": "의성읍", "capacity": 18.5, "emd_name": "의성읍", "pond_id": "30", "facility_source": "VWorld UQ164·UO601", "road_source": "DATA_NOT_AVAILABLE", "emd_total_population": 12086.0, "emd_youth_population": 1873.0, "emd_elderly_population": 4338.0, "emd_youth_ratio": 15.497269568095318, "emd_elderly_ratio": 35.89276849247063, "emd_population_change": -210.0, "emd_year": 2025.0, "population_context_method": "pond_emd_population_context", "population_500m": null, "youth_population_500m": null, "elderly_population_500m": null, "facility_count_500m": 7, "road_length_500m": null, "population_context_method_500m": "pond_emd_population_context", "agricultural_area_500m": 0.0, "agricultural_area_ha_500m": 0.0, "agricultural_ratio_500m": 0.0, "population_1000m": null, "youth_population_1000m": null, "elderly_population_1000m": null, "facility_count_1000m": 13, "road_length_1000m": null, "population_context_method_1000m": "pond_emd_population_context", "agricultural_area_1000m": 38793.792155644755, "agricultural_area_ha_1000m": 3.8793792155644753, "agricultural_ratio_1000m": 1.2368306204280239 }, "geometry": { "type": "Point", "coordinates": [ 128.69717256022372, 36.352717386064384 ] } },
{ "type": "Feature", "properties": { "id": "31", "address": "의성읍 철파리 36유", "region": "의성읍", "capacity": 7.0, "emd_name": "의성읍", "pond_id": "31", "facility_source": "VWorld UQ164·UO601", "road_source": "DATA_NOT_AVAILABLE", "emd_total_population": 12086.0, "emd_youth_population": 1873.0, "emd_elderly_population": 4338.0, "emd_youth_ratio": 15.497269568095318, "emd_elderly_ratio": 35.89276849247063, "emd_population_change": -210.0, "emd_year": 2025.0, "population_context_method": "pond_emd_population_context", "population_500m": null, "youth_population_500m": null, "elderly_population_500m": null, "facility_count_500m": 7, "road_length_500m": null, "population_context_method_500m": "pond_emd_population_context", "agricultural_area_500m": 0.0, "agricultural_area_ha_500m": 0.0, "agricultural_ratio_500m": 0.0, "population_1000m": null, "youth_population_1000m": null, "elderly_population_1000m": null, "facility_count_1000m": 13, "road_length_1000m": null, "population_context_method_1000m": "pond_emd_population_context", "agricultural_area_1000m": 38793.792155644755, "agricultural_area_ha_1000m": 3.8793792155644753, "agricultural_ratio_1000m": 1.2368306204280239 }, "geometry": { "type": "Point", "coordinates": [ 128.69717256022372, 36.352717386064384 ] } },
{ "type": "Feature", "properties": { "id": "32", "address": "의성읍 업리 202유", "region": "의성읍", "capacity": 4.0, "emd_name": "의성읍", "pond_id": "32", "facility_source": "VWorld UQ164·UO601", "road_source": "DATA_NOT_AVAILABLE", "emd_total_population": 12086.0, "emd_youth_population": 1873.0, "emd_elderly_population": 4338.0, "emd_youth_ratio": 15.497269568095318, "emd_elderly_ratio": 35.89276849247063, "emd_population_change": -210.0, "emd_year": 2025.0, "population_context_method": "pond_emd_population_context", "population_500m": null, "youth_population_500m": null, "elderly_population_500m": null, "facility_count_500m": 7, "road_length_500m": null, "population_context_method_500m": "pond_emd_population_context", "agricultural_area_500m": 0.0, "agricultural_area_ha_500m": 0.0, "agricultural_ratio_500m": 0.0, "population_1000m": null, "youth_population_1000m": null, "elderly_population_1000m": null, "facility_count_1000m": 13, "road_length_1000m": null, "population_context_method_1000m": "pond_emd_population_context", "agricultural_area_1000m": 38793.792155644755, "agricultural_area_ha_1000m": 3.8793792155644753, "agricultural_ratio_1000m": 1.2368306204280239 }, "geometry": { "type": "Point", "coordinates": [ 128.69717256022372, 36.352717386064384 ] } },
{ "type": "Feature", "properties": { "id": "33", "address": "의성읍 업리 470유", "region": "의성읍", "capacity": 19.0, "emd_name": "의성읍", "pond_id": "33", "facility_source": "VWorld UQ164·UO601", "road_source": "DATA_NOT_AVAILABLE", "emd_total_population": 12086.0, "emd_youth_population": 1873.0, "emd_elderly_population": 4338.0, "emd_youth_ratio": 15.497269568095318, "emd_elderly_ratio": 35.89276849247063, "emd_population_change": -210.0, "emd_year": 2025.0, "population_context_method": "pond_emd_population_context", "population_500m": null, "youth_population_500m": null, "elderly_population_500m": null, "facility_count_500m": 7, "road_length_500m": null, "population_context_method_500m": "pond_emd_population_context", "agricultural_area_500m": 0.0, "agricultural_area_ha_500m": 0.0, "agricultural_ratio_500m": 0.0, "population_1000m": null, "youth_population_1000m": null, "elderly_population_1000m": null, "facility_count_1000m": 13, "road_length_1000m": null, "population_context_method_1000m": "pond_emd_population_context", "agricultural_area_1000m": 38793.792155644755, "agricultural_area_ha_1000m": 3.8793792155644753, "agricultural_ratio_1000m": 1.2368306204280239 }, "geometry": { "type": "Point", "coordinates": [ 128.69717256022372, 36.352717386064384 ] } },
{ "type": "Feature", "properties": { "id": "34", "address": "의성읍 업리 850유", "region": "의성읍", "capacity": 3.0, "emd_name": "의성읍", "pond_id": "34", "facility_source": "VWorld UQ164·UO601", "road_source": "DATA_NOT_AVAILABLE", "emd_total_population": 12086.0, "emd_youth_population": 1873.0, "emd_elderly_population": 4338.0, "emd_youth_ratio": 15.497269568095318, "emd_elderly_ratio": 35.89276849247063, "emd_population_change": -210.0, "emd_year": 2025.0, "population_context_method": "pond_emd_population_context", "population_500m": null, "youth_population_500m": null, "elderly_population_500m": null, "facility_count_500m": 7, "road_length_500m": null, "population_context_method_500m": "pond_emd_population_context", "agricultural_area_500m": 0.0, "agricultural_area_ha_500m": 0.0, "agricultural_ratio_500m": 0.0, "population_1000m": null, "youth_population_1000m": null, "elderly_population_1000m": null, "facility_count_1000m": 13, "road_length_1000m": null, "population_context_method_1000m": "pond_emd_population_context", "agricultural_area_1000m": 38793.792155644755, "agricultural_area_ha_1000m": 3.8793792155644753, "agricultural_ratio_1000m": 1.2368306204280239 }, "geometry": { "type": "Point", "coordinates": [ 128.69717256022372, 36.352717386064384 ] } },
{ "type": "Feature", "properties": { "id": "35", "address": "의성읍 업리 244유", "region": "의성읍", "capacity": 6.0, "emd_name": "의성읍", "pond_id": "35", "facility_source": "VWorld UQ164·UO601", "road_source": "DATA_NOT_AVAILABLE", "emd_total_population": 12086.0, "emd_youth_population": 1873.0, "emd_elderly_population": 4338.0, "emd_youth_ratio": 15.497269568095318, "emd_elderly_ratio": 35.89276849247063, "emd_population_change": -210.0, "emd_year": 2025.0, "population_context_method": "pond_emd_population_context", "population_500m": null, "youth_population_500m": null, "elderly_population_500m": null, "facility_count_500m": 7, "road_length_500m": null, "population_context_method_500m": "pond_emd_population_context", "agricultural_area_500m": 0.0, "agricultural_area_ha_500m": 0.0, "agricultural_ratio_500m": 0.0, "population_1000m": null, "youth_population_1000m": null, "elderly_population_1000m": null, "facility_count_1000m": 13, "road_length_1000m": null, "population_context_method_1000m": "pond_emd_population_context", "agricultural_area_1000m": 38793.792155644755, "agricultural_area_ha_1000m": 3.8793792155644753, "agricultural_ratio_1000m": 1.2368306204280239 }, "geometry": { "type": "Point", "coordinates": [ 128.69717256022372, 36.352717386064384 ] } },
{ "type": "Feature", "properties": { "id": "36", "address": "의성읍 업리 306답", "region": "의성읍", "capacity": 9.2, "emd_name": "의성읍", "pond_id": "36", "facility_source": "VWorld UQ164·UO601", "road_source": "DATA_NOT_AVAILABLE", "emd_total_population": 12086.0, "emd_youth_population": 1873.0, "emd_elderly_population": 4338.0, "emd_youth_ratio": 15.497269568095318, "emd_elderly_ratio": 35.89276849247063, "emd_population_change": -210.0, "emd_year": 2025.0, "population_context_method": "pond_emd_population_context", "population_500m": null, "youth_population_500m": null, "elderly_population_500m": null, "facility_count_500m": 7, "road_length_500m": null, "population_context_method_500m": "pond_emd_population_context", "agricultural_area_500m": 0.0, "agricultural_area_ha_500m": 0.0, "agricultural_ratio_500m": 0.0, "population_1000m": null, "youth_population_1000m": null, "elderly_population_1000m": null, "facility_count_1000m": 13, "road_length_1000m": null, "population_context_method_1000m": "pond_emd_population_context", "agricultural_area_1000m": 38793.792155644755, "agricultural_area_ha_1000m": 3.8793792155644753, "agricultural_ratio_1000m": 1.2368306204280239 }, "geometry": { "type": "Point", "coordinates": [ 128.69717256022372, 36.352717386064384 ] } },
{ "type": "Feature", "properties": { "id": "37", "address": "의성읍 업리 922-1유", "region": "의성읍", "capacity": 0.5, "emd_name": "의성읍", "pond_id": "37", "facility_source": "VWorld UQ164·UO601", "road_source": "DATA_NOT_AVAILABLE", "emd_total_population": 12086.0, "emd_youth_population": 1873.0, "emd_elderly_population": 4338.0, "emd_youth_ratio": 15.497269568095318, "emd_elderly_ratio": 35.89276849247063, "emd_population_change": -210.0, "emd_year": 2025.0, "population_context_method": "pond_emd_population_context", "population_500m": null, "youth_population_500m": null, "elderly_population_500m": null, "facility_count_500m": 7, "road_length_500m": null, "population_context_method_500m": "pond_emd_population_context", "agricultural_area_500m": 0.0, "agricultural_area_ha_500m": 0.0, "agricultural_ratio_500m": 0.0, "population_1000m": null, "youth_population_1000m": null, "elderly_population_1000m": null, "facility_count_1000m": 13, "road_length_1000m": null, "population_context_method_1000m": "pond_emd_population_context", "agricultural_area_1000m": 38793.792155644755, "agricultural_area_ha_1000m": 3.8793792155644753, "agricultural_ratio_1000m": 1.2368306204280239 }, "geometry": { "type": "Point", "coordinates": [ 128.69717256022372, 36.352717386064384 ] } },
{ "type": "Feature", "properties": { "id": "38", "address": "의성읍 업리 871유", "region": "의성읍", "capacity": 1.5, "emd_name": "의성읍", "pond_id": "38", "facility_source": "VWorld UQ164·UO601", "road_source": "DATA_NOT_AVAILABLE", "emd_total_population": 12086.0, "emd_youth_population": 1873.0, "emd_elderly_population": 4338.0, "emd_youth_ratio": 15.497269568095318, "emd_elderly_ratio": 35.89276849247063, "emd_population_change": -210.0, "emd_year": 2025.0, "population_context_method": "pond_emd_population_context", "population_500m": null, "youth_population_500m": null, "elderly_population_500m": null, "facility_count_500m": 7, "road_length_500m": null, "population_context_method_500m": "pond_emd_population_context", "agricultural_area_500m": 0.0, "agricultural_area_ha_500m": 0.0, "agricultural_ratio_500m": 0.0, "population_1000m": null, "youth_population_1000m": null, "elderly_population_1000m": null, "facility_count_1000m": 13, "road_length_1000m": null, "population_context_method_1000m": "pond_emd_population_context", "agricultural_area_1000m": 38793.792155644755, "agricultural_area_ha_1000m": 3.8793792155644753, "agricultural_ratio_1000m": 1.2368306204280239 }, "geometry": { "type": "Point", "coordinates": [ 128.69717256022372, 36.352717386064384 ] } },
{ "type": "Feature", "properties": { "id": "39", "address": "의성읍 업리 148유", "region": "의성읍", "capacity": 11.7, "emd_name": "의성읍", "pond_id": "39", "facility_source": "VWorld UQ164·UO601", "road_source": "DATA_NOT_AVAILABLE", "emd_total_population": 12086.0, "emd_youth_population": 1873.0, "emd_elderly_population": 4338.0, "emd_youth_ratio": 15.497269568095318, "emd_elderly_ratio": 35.89276849247063, "emd_population_change": -210.0, "emd_year": 2025.0, "population_context_method": "pond_emd_population_context", "population_500m": null, "youth_population_500m": null, "elderly_population_500m": null, "facility_count_500m": 7, "road_length_500m": null, "population_context_method_500m": "pond_emd_population_context", "agricultural_area_500m": 0.0, "agricultural_area_ha_500m": 0.0, "agricultural_ratio_500m": 0.0, "population_1000m": null, "youth_population_1000m": null, "elderly_population_1000m": null, "facility_count_1000m": 13, "road_length_1000m": null, "population_context_method_1000m": "pond_emd_population_context", "agricultural_area_1000m": 38793.792155644755, "agricultural_area_ha_1000m": 3.8793792155644753, "agricultural_ratio_1000m": 1.2368306204280239 }, "geometry": { "type": "Point", "coordinates": [ 128.69717256022372, 36.352717386064384 ] } },
{ "type": "Feature", "properties": { "id": "40", "address": "의성읍 업리 1141유", "region": "의성읍", "capacity": 19.3, "emd_name": "의성읍", "pond_id": "40", "facility_source": "VWorld UQ164·UO601", "road_source": "DATA_NOT_AVAILABLE", "emd_total_population": 12086.0, "emd_youth_population": 1873.0, "emd_elderly_population": 4338.0, "emd_youth_ratio": 15.497269568095318, "emd_elderly_ratio": 35.89276849247063, "emd_population_change": -210.0, "emd_year": 2025.0, "population_context_method": "pond_emd_population_context", "population_500m": null, "youth_population_500m": null, "elderly_population_500m": null, "facility_count_500m": 7, "road_length_500m": null, "population_context_method_500m": "pond_emd_population_context", "agricultural_area_500m": 0.0, "agricultural_area_ha_500m": 0.0, "agricultural_ratio_500m": 0.0, "population_1000m": null, "youth_population_1000m": null, "elderly_population_1000m": null, "facility_count_1000m": 13, "road_length_1000m": null, "population_context_method_1000m": "pond_emd_population_context", "agricultural_area_1000m": 38793.792155644755, "agricultural_area_ha_1000m": 3.8793792155644753, "agricultural_ratio_1000m": 1.2368306204280239 }, "geometry": { "type": "Point", "coordinates": [ 128.69717256022372, 36.352717386064384 ] } },
{ "type": "Feature", "properties": { "id": "41", "address": "의성읍 업리 393", "region": "의성읍", "capacity": 2.9, "emd_name": "의성읍", "pond_id": "41", "facility_source": "VWorld UQ164·UO601", "road_source": "DATA_NOT_AVAILABLE", "emd_total_population": 12086.0, "emd_youth_population": 1873.0, "emd_elderly_population": 4338.0, "emd_youth_ratio": 15.497269568095318, "emd_elderly_ratio": 35.89276849247063, "emd_population_change": -210.0, "emd_year": 2025.0, "population_context_method": "pond_emd_population_context", "population_500m": null, "youth_population_500m": null, "elderly_population_500m": null, "facility_count_500m": 7, "road_length_500m": null, "population_context_method_500m": "pond_emd_population_context", "agricultural_area_500m": 0.0, "agricultural_area_ha_500m": 0.0, "agricultural_ratio_500m": 0.0, "population_1000m": null, "youth_population_1000m": null, "elderly_population_1000m": null, "facility_count_1000m": 13, "road_length_1000m": null, "population_context_method_1000m": "pond_emd_population_context", "agricultural_area_1000m": 38793.792155644755, "agricultural_area_ha_1000m": 3.8793792155644753, "agricultural_ratio_1000m": 1.2368306204280239 }, "geometry": { "type": "Point", "coordinates": [ 128.69717256022372, 36.352717386064384 ] } },
{ "type": "Feature", "properties": { "id": "42", "address": "단촌면 세촌리 1319유", "region": "단촌면", "capacity": 4.6, "emd_name": "단촌면", "pond_id": "42", "facility_source": "VWorld UQ164·UO601", "road_source": "DATA_NOT_AVAILABLE", "emd_total_population": 1820.0, "emd_youth_population": 122.0, "emd_elderly_population": 1025.0, "emd_youth_ratio": 6.7032967032967044, "emd_elderly_ratio": 56.318681318681321, "emd_population_change": -6.0, "emd_year": 2025.0, "population_context_method": "pond_emd_population_context", "population_500m": null, "youth_population_500m": null, "elderly_population_500m": null, "facility_count_500m": 0, "road_length_500m": null, "population_context_method_500m": "pond_emd_population_context", "agricultural_area_500m": 43394.432082530358, "agricultural_area_ha_500m": 4.3394432082530354, "agricultural_ratio_500m": 5.5340361819150967, "population_1000m": null, "youth_population_1000m": null, "elderly_population_1000m": null, "facility_count_1000m": 0, "road_length_1000m": null, "population_context_method_1000m": "pond_emd_population_context", "agricultural_area_1000m": 142663.37934756311, "agricultural_area_ha_1000m": 14.266337934756312, "agricultural_ratio_1000m": 4.548419378102234 }, "geometry": { "type": "Point", "coordinates": [ 128.649870763674471, 36.424815248355088 ] } },
{ "type": "Feature", "properties": { "id": "43", "address": "단촌면 하화리 117유", "region": "단촌면", "capacity": 52.5, "emd_name": "단촌면", "pond_id": "43", "facility_source": "VWorld UQ164·UO601", "road_source": "DATA_NOT_AVAILABLE", "emd_total_population": 1820.0, "emd_youth_population": 122.0, "emd_elderly_population": 1025.0, "emd_youth_ratio": 6.7032967032967044, "emd_elderly_ratio": 56.318681318681321, "emd_population_change": -6.0, "emd_year": 2025.0, "population_context_method": "pond_emd_population_context", "population_500m": null, "youth_population_500m": null, "elderly_population_500m": null, "facility_count_500m": 0, "road_length_500m": null, "population_context_method_500m": "pond_emd_population_context", "agricultural_area_500m": 64173.452063359713, "agricultural_area_ha_500m": 6.4173452063359715, "agricultural_ratio_500m": 8.1839579087381917, "population_1000m": null, "youth_population_1000m": null, "elderly_population_1000m": null, "facility_count_1000m": 0, "road_length_1000m": null, "population_context_method_1000m": "pond_emd_population_context", "agricultural_area_1000m": 447365.33532438887, "agricultural_area_ha_1000m": 44.736533532438884, "agricultural_ratio_1000m": 14.262981639621531 }, "geometry": { "type": "Point", "coordinates": [ 128.703457208896538, 36.408033673012845 ] } },
{ "type": "Feature", "properties": { "id": "44", "address": "단촌면 하화리 209유", "region": "단촌면", "capacity": 10.6, "emd_name": "단촌면", "pond_id": "44", "facility_source": "VWorld UQ164·UO601", "road_source": "DATA_NOT_AVAILABLE", "emd_total_population": 1820.0, "emd_youth_population": 122.0, "emd_elderly_population": 1025.0, "emd_youth_ratio": 6.7032967032967044, "emd_elderly_ratio": 56.318681318681321, "emd_population_change": -6.0, "emd_year": 2025.0, "population_context_method": "pond_emd_population_context", "population_500m": null, "youth_population_500m": null, "elderly_population_500m": null, "facility_count_500m": 0, "road_length_500m": null, "population_context_method_500m": "pond_emd_population_context", "agricultural_area_500m": 125696.53313802207, "agricultural_area_ha_500m": 12.569653313802208, "agricultural_ratio_500m": 16.029917409776196, "population_1000m": null, "youth_population_1000m": null, "elderly_population_1000m": null, "facility_count_1000m": 0, "road_length_1000m": null, "population_context_method_1000m": "pond_emd_population_context", "agricultural_area_1000m": 313743.37386873044, "agricultural_area_ha_1000m": 31.374337386873044, "agricultural_ratio_1000m": 10.002822363958556 }, "geometry": { "type": "Point", "coordinates": [ 128.697493892424291, 36.411128030370143 ] } },
{ "type": "Feature", "properties": { "id": "45", "address": "단촌면 하화리 223유", "region": "단촌면", "capacity": 0.9, "emd_name": "단촌면", "pond_id": "45", "facility_source": "VWorld UQ164·UO601", "road_source": "DATA_NOT_AVAILABLE", "emd_total_population": 1820.0, "emd_youth_population": 122.0, "emd_elderly_population": 1025.0, "emd_youth_ratio": 6.7032967032967044, "emd_elderly_ratio": 56.318681318681321, "emd_population_change": -6.0, "emd_year": 2025.0, "population_context_method": "pond_emd_population_context", "population_500m": null, "youth_population_500m": null, "elderly_population_500m": null, "facility_count_500m": 0, "road_length_500m": null, "population_context_method_500m": "pond_emd_population_context", "agricultural_area_500m": 44801.882330762135, "agricultural_area_ha_500m": 4.4801882330762135, "agricultural_ratio_500m": 5.7135265041561309, "population_1000m": null, "youth_population_1000m": null, "elderly_population_1000m": null, "facility_count_1000m": 0, "road_length_1000m": null, "population_context_method_1000m": "pond_emd_population_context", "agricultural_area_1000m": 375276.73039149749, "agricultural_area_ha_1000m": 37.527673039149747, "agricultural_ratio_1000m": 11.964639842892456 }, "geometry": { "type": "Point", "coordinates": [ 128.696459523828793, 36.414314408020935 ] } },
{ "type": "Feature", "properties": { "id": "46", "address": "단촌면 하화리 1213임", "region": "단촌면", "capacity": 0.8, "emd_name": "단촌면", "pond_id": "46", "facility_source": "VWorld UQ164·UO601", "road_source": "DATA_NOT_AVAILABLE", "emd_total_population": 1820.0, "emd_youth_population": 122.0, "emd_elderly_population": 1025.0, "emd_youth_ratio": 6.7032967032967044, "emd_elderly_ratio": 56.318681318681321, "emd_population_change": -6.0, "emd_year": 2025.0, "population_context_method": "pond_emd_population_context", "population_500m": null, "youth_population_500m": null, "elderly_population_500m": null, "facility_count_500m": 0, "road_length_500m": null, "population_context_method_500m": "pond_emd_population_context", "agricultural_area_500m": 0.0, "agricultural_area_ha_500m": 0.0, "agricultural_ratio_500m": 0.0, "population_1000m": null, "youth_population_1000m": null, "elderly_population_1000m": null, "facility_count_1000m": 0, "road_length_1000m": null, "population_context_method_1000m": "pond_emd_population_context", "agricultural_area_1000m": 0.0, "agricultural_area_ha_1000m": 0.0, "agricultural_ratio_1000m": 0.0 }, "geometry": { "type": "Point", "coordinates": [ 128.662211569845567, 36.411119418026544 ] } },
{ "type": "Feature", "properties": { "id": "47", "address": "단촌면 상화리 32유", "region": "단촌면", "capacity": 47.0, "emd_name": "단촌면", "pond_id": "47", "facility_source": "VWorld UQ164·UO601", "road_source": "DATA_NOT_AVAILABLE", "emd_total_population": 1820.0, "emd_youth_population": 122.0, "emd_elderly_population": 1025.0, "emd_youth_ratio": 6.7032967032967044, "emd_elderly_ratio": 56.318681318681321, "emd_population_change": -6.0, "emd_year": 2025.0, "population_context_method": "pond_emd_population_context", "population_500m": null, "youth_population_500m": null, "elderly_population_500m": null, "facility_count_500m": 0, "road_length_500m": null, "population_context_method_500m": "pond_emd_population_context", "agricultural_area_500m": 141718.56711020009, "agricultural_area_ha_500m": 14.171856711020009, "agricultural_ratio_500m": 18.073186821420396, "population_1000m": null, "youth_population_1000m": null, "elderly_population_1000m": null, "facility_count_1000m": 0, "road_length_1000m": null, "population_context_method_1000m": "pond_emd_population_context", "agricultural_area_1000m": 350509.63055671228, "agricultural_area_ha_1000m": 35.050963055671225, "agricultural_ratio_1000m": 11.175010735947753 }, "geometry": { "type": "Point", "coordinates": [ 128.722190142529001, 36.39262759649538 ] } },
{ "type": "Feature", "properties": { "id": "48", "address": "단촌면 상화리 산56임", "region": "단촌면", "capacity": 4.3, "emd_name": "단촌면", "pond_id": "48", "facility_source": "VWorld UQ164·UO601", "road_source": "DATA_NOT_AVAILABLE", "emd_total_population": 1820.0, "emd_youth_population": 122.0, "emd_elderly_population": 1025.0, "emd_youth_ratio": 6.7032967032967044, "emd_elderly_ratio": 56.318681318681321, "emd_population_change": -6.0, "emd_year": 2025.0, "population_context_method": "pond_emd_population_context", "population_500m": null, "youth_population_500m": null, "elderly_population_500m": null, "facility_count_500m": 0, "road_length_500m": null, "population_context_method_500m": "pond_emd_population_context", "agricultural_area_500m": 37291.15629347635, "agricultural_area_ha_500m": 3.7291156293476351, "agricultural_ratio_500m": 4.7556932603947883, "population_1000m": null, "youth_population_1000m": null, "elderly_population_1000m": null, "facility_count_1000m": 0, "road_length_1000m": null, "population_context_method_1000m": "pond_emd_population_context", "agricultural_area_1000m": 297381.95147010015, "agricultural_area_ha_1000m": 29.738195147010014, "agricultural_ratio_1000m": 9.4811845685300327 }, "geometry": { "type": "Point", "coordinates": [ 128.721111706718347, 36.398310716073055 ] } },
{ "type": "Feature", "properties": { "id": "49", "address": "단촌면 상화리 569-1유", "region": "단촌면", "capacity": 16.5, "emd_name": "단촌면", "pond_id": "49", "facility_source": "VWorld UQ164·UO601", "road_source": "DATA_NOT_AVAILABLE", "emd_total_population": 1820.0, "emd_youth_population": 122.0, "emd_elderly_population": 1025.0, "emd_youth_ratio": 6.7032967032967044, "emd_elderly_ratio": 56.318681318681321, "emd_population_change": -6.0, "emd_year": 2025.0, "population_context_method": "pond_emd_population_context", "population_500m": null, "youth_population_500m": null, "elderly_population_500m": null, "facility_count_500m": 0, "road_length_500m": null, "population_context_method_500m": "pond_emd_population_context", "agricultural_area_500m": 0.0, "agricultural_area_ha_500m": 0.0, "agricultural_ratio_500m": 0.0, "population_1000m": null, "youth_population_1000m": null, "elderly_population_1000m": null, "facility_count_1000m": 0, "road_length_1000m": null, "population_context_method_1000m": "pond_emd_population_context", "agricultural_area_1000m": 141125.84585412027, "agricultural_area_ha_1000m": 14.112584585412026, "agricultural_ratio_1000m": 4.4993994602505811 }, "geometry": { "type": "Point", "coordinates": [ 128.715353073522266, 36.404061093127545 ] } },
{ "type": "Feature", "properties": { "id": "50", "address": "단촌면 상화리 632답", "region": "단촌면", "capacity": 4.4, "emd_name": "단촌면", "pond_id": "50", "facility_source": "VWorld UQ164·UO601", "road_source": "DATA_NOT_AVAILABLE", "emd_total_population": 1820.0, "emd_youth_population": 122.0, "emd_elderly_population": 1025.0, "emd_youth_ratio": 6.7032967032967044, "emd_elderly_ratio": 56.318681318681321, "emd_population_change": -6.0, "emd_year": 2025.0, "population_context_method": "pond_emd_population_context", "population_500m": null, "youth_population_500m": null, "elderly_population_500m": null, "facility_count_500m": 0, "road_length_500m": null, "population_context_method_500m": "pond_emd_population_context", "agricultural_area_500m": 0.0, "agricultural_area_ha_500m": 0.0, "agricultural_ratio_500m": 0.0, "population_1000m": null, "youth_population_1000m": null, "elderly_population_1000m": null, "facility_count_1000m": 0, "road_length_1000m": null, "population_context_method_1000m": "pond_emd_population_context", "agricultural_area_1000m": 144765.42069206524, "agricultural_area_ha_1000m": 14.476542069206523, "agricultural_ratio_1000m": 4.6154370362330752 }, "geometry": { "type": "Point", "coordinates": [ 128.712221075612263, 36.406610918051882 ] } },
{ "type": "Feature", "properties": { "id": "51", "address": "단촌면 관덕리 624 유", "region": "단촌면", "capacity": 9.1, "emd_name": "단촌면", "pond_id": "51", "facility_source": "VWorld UQ164·UO601", "road_source": "DATA_NOT_AVAILABLE", "emd_total_population": 1820.0, "emd_youth_population": 122.0, "emd_elderly_population": 1025.0, "emd_youth_ratio": 6.7032967032967044, "emd_elderly_ratio": 56.318681318681321, "emd_population_change": -6.0, "emd_year": 2025.0, "population_context_method": "pond_emd_population_context", "population_500m": null, "youth_population_500m": null, "elderly_population_500m": null, "facility_count_500m": 0, "road_length_500m": null, "population_context_method_500m": "pond_emd_population_context", "agricultural_area_500m": 66330.377380451187, "agricultural_area_ha_500m": 6.6330377380451191, "agricultural_ratio_500m": 8.4590278237856182, "population_1000m": null, "youth_population_1000m": null, "elderly_population_1000m": null, "facility_count_1000m": 0, "road_length_1000m": null, "population_context_method_1000m": "pond_emd_population_context", "agricultural_area_1000m": 770414.47953655187, "agricultural_area_ha_1000m": 77.04144795365518, "agricultural_ratio_1000m": 24.562492238162832 }, "geometry": { "type": "Point", "coordinates": [ 128.703474168105032, 36.421071577145959 ] } },
{ "type": "Feature", "properties": { "id": "52", "address": "단촌면 병방리 산55임", "region": "단촌면", "capacity": 5.5, "emd_name": "단촌면", "pond_id": "52", "facility_source": "VWorld UQ164·UO601", "road_source": "DATA_NOT_AVAILABLE", "emd_total_population": 1820.0, "emd_youth_population": 122.0, "emd_elderly_population": 1025.0, "emd_youth_ratio": 6.7032967032967044, "emd_elderly_ratio": 56.318681318681321, "emd_population_change": -6.0, "emd_year": 2025.0, "population_context_method": "pond_emd_population_context", "population_500m": null, "youth_population_500m": null, "elderly_population_500m": null, "facility_count_500m": 0, "road_length_500m": null, "population_context_method_500m": "pond_emd_population_context", "agricultural_area_500m": 0.0, "agricultural_area_ha_500m": 0.0, "agricultural_ratio_500m": 0.0, "population_1000m": null, "youth_population_1000m": null, "elderly_population_1000m": null, "facility_count_1000m": 0, "road_length_1000m": null, "population_context_method_1000m": "pond_emd_population_context", "agricultural_area_1000m": 0.0, "agricultural_area_ha_1000m": 0.0, "agricultural_ratio_1000m": 0.0 }, "geometry": { "type": "Point", "coordinates": [ 128.735600466231517, 36.408814591973808 ] } },
{ "type": "Feature", "properties": { "id": "53", "address": "단촌면 병방리 641유", "region": "단촌면", "capacity": 21.2, "emd_name": "단촌면", "pond_id": "53", "facility_source": "VWorld UQ164·UO601", "road_source": "DATA_NOT_AVAILABLE", "emd_total_population": 1820.0, "emd_youth_population": 122.0, "emd_elderly_population": 1025.0, "emd_youth_ratio": 6.7032967032967044, "emd_elderly_ratio": 56.318681318681321, "emd_population_change": -6.0, "emd_year": 2025.0, "population_context_method": "pond_emd_population_context", "population_500m": null, "youth_population_500m": null, "elderly_population_500m": null, "facility_count_500m": 0, "road_length_500m": null, "population_context_method_500m": "pond_emd_population_context", "agricultural_area_500m": 0.0, "agricultural_area_ha_500m": 0.0, "agricultural_ratio_500m": 0.0, "population_1000m": null, "youth_population_1000m": null, "elderly_population_1000m": null, "facility_count_1000m": 0, "road_length_1000m": null, "population_context_method_1000m": "pond_emd_population_context", "agricultural_area_1000m": 0.0, "agricultural_area_ha_1000m": 0.0, "agricultural_ratio_1000m": 0.0 }, "geometry": { "type": "Point", "coordinates": [ 128.732814030079254, 36.411341909456873 ] } },
{ "type": "Feature", "properties": { "id": "54", "address": "단촌면 병방리 705유", "region": "단촌면", "capacity": 21.9, "emd_name": "단촌면", "pond_id": "54", "facility_source": "VWorld UQ164·UO601", "road_source": "DATA_NOT_AVAILABLE", "emd_total_population": 1820.0, "emd_youth_population": 122.0, "emd_elderly_population": 1025.0, "emd_youth_ratio": 6.7032967032967044, "emd_elderly_ratio": 56.318681318681321, "emd_population_change": -6.0, "emd_year": 2025.0, "population_context_method": "pond_emd_population_context", "population_500m": null, "youth_population_500m": null, "elderly_population_500m": null, "facility_count_500m": 0, "road_length_500m": null, "population_context_method_500m": "pond_emd_population_context", "agricultural_area_500m": 76186.709847664912, "agricultural_area_ha_500m": 7.6186709847664913, "agricultural_ratio_500m": 9.7159932425473485, "population_1000m": null, "youth_population_1000m": null, "elderly_population_1000m": null, "facility_count_1000m": 0, "road_length_1000m": null, "population_context_method_1000m": "pond_emd_population_context", "agricultural_area_1000m": 367093.8497903035, "agricultural_area_ha_1000m": 36.709384979030354, "agricultural_ratio_1000m": 11.703751779919461 }, "geometry": { "type": "Point", "coordinates": [ 128.713609437278961, 36.419079508759161 ] } },
{ "type": "Feature", "properties": { "id": "55", "address": "단촌면 병방리 889유", "region": "단촌면", "capacity": 0.8, "emd_name": "단촌면", "pond_id": "55", "facility_source": "VWorld UQ164·UO601", "road_source": "DATA_NOT_AVAILABLE", "emd_total_population": 1820.0, "emd_youth_population": 122.0, "emd_elderly_population": 1025.0, "emd_youth_ratio": 6.7032967032967044, "emd_elderly_ratio": 56.318681318681321, "emd_population_change": -6.0, "emd_year": 2025.0, "population_context_method": "pond_emd_population_context", "population_500m": null, "youth_population_500m": null, "elderly_population_500m": null, "facility_count_500m": 0, "road_length_500m": null, "population_context_method_500m": "pond_emd_population_context", "agricultural_area_500m": 251525.87570632776, "agricultural_area_ha_500m": 25.152587570632775, "agricultural_ratio_500m": 32.076771835598393, "population_1000m": null, "youth_population_1000m": null, "elderly_population_1000m": null, "facility_count_1000m": 0, "road_length_1000m": null, "population_context_method_1000m": "pond_emd_population_context", "agricultural_area_1000m": 1400017.5017553952, "agricultural_area_ha_1000m": 140.00175017553951, "agricultural_ratio_1000m": 44.635608407626641 }, "geometry": { "type": "Point", "coordinates": [ 128.714855431153353, 36.429612855392143 ] } },
{ "type": "Feature", "properties": { "id": "56", "address": "단촌면 병방리 375유", "region": "단촌면", "capacity": 0.8, "emd_name": "단촌면", "pond_id": "56", "facility_source": "VWorld UQ164·UO601", "road_source": "DATA_NOT_AVAILABLE", "emd_total_population": 1820.0, "emd_youth_population": 122.0, "emd_elderly_population": 1025.0, "emd_youth_ratio": 6.7032967032967044, "emd_elderly_ratio": 56.318681318681321, "emd_population_change": -6.0, "emd_year": 2025.0, "population_context_method": "pond_emd_population_context", "population_500m": null, "youth_population_500m": null, "elderly_population_500m": null, "facility_count_500m": 0, "road_length_500m": null, "population_context_method_500m": "pond_emd_population_context", "agricultural_area_500m": 201498.19437918253, "agricultural_area_ha_500m": 20.149819437918254, "agricultural_ratio_500m": 25.69680589814358, "population_1000m": null, "youth_population_1000m": null, "elderly_population_1000m": null, "facility_count_1000m": 0, "road_length_1000m": null, "population_context_method_1000m": "pond_emd_population_context", "agricultural_area_1000m": 971406.23706787301, "agricultural_area_ha_1000m": 97.140623706787295, "agricultural_ratio_1000m": 30.970547402530439 }, "geometry": { "type": "Point", "coordinates": [ 128.721077180740934, 36.426072396749618 ] } },
{ "type": "Feature", "properties": { "id": "57", "address": "단촌면 구계리 산124임", "region": "단촌면", "capacity": 4.7, "emd_name": "단촌면", "pond_id": "57", "facility_source": "VWorld UQ164·UO601", "road_source": "DATA_NOT_AVAILABLE", "emd_total_population": 1820.0, "emd_youth_population": 122.0, "emd_elderly_population": 1025.0, "emd_youth_ratio": 6.7032967032967044, "emd_elderly_ratio": 56.318681318681321, "emd_population_change": -6.0, "emd_year": 2025.0, "population_context_method": "pond_emd_population_context", "population_500m": null, "youth_population_500m": null, "elderly_population_500m": null, "facility_count_500m": 0, "road_length_500m": null, "population_context_method_500m": "pond_emd_population_context", "agricultural_area_500m": 0.0, "agricultural_area_ha_500m": 0.0, "agricultural_ratio_500m": 0.0, "population_1000m": null, "youth_population_1000m": null, "elderly_population_1000m": null, "facility_count_1000m": 0, "road_length_1000m": null, "population_context_method_1000m": "pond_emd_population_context", "agricultural_area_1000m": 0.0, "agricultural_area_ha_1000m": 0.0, "agricultural_ratio_1000m": 0.0 }, "geometry": { "type": "Point", "coordinates": [ 128.764657878503726, 36.47667840161867 ] } },
{ "type": "Feature", "properties": { "id": "58", "address": "단촌면 구계리 산220 임", "region": "단촌면", "capacity": 2.0, "emd_name": "단촌면", "pond_id": "58", "facility_source": "VWorld UQ164·UO601", "road_source": "DATA_NOT_AVAILABLE", "emd_total_population": 1820.0, "emd_youth_population": 122.0, "emd_elderly_population": 1025.0, "emd_youth_ratio": 6.7032967032967044, "emd_elderly_ratio": 56.318681318681321, "emd_population_change": -6.0, "emd_year": 2025.0, "population_context_method": "pond_emd_population_context", "population_500m": null, "youth_population_500m": null, "elderly_population_500m": null, "facility_count_500m": 0, "road_length_500m": null, "population_context_method_500m": "pond_emd_population_context", "agricultural_area_500m": 0.0, "agricultural_area_ha_500m": 0.0, "agricultural_ratio_500m": 0.0, "population_1000m": null, "youth_population_1000m": null, "elderly_population_1000m": null, "facility_count_1000m": 0, "road_length_1000m": null, "population_context_method_1000m": "pond_emd_population_context", "agricultural_area_1000m": 0.0, "agricultural_area_ha_1000m": 0.0, "agricultural_ratio_1000m": 0.0 }, "geometry": { "type": "Point", "coordinates": [ 128.747885531252876, 36.45812052840909 ] } },
{ "type": "Feature", "properties": { "id": "59", "address": "단촌면 구계리 291유", "region": "단촌면", "capacity": 9.5, "emd_name": "단촌면", "pond_id": "59", "facility_source": "VWorld UQ164·UO601", "road_source": "DATA_NOT_AVAILABLE", "emd_total_population": 1820.0, "emd_youth_population": 122.0, "emd_elderly_population": 1025.0, "emd_youth_ratio": 6.7032967032967044, "emd_elderly_ratio": 56.318681318681321, "emd_population_change": -6.0, "emd_year": 2025.0, "population_context_method": "pond_emd_population_context", "population_500m": null, "youth_population_500m": null, "elderly_population_500m": null, "facility_count_500m": 0, "road_length_500m": null, "population_context_method_500m": "pond_emd_population_context", "agricultural_area_500m": 0.0, "agricultural_area_ha_500m": 0.0, "agricultural_ratio_500m": 0.0, "population_1000m": null, "youth_population_1000m": null, "elderly_population_1000m": null, "facility_count_1000m": 1, "road_length_1000m": null, "population_context_method_1000m": "pond_emd_population_context", "agricultural_area_1000m": 0.0, "agricultural_area_ha_1000m": 0.0, "agricultural_ratio_1000m": 0.0 }, "geometry": { "type": "Point", "coordinates": [ 128.733719067602834, 36.466616540657959 ] } },
{ "type": "Feature", "properties": { "id": "60", "address": "단촌면 구계리 937유", "region": "단촌면", "capacity": 8.1, "emd_name": "단촌면", "pond_id": "60", "facility_source": "VWorld UQ164·UO601", "road_source": "DATA_NOT_AVAILABLE", "emd_total_population": 1820.0, "emd_youth_population": 122.0, "emd_elderly_population": 1025.0, "emd_youth_ratio": 6.7032967032967044, "emd_elderly_ratio": 56.318681318681321, "emd_population_change": -6.0, "emd_year": 2025.0, "population_context_method": "pond_emd_population_context", "population_500m": null, "youth_population_500m": null, "elderly_population_500m": null, "facility_count_500m": 0, "road_length_500m": null, "population_context_method_500m": "pond_emd_population_context", "agricultural_area_500m": 0.0, "agricultural_area_ha_500m": 0.0, "agricultural_ratio_500m": 0.0, "population_1000m": null, "youth_population_1000m": null, "elderly_population_1000m": null, "facility_count_1000m": 0, "road_length_1000m": null, "population_context_method_1000m": "pond_emd_population_context", "agricultural_area_1000m": 0.0, "agricultural_area_ha_1000m": 0.0, "agricultural_ratio_1000m": 0.0 }, "geometry": { "type": "Point", "coordinates": [ 128.715278394186157, 36.473172065615998 ] } },
{ "type": "Feature", "properties": { "id": "61", "address": "단촌면 구계리 733유", "region": "단촌면", "capacity": 3.5, "emd_name": "단촌면", "pond_id": "61", "facility_source": "VWorld UQ164·UO601", "road_source": "DATA_NOT_AVAILABLE", "emd_total_population": 1820.0, "emd_youth_population": 122.0, "emd_elderly_population": 1025.0, "emd_youth_ratio": 6.7032967032967044, "emd_elderly_ratio": 56.318681318681321, "emd_population_change": -6.0, "emd_year": 2025.0, "population_context_method": "pond_emd_population_context", "population_500m": null, "youth_population_500m": null, "elderly_population_500m": null, "facility_count_500m": 0, "road_length_500m": null, "population_context_method_500m": "pond_emd_population_context", "agricultural_area_500m": 0.0, "agricultural_area_ha_500m": 0.0, "agricultural_ratio_500m": 0.0, "population_1000m": null, "youth_population_1000m": null, "elderly_population_1000m": null, "facility_count_1000m": 0, "road_length_1000m": null, "population_context_method_1000m": "pond_emd_population_context", "agricultural_area_1000m": 28976.493630739278, "agricultural_area_ha_1000m": 2.8976493630739277, "agricultural_ratio_1000m": 0.92383375286814107 }, "geometry": { "type": "Point", "coordinates": [ 128.720172264852607, 36.450260361643288 ] } },
{ "type": "Feature", "properties": { "id": "62", "address": "단촌면 구계리 905유", "region": "단촌면", "capacity": 0.3, "emd_name": "단촌면", "pond_id": "62", "facility_source": "VWorld UQ164·UO601", "road_source": "DATA_NOT_AVAILABLE", "emd_total_population": 1820.0, "emd_youth_population": 122.0, "emd_elderly_population": 1025.0, "emd_youth_ratio": 6.7032967032967044, "emd_elderly_ratio": 56.318681318681321, "emd_population_change": -6.0, "emd_year": 2025.0, "population_context_method": "pond_emd_population_context", "population_500m": null, "youth_population_500m": null, "elderly_population_500m": null, "facility_count_500m": 0, "road_length_500m": null, "population_context_method_500m": "pond_emd_population_context", "agricultural_area_500m": 0.0, "agricultural_area_ha_500m": 0.0, "agricultural_ratio_500m": 0.0, "population_1000m": null, "youth_population_1000m": null, "elderly_population_1000m": null, "facility_count_1000m": 0, "road_length_1000m": null, "population_context_method_1000m": "pond_emd_population_context", "agricultural_area_1000m": 0.0, "agricultural_area_ha_1000m": 0.0, "agricultural_ratio_1000m": 0.0 }, "geometry": { "type": "Point", "coordinates": [ 128.721730338086985, 36.471817766738774 ] } },
{ "type": "Feature", "properties": { "id": "63", "address": "단촌면 방하리 1225유", "region": "단촌면", "capacity": 22.3, "emd_name": "단촌면", "pond_id": "63", "facility_source": "VWorld UQ164·UO601", "road_source": "DATA_NOT_AVAILABLE", "emd_total_population": 1820.0, "emd_youth_population": 122.0, "emd_elderly_population": 1025.0, "emd_youth_ratio": 6.7032967032967044, "emd_elderly_ratio": 56.318681318681321, "emd_population_change": -6.0, "emd_year": 2025.0, "population_context_method": "pond_emd_population_context", "population_500m": null, "youth_population_500m": null, "elderly_population_500m": null, "facility_count_500m": 0, "road_length_500m": null, "population_context_method_500m": "pond_emd_population_context", "agricultural_area_500m": 101287.26271202379, "agricultural_area_ha_500m": 10.128726271202378, "agricultural_ratio_500m": 12.917034506856362, "population_1000m": null, "youth_population_1000m": null, "elderly_population_1000m": null, "facility_count_1000m": 0, "road_length_1000m": null, "population_context_method_1000m": "pond_emd_population_context", "agricultural_area_1000m": 317307.83560349111, "agricultural_area_ha_1000m": 31.73078356034911, "agricultural_ratio_1000m": 10.116465170550086 }, "geometry": { "type": "Point", "coordinates": [ 128.654980524267614, 36.399199710220394 ] } },
{ "type": "Feature", "properties": { "id": "64", "address": "단촌면 방하리 730 유", "region": "단촌면", "capacity": 10.2, "emd_name": "단촌면", "pond_id": "64", "facility_source": "VWorld UQ164·UO601", "road_source": "DATA_NOT_AVAILABLE", "emd_total_population": 1820.0, "emd_youth_population": 122.0, "emd_elderly_population": 1025.0, "emd_youth_ratio": 6.7032967032967044, "emd_elderly_ratio": 56.318681318681321, "emd_population_change": -6.0, "emd_year": 2025.0, "population_context_method": "pond_emd_population_context", "population_500m": null, "youth_population_500m": null, "elderly_population_500m": null, "facility_count_500m": 0, "road_length_500m": null, "population_context_method_500m": "pond_emd_population_context", "agricultural_area_500m": 58562.339344190063, "agricultural_area_ha_500m": 5.8562339344190066, "agricultural_ratio_500m": 7.4683799113206453, "population_1000m": null, "youth_population_1000m": null, "elderly_population_1000m": null, "facility_count_1000m": 0, "road_length_1000m": null, "population_context_method_1000m": "pond_emd_population_context", "agricultural_area_1000m": 113072.5913658911, "agricultural_area_ha_1000m": 11.30725913658911, "agricultural_ratio_1000m": 3.6050005828607854 }, "geometry": { "type": "Point", "coordinates": [ 128.660891894418796, 36.38470982749962 ] } },
{ "type": "Feature", "properties": { "id": "65", "address": "단촌면 방하리 896유", "region": "단촌면", "capacity": 2.4, "emd_name": "단촌면", "pond_id": "65", "facility_source": "VWorld UQ164·UO601", "road_source": "DATA_NOT_AVAILABLE", "emd_total_population": 1820.0, "emd_youth_population": 122.0, "emd_elderly_population": 1025.0, "emd_youth_ratio": 6.7032967032967044, "emd_elderly_ratio": 56.318681318681321, "emd_population_change": -6.0, "emd_year": 2025.0, "population_context_method": "pond_emd_population_context", "population_500m": null, "youth_population_500m": null, "elderly_population_500m": null, "facility_count_500m": 0, "road_length_500m": null, "population_context_method_500m": "pond_emd_population_context", "agricultural_area_500m": 2102.550293269333, "agricultural_area_ha_500m": 0.2102550293269333, "agricultural_ratio_500m": 0.26813553810588797, "population_1000m": null, "youth_population_1000m": null, "elderly_population_1000m": null, "facility_count_1000m": 0, "road_length_1000m": null, "population_context_method_1000m": "pond_emd_population_context", "agricultural_area_1000m": 102102.10283788838, "agricultural_area_ha_1000m": 10.210210283788838, "agricultural_ratio_1000m": 3.2552375053547418 }, "geometry": { "type": "Point", "coordinates": [ 128.653067870776255, 36.385187715932823 ] } },
{ "type": "Feature", "properties": { "id": "66", "address": "단촌면 방하리 1249-1", "region": "단촌면", "capacity": 3.3, "emd_name": "단촌면", "pond_id": "66", "facility_source": "VWorld UQ164·UO601", "road_source": "DATA_NOT_AVAILABLE", "emd_total_population": 1820.0, "emd_youth_population": 122.0, "emd_elderly_population": 1025.0, "emd_youth_ratio": 6.7032967032967044, "emd_elderly_ratio": 56.318681318681321, "emd_population_change": -6.0, "emd_year": 2025.0, "population_context_method": "pond_emd_population_context", "population_500m": null, "youth_population_500m": null, "elderly_population_500m": null, "facility_count_500m": 0, "road_length_500m": null, "population_context_method_500m": "pond_emd_population_context", "agricultural_area_500m": 64761.32476013984, "agricultural_area_ha_500m": 6.4761324760139836, "agricultural_ratio_500m": 8.2589285586168177, "population_1000m": null, "youth_population_1000m": null, "elderly_population_1000m": null, "facility_count_1000m": 0, "road_length_1000m": null, "population_context_method_1000m": "pond_emd_population_context", "agricultural_area_1000m": 120013.49111959968, "agricultural_area_ha_1000m": 12.001349111959968, "agricultural_ratio_1000m": 3.8262915903051029 }, "geometry": { "type": "Point", "coordinates": [ 128.652531095616382, 36.403540648060698 ] } },
{ "type": "Feature", "properties": { "id": "67", "address": "단촌면 방하리 298유", "region": "단촌면", "capacity": 27.1, "emd_name": "단촌면", "pond_id": "67", "facility_source": "VWorld UQ164·UO601", "road_source": "DATA_NOT_AVAILABLE", "emd_total_population": 1820.0, "emd_youth_population": 122.0, "emd_elderly_population": 1025.0, "emd_youth_ratio": 6.7032967032967044, "emd_elderly_ratio": 56.318681318681321, "emd_population_change": -6.0, "emd_year": 2025.0, "population_context_method": "pond_emd_population_context", "population_500m": null, "youth_population_500m": null, "elderly_population_500m": null, "facility_count_500m": 0, "road_length_500m": null, "population_context_method_500m": "pond_emd_population_context", "agricultural_area_500m": 93518.967198537153, "agricultural_area_ha_500m": 9.3518967198537162, "agricultural_ratio_500m": 11.926353758651558, "population_1000m": null, "youth_population_1000m": null, "elderly_population_1000m": null, "facility_count_1000m": 0, "road_length_1000m": null, "population_context_method_1000m": "pond_emd_population_context", "agricultural_area_1000m": 381217.64706994832, "agricultural_area_ha_1000m": 38.121764706994831, "agricultural_ratio_1000m": 12.154049211067628 }, "geometry": { "type": "Point", "coordinates": [ 128.660845575281002, 36.399307573388008 ] } },
{ "type": "Feature", "properties": { "id": "68", "address": "단촌면 방하리 1273답", "region": "단촌면", "capacity": 0.3, "emd_name": "단촌면", "pond_id": "68", "facility_source": "VWorld UQ164·UO601", "road_source": "DATA_NOT_AVAILABLE", "emd_total_population": 1820.0, "emd_youth_population": 122.0, "emd_elderly_population": 1025.0, "emd_youth_ratio": 6.7032967032967044, "emd_elderly_ratio": 56.318681318681321, "emd_population_change": -6.0, "emd_year": 2025.0, "population_context_method": "pond_emd_population_context", "population_500m": null, "youth_population_500m": null, "elderly_population_500m": null, "facility_count_500m": 0, "road_length_500m": null, "population_context_method_500m": "pond_emd_population_context", "agricultural_area_500m": 0.0, "agricultural_area_ha_500m": 0.0, "agricultural_ratio_500m": 0.0, "population_1000m": null, "youth_population_1000m": null, "elderly_population_1000m": null, "facility_count_1000m": 0, "road_length_1000m": null, "population_context_method_1000m": "pond_emd_population_context", "agricultural_area_1000m": 43405.747098438107, "agricultural_area_ha_1000m": 4.3405747098438106, "agricultural_ratio_1000m": 1.3838697928398191 }, "geometry": { "type": "Point", "coordinates": [ 128.643409803252155, 36.395962385070888 ] } },
{ "type": "Feature", "properties": { "id": "69", "address": "단촌면 방하리 828-2유", "region": "단촌면", "capacity": 1.9, "emd_name": "단촌면", "pond_id": "69", "facility_source": "VWorld UQ164·UO601", "road_source": "DATA_NOT_AVAILABLE", "emd_total_population": 1820.0, "emd_youth_population": 122.0, "emd_elderly_population": 1025.0, "emd_youth_ratio": 6.7032967032967044, "emd_elderly_ratio": 56.318681318681321, "emd_population_change": -6.0, "emd_year": 2025.0, "population_context_method": "pond_emd_population_context", "population_500m": null, "youth_population_500m": null, "elderly_population_500m": null, "facility_count_500m": 0, "road_length_500m": null, "population_context_method_500m": "pond_emd_population_context", "agricultural_area_500m": 28917.341651379978, "agricultural_area_ha_500m": 2.891734165137998, "agricultural_ratio_500m": 3.6877914355275467, "population_1000m": null, "youth_population_1000m": null, "elderly_population_1000m": null, "facility_count_1000m": 0, "road_length_1000m": null, "population_context_method_1000m": "pond_emd_population_context", "agricultural_area_1000m": 79271.413554872968, "agricultural_area_ha_1000m": 7.9271413554872971, "agricultural_ratio_1000m": 2.5273453859811368 }, "geometry": { "type": "Point", "coordinates": [ 128.662421790095038, 36.381192460333921 ] } },
{ "type": "Feature", "properties": { "id": "70", "address": "단촌면 방하리 110임", "region": "단촌면", "capacity": 2.8, "emd_name": "단촌면", "pond_id": "70", "facility_source": "VWorld UQ164·UO601", "road_source": "DATA_NOT_AVAILABLE", "emd_total_population": 1820.0, "emd_youth_population": 122.0, "emd_elderly_population": 1025.0, "emd_youth_ratio": 6.7032967032967044, "emd_elderly_ratio": 56.318681318681321, "emd_population_change": -6.0, "emd_year": 2025.0, "population_context_method": "pond_emd_population_context", "population_500m": null, "youth_population_500m": null, "elderly_population_500m": null, "facility_count_500m": 0, "road_length_500m": null, "population_context_method_500m": "pond_emd_population_context", "agricultural_area_500m": 124735.11793876345, "agricultural_area_ha_500m": 12.473511793876344, "agricultural_ratio_500m": 15.907309364384069, "population_1000m": null, "youth_population_1000m": null, "elderly_population_1000m": null, "facility_count_1000m": 0, "road_length_1000m": null, "population_context_method_1000m": "pond_emd_population_context", "agricultural_area_1000m": 194855.78653005103, "agricultural_area_ha_1000m": 19.485578653005103, "agricultural_ratio_1000m": 6.2124270393835674 }, "geometry": { "type": "Point", "coordinates": [ 128.670897672529151, 36.403925022949977 ] } },
{ "type": "Feature", "properties": { "id": "71", "address": "단촌면 방하리 1337 유", "region": "단촌면", "capacity": 2.0, "emd_name": "단촌면", "pond_id": "71", "facility_source": "VWorld UQ164·UO601", "road_source": "DATA_NOT_AVAILABLE", "emd_total_population": 1820.0, "emd_youth_population": 122.0, "emd_elderly_population": 1025.0, "emd_youth_ratio": 6.7032967032967044, "emd_elderly_ratio": 56.318681318681321, "emd_population_change": -6.0, "emd_year": 2025.0, "population_context_method": "pond_emd_population_context", "population_500m": null, "youth_population_500m": null, "elderly_population_500m": null, "facility_count_500m": 0, "road_length_500m": null, "population_context_method_500m": "pond_emd_population_context", "agricultural_area_500m": 0.0, "agricultural_area_ha_500m": 0.0, "agricultural_ratio_500m": 0.0, "population_1000m": null, "youth_population_1000m": null, "elderly_population_1000m": null, "facility_count_1000m": 0, "road_length_1000m": null, "population_context_method_1000m": "pond_emd_population_context", "agricultural_area_1000m": 86324.015365669169, "agricultural_area_ha_1000m": 8.6324015365669169, "agricultural_ratio_1000m": 2.7521976983893128 }, "geometry": { "type": "Point", "coordinates": [ 128.647874113115762, 36.388854649701145 ] } },
{ "type": "Feature", "properties": { "id": "72", "address": "단촌면 장림리 169유", "region": "단촌면", "capacity": 17.0, "emd_name": "단촌면", "pond_id": "72", "facility_source": "VWorld UQ164·UO601", "road_source": "DATA_NOT_AVAILABLE", "emd_total_population": 1820.0, "emd_youth_population": 122.0, "emd_elderly_population": 1025.0, "emd_youth_ratio": 6.7032967032967044, "emd_elderly_ratio": 56.318681318681321, "emd_population_change": -6.0, "emd_year": 2025.0, "population_context_method": "pond_emd_population_context", "population_500m": null, "youth_population_500m": null, "elderly_population_500m": null, "facility_count_500m": 0, "road_length_500m": null, "population_context_method_500m": "pond_emd_population_context", "agricultural_area_500m": 0.0, "agricultural_area_ha_500m": 0.0, "agricultural_ratio_500m": 0.0, "population_1000m": null, "youth_population_1000m": null, "elderly_population_1000m": null, "facility_count_1000m": 0, "road_length_1000m": null, "population_context_method_1000m": "pond_emd_population_context", "agricultural_area_1000m": 47237.731364206884, "agricultural_area_ha_1000m": 4.7237731364206885, "agricultural_ratio_1000m": 1.5060418006158516 }, "geometry": { "type": "Point", "coordinates": [ 128.642805936428601, 36.400106539514688 ] } },
{ "type": "Feature", "properties": { "id": "73", "address": "단촌면 장림리 산10임", "region": "단촌면", "capacity": 9.3, "emd_name": "단촌면", "pond_id": "73", "facility_source": "VWorld UQ164·UO601", "road_source": "DATA_NOT_AVAILABLE", "emd_total_population": 1820.0, "emd_youth_population": 122.0, "emd_elderly_population": 1025.0, "emd_youth_ratio": 6.7032967032967044, "emd_elderly_ratio": 56.318681318681321, "emd_population_change": -6.0, "emd_year": 2025.0, "population_context_method": "pond_emd_population_context", "population_500m": null, "youth_population_500m": null, "elderly_population_500m": null, "facility_count_500m": 0, "road_length_500m": null, "population_context_method_500m": "pond_emd_population_context", "agricultural_area_500m": 2752.7866429001142, "agricultural_area_ha_500m": 0.27527866429001141, "agricultural_ratio_500m": 0.35105934452440285, "population_1000m": null, "youth_population_1000m": null, "elderly_population_1000m": null, "facility_count_1000m": 0, "road_length_1000m": null, "population_context_method_1000m": "pond_emd_population_context", "agricultural_area_1000m": 57331.392937356621, "agricultural_area_ha_1000m": 5.733139293735662, "agricultural_ratio_1000m": 1.8278497243120342 }, "geometry": { "type": "Point", "coordinates": [ 128.650699360229623, 36.408638902139238 ] } },
{ "type": "Feature", "properties": { "id": "74", "address": "단촌면 장림리 616유", "region": "단촌면", "capacity": 13.8, "emd_name": "단촌면", "pond_id": "74", "facility_source": "VWorld UQ164·UO601", "road_source": "DATA_NOT_AVAILABLE", "emd_total_population": 1820.0, "emd_youth_population": 122.0, "emd_elderly_population": 1025.0, "emd_youth_ratio": 6.7032967032967044, "emd_elderly_ratio": 56.318681318681321, "emd_population_change": -6.0, "emd_year": 2025.0, "population_context_method": "pond_emd_population_context", "population_500m": null, "youth_population_500m": null, "elderly_population_500m": null, "facility_count_500m": 0, "road_length_500m": null, "population_context_method_500m": "pond_emd_population_context", "agricultural_area_500m": 159212.66943015548, "agricultural_area_ha_500m": 15.921266943015548, "agricultural_ratio_500m": 20.304187218536612, "population_1000m": null, "youth_population_1000m": null, "elderly_population_1000m": null, "facility_count_1000m": 0, "road_length_1000m": null, "population_context_method_1000m": "pond_emd_population_context", "agricultural_area_1000m": 246513.67579619342, "agricultural_area_ha_1000m": 24.651367579619343, "agricultural_ratio_1000m": 7.8593931048484595 }, "geometry": { "type": "Point", "coordinates": [ 128.637242801978232, 36.418654533831059 ] } },
{ "type": "Feature", "properties": { "id": "75", "address": "단촌면 장림리 103유", "region": "단촌면", "capacity": 7.0, "emd_name": "단촌면", "pond_id": "75", "facility_source": "VWorld UQ164·UO601", "road_source": "DATA_NOT_AVAILABLE", "emd_total_population": 1820.0, "emd_youth_population": 122.0, "emd_elderly_population": 1025.0, "emd_youth_ratio": 6.7032967032967044, "emd_elderly_ratio": 56.318681318681321, "emd_population_change": -6.0, "emd_year": 2025.0, "population_context_method": "pond_emd_population_context", "population_500m": null, "youth_population_500m": null, "elderly_population_500m": null, "facility_count_500m": 0, "road_length_500m": null, "population_context_method_500m": "pond_emd_population_context", "agricultural_area_500m": 0.0, "agricultural_area_ha_500m": 0.0, "agricultural_ratio_500m": 0.0, "population_1000m": null, "youth_population_1000m": null, "elderly_population_1000m": null, "facility_count_1000m": 0, "road_length_1000m": null, "population_context_method_1000m": "pond_emd_population_context", "agricultural_area_1000m": 53648.219054409412, "agricultural_area_ha_1000m": 5.364821905440941, "agricultural_ratio_1000m": 1.710422115778357 }, "geometry": { "type": "Point", "coordinates": [ 128.645993021747017, 36.409064238588009 ] } },
{ "type": "Feature", "properties": { "id": "76", "address": "단촌면 장림리 821유", "region": "단촌면", "capacity": 2.0, "emd_name": "단촌면", "pond_id": "76", "facility_source": "VWorld UQ164·UO601", "road_source": "DATA_NOT_AVAILABLE", "emd_total_population": 1820.0, "emd_youth_population": 122.0, "emd_elderly_population": 1025.0, "emd_youth_ratio": 6.7032967032967044, "emd_elderly_ratio": 56.318681318681321, "emd_population_change": -6.0, "emd_year": 2025.0, "population_context_method": "pond_emd_population_context", "population_500m": null, "youth_population_500m": null, "elderly_population_500m": null, "facility_count_500m": 0, "road_length_500m": null, "population_context_method_500m": "pond_emd_population_context", "agricultural_area_500m": 0.0, "agricultural_area_ha_500m": 0.0, "agricultural_ratio_500m": 0.0, "population_1000m": null, "youth_population_1000m": null, "elderly_population_1000m": null, "facility_count_1000m": 0, "road_length_1000m": null, "population_context_method_1000m": "pond_emd_population_context", "agricultural_area_1000m": 94276.165758759074, "agricultural_area_ha_1000m": 9.4276165758759074, "agricultural_ratio_1000m": 3.0057295795975594 }, "geometry": { "type": "Point", "coordinates": [ 128.631357615853346, 36.405381361126835 ] } },
{ "type": "Feature", "properties": { "id": "77", "address": "단촌면 장림리 1010-1유", "region": "단촌면", "capacity": 14.8, "emd_name": "단촌면", "pond_id": "77", "facility_source": "VWorld UQ164·UO601", "road_source": "DATA_NOT_AVAILABLE", "emd_total_population": 1820.0, "emd_youth_population": 122.0, "emd_elderly_population": 1025.0, "emd_youth_ratio": 6.7032967032967044, "emd_elderly_ratio": 56.318681318681321, "emd_population_change": -6.0, "emd_year": 2025.0, "population_context_method": "pond_emd_population_context", "population_500m": null, "youth_population_500m": null, "elderly_population_500m": null, "facility_count_500m": 0, "road_length_500m": null, "population_context_method_500m": "pond_emd_population_context", "agricultural_area_500m": 0.0, "agricultural_area_ha_500m": 0.0, "agricultural_ratio_500m": 0.0, "population_1000m": null, "youth_population_1000m": null, "elderly_population_1000m": null, "facility_count_1000m": 0, "road_length_1000m": null, "population_context_method_1000m": "pond_emd_population_context", "agricultural_area_1000m": 0.0, "agricultural_area_ha_1000m": 0.0, "agricultural_ratio_1000m": 0.0 }, "geometry": { "type": "Point", "coordinates": [ 128.614503104815924, 36.415602984790226 ] } },
{ "type": "Feature", "properties": { "id": "78", "address": "단촌면 장림리 982유", "region": "단촌면", "capacity": 1.5, "emd_name": "단촌면", "pond_id": "78", "facility_source": "VWorld UQ164·UO601", "road_source": "DATA_NOT_AVAILABLE", "emd_total_population": 1820.0, "emd_youth_population": 122.0, "emd_elderly_population": 1025.0, "emd_youth_ratio": 6.7032967032967044, "emd_elderly_ratio": 56.318681318681321, "emd_population_change": -6.0, "emd_year": 2025.0, "population_context_method": "pond_emd_population_context", "population_500m": null, "youth_population_500m": null, "elderly_population_500m": null, "facility_count_500m": 0, "road_length_500m": null, "population_context_method_500m": "pond_emd_population_context", "agricultural_area_500m": 0.0, "agricultural_area_ha_500m": 0.0, "agricultural_ratio_500m": 0.0, "population_1000m": null, "youth_population_1000m": null, "elderly_population_1000m": null, "facility_count_1000m": 0, "road_length_1000m": null, "population_context_method_1000m": "pond_emd_population_context", "agricultural_area_1000m": 0.0, "agricultural_area_ha_1000m": 0.0, "agricultural_ratio_1000m": 0.0 }, "geometry": { "type": "Point", "coordinates": [ 128.616461539447926, 36.415963964652036 ] } },
{ "type": "Feature", "properties": { "id": "79", "address": "점곡면 황룡리 107유", "region": "점곡면", "capacity": 23.3, "emd_name": "점곡면", "pond_id": "79", "facility_source": "VWorld UQ164·UO601", "road_source": "DATA_NOT_AVAILABLE", "emd_total_population": 1476.0, "emd_youth_population": 101.0, "emd_elderly_population": 880.0, "emd_youth_ratio": 6.8428184281842812, "emd_elderly_ratio": 59.620596205962059, "emd_population_change": -30.0, "emd_year": 2025.0, "population_context_method": "pond_emd_population_context", "population_500m": null, "youth_population_500m": null, "elderly_population_500m": null, "facility_count_500m": 0, "road_length_500m": null, "population_context_method_500m": "pond_emd_population_context", "agricultural_area_500m": 57201.747350234502, "agricultural_area_ha_500m": 5.7201747350234502, "agricultural_ratio_500m": 7.2948653620564938, "population_1000m": null, "youth_population_1000m": null, "elderly_population_1000m": null, "facility_count_1000m": 0, "road_length_1000m": null, "population_context_method_1000m": "pond_emd_population_context", "agricultural_area_1000m": 175636.10318483246, "agricultural_area_ha_1000m": 17.563610318483246, "agricultural_ratio_1000m": 5.5996616572079061 }, "geometry": { "type": "Point", "coordinates": [ 128.759600579522584, 36.343489306442692 ] } },
{ "type": "Feature", "properties": { "id": "80", "address": "점곡면 황룡리 412유", "region": "점곡면", "capacity": 7.4, "emd_name": "점곡면", "pond_id": "80", "facility_source": "VWorld UQ164·UO601", "road_source": "DATA_NOT_AVAILABLE", "emd_total_population": 1476.0, "emd_youth_population": 101.0, "emd_elderly_population": 880.0, "emd_youth_ratio": 6.8428184281842812, "emd_elderly_ratio": 59.620596205962059, "emd_population_change": -30.0, "emd_year": 2025.0, "population_context_method": "pond_emd_population_context", "population_500m": null, "youth_population_500m": null, "elderly_population_500m": null, "facility_count_500m": 0, "road_length_500m": null, "population_context_method_500m": "pond_emd_population_context", "agricultural_area_500m": 24847.791804025484, "agricultural_area_ha_500m": 2.4847791804025485, "agricultural_ratio_500m": 3.1688069709645621, "population_1000m": null, "youth_population_1000m": null, "elderly_population_1000m": null, "facility_count_1000m": 0, "road_length_1000m": null, "population_context_method_1000m": "pond_emd_population_context", "agricultural_area_1000m": 288215.66461266798, "agricultural_area_ha_1000m": 28.821566461266798, "agricultural_ratio_1000m": 9.1889433713969133 }, "geometry": { "type": "Point", "coordinates": [ 128.755324770347841, 36.355454997520077 ] } },
{ "type": "Feature", "properties": { "id": "81", "address": "점곡면 황룡리 493답", "region": "점곡면", "capacity": 6.6, "emd_name": "점곡면", "pond_id": "81", "facility_source": "VWorld UQ164·UO601", "road_source": "DATA_NOT_AVAILABLE", "emd_total_population": 1476.0, "emd_youth_population": 101.0, "emd_elderly_population": 880.0, "emd_youth_ratio": 6.8428184281842812, "emd_elderly_ratio": 59.620596205962059, "emd_population_change": -30.0, "emd_year": 2025.0, "population_context_method": "pond_emd_population_context", "population_500m": null, "youth_population_500m": null, "elderly_population_500m": null, "facility_count_500m": 0, "road_length_500m": null, "population_context_method_500m": "pond_emd_population_context", "agricultural_area_500m": 108624.75892205683, "agricultural_area_ha_500m": 10.862475892205683, "agricultural_ratio_500m": 13.852775973267553, "population_1000m": null, "youth_population_1000m": null, "elderly_population_1000m": null, "facility_count_1000m": 0, "road_length_1000m": null, "population_context_method_1000m": "pond_emd_population_context", "agricultural_area_1000m": 413287.37190811365, "agricultural_area_ha_1000m": 41.328737190811367, "agricultural_ratio_1000m": 13.176501914567318 }, "geometry": { "type": "Point", "coordinates": [ 128.75023774140962, 36.363089363012627 ] } },
{ "type": "Feature", "properties": { "id": "82", "address": "점곡면 황룡리 384유", "region": "점곡면", "capacity": 14.27, "emd_name": "점곡면", "pond_id": "82", "facility_source": "VWorld UQ164·UO601", "road_source": "DATA_NOT_AVAILABLE", "emd_total_population": 1476.0, "emd_youth_population": 101.0, "emd_elderly_population": 880.0, "emd_youth_ratio": 6.8428184281842812, "emd_elderly_ratio": 59.620596205962059, "emd_population_change": -30.0, "emd_year": 2025.0, "population_context_method": "pond_emd_population_context", "population_500m": null, "youth_population_500m": null, "elderly_population_500m": null, "facility_count_500m": 0, "road_length_500m": null, "population_context_method_500m": "pond_emd_population_context", "agricultural_area_500m": 0.0, "agricultural_area_ha_500m": 0.0, "agricultural_ratio_500m": 0.0, "population_1000m": null, "youth_population_1000m": null, "elderly_population_1000m": null, "facility_count_1000m": 0, "road_length_1000m": null, "population_context_method_1000m": "pond_emd_population_context", "agricultural_area_1000m": 377442.57105899398, "agricultural_area_ha_1000m": 37.744257105899401, "agricultural_ratio_1000m": 12.033691562450587 }, "geometry": { "type": "Point", "coordinates": [ 128.756443350442623, 36.358141711889246 ] } },
{ "type": "Feature", "properties": { "id": "83", "address": "점곡면 황룡리 371유", "region": "점곡면", "capacity": 1.1, "emd_name": "점곡면", "pond_id": "83", "facility_source": "VWorld UQ164·UO601", "road_source": "DATA_NOT_AVAILABLE", "emd_total_population": 1476.0, "emd_youth_population": 101.0, "emd_elderly_population": 880.0, "emd_youth_ratio": 6.8428184281842812, "emd_elderly_ratio": 59.620596205962059, "emd_population_change": -30.0, "emd_year": 2025.0, "population_context_method": "pond_emd_population_context", "population_500m": null, "youth_population_500m": null, "elderly_population_500m": null, "facility_count_500m": 0, "road_length_500m": null, "population_context_method_500m": "pond_emd_population_context", "agricultural_area_500m": 83895.554023297387, "agricultural_area_ha_500m": 8.389555402329739, "agricultural_ratio_500m": 10.699092238002804, "population_1000m": null, "youth_population_1000m": null, "elderly_population_1000m": null, "facility_count_1000m": 0, "road_length_1000m": null, "population_context_method_1000m": "pond_emd_population_context", "agricultural_area_1000m": 251101.3044576899, "agricultural_area_ha_1000m": 25.110130445768991, "agricultural_ratio_1000m": 8.0056567024087837 }, "geometry": { "type": "Point", "coordinates": [ 128.755919312045023, 36.352662030253768 ] } },
{ "type": "Feature", "properties": { "id": "84", "address": "점곡면 황룡리 산32임", "region": "점곡면", "capacity": 356.0, "emd_name": "점곡면", "pond_id": "84", "facility_source": "VWorld UQ164·UO601", "road_source": "DATA_NOT_AVAILABLE", "emd_total_population": 1476.0, "emd_youth_population": 101.0, "emd_elderly_population": 880.0, "emd_youth_ratio": 6.8428184281842812, "emd_elderly_ratio": 59.620596205962059, "emd_population_change": -30.0, "emd_year": 2025.0, "population_context_method": "pond_emd_population_context", "population_500m": null, "youth_population_500m": null, "elderly_population_500m": null, "facility_count_500m": 0, "road_length_500m": null, "population_context_method_500m": "pond_emd_population_context", "agricultural_area_500m": 100243.6088128462, "agricultural_area_ha_500m": 10.02436088128462, "agricultural_ratio_500m": 12.783938665701877, "population_1000m": null, "youth_population_1000m": null, "elderly_population_1000m": null, "facility_count_1000m": 0, "road_length_1000m": null, "population_context_method_1000m": "pond_emd_population_context", "agricultural_area_1000m": 250549.31536391881, "agricultural_area_ha_1000m": 25.05493153639188, "agricultural_ratio_1000m": 7.9880580873886471 }, "geometry": { "type": "Point", "coordinates": [ 128.756086219990152, 36.350172686520743 ] } },
{ "type": "Feature", "properties": { "id": "85", "address": "점곡면 구암리 271유", "region": "점곡면", "capacity": 4.0, "emd_name": "점곡면", "pond_id": "85", "facility_source": "VWorld UQ164·UO601", "road_source": "DATA_NOT_AVAILABLE", "emd_total_population": 1476.0, "emd_youth_population": 101.0, "emd_elderly_population": 880.0, "emd_youth_ratio": 6.8428184281842812, "emd_elderly_ratio": 59.620596205962059, "emd_population_change": -30.0, "emd_year": 2025.0, "population_context_method": "pond_emd_population_context", "population_500m": null, "youth_population_500m": null, "elderly_population_500m": null, "facility_count_500m": 0, "road_length_500m": null, "population_context_method_500m": "pond_emd_population_context", "agricultural_area_500m": 90815.234752814737, "agricultural_area_ha_500m": 9.0815234752814735, "agricultural_ratio_500m": 11.581550232881503, "population_1000m": null, "youth_population_1000m": null, "elderly_population_1000m": null, "facility_count_1000m": 0, "road_length_1000m": null, "population_context_method_1000m": "pond_emd_population_context", "agricultural_area_1000m": 422400.88127621647, "agricultural_area_ha_1000m": 42.240088127621647, "agricultural_ratio_1000m": 13.467060450345498 }, "geometry": { "type": "Point", "coordinates": [ 128.756301894790028, 36.373668811910555 ] } },
{ "type": "Feature", "properties": { "id": "86", "address": "점곡면 구암리 78유", "region": "점곡면", "capacity": 19.6, "emd_name": "점곡면", "pond_id": "86", "facility_source": "VWorld UQ164·UO601", "road_source": "DATA_NOT_AVAILABLE", "emd_total_population": 1476.0, "emd_youth_population": 101.0, "emd_elderly_population": 880.0, "emd_youth_ratio": 6.8428184281842812, "emd_elderly_ratio": 59.620596205962059, "emd_population_change": -30.0, "emd_year": 2025.0, "population_context_method": "pond_emd_population_context", "population_500m": null, "youth_population_500m": null, "elderly_population_500m": null, "facility_count_500m": 0, "road_length_500m": null, "population_context_method_500m": "pond_emd_population_context", "agricultural_area_500m": 141745.72258038918, "agricultural_area_ha_500m": 14.174572258038918, "agricultural_ratio_500m": 18.076649923651519, "population_1000m": null, "youth_population_1000m": null, "elderly_population_1000m": null, "facility_count_1000m": 0, "road_length_1000m": null, "population_context_method_1000m": "pond_emd_population_context", "agricultural_area_1000m": 269203.93745028821, "agricultural_area_ha_1000m": 26.920393745028822, "agricultural_ratio_1000m": 8.582808085438975 }, "geometry": { "type": "Point", "coordinates": [ 128.769518938735501, 36.368364977474151 ] } },
{ "type": "Feature", "properties": { "id": "87", "address": "점곡면 구암리 658-1", "region": "점곡면", "capacity": 11.2, "emd_name": "점곡면", "pond_id": "87", "facility_source": "VWorld UQ164·UO601", "road_source": "DATA_NOT_AVAILABLE", "emd_total_population": 1476.0, "emd_youth_population": 101.0, "emd_elderly_population": 880.0, "emd_youth_ratio": 6.8428184281842812, "emd_elderly_ratio": 59.620596205962059, "emd_population_change": -30.0, "emd_year": 2025.0, "population_context_method": "pond_emd_population_context", "population_500m": null, "youth_population_500m": null, "elderly_population_500m": null, "facility_count_500m": 0, "road_length_500m": null, "population_context_method_500m": "pond_emd_population_context", "agricultural_area_500m": 87229.649595291252, "agricultural_area_ha_500m": 8.7229649595291257, "agricultural_ratio_500m": 11.124285163544165, "population_1000m": null, "youth_population_1000m": null, "elderly_population_1000m": null, "facility_count_1000m": 0, "road_length_1000m": null, "population_context_method_1000m": "pond_emd_population_context", "agricultural_area_1000m": 151594.56079033183, "agricultural_area_ha_1000m": 15.159456079033182, "agricultural_ratio_1000m": 4.8331649023524985 }, "geometry": { "type": "Point", "coordinates": [ 128.772719165727011, 36.354720807757722 ] } },
{ "type": "Feature", "properties": { "id": "88", "address": "점곡면 구암리 664유", "region": "점곡면", "capacity": 18.4, "emd_name": "점곡면", "pond_id": "88", "facility_source": "VWorld UQ164·UO601", "road_source": "DATA_NOT_AVAILABLE", "emd_total_population": 1476.0, "emd_youth_population": 101.0, "emd_elderly_population": 880.0, "emd_youth_ratio": 6.8428184281842812, "emd_elderly_ratio": 59.620596205962059, "emd_population_change": -30.0, "emd_year": 2025.0, "population_context_method": "pond_emd_population_context", "population_500m": null, "youth_population_500m": null, "elderly_population_500m": null, "facility_count_500m": 0, "road_length_500m": null, "population_context_method_500m": "pond_emd_population_context", "agricultural_area_500m": 113194.7643366906, "agricultural_area_ha_500m": 11.31947643366906, "agricultural_ratio_500m": 14.43558289347409, "population_1000m": null, "youth_population_1000m": null, "elderly_population_1000m": null, "facility_count_1000m": 0, "road_length_1000m": null, "population_context_method_1000m": "pond_emd_population_context", "agricultural_area_1000m": 191950.01965743801, "agricultural_area_ha_1000m": 19.195001965743803, "agricultural_ratio_1000m": 6.1197848602056748 }, "geometry": { "type": "Point", "coordinates": [ 128.76833580624384, 36.353488212013957 ] } },
{ "type": "Feature", "properties": { "id": "89", "address": "점곡면 구암리 120유", "region": "점곡면", "capacity": 52.0, "emd_name": "점곡면", "pond_id": "89", "facility_source": "VWorld UQ164·UO601", "road_source": "DATA_NOT_AVAILABLE", "emd_total_population": 1476.0, "emd_youth_population": 101.0, "emd_elderly_population": 880.0, "emd_youth_ratio": 6.8428184281842812, "emd_elderly_ratio": 59.620596205962059, "emd_population_change": -30.0, "emd_year": 2025.0, "population_context_method": "pond_emd_population_context", "population_500m": null, "youth_population_500m": null, "elderly_population_500m": null, "facility_count_500m": 0, "road_length_500m": null, "population_context_method_500m": "pond_emd_population_context", "agricultural_area_500m": 91769.307318511215, "agricultural_area_ha_500m": 9.1769307318511224, "agricultural_ratio_500m": 11.7032218816473, "population_1000m": null, "youth_population_1000m": null, "elderly_population_1000m": null, "facility_count_1000m": 0, "road_length_1000m": null, "population_context_method_1000m": "pond_emd_population_context", "agricultural_area_1000m": 152877.15988197329, "agricultural_area_ha_1000m": 15.287715988197329, "agricultural_ratio_1000m": 4.8740569560066165 }, "geometry": { "type": "Point", "coordinates": [ 128.776295668022669, 36.367507599704417 ] } },
{ "type": "Feature", "properties": { "id": "90", "address": "점곡면 명고리 767유", "region": "점곡면", "capacity": 32.0, "emd_name": "점곡면", "pond_id": "90", "facility_source": "VWorld UQ164·UO601", "road_source": "DATA_NOT_AVAILABLE", "emd_total_population": 1476.0, "emd_youth_population": 101.0, "emd_elderly_population": 880.0, "emd_youth_ratio": 6.8428184281842812, "emd_elderly_ratio": 59.620596205962059, "emd_population_change": -30.0, "emd_year": 2025.0, "population_context_method": "pond_emd_population_context", "population_500m": null, "youth_population_500m": null, "elderly_population_500m": null, "facility_count_500m": 0, "road_length_500m": null, "population_context_method_500m": "pond_emd_population_context", "agricultural_area_500m": 118831.11191415202, "agricultural_area_ha_500m": 11.883111191415201, "agricultural_ratio_500m": 15.154379059954582, "population_1000m": null, "youth_population_1000m": null, "elderly_population_1000m": null, "facility_count_1000m": 0, "road_length_1000m": null, "population_context_method_1000m": "pond_emd_population_context", "agricultural_area_1000m": 323974.45202868734, "agricultural_area_ha_1000m": 32.397445202868731, "agricultural_ratio_1000m": 10.32901142785459 }, "geometry": { "type": "Point", "coordinates": [ 128.746956984708561, 36.376310651181747 ] } },
{ "type": "Feature", "properties": { "id": "91", "address": "점곡면 명고리 757유", "region": "점곡면", "capacity": 8.0, "emd_name": "점곡면", "pond_id": "91", "facility_source": "VWorld UQ164·UO601", "road_source": "DATA_NOT_AVAILABLE", "emd_total_population": 1476.0, "emd_youth_population": 101.0, "emd_elderly_population": 880.0, "emd_youth_ratio": 6.8428184281842812, "emd_elderly_ratio": 59.620596205962059, "emd_population_change": -30.0, "emd_year": 2025.0, "population_context_method": "pond_emd_population_context", "population_500m": null, "youth_population_500m": null, "elderly_population_500m": null, "facility_count_500m": 0, "road_length_500m": null, "population_context_method_500m": "pond_emd_population_context", "agricultural_area_500m": 45977.321418991844, "agricultural_area_ha_500m": 4.5977321418991846, "agricultural_ratio_500m": 5.8634287411880388, "population_1000m": null, "youth_population_1000m": null, "elderly_population_1000m": null, "facility_count_1000m": 0, "road_length_1000m": null, "population_context_method_1000m": "pond_emd_population_context", "agricultural_area_1000m": 283015.82538764528, "agricultural_area_ha_1000m": 28.301582538764528, "agricultural_ratio_1000m": 9.0231611671460961 }, "geometry": { "type": "Point", "coordinates": [ 128.743922388454735, 36.379634768795022 ] } },
{ "type": "Feature", "properties": { "id": "92", "address": "점곡면 명고리 362유", "region": "점곡면", "capacity": 78.4, "emd_name": "점곡면", "pond_id": "92", "facility_source": "VWorld UQ164·UO601", "road_source": "DATA_NOT_AVAILABLE", "emd_total_population": 1476.0, "emd_youth_population": 101.0, "emd_elderly_population": 880.0, "emd_youth_ratio": 6.8428184281842812, "emd_elderly_ratio": 59.620596205962059, "emd_population_change": -30.0, "emd_year": 2025.0, "population_context_method": "pond_emd_population_context", "population_500m": null, "youth_population_500m": null, "elderly_population_500m": null, "facility_count_500m": 0, "road_length_500m": null, "population_context_method_500m": "pond_emd_population_context", "agricultural_area_500m": 124031.41184099915, "agricultural_area_ha_500m": 12.403141184099916, "agricultural_ratio_500m": 15.817566629669733, "population_1000m": null, "youth_population_1000m": null, "elderly_population_1000m": null, "facility_count_1000m": 0, "road_length_1000m": null, "population_context_method_1000m": "pond_emd_population_context", "agricultural_area_1000m": 653944.23961593932, "agricultural_area_ha_1000m": 65.39442396159393, "agricultural_ratio_1000m": 20.849167216353869 }, "geometry": { "type": "Point", "coordinates": [ 128.749722472940135, 36.395318277206677 ] } },
{ "type": "Feature", "properties": { "id": "93", "address": "점곡면 명고리 363유", "region": "점곡면", "capacity": 96.9, "emd_name": "점곡면", "pond_id": "93", "facility_source": "VWorld UQ164·UO601", "road_source": "DATA_NOT_AVAILABLE", "emd_total_population": 1476.0, "emd_youth_population": 101.0, "emd_elderly_population": 880.0, "emd_youth_ratio": 6.8428184281842812, "emd_elderly_ratio": 59.620596205962059, "emd_population_change": -30.0, "emd_year": 2025.0, "population_context_method": "pond_emd_population_context", "population_500m": null, "youth_population_500m": null, "elderly_population_500m": null, "facility_count_500m": 0, "road_length_500m": null, "population_context_method_500m": "pond_emd_population_context", "agricultural_area_500m": 109061.31426414958, "agricultural_area_ha_500m": 10.906131426414959, "agricultural_ratio_500m": 13.908449315274998, "population_1000m": null, "youth_population_1000m": null, "elderly_population_1000m": null, "facility_count_1000m": 0, "road_length_1000m": null, "population_context_method_1000m": "pond_emd_population_context", "agricultural_area_1000m": 475770.45503622061, "agricultural_area_ha_1000m": 47.57704550362206, "agricultural_ratio_1000m": 15.168598747007231 }, "geometry": { "type": "Point", "coordinates": [ 128.746950979856734, 36.395980540708628 ] } },
{ "type": "Feature", "properties": { "id": "94", "address": "점곡면 동변리 702유", "region": "점곡면", "capacity": 6.5, "emd_name": "점곡면", "pond_id": "94", "facility_source": "VWorld UQ164·UO601", "road_source": "DATA_NOT_AVAILABLE", "emd_total_population": 1476.0, "emd_youth_population": 101.0, "emd_elderly_population": 880.0, "emd_youth_ratio": 6.8428184281842812, "emd_elderly_ratio": 59.620596205962059, "emd_population_change": -30.0, "emd_year": 2025.0, "population_context_method": "pond_emd_population_context", "population_500m": null, "youth_population_500m": null, "elderly_population_500m": null, "facility_count_500m": 0, "road_length_500m": null, "population_context_method_500m": "pond_emd_population_context", "agricultural_area_500m": 0.0, "agricultural_area_ha_500m": 0.0, "agricultural_ratio_500m": 0.0, "population_1000m": null, "youth_population_1000m": null, "elderly_population_1000m": null, "facility_count_1000m": 0, "road_length_1000m": null, "population_context_method_1000m": "pond_emd_population_context", "agricultural_area_1000m": 756844.66931721149, "agricultural_area_ha_1000m": 75.684466931721147, "agricultural_ratio_1000m": 24.129857121561191 }, "geometry": { "type": "Point", "coordinates": [ 128.793351754741792, 36.425712190627529 ] } },
{ "type": "Feature", "properties": { "id": "95", "address": "점곡면 동변리 118-1유", "region": "점곡면", "capacity": 3.4, "emd_name": "점곡면", "pond_id": "95", "facility_source": "VWorld UQ164·UO601", "road_source": "DATA_NOT_AVAILABLE", "emd_total_population": 1476.0, "emd_youth_population": 101.0, "emd_elderly_population": 880.0, "emd_youth_ratio": 6.8428184281842812, "emd_elderly_ratio": 59.620596205962059, "emd_population_change": -30.0, "emd_year": 2025.0, "population_context_method": "pond_emd_population_context", "population_500m": null, "youth_population_500m": null, "elderly_population_500m": null, "facility_count_500m": 0, "road_length_500m": null, "population_context_method_500m": "pond_emd_population_context", "agricultural_area_500m": 0.0, "agricultural_area_ha_500m": 0.0, "agricultural_ratio_500m": 0.0, "population_1000m": null, "youth_population_1000m": null, "elderly_population_1000m": null, "facility_count_1000m": 0, "road_length_1000m": null, "population_context_method_1000m": "pond_emd_population_context", "agricultural_area_1000m": 0.0, "agricultural_area_ha_1000m": 0.0, "agricultural_ratio_1000m": 0.0 }, "geometry": { "type": "Point", "coordinates": [ 128.791148504192989, 36.456488406108996 ] } },
{ "type": "Feature", "properties": { "id": "96", "address": "점곡면 동변리 299유", "region": "점곡면", "capacity": 5.0, "emd_name": "점곡면", "pond_id": "96", "facility_source": "VWorld UQ164·UO601", "road_source": "DATA_NOT_AVAILABLE", "emd_total_population": 1476.0, "emd_youth_population": 101.0, "emd_elderly_population": 880.0, "emd_youth_ratio": 6.8428184281842812, "emd_elderly_ratio": 59.620596205962059, "emd_population_change": -30.0, "emd_year": 2025.0, "population_context_method": "pond_emd_population_context", "population_500m": null, "youth_population_500m": null, "elderly_population_500m": null, "facility_count_500m": 0, "road_length_500m": null, "population_context_method_500m": "pond_emd_population_context", "agricultural_area_500m": 0.0, "agricultural_area_ha_500m": 0.0, "agricultural_ratio_500m": 0.0, "population_1000m": null, "youth_population_1000m": null, "elderly_population_1000m": null, "facility_count_1000m": 0, "road_length_1000m": null, "population_context_method_1000m": "pond_emd_population_context", "agricultural_area_1000m": 13857.925923043111, "agricultural_area_ha_1000m": 1.3857925923043111, "agricultural_ratio_1000m": 0.4418208730014303 }, "geometry": { "type": "Point", "coordinates": [ 128.805892823592245, 36.440552451224882 ] } },
{ "type": "Feature", "properties": { "id": "97", "address": "점곡면 사촌리 32답", "region": "점곡면", "capacity": 4.0, "emd_name": "점곡면", "pond_id": "97", "facility_source": "VWorld UQ164·UO601", "road_source": "DATA_NOT_AVAILABLE", "emd_total_population": 1476.0, "emd_youth_population": 101.0, "emd_elderly_population": 880.0, "emd_youth_ratio": 6.8428184281842812, "emd_elderly_ratio": 59.620596205962059, "emd_population_change": -30.0, "emd_year": 2025.0, "population_context_method": "pond_emd_population_context", "population_500m": null, "youth_population_500m": null, "elderly_population_500m": null, "facility_count_500m": 0, "road_length_500m": null, "population_context_method_500m": "pond_emd_population_context", "agricultural_area_500m": 3105.5558435274966, "agricultural_area_ha_500m": 0.31055558435274966, "agricultural_ratio_500m": 0.39604754753681481, "population_1000m": null, "youth_population_1000m": null, "elderly_population_1000m": null, "facility_count_1000m": 0, "road_length_1000m": null, "population_context_method_1000m": "pond_emd_population_context", "agricultural_area_1000m": 63646.915898604857, "agricultural_area_ha_1000m": 6.3646915898604854, "agricultural_ratio_1000m": 2.0292023569999809 }, "geometry": { "type": "Point", "coordinates": [ 128.766328238596628, 36.459317878765958 ] } },
{ "type": "Feature", "properties": { "id": "98", "address": "점곡면 송내리 456유", "region": "점곡면", "capacity": 6.1, "emd_name": "점곡면", "pond_id": "98", "facility_source": "VWorld UQ164·UO601", "road_source": "DATA_NOT_AVAILABLE", "emd_total_population": 1476.0, "emd_youth_population": 101.0, "emd_elderly_population": 880.0, "emd_youth_ratio": 6.8428184281842812, "emd_elderly_ratio": 59.620596205962059, "emd_population_change": -30.0, "emd_year": 2025.0, "population_context_method": "pond_emd_population_context", "population_500m": null, "youth_population_500m": null, "elderly_population_500m": null, "facility_count_500m": 0, "road_length_500m": null, "population_context_method_500m": "pond_emd_population_context", "agricultural_area_500m": 144335.84252600037, "agricultural_area_ha_500m": 14.433584252600037, "agricultural_ratio_500m": 18.406964593221371, "population_1000m": null, "youth_population_1000m": null, "elderly_population_1000m": null, "facility_count_1000m": 0, "road_length_1000m": null, "population_context_method_1000m": "pond_emd_population_context", "agricultural_area_1000m": 700787.13864450203, "agricultural_area_ha_1000m": 70.078713864450208, "agricultural_ratio_1000m": 22.342620901822315 }, "geometry": { "type": "Point", "coordinates": [ 128.734842980684164, 36.435919901251978 ] } },
{ "type": "Feature", "properties": { "id": "99", "address": "점곡면 윤암리 808", "region": "점곡면", "capacity": 0.6, "emd_name": "점곡면", "pond_id": "99", "facility_source": "VWorld UQ164·UO601", "road_source": "DATA_NOT_AVAILABLE", "emd_total_population": 1476.0, "emd_youth_population": 101.0, "emd_elderly_population": 880.0, "emd_youth_ratio": 6.8428184281842812, "emd_elderly_ratio": 59.620596205962059, "emd_population_change": -30.0, "emd_year": 2025.0, "population_context_method": "pond_emd_population_context", "population_500m": null, "youth_population_500m": null, "elderly_population_500m": null, "facility_count_500m": 0, "road_length_500m": null, "population_context_method_500m": "pond_emd_population_context", "agricultural_area_500m": 53414.350285134948, "agricultural_area_ha_500m": 5.3414350285134944, "agricultural_ratio_500m": 6.811863479379987, "population_1000m": null, "youth_population_1000m": null, "elderly_population_1000m": null, "facility_count_1000m": 0, "road_length_1000m": null, "population_context_method_1000m": "pond_emd_population_context", "agricultural_area_1000m": 296061.01317080436, "agricultural_area_ha_1000m": 29.606101317080437, "agricultural_ratio_1000m": 9.4390701773998682 }, "geometry": { "type": "Point", "coordinates": [ 128.779789527183425, 36.391288161209317 ] } },
{ "type": "Feature", "properties": { "id": "100", "address": "점곡면 윤암리 916유", "region": "점곡면", "capacity": 5.8, "emd_name": "점곡면", "pond_id": "100", "facility_source": "VWorld UQ164·UO601", "road_source": "DATA_NOT_AVAILABLE", "emd_total_population": 1476.0, "emd_youth_population": 101.0, "emd_elderly_population": 880.0, "emd_youth_ratio": 6.8428184281842812, "emd_elderly_ratio": 59.620596205962059, "emd_population_change": -30.0, "emd_year": 2025.0, "population_context_method": "pond_emd_population_context", "population_500m": null, "youth_population_500m": null, "elderly_population_500m": null, "facility_count_500m": 0, "road_length_500m": null, "population_context_method_500m": "pond_emd_population_context", "agricultural_area_500m": 0.0, "agricultural_area_ha_500m": 0.0, "agricultural_ratio_500m": 0.0, "population_1000m": null, "youth_population_1000m": null, "elderly_population_1000m": null, "facility_count_1000m": 0, "road_length_1000m": null, "population_context_method_1000m": "pond_emd_population_context", "agricultural_area_1000m": 84432.814315500524, "agricultural_area_ha_1000m": 8.4432814315500515, "agricultural_ratio_1000m": 2.6919020882347415 }, "geometry": { "type": "Point", "coordinates": [ 128.766489145554573, 36.38121361104443 ] } },
{ "type": "Feature", "properties": { "id": "101", "address": "점곡면 윤암리 289유", "region": "점곡면", "capacity": 4.4, "emd_name": "점곡면", "pond_id": "101", "facility_source": "VWorld UQ164·UO601", "road_source": "DATA_NOT_AVAILABLE", "emd_total_population": 1476.0, "emd_youth_population": 101.0, "emd_elderly_population": 880.0, "emd_youth_ratio": 6.8428184281842812, "emd_elderly_ratio": 59.620596205962059, "emd_population_change": -30.0, "emd_year": 2025.0, "population_context_method": "pond_emd_population_context", "population_500m": null, "youth_population_500m": null, "elderly_population_500m": null, "facility_count_500m": 0, "road_length_500m": null, "population_context_method_500m": "pond_emd_population_context", "agricultural_area_500m": 223624.10747300842, "agricultural_area_ha_500m": 22.362410747300842, "agricultural_ratio_500m": 28.518495173538788, "population_1000m": null, "youth_population_1000m": null, "elderly_population_1000m": null, "facility_count_1000m": 0, "road_length_1000m": null, "population_context_method_1000m": "pond_emd_population_context", "agricultural_area_1000m": 901075.61699812533, "agricultural_area_ha_1000m": 90.107561699812535, "agricultural_ratio_1000m": 28.728253993653258 }, "geometry": { "type": "Point", "coordinates": [ 128.776952566041842, 36.414036530311904 ] } },
{ "type": "Feature", "properties": { "id": "102", "address": "점곡면 윤암리 678유", "region": "점곡면", "capacity": 17.4, "emd_name": "점곡면", "pond_id": "102", "facility_source": "VWorld UQ164·UO601", "road_source": "DATA_NOT_AVAILABLE", "emd_total_population": 1476.0, "emd_youth_population": 101.0, "emd_elderly_population": 880.0, "emd_youth_ratio": 6.8428184281842812, "emd_elderly_ratio": 59.620596205962059, "emd_population_change": -30.0, "emd_year": 2025.0, "population_context_method": "pond_emd_population_context", "population_500m": null, "youth_population_500m": null, "elderly_population_500m": null, "facility_count_500m": 0, "road_length_500m": null, "population_context_method_500m": "pond_emd_population_context", "agricultural_area_500m": 53555.87939747452, "agricultural_area_ha_500m": 5.3555879397474522, "agricultural_ratio_500m": 6.8299125052778704, "population_1000m": null, "youth_population_1000m": null, "elderly_population_1000m": null, "facility_count_1000m": 0, "road_length_1000m": null, "population_context_method_1000m": "pond_emd_population_context", "agricultural_area_1000m": 220003.08273177146, "agricultural_area_ha_1000m": 22.000308273177147, "agricultural_ratio_1000m": 7.01417763490341 }, "geometry": { "type": "Point", "coordinates": [ 128.781888649437718, 36.39439249732321 ] } },
{ "type": "Feature", "properties": { "id": "103", "address": "점곡면 윤암리 1022유", "region": "점곡면", "capacity": 21.3, "emd_name": "점곡면", "pond_id": "103", "facility_source": "VWorld UQ164·UO601", "road_source": "DATA_NOT_AVAILABLE", "emd_total_population": 1476.0, "emd_youth_population": 101.0, "emd_elderly_population": 880.0, "emd_youth_ratio": 6.8428184281842812, "emd_elderly_ratio": 59.620596205962059, "emd_population_change": -30.0, "emd_year": 2025.0, "population_context_method": "pond_emd_population_context", "population_500m": null, "youth_population_500m": null, "elderly_population_500m": null, "facility_count_500m": 0, "road_length_500m": null, "population_context_method_500m": "pond_emd_population_context", "agricultural_area_500m": 110003.8483734497, "agricultural_area_ha_500m": 11.000384837344971, "agricultural_ratio_500m": 14.028649479518092, "population_1000m": null, "youth_population_1000m": null, "elderly_population_1000m": null, "facility_count_1000m": 0, "road_length_1000m": null, "population_context_method_1000m": "pond_emd_population_context", "agricultural_area_1000m": 172321.25700639465, "agricultural_area_ha_1000m": 17.232125700639465, "agricultural_ratio_1000m": 5.4939771384309974 }, "geometry": { "type": "Point", "coordinates": [ 128.777514185270888, 36.382879278744852 ] } },
{ "type": "Feature", "properties": { "id": "188", "address": "춘산면 옥정리 895유", "region": "춘산면", "capacity": 26.7, "emd_name": "춘산면", "pond_id": "188", "facility_source": "VWorld UQ164·UO601", "road_source": "DATA_NOT_AVAILABLE", "emd_total_population": 1465.0, "emd_youth_population": 88.0, "emd_elderly_population": 841.0, "emd_youth_ratio": 6.0068259385665526, "emd_elderly_ratio": 57.406143344709889, "emd_population_change": -17.0, "emd_year": 2025.0, "population_context_method": "pond_emd_population_context", "population_500m": null, "youth_population_500m": null, "elderly_population_500m": null, "facility_count_500m": 0, "road_length_500m": null, "population_context_method_500m": "pond_emd_population_context", "agricultural_area_500m": 27332.009893635728, "agricultural_area_ha_500m": 2.7332009893635729, "agricultural_ratio_500m": 3.4856161128730148, "population_1000m": null, "youth_population_1000m": null, "elderly_population_1000m": null, "facility_count_1000m": 0, "road_length_1000m": null, "population_context_method_1000m": "pond_emd_population_context", "agricultural_area_1000m": 70672.947889483956, "agricultural_area_ha_1000m": 7.0672947889483959, "agricultural_ratio_1000m": 2.2532075656571005 }, "geometry": { "type": "Point", "coordinates": [ 128.813804106553562, 36.223011093327621 ] } },
{ "type": "Feature", "properties": { "id": "189", "address": "춘산면 옥정리 1186", "region": "춘산면", "capacity": 6.6, "emd_name": "춘산면", "pond_id": "189", "facility_source": "VWorld UQ164·UO601", "road_source": "DATA_NOT_AVAILABLE", "emd_total_population": 1465.0, "emd_youth_population": 88.0, "emd_elderly_population": 841.0, "emd_youth_ratio": 6.0068259385665526, "emd_elderly_ratio": 57.406143344709889, "emd_population_change": -17.0, "emd_year": 2025.0, "population_context_method": "pond_emd_population_context", "population_500m": null, "youth_population_500m": null, "elderly_population_500m": null, "facility_count_500m": 0, "road_length_500m": null, "population_context_method_500m": "pond_emd_population_context", "agricultural_area_500m": 0.0, "agricultural_area_ha_500m": 0.0, "agricultural_ratio_500m": 0.0, "population_1000m": null, "youth_population_1000m": null, "elderly_population_1000m": null, "facility_count_1000m": 0, "road_length_1000m": null, "population_context_method_1000m": "pond_emd_population_context", "agricultural_area_1000m": 0.0, "agricultural_area_ha_1000m": 0.0, "agricultural_ratio_1000m": 0.0 }, "geometry": { "type": "Point", "coordinates": [ 128.810797172717457, 36.214613693580489 ] } },
{ "type": "Feature", "properties": { "id": "190", "address": "춘산면 옥정리 480유", "region": "춘산면", "capacity": 13.2, "emd_name": "춘산면", "pond_id": "190", "facility_source": "VWorld UQ164·UO601", "road_source": "DATA_NOT_AVAILABLE", "emd_total_population": 1465.0, "emd_youth_population": 88.0, "emd_elderly_population": 841.0, "emd_youth_ratio": 6.0068259385665526, "emd_elderly_ratio": 57.406143344709889, "emd_population_change": -17.0, "emd_year": 2025.0, "population_context_method": "pond_emd_population_context", "population_500m": null, "youth_population_500m": null, "elderly_population_500m": null, "facility_count_500m": 0, "road_length_500m": null, "population_context_method_500m": "pond_emd_population_context", "agricultural_area_500m": 168801.37784569091, "agricultural_area_ha_500m": 16.88013778456909, "agricultural_ratio_500m": 21.527022885759674, "population_1000m": null, "youth_population_1000m": null, "elderly_population_1000m": null, "facility_count_1000m": 3, "road_length_1000m": null, "population_context_method_1000m": "pond_emd_population_context", "agricultural_area_1000m": 406627.73839842086, "agricultural_area_ha_1000m": 40.662773839842089, "agricultural_ratio_1000m": 12.964178287823906 }, "geometry": { "type": "Point", "coordinates": [ 128.808938386753056, 36.231446517471198 ] } },
{ "type": "Feature", "properties": { "id": "191", "address": "춘산면 옥정리 875유", "region": "춘산면", "capacity": 12.3, "emd_name": "춘산면", "pond_id": "191", "facility_source": "VWorld UQ164·UO601", "road_source": "DATA_NOT_AVAILABLE", "emd_total_population": 1465.0, "emd_youth_population": 88.0, "emd_elderly_population": 841.0, "emd_youth_ratio": 6.0068259385665526, "emd_elderly_ratio": 57.406143344709889, "emd_population_change": -17.0, "emd_year": 2025.0, "population_context_method": "pond_emd_population_context", "population_500m": null, "youth_population_500m": null, "elderly_population_500m": null, "facility_count_500m": 0, "road_length_500m": null, "population_context_method_500m": "pond_emd_population_context", "agricultural_area_500m": 12112.557564818746, "agricultural_area_ha_500m": 1.2112557564818747, "agricultural_ratio_500m": 1.5446989072642268, "population_1000m": null, "youth_population_1000m": null, "elderly_population_1000m": null, "facility_count_1000m": 0, "road_length_1000m": null, "population_context_method_1000m": "pond_emd_population_context", "agricultural_area_1000m": 67972.214207651545, "agricultural_area_ha_1000m": 6.7972214207651547, "agricultural_ratio_1000m": 2.1671022913413078 }, "geometry": { "type": "Point", "coordinates": [ 128.809292589765306, 36.223160449361572 ] } },
{ "type": "Feature", "properties": { "id": "192", "address": "춘산면 옥정리 253유", "region": "춘산면", "capacity": 3.8, "emd_name": "춘산면", "pond_id": "192", "facility_source": "VWorld UQ164·UO601", "road_source": "DATA_NOT_AVAILABLE", "emd_total_population": 1465.0, "emd_youth_population": 88.0, "emd_elderly_population": 841.0, "emd_youth_ratio": 6.0068259385665526, "emd_elderly_ratio": 57.406143344709889, "emd_population_change": -17.0, "emd_year": 2025.0, "population_context_method": "pond_emd_population_context", "population_500m": null, "youth_population_500m": null, "elderly_population_500m": null, "facility_count_500m": 3, "road_length_500m": null, "population_context_method_500m": "pond_emd_population_context", "agricultural_area_500m": 85610.72859378744, "agricultural_area_ha_500m": 8.5610728593787435, "agricultural_ratio_500m": 10.917826247779459, "population_1000m": null, "youth_population_1000m": null, "elderly_population_1000m": null, "facility_count_1000m": 3, "road_length_1000m": null, "population_context_method_1000m": "pond_emd_population_context", "agricultural_area_1000m": 451076.29702316358, "agricultural_area_ha_1000m": 45.107629702316359, "agricultural_ratio_1000m": 14.381295184269739 }, "geometry": { "type": "Point", "coordinates": [ 128.80899384935222, 36.240618429956015 ] } },
{ "type": "Feature", "properties": { "id": "193", "address": "춘산면 옥정리 568", "region": "춘산면", "capacity": 2.0, "emd_name": "춘산면", "pond_id": "193", "facility_source": "VWorld UQ164·UO601", "road_source": "DATA_NOT_AVAILABLE", "emd_total_population": 1465.0, "emd_youth_population": 88.0, "emd_elderly_population": 841.0, "emd_youth_ratio": 6.0068259385665526, "emd_elderly_ratio": 57.406143344709889, "emd_population_change": -17.0, "emd_year": 2025.0, "population_context_method": "pond_emd_population_context", "population_500m": null, "youth_population_500m": null, "elderly_population_500m": null, "facility_count_500m": 0, "road_length_500m": null, "population_context_method_500m": "pond_emd_population_context", "agricultural_area_500m": 85903.25542107904, "agricultural_area_ha_500m": 8.5903255421079034, "agricultural_ratio_500m": 10.955131818303663, "population_1000m": null, "youth_population_1000m": null, "elderly_population_1000m": null, "facility_count_1000m": 3, "road_length_1000m": null, "population_context_method_1000m": "pond_emd_population_context", "agricultural_area_1000m": 312540.44701737608, "agricultural_area_ha_1000m": 31.254044701737609, "agricultural_ratio_1000m": 9.9644704349199902 }, "geometry": { "type": "Point", "coordinates": [ 128.814221240405203, 36.230483542519778 ] } },
{ "type": "Feature", "properties": { "id": "194", "address": "춘산면 금오리 37유", "region": "춘산면", "capacity": 10.8, "emd_name": "춘산면", "pond_id": "194", "facility_source": "VWorld UQ164·UO601", "road_source": "DATA_NOT_AVAILABLE", "emd_total_population": 1465.0, "emd_youth_population": 88.0, "emd_elderly_population": 841.0, "emd_youth_ratio": 6.0068259385665526, "emd_elderly_ratio": 57.406143344709889, "emd_population_change": -17.0, "emd_year": 2025.0, "population_context_method": "pond_emd_population_context", "population_500m": null, "youth_population_500m": null, "elderly_population_500m": null, "facility_count_500m": 0, "road_length_500m": null, "population_context_method_500m": "pond_emd_population_context", "agricultural_area_500m": 0.0, "agricultural_area_ha_500m": 0.0, "agricultural_ratio_500m": 0.0, "population_1000m": null, "youth_population_1000m": null, "elderly_population_1000m": null, "facility_count_1000m": 0, "road_length_1000m": null, "population_context_method_1000m": "pond_emd_population_context", "agricultural_area_1000m": 0.0, "agricultural_area_ha_1000m": 0.0, "agricultural_ratio_1000m": 0.0 }, "geometry": { "type": "Point", "coordinates": [ 128.891355219595908, 36.207160096344111 ] } },
{ "type": "Feature", "properties": { "id": "195", "address": "춘산면 금오리 산61임", "region": "춘산면", "capacity": 8.0, "emd_name": "춘산면", "pond_id": "195", "facility_source": "VWorld UQ164·UO601", "road_source": "DATA_NOT_AVAILABLE", "emd_total_population": 1465.0, "emd_youth_population": 88.0, "emd_elderly_population": 841.0, "emd_youth_ratio": 6.0068259385665526, "emd_elderly_ratio": 57.406143344709889, "emd_population_change": -17.0, "emd_year": 2025.0, "population_context_method": "pond_emd_population_context", "population_500m": null, "youth_population_500m": null, "elderly_population_500m": null, "facility_count_500m": 0, "road_length_500m": null, "population_context_method_500m": "pond_emd_population_context", "agricultural_area_500m": 0.0, "agricultural_area_ha_500m": 0.0, "agricultural_ratio_500m": 0.0, "population_1000m": null, "youth_population_1000m": null, "elderly_population_1000m": null, "facility_count_1000m": 0, "road_length_1000m": null, "population_context_method_1000m": "pond_emd_population_context", "agricultural_area_1000m": 0.0, "agricultural_area_ha_1000m": 0.0, "agricultural_ratio_1000m": 0.0 }, "geometry": { "type": "Point", "coordinates": [ 128.876872743856865, 36.210145183929505 ] } },
{ "type": "Feature", "properties": { "id": "196", "address": "춘산면 금오리 382-1유", "region": "춘산면", "capacity": 6.4, "emd_name": "춘산면", "pond_id": "196", "facility_source": "VWorld UQ164·UO601", "road_source": "DATA_NOT_AVAILABLE", "emd_total_population": 1465.0, "emd_youth_population": 88.0, "emd_elderly_population": 841.0, "emd_youth_ratio": 6.0068259385665526, "emd_elderly_ratio": 57.406143344709889, "emd_population_change": -17.0, "emd_year": 2025.0, "population_context_method": "pond_emd_population_context", "population_500m": null, "youth_population_500m": null, "elderly_population_500m": null, "facility_count_500m": 0, "road_length_500m": null, "population_context_method_500m": "pond_emd_population_context", "agricultural_area_500m": 0.0, "agricultural_area_ha_500m": 0.0, "agricultural_ratio_500m": 0.0, "population_1000m": null, "youth_population_1000m": null, "elderly_population_1000m": null, "facility_count_1000m": 0, "road_length_1000m": null, "population_context_method_1000m": "pond_emd_population_context", "agricultural_area_1000m": 0.0, "agricultural_area_ha_1000m": 0.0, "agricultural_ratio_1000m": 0.0 }, "geometry": { "type": "Point", "coordinates": [ 128.872457909834026, 36.217584886615533 ] } },
{ "type": "Feature", "properties": { "id": "197", "address": "춘산면 신흥리 782답", "region": "춘산면", "capacity": 5.4, "emd_name": "춘산면", "pond_id": "197", "facility_source": "VWorld UQ164·UO601", "road_source": "DATA_NOT_AVAILABLE", "emd_total_population": 1465.0, "emd_youth_population": 88.0, "emd_elderly_population": 841.0, "emd_youth_ratio": 6.0068259385665526, "emd_elderly_ratio": 57.406143344709889, "emd_population_change": -17.0, "emd_year": 2025.0, "population_context_method": "pond_emd_population_context", "population_500m": null, "youth_population_500m": null, "elderly_population_500m": null, "facility_count_500m": 0, "road_length_500m": null, "population_context_method_500m": "pond_emd_population_context", "agricultural_area_500m": 84192.700649078091, "agricultural_area_ha_500m": 8.4192700649078098, "agricultural_ratio_500m": 10.736986965494038, "population_1000m": null, "youth_population_1000m": null, "elderly_population_1000m": null, "facility_count_1000m": 0, "road_length_1000m": null, "population_context_method_1000m": "pond_emd_population_context", "agricultural_area_1000m": 210778.88300150589, "agricultural_area_ha_1000m": 21.07788830015059, "agricultural_ratio_1000m": 6.720090049199924 }, "geometry": { "type": "Point", "coordinates": [ 128.843701946108439, 36.233213870935138 ] } },
{ "type": "Feature", "properties": { "id": "198", "address": "춘산면 신흥리 535 유", "region": "춘산면", "capacity": 11.3, "emd_name": "춘산면", "pond_id": "198", "facility_source": "VWorld UQ164·UO601", "road_source": "DATA_NOT_AVAILABLE", "emd_total_population": 1465.0, "emd_youth_population": 88.0, "emd_elderly_population": 841.0, "emd_youth_ratio": 6.0068259385665526, "emd_elderly_ratio": 57.406143344709889, "emd_population_change": -17.0, "emd_year": 2025.0, "population_context_method": "pond_emd_population_context", "population_500m": null, "youth_population_500m": null, "elderly_population_500m": null, "facility_count_500m": 0, "road_length_500m": null, "population_context_method_500m": "pond_emd_population_context", "agricultural_area_500m": 0.0, "agricultural_area_ha_500m": 0.0, "agricultural_ratio_500m": 0.0, "population_1000m": null, "youth_population_1000m": null, "elderly_population_1000m": null, "facility_count_1000m": 0, "road_length_1000m": null, "population_context_method_1000m": "pond_emd_population_context", "agricultural_area_1000m": 43434.798023002346, "agricultural_area_ha_1000m": 4.3434798023002346, "agricultural_ratio_1000m": 1.3847959996130221 }, "geometry": { "type": "Point", "coordinates": [ 128.840754018023944, 36.22559128210704 ] } },
{ "type": "Feature", "properties": { "id": "199", "address": "춘산면 신흥리 480답", "region": "춘산면", "capacity": 5.0, "emd_name": "춘산면", "pond_id": "199", "facility_source": "VWorld UQ164·UO601", "road_source": "DATA_NOT_AVAILABLE", "emd_total_population": 1465.0, "emd_youth_population": 88.0, "emd_elderly_population": 841.0, "emd_youth_ratio": 6.0068259385665526, "emd_elderly_ratio": 57.406143344709889, "emd_population_change": -17.0, "emd_year": 2025.0, "population_context_method": "pond_emd_population_context", "population_500m": null, "youth_population_500m": null, "elderly_population_500m": null, "facility_count_500m": 0, "road_length_500m": null, "population_context_method_500m": "pond_emd_population_context", "agricultural_area_500m": 42291.688060356762, "agricultural_area_ha_500m": 4.229168806035676, "agricultural_ratio_500m": 5.3934046532781306, "population_1000m": null, "youth_population_1000m": null, "elderly_population_1000m": null, "facility_count_1000m": 0, "road_length_1000m": null, "population_context_method_1000m": "pond_emd_population_context", "agricultural_area_1000m": 139837.77662007895, "agricultural_area_ha_1000m": 13.983777662007896, "agricultural_ratio_1000m": 4.4583330065380444 }, "geometry": { "type": "Point", "coordinates": [ 128.847488606143685, 36.232488715100267 ] } },
{ "type": "Feature", "properties": { "id": "200", "address": "춘산면 신흥리 126유", "region": "춘산면", "capacity": 33.0, "emd_name": "춘산면", "pond_id": "200", "facility_source": "VWorld UQ164·UO601", "road_source": "DATA_NOT_AVAILABLE", "emd_total_population": 1465.0, "emd_youth_population": 88.0, "emd_elderly_population": 841.0, "emd_youth_ratio": 6.0068259385665526, "emd_elderly_ratio": 57.406143344709889, "emd_population_change": -17.0, "emd_year": 2025.0, "population_context_method": "pond_emd_population_context", "population_500m": null, "youth_population_500m": null, "elderly_population_500m": null, "facility_count_500m": 0, "road_length_500m": null, "population_context_method_500m": "pond_emd_population_context", "agricultural_area_500m": 0.0, "agricultural_area_ha_500m": 0.0, "agricultural_ratio_500m": 0.0, "population_1000m": null, "youth_population_1000m": null, "elderly_population_1000m": null, "facility_count_1000m": 0, "road_length_1000m": null, "population_context_method_1000m": "pond_emd_population_context", "agricultural_area_1000m": 0.0, "agricultural_area_ha_1000m": 0.0, "agricultural_ratio_1000m": 0.0 }, "geometry": { "type": "Point", "coordinates": [ 128.868892221686451, 36.249537668358549 ] } },
{ "type": "Feature", "properties": { "id": "201", "address": "춘산면 신흥리 144", "region": "춘산면", "capacity": 3.0, "emd_name": "춘산면", "pond_id": "201", "facility_source": "VWorld UQ164·UO601", "road_source": "DATA_NOT_AVAILABLE", "emd_total_population": 1465.0, "emd_youth_population": 88.0, "emd_elderly_population": 841.0, "emd_youth_ratio": 6.0068259385665526, "emd_elderly_ratio": 57.406143344709889, "emd_population_change": -17.0, "emd_year": 2025.0, "population_context_method": "pond_emd_population_context", "population_500m": null, "youth_population_500m": null, "elderly_population_500m": null, "facility_count_500m": 0, "road_length_500m": null, "population_context_method_500m": "pond_emd_population_context", "agricultural_area_500m": 0.0, "agricultural_area_ha_500m": 0.0, "agricultural_ratio_500m": 0.0, "population_1000m": null, "youth_population_1000m": null, "elderly_population_1000m": null, "facility_count_1000m": 0, "road_length_1000m": null, "population_context_method_1000m": "pond_emd_population_context", "agricultural_area_1000m": 0.0, "agricultural_area_ha_1000m": 0.0, "agricultural_ratio_1000m": 0.0 }, "geometry": { "type": "Point", "coordinates": [ 128.873396337329268, 36.248088655841322 ] } },
{ "type": "Feature", "properties": { "id": "202", "address": "춘산면 대사리 516유", "region": "춘산면", "capacity": 8.4, "emd_name": "춘산면", "pond_id": "202", "facility_source": "VWorld UQ164·UO601", "road_source": "DATA_NOT_AVAILABLE", "emd_total_population": 1465.0, "emd_youth_population": 88.0, "emd_elderly_population": 841.0, "emd_youth_ratio": 6.0068259385665526, "emd_elderly_ratio": 57.406143344709889, "emd_population_change": -17.0, "emd_year": 2025.0, "population_context_method": "pond_emd_population_context", "population_500m": null, "youth_population_500m": null, "elderly_population_500m": null, "facility_count_500m": 0, "road_length_500m": null, "population_context_method_500m": "pond_emd_population_context", "agricultural_area_500m": 75548.761840823223, "agricultural_area_ha_500m": 7.554876184082322, "agricultural_ratio_500m": 9.6346365526999467, "population_1000m": null, "youth_population_1000m": null, "elderly_population_1000m": null, "facility_count_1000m": 0, "road_length_1000m": null, "population_context_method_1000m": "pond_emd_population_context", "agricultural_area_1000m": 130183.27166947955, "agricultural_area_ha_1000m": 13.018327166947955, "agricultural_ratio_1000m": 4.1505263528325544 }, "geometry": { "type": "Point", "coordinates": [ 128.821907848331506, 36.257884971358806 ] } },
{ "type": "Feature", "properties": { "id": "203", "address": "춘산면 대사리 186유", "region": "춘산면", "capacity": 3.8, "emd_name": "춘산면", "pond_id": "203", "facility_source": "VWorld UQ164·UO601", "road_source": "DATA_NOT_AVAILABLE", "emd_total_population": 1465.0, "emd_youth_population": 88.0, "emd_elderly_population": 841.0, "emd_youth_ratio": 6.0068259385665526, "emd_elderly_ratio": 57.406143344709889, "emd_population_change": -17.0, "emd_year": 2025.0, "population_context_method": "pond_emd_population_context", "population_500m": null, "youth_population_500m": null, "elderly_population_500m": null, "facility_count_500m": 0, "road_length_500m": null, "population_context_method_500m": "pond_emd_population_context", "agricultural_area_500m": 0.0, "agricultural_area_ha_500m": 0.0, "agricultural_ratio_500m": 0.0, "population_1000m": null, "youth_population_1000m": null, "elderly_population_1000m": null, "facility_count_1000m": 0, "road_length_1000m": null, "population_context_method_1000m": "pond_emd_population_context", "agricultural_area_1000m": 74946.482780860926, "agricultural_area_ha_1000m": 7.4946482780860926, "agricultural_ratio_1000m": 2.3894571694575246 }, "geometry": { "type": "Point", "coordinates": [ 128.833886061368872, 36.245808167827597 ] } },
{ "type": "Feature", "properties": { "id": "204", "address": "춘산면 대사리 147 유", "region": "춘산면", "capacity": 3.7, "emd_name": "춘산면", "pond_id": "204", "facility_source": "VWorld UQ164·UO601", "road_source": "DATA_NOT_AVAILABLE", "emd_total_population": 1465.0, "emd_youth_population": 88.0, "emd_elderly_population": 841.0, "emd_youth_ratio": 6.0068259385665526, "emd_elderly_ratio": 57.406143344709889, "emd_population_change": -17.0, "emd_year": 2025.0, "population_context_method": "pond_emd_population_context", "population_500m": null, "youth_population_500m": null, "elderly_population_500m": null, "facility_count_500m": 0, "road_length_500m": null, "population_context_method_500m": "pond_emd_population_context", "agricultural_area_500m": 0.0, "agricultural_area_ha_500m": 0.0, "agricultural_ratio_500m": 0.0, "population_1000m": null, "youth_population_1000m": null, "elderly_population_1000m": null, "facility_count_1000m": 0, "road_length_1000m": null, "population_context_method_1000m": "pond_emd_population_context", "agricultural_area_1000m": 8797.8618708356425, "agricultural_area_ha_1000m": 0.87978618708356426, "agricultural_ratio_1000m": 0.28049500581144854 }, "geometry": { "type": "Point", "coordinates": [ 128.833032532825996, 36.257850262499439 ] } },
{ "type": "Feature", "properties": { "id": "213", "address": "춘산면 빙계리 142유", "region": "춘산면", "capacity": 58.3, "emd_name": "춘산면", "pond_id": "213", "facility_source": "VWorld UQ164·UO601", "road_source": "DATA_NOT_AVAILABLE", "emd_total_population": 1465.0, "emd_youth_population": 88.0, "emd_elderly_population": 841.0, "emd_youth_ratio": 6.0068259385665526, "emd_elderly_ratio": 57.406143344709889, "emd_population_change": -17.0, "emd_year": 2025.0, "population_context_method": "pond_emd_population_context", "population_500m": null, "youth_population_500m": null, "elderly_population_500m": null, "facility_count_500m": 0, "road_length_500m": null, "population_context_method_500m": "pond_emd_population_context", "agricultural_area_500m": 118152.3630726378, "agricultural_area_ha_500m": 11.815236307263781, "agricultural_ratio_500m": 15.067819092071403, "population_1000m": null, "youth_population_1000m": null, "elderly_population_1000m": null, "facility_count_1000m": 0, "road_length_1000m": null, "population_context_method_1000m": "pond_emd_population_context", "agricultural_area_1000m": 280266.1639921235, "agricultural_area_ha_1000m": 28.026616399212351, "agricultural_ratio_1000m": 8.9354959707109138 }, "geometry": { "type": "Point", "coordinates": [ 128.778575796535648, 36.246183242253579 ] } },
{ "type": "Feature", "properties": { "id": "214", "address": "춘산면 빙계리 109유", "region": "춘산면", "capacity": 28.3, "emd_name": "춘산면", "pond_id": "214", "facility_source": "VWorld UQ164·UO601", "road_source": "DATA_NOT_AVAILABLE", "emd_total_population": 1465.0, "emd_youth_population": 88.0, "emd_elderly_population": 841.0, "emd_youth_ratio": 6.0068259385665526, "emd_elderly_ratio": 57.406143344709889, "emd_population_change": -17.0, "emd_year": 2025.0, "population_context_method": "pond_emd_population_context", "population_500m": null, "youth_population_500m": null, "elderly_population_500m": null, "facility_count_500m": 0, "road_length_500m": null, "population_context_method_500m": "pond_emd_population_context", "agricultural_area_500m": 114498.41275798023, "agricultural_area_ha_500m": 11.449841275798024, "agricultural_ratio_500m": 14.601835502062038, "population_1000m": null, "youth_population_1000m": null, "elderly_population_1000m": null, "facility_count_1000m": 0, "road_length_1000m": null, "population_context_method_1000m": "pond_emd_population_context", "agricultural_area_1000m": 247631.61184404822, "agricultural_area_ha_1000m": 24.763161184404822, "agricultural_ratio_1000m": 7.8950353418878185 }, "geometry": { "type": "Point", "coordinates": [ 128.775371945019032, 36.248636631959684 ] } },
{ "type": "Feature", "properties": { "id": "215", "address": "춘산면 사미리 645-1답", "region": "춘산면", "capacity": 17.3, "emd_name": "춘산면", "pond_id": "215", "facility_source": "VWorld UQ164·UO601", "road_source": "DATA_NOT_AVAILABLE", "emd_total_population": 1465.0, "emd_youth_population": 88.0, "emd_elderly_population": 841.0, "emd_youth_ratio": 6.0068259385665526, "emd_elderly_ratio": 57.406143344709889, "emd_population_change": -17.0, "emd_year": 2025.0, "population_context_method": "pond_emd_population_context", "population_500m": null, "youth_population_500m": null, "elderly_population_500m": null, "facility_count_500m": 0, "road_length_500m": null, "population_context_method_500m": "pond_emd_population_context", "agricultural_area_500m": 20137.237242082341, "agricultural_area_ha_500m": 2.013723724208234, "agricultural_ratio_500m": 2.5680759985416475, "population_1000m": null, "youth_population_1000m": null, "elderly_population_1000m": null, "facility_count_1000m": 0, "road_length_1000m": null, "population_context_method_1000m": "pond_emd_population_context", "agricultural_area_1000m": 504447.79094778263, "agricultural_area_ha_1000m": 50.444779094778262, "agricultural_ratio_1000m": 16.082894699963177 }, "geometry": { "type": "Point", "coordinates": [ 128.754894354093295, 36.257696919288577 ] } },
{ "type": "Feature", "properties": { "id": "216", "address": "춘산면 사미리 292유", "region": "춘산면", "capacity": 3.2, "emd_name": "춘산면", "pond_id": "216", "facility_source": "VWorld UQ164·UO601", "road_source": "DATA_NOT_AVAILABLE", "emd_total_population": 1465.0, "emd_youth_population": 88.0, "emd_elderly_population": 841.0, "emd_youth_ratio": 6.0068259385665526, "emd_elderly_ratio": 57.406143344709889, "emd_population_change": -17.0, "emd_year": 2025.0, "population_context_method": "pond_emd_population_context", "population_500m": null, "youth_population_500m": null, "elderly_population_500m": null, "facility_count_500m": 0, "road_length_500m": null, "population_context_method_500m": "pond_emd_population_context", "agricultural_area_500m": 236250.22287706099, "agricultural_area_ha_500m": 23.625022287706098, "agricultural_ratio_500m": 30.128687452358633, "population_1000m": null, "youth_population_1000m": null, "elderly_population_1000m": null, "facility_count_1000m": 0, "road_length_1000m": null, "population_context_method_1000m": "pond_emd_population_context", "agricultural_area_1000m": 599997.56252169539, "agricultural_area_ha_1000m": 59.99975625216954, "agricultural_ratio_1000m": 19.129229607965271 }, "geometry": { "type": "Point", "coordinates": [ 128.75445165965678, 36.250332724959762 ] } },
{ "type": "Feature", "properties": { "id": "217", "address": "춘산면 사미리 618답", "region": "춘산면", "capacity": 15.8, "emd_name": "춘산면", "pond_id": "217", "facility_source": "VWorld UQ164·UO601", "road_source": "DATA_NOT_AVAILABLE", "emd_total_population": 1465.0, "emd_youth_population": 88.0, "emd_elderly_population": 841.0, "emd_youth_ratio": 6.0068259385665526, "emd_elderly_ratio": 57.406143344709889, "emd_population_change": -17.0, "emd_year": 2025.0, "population_context_method": "pond_emd_population_context", "population_500m": null, "youth_population_500m": null, "elderly_population_500m": null, "facility_count_500m": 0, "road_length_500m": null, "population_context_method_500m": "pond_emd_population_context", "agricultural_area_500m": 0.0, "agricultural_area_ha_500m": 0.0, "agricultural_ratio_500m": 0.0, "population_1000m": null, "youth_population_1000m": null, "elderly_population_1000m": null, "facility_count_1000m": 0, "road_length_1000m": null, "population_context_method_1000m": "pond_emd_population_context", "agricultural_area_1000m": 164433.37602567155, "agricultural_area_ha_1000m": 16.443337602567155, "agricultural_ratio_1000m": 5.2424943061234934 }, "geometry": { "type": "Point", "coordinates": [ 128.750343257410634, 36.257664444107029 ] } },
{ "type": "Feature", "properties": { "id": "218", "address": "춘산면 사미리 921유", "region": "춘산면", "capacity": 6.0, "emd_name": "춘산면", "pond_id": "218", "facility_source": "VWorld UQ164·UO601", "road_source": "DATA_NOT_AVAILABLE", "emd_total_population": 1465.0, "emd_youth_population": 88.0, "emd_elderly_population": 841.0, "emd_youth_ratio": 6.0068259385665526, "emd_elderly_ratio": 57.406143344709889, "emd_population_change": -17.0, "emd_year": 2025.0, "population_context_method": "pond_emd_population_context", "population_500m": null, "youth_population_500m": null, "elderly_population_500m": null, "facility_count_500m": 0, "road_length_500m": null, "population_context_method_500m": "pond_emd_population_context", "agricultural_area_500m": 61345.275589280267, "agricultural_area_ha_500m": 6.1345275589280268, "agricultural_ratio_500m": 7.8232841958841979, "population_1000m": null, "youth_population_1000m": null, "elderly_population_1000m": null, "facility_count_1000m": 0, "road_length_1000m": null, "population_context_method_1000m": "pond_emd_population_context", "agricultural_area_1000m": 445574.81582634943, "agricultural_area_ha_1000m": 44.557481582634942, "agricultural_ratio_1000m": 14.205895976720528 }, "geometry": { "type": "Point", "coordinates": [ 128.755423424267065, 36.261455594794178 ] } },
{ "type": "Feature", "properties": { "id": "219", "address": "춘산면 효선리 62유", "region": "춘산면", "capacity": 23.9, "emd_name": "춘산면", "pond_id": "219", "facility_source": "VWorld UQ164·UO601", "road_source": "DATA_NOT_AVAILABLE", "emd_total_population": 1465.0, "emd_youth_population": 88.0, "emd_elderly_population": 841.0, "emd_youth_ratio": 6.0068259385665526, "emd_elderly_ratio": 57.406143344709889, "emd_population_change": -17.0, "emd_year": 2025.0, "population_context_method": "pond_emd_population_context", "population_500m": null, "youth_population_500m": null, "elderly_population_500m": null, "facility_count_500m": 0, "road_length_500m": null, "population_context_method_500m": "pond_emd_population_context", "agricultural_area_500m": 101986.29904742955, "agricultural_area_ha_500m": 10.198629904742955, "agricultural_ratio_500m": 13.006181712775581, "population_1000m": null, "youth_population_1000m": null, "elderly_population_1000m": null, "facility_count_1000m": 0, "road_length_1000m": null, "population_context_method_1000m": "pond_emd_population_context", "agricultural_area_1000m": 165579.78661863896, "agricultural_area_ha_1000m": 16.557978661863896, "agricultural_ratio_1000m": 5.2790443737032833 }, "geometry": { "type": "Point", "coordinates": [ 128.80248904683063, 36.266883178058833 ] } },
{ "type": "Feature", "properties": { "id": "220", "address": "춘산면 효선리 1011유", "region": "춘산면", "capacity": 0.8, "emd_name": "춘산면", "pond_id": "220", "facility_source": "VWorld UQ164·UO601", "road_source": "DATA_NOT_AVAILABLE", "emd_total_population": 1465.0, "emd_youth_population": 88.0, "emd_elderly_population": 841.0, "emd_youth_ratio": 6.0068259385665526, "emd_elderly_ratio": 57.406143344709889, "emd_population_change": -17.0, "emd_year": 2025.0, "population_context_method": "pond_emd_population_context", "population_500m": null, "youth_population_500m": null, "elderly_population_500m": null, "facility_count_500m": 0, "road_length_500m": null, "population_context_method_500m": "pond_emd_population_context", "agricultural_area_500m": 210784.55962609328, "agricultural_area_ha_500m": 21.078455962609329, "agricultural_ratio_500m": 26.881084129441646, "population_1000m": null, "youth_population_1000m": null, "elderly_population_1000m": null, "facility_count_1000m": 0, "road_length_1000m": null, "population_context_method_1000m": "pond_emd_population_context", "agricultural_area_1000m": 491933.53750028322, "agricultural_area_ha_1000m": 49.193353750028322, "agricultural_ratio_1000m": 15.683913033165437 }, "geometry": { "type": "Point", "coordinates": [ 128.759152747163427, 36.26502309849085 ] } },
{ "type": "Feature", "properties": { "id": "221", "address": "춘산면 효선리 1213답", "region": "춘산면", "capacity": 0.7, "emd_name": "춘산면", "pond_id": "221", "facility_source": "VWorld UQ164·UO601", "road_source": "DATA_NOT_AVAILABLE", "emd_total_population": 1465.0, "emd_youth_population": 88.0, "emd_elderly_population": 841.0, "emd_youth_ratio": 6.0068259385665526, "emd_elderly_ratio": 57.406143344709889, "emd_population_change": -17.0, "emd_year": 2025.0, "population_context_method": "pond_emd_population_context", "population_500m": null, "youth_population_500m": null, "elderly_population_500m": null, "facility_count_500m": 0, "road_length_500m": null, "population_context_method_500m": "pond_emd_population_context", "agricultural_area_500m": 7952.3518486710836, "agricultural_area_ha_500m": 0.79523518486710831, "agricultural_ratio_500m": 1.0141532162044835, "population_1000m": null, "youth_population_1000m": null, "elderly_population_1000m": null, "facility_count_1000m": 0, "road_length_1000m": null, "population_context_method_1000m": "pond_emd_population_context", "agricultural_area_1000m": 342850.64728723373, "agricultural_area_ha_1000m": 34.28506472872337, "agricultural_ratio_1000m": 10.930825661412353 }, "geometry": { "type": "Point", "coordinates": [ 128.756996850460979, 36.269118546429219 ] } },
{ "type": "Feature", "properties": { "id": "222", "address": "춘산면 효선리 342유", "region": "춘산면", "capacity": 2.2, "emd_name": "춘산면", "pond_id": "222", "facility_source": "VWorld UQ164·UO601", "road_source": "DATA_NOT_AVAILABLE", "emd_total_population": 1465.0, "emd_youth_population": 88.0, "emd_elderly_population": 841.0, "emd_youth_ratio": 6.0068259385665526, "emd_elderly_ratio": 57.406143344709889, "emd_population_change": -17.0, "emd_year": 2025.0, "population_context_method": "pond_emd_population_context", "population_500m": null, "youth_population_500m": null, "elderly_population_500m": null, "facility_count_500m": 0, "road_length_500m": null, "population_context_method_500m": "pond_emd_population_context", "agricultural_area_500m": 132871.96728364198, "agricultural_area_ha_500m": 13.287196728364197, "agricultural_ratio_500m": 16.944991309286809, "population_1000m": null, "youth_population_1000m": null, "elderly_population_1000m": null, "facility_count_1000m": 0, "road_length_1000m": null, "population_context_method_1000m": "pond_emd_population_context", "agricultural_area_1000m": 350405.84780345834, "agricultural_area_ha_1000m": 35.040584780345831, "agricultural_ratio_1000m": 11.171701915645221 }, "geometry": { "type": "Point", "coordinates": [ 128.778165953222128, 36.271310814883911 ] } },
{ "type": "Feature", "properties": { "id": "223", "address": "춘산면 효선리 356유", "region": "춘산면", "capacity": 16.0, "emd_name": "춘산면", "pond_id": "223", "facility_source": "VWorld UQ164·UO601", "road_source": "DATA_NOT_AVAILABLE", "emd_total_population": 1465.0, "emd_youth_population": 88.0, "emd_elderly_population": 841.0, "emd_youth_ratio": 6.0068259385665526, "emd_elderly_ratio": 57.406143344709889, "emd_population_change": -17.0, "emd_year": 2025.0, "population_context_method": "pond_emd_population_context", "population_500m": null, "youth_population_500m": null, "elderly_population_500m": null, "facility_count_500m": 0, "road_length_500m": null, "population_context_method_500m": "pond_emd_population_context", "agricultural_area_500m": 105950.08147521703, "agricultural_area_ha_500m": 10.595008147521703, "agricultural_ratio_500m": 13.5116777941829, "population_1000m": null, "youth_population_1000m": null, "elderly_population_1000m": null, "facility_count_1000m": 0, "road_length_1000m": null, "population_context_method_1000m": "pond_emd_population_context", "agricultural_area_1000m": 293433.23168925248, "agricultural_area_ha_1000m": 29.343323168925249, "agricultural_ratio_1000m": 9.3552907781821464 }, "geometry": { "type": "Point", "coordinates": [ 128.781151407896175, 36.271455638560134 ] } },
{ "type": "Feature", "properties": { "id": "224", "address": "춘산면 효선리 1029유", "region": "춘산면", "capacity": 15.4, "emd_name": "춘산면", "pond_id": "224", "facility_source": "VWorld UQ164·UO601", "road_source": "DATA_NOT_AVAILABLE", "emd_total_population": 1465.0, "emd_youth_population": 88.0, "emd_elderly_population": 841.0, "emd_youth_ratio": 6.0068259385665526, "emd_elderly_ratio": 57.406143344709889, "emd_population_change": -17.0, "emd_year": 2025.0, "population_context_method": "pond_emd_population_context", "population_500m": null, "youth_population_500m": null, "elderly_population_500m": null, "facility_count_500m": 0, "road_length_500m": null, "population_context_method_500m": "pond_emd_population_context", "agricultural_area_500m": 292987.52514415927, "agricultural_area_ha_500m": 29.298752514415927, "agricultural_ratio_500m": 37.364322729557692, "population_1000m": null, "youth_population_1000m": null, "elderly_population_1000m": null, "facility_count_1000m": 0, "road_length_1000m": null, "population_context_method_1000m": "pond_emd_population_context", "agricultural_area_1000m": 510127.97381289292, "agricultural_area_ha_1000m": 51.012797381289289, "agricultural_ratio_1000m": 16.263991306064799 }, "geometry": { "type": "Point", "coordinates": [ 128.759370249016627, 36.262316722459289 ] } },
{ "type": "Feature", "properties": { "id": "225", "address": "가음면 장리 499유", "region": "가음면", "capacity": 4.8, "emd_name": "가음면", "pond_id": "225", "facility_source": "VWorld UQ164·UO601", "road_source": "DATA_NOT_AVAILABLE", "emd_total_population": 1396.0, "emd_youth_population": 85.0, "emd_elderly_population": 797.0, "emd_youth_ratio": 6.088825214899714, "emd_elderly_ratio": 57.091690544412607, "emd_population_change": -32.0, "emd_year": 2025.0, "population_context_method": "pond_emd_population_context", "population_500m": null, "youth_population_500m": null, "elderly_population_500m": null, "facility_count_500m": 0, "road_length_500m": null, "population_context_method_500m": "pond_emd_population_context", "agricultural_area_500m": 57936.406113357523, "agricultural_area_ha_500m": 5.7936406113357526, "agricultural_ratio_500m": 7.3885554504243167, "population_1000m": null, "youth_population_1000m": null, "elderly_population_1000m": null, "facility_count_1000m": 0, "road_length_1000m": null, "population_context_method_1000m": "pond_emd_population_context", "agricultural_area_1000m": 343327.97371948662, "agricultural_area_ha_1000m": 34.332797371948665, "agricultural_ratio_1000m": 10.946043868103294 }, "geometry": { "type": "Point", "coordinates": [ 128.738567343629882, 36.246383548043703 ] } },
{ "type": "Feature", "properties": { "id": "226", "address": "가음면 장리 176유", "region": "가음면", "capacity": 18.9, "emd_name": "가음면", "pond_id": "226", "facility_source": "VWorld UQ164·UO601", "road_source": "DATA_NOT_AVAILABLE", "emd_total_population": 1396.0, "emd_youth_population": 85.0, "emd_elderly_population": 797.0, "emd_youth_ratio": 6.088825214899714, "emd_elderly_ratio": 57.091690544412607, "emd_population_change": -32.0, "emd_year": 2025.0, "population_context_method": "pond_emd_population_context", "population_500m": null, "youth_population_500m": null, "elderly_population_500m": null, "facility_count_500m": 0, "road_length_500m": null, "population_context_method_500m": "pond_emd_population_context", "agricultural_area_500m": 197192.95509064093, "agricultural_area_ha_500m": 19.719295509064093, "agricultural_ratio_500m": 25.147764261896814, "population_1000m": null, "youth_population_1000m": null, "elderly_population_1000m": null, "facility_count_1000m": 0, "road_length_1000m": null, "population_context_method_1000m": "pond_emd_population_context", "agricultural_area_1000m": 680777.36724636739, "agricultural_area_ha_1000m": 68.077736724636736, "agricultural_ratio_1000m": 21.704665791023057 }, "geometry": { "type": "Point", "coordinates": [ 128.735250933073559, 36.239268193836196 ] } },
{ "type": "Feature", "properties": { "id": "227", "address": "가음면 장리 828유", "region": "가음면", "capacity": 5.7, "emd_name": "가음면", "pond_id": "227", "facility_source": "VWorld UQ164·UO601", "road_source": "DATA_NOT_AVAILABLE", "emd_total_population": 1396.0, "emd_youth_population": 85.0, "emd_elderly_population": 797.0, "emd_youth_ratio": 6.088825214899714, "emd_elderly_ratio": 57.091690544412607, "emd_population_change": -32.0, "emd_year": 2025.0, "population_context_method": "pond_emd_population_context", "population_500m": null, "youth_population_500m": null, "elderly_population_500m": null, "facility_count_500m": 0, "road_length_500m": null, "population_context_method_500m": "pond_emd_population_context", "agricultural_area_500m": 82598.163466669619, "agricultural_area_ha_500m": 8.2598163466669625, "agricultural_ratio_500m": 10.53363768685675, "population_1000m": null, "youth_population_1000m": null, "elderly_population_1000m": null, "facility_count_1000m": 1, "road_length_1000m": null, "population_context_method_1000m": "pond_emd_population_context", "agricultural_area_1000m": 737199.46932703617, "agricultural_area_ha_1000m": 73.719946932703621, "agricultural_ratio_1000m": 23.503525341600216 }, "geometry": { "type": "Point", "coordinates": [ 128.727484872098842, 36.244732847898561 ] } },
{ "type": "Feature", "properties": { "id": "228", "address": "가음면 장리 738유", "region": "가음면", "capacity": 11.0, "emd_name": "가음면", "pond_id": "228", "facility_source": "VWorld UQ164·UO601", "road_source": "DATA_NOT_AVAILABLE", "emd_total_population": 1396.0, "emd_youth_population": 85.0, "emd_elderly_population": 797.0, "emd_youth_ratio": 6.088825214899714, "emd_elderly_ratio": 57.091690544412607, "emd_population_change": -32.0, "emd_year": 2025.0, "population_context_method": "pond_emd_population_context", "population_500m": null, "youth_population_500m": null, "elderly_population_500m": null, "facility_count_500m": 0, "road_length_500m": null, "population_context_method_500m": "pond_emd_population_context", "agricultural_area_500m": 121520.62361080527, "agricultural_area_ha_500m": 12.152062361080526, "agricultural_ratio_500m": 15.497369031862865, "population_1000m": null, "youth_population_1000m": null, "elderly_population_1000m": null, "facility_count_1000m": 1, "road_length_1000m": null, "population_context_method_1000m": "pond_emd_population_context", "agricultural_area_1000m": 748763.7085850609, "agricultural_area_ha_1000m": 74.876370858506093, "agricultural_ratio_1000m": 23.872218486083121 }, "geometry": { "type": "Point", "coordinates": [ 128.723104353752205, 36.245850230170063 ] } },
{ "type": "Feature", "properties": { "id": "229", "address": "가음면 장리 1271유", "region": "가음면", "capacity": 59.4, "emd_name": "가음면", "pond_id": "229", "facility_source": "VWorld UQ164·UO601", "road_source": "DATA_NOT_AVAILABLE", "emd_total_population": 1396.0, "emd_youth_population": 85.0, "emd_elderly_population": 797.0, "emd_youth_ratio": 6.088825214899714, "emd_elderly_ratio": 57.091690544412607, "emd_population_change": -32.0, "emd_year": 2025.0, "population_context_method": "pond_emd_population_context", "population_500m": null, "youth_population_500m": null, "elderly_population_500m": null, "facility_count_500m": 1, "road_length_500m": null, "population_context_method_500m": "pond_emd_population_context", "agricultural_area_500m": 345722.13910487207, "agricultural_area_ha_500m": 34.572213910487207, "agricultural_ratio_500m": 44.089500308627706, "population_1000m": null, "youth_population_1000m": null, "elderly_population_1000m": null, "facility_count_1000m": 2, "road_length_1000m": null, "population_context_method_1000m": "pond_emd_population_context", "agricultural_area_1000m": 1458698.6066458302, "agricultural_area_ha_1000m": 145.86986066458303, "agricultural_ratio_1000m": 46.50648988984539 }, "geometry": { "type": "Point", "coordinates": [ 128.724105333842203, 36.238239817099647 ] } },
{ "type": "Feature", "properties": { "id": "230", "address": "가음면 장리 436유", "region": "가음면", "capacity": 6.6, "emd_name": "가음면", "pond_id": "230", "facility_source": "VWorld UQ164·UO601", "road_source": "DATA_NOT_AVAILABLE", "emd_total_population": 1396.0, "emd_youth_population": 85.0, "emd_elderly_population": 797.0, "emd_youth_ratio": 6.088825214899714, "emd_elderly_ratio": 57.091690544412607, "emd_population_change": -32.0, "emd_year": 2025.0, "population_context_method": "pond_emd_population_context", "population_500m": null, "youth_population_500m": null, "elderly_population_500m": null, "facility_count_500m": 0, "road_length_500m": null, "population_context_method_500m": "pond_emd_population_context", "agricultural_area_500m": 160397.67225282628, "agricultural_area_ha_500m": 16.039767225282628, "agricultural_ratio_500m": 20.455309106336863, "population_1000m": null, "youth_population_1000m": null, "elderly_population_1000m": null, "facility_count_1000m": 0, "road_length_1000m": null, "population_context_method_1000m": "pond_emd_population_context", "agricultural_area_1000m": 439796.84112272604, "agricultural_area_ha_1000m": 43.979684112272601, "agricultural_ratio_1000m": 14.021681553731719 }, "geometry": { "type": "Point", "coordinates": [ 128.73413554750968, 36.243663538198248 ] } },
{ "type": "Feature", "properties": { "id": "231", "address": "가음면 장리 393유", "region": "가음면", "capacity": 3.3, "emd_name": "가음면", "pond_id": "231", "facility_source": "VWorld UQ164·UO601", "road_source": "DATA_NOT_AVAILABLE", "emd_total_population": 1396.0, "emd_youth_population": 85.0, "emd_elderly_population": 797.0, "emd_youth_ratio": 6.088825214899714, "emd_elderly_ratio": 57.091690544412607, "emd_population_change": -32.0, "emd_year": 2025.0, "population_context_method": "pond_emd_population_context", "population_500m": null, "youth_population_500m": null, "elderly_population_500m": null, "facility_count_500m": 0, "road_length_500m": null, "population_context_method_500m": "pond_emd_population_context", "agricultural_area_500m": 72330.592071453968, "agricultural_area_ha_500m": 7.2330592071453967, "agricultural_ratio_500m": 9.2242274958568107, "population_1000m": null, "youth_population_1000m": null, "elderly_population_1000m": null, "facility_count_1000m": 0, "road_length_1000m": null, "population_context_method_1000m": "pond_emd_population_context", "agricultural_area_1000m": 532260.697281103, "agricultural_area_ha_1000m": 53.226069728110303, "agricultural_ratio_1000m": 16.969630754487863 }, "geometry": { "type": "Point", "coordinates": [ 128.729451546714245, 36.245641560496999 ] } },
{ "type": "Feature", "properties": { "id": "232", "address": "가음면 장리 624유", "region": "가음면", "capacity": 4.1, "emd_name": "가음면", "pond_id": "232", "facility_source": "VWorld UQ164·UO601", "road_source": "DATA_NOT_AVAILABLE", "emd_total_population": 1396.0, "emd_youth_population": 85.0, "emd_elderly_population": 797.0, "emd_youth_ratio": 6.088825214899714, "emd_elderly_ratio": 57.091690544412607, "emd_population_change": -32.0, "emd_year": 2025.0, "population_context_method": "pond_emd_population_context", "population_500m": null, "youth_population_500m": null, "elderly_population_500m": null, "facility_count_500m": 0, "road_length_500m": null, "population_context_method_500m": "pond_emd_population_context", "agricultural_area_500m": 44223.805756204623, "agricultural_area_ha_500m": 4.4223805756204619, "agricultural_ratio_500m": 5.6398051411611139, "population_1000m": null, "youth_population_1000m": null, "elderly_population_1000m": null, "facility_count_1000m": 0, "road_length_1000m": null, "population_context_method_1000m": "pond_emd_population_context", "agricultural_area_1000m": 370455.69262073986, "agricultural_area_ha_1000m": 37.04556926207399, "agricultural_ratio_1000m": 11.810934654361526 }, "geometry": { "type": "Point", "coordinates": [ 128.726484446249287, 36.247801896817926 ] } },
{ "type": "Feature", "properties": { "id": "233", "address": "가음면 장리 산45-8임", "region": "가음면", "capacity": 1.5, "emd_name": "가음면", "pond_id": "233", "facility_source": "VWorld UQ164·UO601", "road_source": "DATA_NOT_AVAILABLE", "emd_total_population": 1396.0, "emd_youth_population": 85.0, "emd_elderly_population": 797.0, "emd_youth_ratio": 6.088825214899714, "emd_elderly_ratio": 57.091690544412607, "emd_population_change": -32.0, "emd_year": 2025.0, "population_context_method": "pond_emd_population_context", "population_500m": null, "youth_population_500m": null, "elderly_population_500m": null, "facility_count_500m": 0, "road_length_500m": null, "population_context_method_500m": "pond_emd_population_context", "agricultural_area_500m": 1045.5517767739098, "agricultural_area_ha_500m": 0.10455517767739098, "agricultural_ratio_500m": 0.1333378750464578, "population_1000m": null, "youth_population_1000m": null, "elderly_population_1000m": null, "facility_count_1000m": 0, "road_length_1000m": null, "population_context_method_1000m": "pond_emd_population_context", "agricultural_area_1000m": 89251.295877247758, "agricultural_area_ha_1000m": 8.9251295877247756, "agricultural_ratio_1000m": 2.8455257792527813 }, "geometry": { "type": "Point", "coordinates": [ 128.732566726357447, 36.251210152824214 ] } },
{ "type": "Feature", "properties": { "id": "234", "address": "가음면 이리 690유", "region": "가음면", "capacity": 7.6, "emd_name": "가음면", "pond_id": "234", "facility_source": "VWorld UQ164·UO601", "road_source": "DATA_NOT_AVAILABLE", "emd_total_population": 1396.0, "emd_youth_population": 85.0, "emd_elderly_population": 797.0, "emd_youth_ratio": 6.088825214899714, "emd_elderly_ratio": 57.091690544412607, "emd_population_change": -32.0, "emd_year": 2025.0, "population_context_method": "pond_emd_population_context", "population_500m": null, "youth_population_500m": null, "elderly_population_500m": null, "facility_count_500m": 0, "road_length_500m": null, "population_context_method_500m": "pond_emd_population_context", "agricultural_area_500m": 5817.439896040677, "agricultural_area_ha_500m": 0.5817439896040677, "agricultural_ratio_500m": 0.74189063724988968, "population_1000m": null, "youth_population_1000m": null, "elderly_population_1000m": null, "facility_count_1000m": 0, "road_length_1000m": null, "population_context_method_1000m": "pond_emd_population_context", "agricultural_area_1000m": 98544.585777324653, "agricultural_area_ha_1000m": 9.8544585777324656, "agricultural_ratio_1000m": 3.1418161101081297 }, "geometry": { "type": "Point", "coordinates": [ 128.747823027050543, 36.254403385068031 ] } },
{ "type": "Feature", "properties": { "id": "235", "address": "가음면 이리 1033-2유", "region": "가음면", "capacity": 6.3, "emd_name": "가음면", "pond_id": "235", "facility_source": "VWorld UQ164·UO601", "road_source": "DATA_NOT_AVAILABLE", "emd_total_population": 1396.0, "emd_youth_population": 85.0, "emd_elderly_population": 797.0, "emd_youth_ratio": 6.088825214899714, "emd_elderly_ratio": 57.091690544412607, "emd_population_change": -32.0, "emd_year": 2025.0, "population_context_method": "pond_emd_population_context", "population_500m": null, "youth_population_500m": null, "elderly_population_500m": null, "facility_count_500m": 0, "road_length_500m": null, "population_context_method_500m": "pond_emd_population_context", "agricultural_area_500m": 0.0, "agricultural_area_ha_500m": 0.0, "agricultural_ratio_500m": 0.0, "population_1000m": null, "youth_population_1000m": null, "elderly_population_1000m": null, "facility_count_1000m": 0, "road_length_1000m": null, "population_context_method_1000m": "pond_emd_population_context", "agricultural_area_1000m": 161428.25753707555, "agricultural_area_ha_1000m": 16.142825753707555, "agricultural_ratio_1000m": 5.1466845809541262 }, "geometry": { "type": "Point", "coordinates": [ 128.743568398334531, 36.251681151039172 ] } },
{ "type": "Feature", "properties": { "id": "236", "address": "가음면 이리 1089유", "region": "가음면", "capacity": 4.2, "emd_name": "가음면", "pond_id": "236", "facility_source": "VWorld UQ164·UO601", "road_source": "DATA_NOT_AVAILABLE", "emd_total_population": 1396.0, "emd_youth_population": 85.0, "emd_elderly_population": 797.0, "emd_youth_ratio": 6.088825214899714, "emd_elderly_ratio": 57.091690544412607, "emd_population_change": -32.0, "emd_year": 2025.0, "population_context_method": "pond_emd_population_context", "population_500m": null, "youth_population_500m": null, "elderly_population_500m": null, "facility_count_500m": 0, "road_length_500m": null, "population_context_method_500m": "pond_emd_population_context", "agricultural_area_500m": 1743.7228661961767, "agricultural_area_ha_500m": 0.17437228661961768, "agricultural_ratio_500m": 0.22237473725683685, "population_1000m": null, "youth_population_1000m": null, "elderly_population_1000m": null, "facility_count_1000m": 0, "road_length_1000m": null, "population_context_method_1000m": "pond_emd_population_context", "agricultural_area_1000m": 193247.30679463453, "agricultural_area_ha_1000m": 19.324730679463453, "agricultural_ratio_1000m": 6.1611452007553833 }, "geometry": { "type": "Point", "coordinates": [ 128.742453139425493, 36.25055304001225 ] } },
{ "type": "Feature", "properties": { "id": "237", "address": "가음면 이리 1104유", "region": "가음면", "capacity": 12.0, "emd_name": "가음면", "pond_id": "237", "facility_source": "VWorld UQ164·UO601", "road_source": "DATA_NOT_AVAILABLE", "emd_total_population": 1396.0, "emd_youth_population": 85.0, "emd_elderly_population": 797.0, "emd_youth_ratio": 6.088825214899714, "emd_elderly_ratio": 57.091690544412607, "emd_population_change": -32.0, "emd_year": 2025.0, "population_context_method": "pond_emd_population_context", "population_500m": null, "youth_population_500m": null, "elderly_population_500m": null, "facility_count_500m": 0, "road_length_500m": null, "population_context_method_500m": "pond_emd_population_context", "agricultural_area_500m": 46346.19117235962, "agricultural_area_ha_500m": 4.6346191172359621, "agricultural_ratio_500m": 5.9104702270097453, "population_1000m": null, "youth_population_1000m": null, "elderly_population_1000m": null, "facility_count_1000m": 0, "road_length_1000m": null, "population_context_method_1000m": "pond_emd_population_context", "agricultural_area_1000m": 291320.87036281114, "agricultural_area_ha_1000m": 29.132087036281114, "agricultural_ratio_1000m": 9.2879440965412154 }, "geometry": { "type": "Point", "coordinates": [ 128.741012027614232, 36.247771699405824 ] } },
{ "type": "Feature", "properties": { "id": "238", "address": "가음면 이리 802-2임", "region": "가음면", "capacity": 5.6, "emd_name": "가음면", "pond_id": "238", "facility_source": "VWorld UQ164·UO601", "road_source": "DATA_NOT_AVAILABLE", "emd_total_population": 1396.0, "emd_youth_population": 85.0, "emd_elderly_population": 797.0, "emd_youth_ratio": 6.088825214899714, "emd_elderly_ratio": 57.091690544412607, "emd_population_change": -32.0, "emd_year": 2025.0, "population_context_method": "pond_emd_population_context", "population_500m": null, "youth_population_500m": null, "elderly_population_500m": null, "facility_count_500m": 0, "road_length_500m": null, "population_context_method_500m": "pond_emd_population_context", "agricultural_area_500m": 0.0, "agricultural_area_ha_500m": 0.0, "agricultural_ratio_500m": 0.0, "population_1000m": null, "youth_population_1000m": null, "elderly_population_1000m": null, "facility_count_1000m": 0, "road_length_1000m": null, "population_context_method_1000m": "pond_emd_population_context", "agricultural_area_1000m": 18390.580711075632, "agricultural_area_ha_1000m": 1.8390580711075633, "agricultural_ratio_1000m": 0.58633178369497518 }, "geometry": { "type": "Point", "coordinates": [ 128.74517334834178, 36.256820852897349 ] } },
{ "type": "Feature", "properties": { "id": "239", "address": "가음면 이리 651유", "region": "가음면", "capacity": 6.3, "emd_name": "가음면", "pond_id": "239", "facility_source": "VWorld UQ164·UO601", "road_source": "DATA_NOT_AVAILABLE", "emd_total_population": 1396.0, "emd_youth_population": 85.0, "emd_elderly_population": 797.0, "emd_youth_ratio": 6.088825214899714, "emd_elderly_ratio": 57.091690544412607, "emd_population_change": -32.0, "emd_year": 2025.0, "population_context_method": "pond_emd_population_context", "population_500m": null, "youth_population_500m": null, "elderly_population_500m": null, "facility_count_500m": 0, "road_length_500m": null, "population_context_method_500m": "pond_emd_population_context", "agricultural_area_500m": 132988.51238015055, "agricultural_area_ha_500m": 13.298851238015056, "agricultural_ratio_500m": 16.959854155738554, "population_1000m": null, "youth_population_1000m": null, "elderly_population_1000m": null, "facility_count_1000m": 0, "road_length_1000m": null, "population_context_method_1000m": "pond_emd_population_context", "agricultural_area_1000m": 649325.83945499477, "agricultural_area_ha_1000m": 64.932583945499474, "agricultural_ratio_1000m": 20.701922556344144 }, "geometry": { "type": "Point", "coordinates": [ 128.750953009139067, 36.249086423602378 ] } },
{ "type": "Feature", "properties": { "id": "240", "address": "가음면 가산리 169유", "region": "가음면", "capacity": 3.08, "emd_name": "가음면", "pond_id": "240", "facility_source": "VWorld UQ164·UO601", "road_source": "DATA_NOT_AVAILABLE", "emd_total_population": 1396.0, "emd_youth_population": 85.0, "emd_elderly_population": 797.0, "emd_youth_ratio": 6.088825214899714, "emd_elderly_ratio": 57.091690544412607, "emd_population_change": -32.0, "emd_year": 2025.0, "population_context_method": "pond_emd_population_context", "population_500m": null, "youth_population_500m": null, "elderly_population_500m": null, "facility_count_500m": 0, "road_length_500m": null, "population_context_method_500m": "pond_emd_population_context", "agricultural_area_500m": 153516.4501326551, "agricultural_area_ha_500m": 15.351645013265509, "agricultural_ratio_500m": 19.577755688506738, "population_1000m": null, "youth_population_1000m": null, "elderly_population_1000m": null, "facility_count_1000m": 0, "road_length_1000m": null, "population_context_method_1000m": "pond_emd_population_context", "agricultural_area_1000m": 1137071.8441781139, "agricultural_area_ha_1000m": 113.70718441781139, "agricultural_ratio_1000m": 36.252327920497414 }, "geometry": { "type": "Point", "coordinates": [ 128.72602916125112, 36.218469667471197 ] } },
{ "type": "Feature", "properties": { "id": "241", "address": "가음면 순호리 1134유", "region": "가음면", "capacity": 9.7, "emd_name": "가음면", "pond_id": "241", "facility_source": "VWorld UQ164·UO601", "road_source": "DATA_NOT_AVAILABLE", "emd_total_population": 1396.0, "emd_youth_population": 85.0, "emd_elderly_population": 797.0, "emd_youth_ratio": 6.088825214899714, "emd_elderly_ratio": 57.091690544412607, "emd_population_change": -32.0, "emd_year": 2025.0, "population_context_method": "pond_emd_population_context", "population_500m": null, "youth_population_500m": null, "elderly_population_500m": null, "facility_count_500m": 0, "road_length_500m": null, "population_context_method_500m": "pond_emd_population_context", "agricultural_area_500m": 0.0, "agricultural_area_ha_500m": 0.0, "agricultural_ratio_500m": 0.0, "population_1000m": null, "youth_population_1000m": null, "elderly_population_1000m": null, "facility_count_1000m": 0, "road_length_1000m": null, "population_context_method_1000m": "pond_emd_population_context", "agricultural_area_1000m": 0.0, "agricultural_area_ha_1000m": 0.0, "agricultural_ratio_1000m": 0.0 }, "geometry": { "type": "Point", "coordinates": [ 128.700798553876126, 36.204116129960504 ] } },
{ "type": "Feature", "properties": { "id": "242", "address": "가음면 순호리 495유", "region": "가음면", "capacity": 140.5, "emd_name": "가음면", "pond_id": "242", "facility_source": "VWorld UQ164·UO601", "road_source": "DATA_NOT_AVAILABLE", "emd_total_population": 1396.0, "emd_youth_population": 85.0, "emd_elderly_population": 797.0, "emd_youth_ratio": 6.088825214899714, "emd_elderly_ratio": 57.091690544412607, "emd_population_change": -32.0, "emd_year": 2025.0, "population_context_method": "pond_emd_population_context", "population_500m": null, "youth_population_500m": null, "elderly_population_500m": null, "facility_count_500m": 0, "road_length_500m": null, "population_context_method_500m": "pond_emd_population_context", "agricultural_area_500m": 288879.74898526492, "agricultural_area_ha_500m": 28.88797489852649, "agricultural_ratio_500m": 36.840463312586976, "population_1000m": null, "youth_population_1000m": null, "elderly_population_1000m": null, "facility_count_1000m": 0, "road_length_1000m": null, "population_context_method_1000m": "pond_emd_population_context", "agricultural_area_1000m": 481324.33620439877, "agricultural_area_ha_1000m": 48.132433620439876, "agricultural_ratio_1000m": 15.345668579816083 }, "geometry": { "type": "Point", "coordinates": [ 128.725604454373894, 36.208744217470255 ] } },
{ "type": "Feature", "properties": { "id": "243", "address": "가음면 순호리 1003유", "region": "가음면", "capacity": 3.1, "emd_name": "가음면", "pond_id": "243", "facility_source": "VWorld UQ164·UO601", "road_source": "DATA_NOT_AVAILABLE", "emd_total_population": 1396.0, "emd_youth_population": 85.0, "emd_elderly_population": 797.0, "emd_youth_ratio": 6.088825214899714, "emd_elderly_ratio": 57.091690544412607, "emd_population_change": -32.0, "emd_year": 2025.0, "population_context_method": "pond_emd_population_context", "population_500m": null, "youth_population_500m": null, "elderly_population_500m": null, "facility_count_500m": 0, "road_length_500m": null, "population_context_method_500m": "pond_emd_population_context", "agricultural_area_500m": 0.0, "agricultural_area_ha_500m": 0.0, "agricultural_ratio_500m": 0.0, "population_1000m": null, "youth_population_1000m": null, "elderly_population_1000m": null, "facility_count_1000m": 0, "road_length_1000m": null, "population_context_method_1000m": "pond_emd_population_context", "agricultural_area_1000m": 0.0, "agricultural_area_ha_1000m": 0.0, "agricultural_ratio_1000m": 0.0 }, "geometry": { "type": "Point", "coordinates": [ 128.706903205891081, 36.207228098336437 ] } },
{ "type": "Feature", "properties": { "id": "244", "address": "가음면 순호리 975유", "region": "가음면", "capacity": 12.8, "emd_name": "가음면", "pond_id": "244", "facility_source": "VWorld UQ164·UO601", "road_source": "DATA_NOT_AVAILABLE", "emd_total_population": 1396.0, "emd_youth_population": 85.0, "emd_elderly_population": 797.0, "emd_youth_ratio": 6.088825214899714, "emd_elderly_ratio": 57.091690544412607, "emd_population_change": -32.0, "emd_year": 2025.0, "population_context_method": "pond_emd_population_context", "population_500m": null, "youth_population_500m": null, "elderly_population_500m": null, "facility_count_500m": 0, "road_length_500m": null, "population_context_method_500m": "pond_emd_population_context", "agricultural_area_500m": 0.0, "agricultural_area_ha_500m": 0.0, "agricultural_ratio_500m": 0.0, "population_1000m": null, "youth_population_1000m": null, "elderly_population_1000m": null, "facility_count_1000m": 0, "road_length_1000m": null, "population_context_method_1000m": "pond_emd_population_context", "agricultural_area_1000m": 183689.20656279905, "agricultural_area_ha_1000m": 18.368920656279904, "agricultural_ratio_1000m": 5.8564121395371291 }, "geometry": { "type": "Point", "coordinates": [ 128.711839230412238, 36.211798175988513 ] } },
{ "type": "Feature", "properties": { "id": "245", "address": "가음면 순호리 132유", "region": "가음면", "capacity": 11.5, "emd_name": "가음면", "pond_id": "245", "facility_source": "VWorld UQ164·UO601", "road_source": "DATA_NOT_AVAILABLE", "emd_total_population": 1396.0, "emd_youth_population": 85.0, "emd_elderly_population": 797.0, "emd_youth_ratio": 6.088825214899714, "emd_elderly_ratio": 57.091690544412607, "emd_population_change": -32.0, "emd_year": 2025.0, "population_context_method": "pond_emd_population_context", "population_500m": null, "youth_population_500m": null, "elderly_population_500m": null, "facility_count_500m": 0, "road_length_500m": null, "population_context_method_500m": "pond_emd_population_context", "agricultural_area_500m": 296.12803993477974, "agricultural_area_ha_500m": 0.029612803993477974, "agricultural_ratio_500m": 0.037764828546711357, "population_1000m": null, "youth_population_1000m": null, "elderly_population_1000m": null, "facility_count_1000m": 0, "road_length_1000m": null, "population_context_method_1000m": "pond_emd_population_context", "agricultural_area_1000m": 40668.077489311552, "agricultural_area_ha_1000m": 4.0668077489311552, "agricultural_ratio_1000m": 1.2965869206834228 }, "geometry": { "type": "Point", "coordinates": [ 128.743684630679951, 36.202778556865994 ] } },
{ "type": "Feature", "properties": { "id": "246", "address": "가음면 순호리 16유", "region": "가음면", "capacity": 14.2, "emd_name": "가음면", "pond_id": "246", "facility_source": "VWorld UQ164·UO601", "road_source": "DATA_NOT_AVAILABLE", "emd_total_population": 1396.0, "emd_youth_population": 85.0, "emd_elderly_population": 797.0, "emd_youth_ratio": 6.088825214899714, "emd_elderly_ratio": 57.091690544412607, "emd_population_change": -32.0, "emd_year": 2025.0, "population_context_method": "pond_emd_population_context", "population_500m": null, "youth_population_500m": null, "elderly_population_500m": null, "facility_count_500m": 0, "road_length_500m": null, "population_context_method_500m": "pond_emd_population_context", "agricultural_area_500m": 0.0, "agricultural_area_ha_500m": 0.0, "agricultural_ratio_500m": 0.0, "population_1000m": null, "youth_population_1000m": null, "elderly_population_1000m": null, "facility_count_1000m": 0, "road_length_1000m": null, "population_context_method_1000m": "pond_emd_population_context", "agricultural_area_1000m": 14059.831420997329, "agricultural_area_ha_1000m": 1.4059831420997329, "agricultural_ratio_1000m": 0.44825806020139863 }, "geometry": { "type": "Point", "coordinates": [ 128.748783958617764, 36.208110619557708 ] } },
{ "type": "Feature", "properties": { "id": "247", "address": "가음면 현리리 487유", "region": "가음면", "capacity": 6.8, "emd_name": "가음면", "pond_id": "247", "facility_source": "VWorld UQ164·UO601", "road_source": "DATA_NOT_AVAILABLE", "emd_total_population": 1396.0, "emd_youth_population": 85.0, "emd_elderly_population": 797.0, "emd_youth_ratio": 6.088825214899714, "emd_elderly_ratio": 57.091690544412607, "emd_population_change": -32.0, "emd_year": 2025.0, "population_context_method": "pond_emd_population_context", "population_500m": null, "youth_population_500m": null, "elderly_population_500m": null, "facility_count_500m": 0, "road_length_500m": null, "population_context_method_500m": "pond_emd_population_context", "agricultural_area_500m": 0.0, "agricultural_area_ha_500m": 0.0, "agricultural_ratio_500m": 0.0, "population_1000m": null, "youth_population_1000m": null, "elderly_population_1000m": null, "facility_count_1000m": 0, "road_length_1000m": null, "population_context_method_1000m": "pond_emd_population_context", "agricultural_area_1000m": 45539.435690820588, "agricultural_area_ha_1000m": 4.5539435690820591, "agricultural_ratio_1000m": 1.4518964341882241 }, "geometry": { "type": "Point", "coordinates": [ 128.761638002766574, 36.204182792530013 ] } },
{ "type": "Feature", "properties": { "id": "248", "address": "가음면 현리리 249-2유", "region": "가음면", "capacity": 21.0, "emd_name": "가음면", "pond_id": "248", "facility_source": "VWorld UQ164·UO601", "road_source": "DATA_NOT_AVAILABLE", "emd_total_population": 1396.0, "emd_youth_population": 85.0, "emd_elderly_population": 797.0, "emd_youth_ratio": 6.088825214899714, "emd_elderly_ratio": 57.091690544412607, "emd_population_change": -32.0, "emd_year": 2025.0, "population_context_method": "pond_emd_population_context", "population_500m": null, "youth_population_500m": null, "elderly_population_500m": null, "facility_count_500m": 0, "road_length_500m": null, "population_context_method_500m": "pond_emd_population_context", "agricultural_area_500m": 102245.47166853283, "agricultural_area_ha_500m": 10.224547166853283, "agricultural_ratio_500m": 13.039233664229158, "population_1000m": null, "youth_population_1000m": null, "elderly_population_1000m": null, "facility_count_1000m": 0, "road_length_1000m": null, "population_context_method_1000m": "pond_emd_population_context", "agricultural_area_1000m": 195271.25372892097, "agricultural_area_ha_1000m": 19.527125372892097, "agricultural_ratio_1000m": 6.2256730389312303 }, "geometry": { "type": "Point", "coordinates": [ 128.762695039095661, 36.214637632718535 ] } },
{ "type": "Feature", "properties": { "id": "249", "address": "가음면 현리리 67유", "region": "가음면", "capacity": 6.0, "emd_name": "가음면", "pond_id": "249", "facility_source": "VWorld UQ164·UO601", "road_source": "DATA_NOT_AVAILABLE", "emd_total_population": 1396.0, "emd_youth_population": 85.0, "emd_elderly_population": 797.0, "emd_youth_ratio": 6.088825214899714, "emd_elderly_ratio": 57.091690544412607, "emd_population_change": -32.0, "emd_year": 2025.0, "population_context_method": "pond_emd_population_context", "population_500m": null, "youth_population_500m": null, "elderly_population_500m": null, "facility_count_500m": 0, "road_length_500m": null, "population_context_method_500m": "pond_emd_population_context", "agricultural_area_500m": 0.0, "agricultural_area_ha_500m": 0.0, "agricultural_ratio_500m": 0.0, "population_1000m": null, "youth_population_1000m": null, "elderly_population_1000m": null, "facility_count_1000m": 0, "road_length_1000m": null, "population_context_method_1000m": "pond_emd_population_context", "agricultural_area_1000m": 0.0, "agricultural_area_ha_1000m": 0.0, "agricultural_ratio_1000m": 0.0 }, "geometry": { "type": "Point", "coordinates": [ 128.786006816892041, 36.21536446702207 ] } },
{ "type": "Feature", "properties": { "id": "250", "address": "가음면 현리리 584유", "region": "가음면", "capacity": 7.4, "emd_name": "가음면", "pond_id": "250", "facility_source": "VWorld UQ164·UO601", "road_source": "DATA_NOT_AVAILABLE", "emd_total_population": 1396.0, "emd_youth_population": 85.0, "emd_elderly_population": 797.0, "emd_youth_ratio": 6.088825214899714, "emd_elderly_ratio": 57.091690544412607, "emd_population_change": -32.0, "emd_year": 2025.0, "population_context_method": "pond_emd_population_context", "population_500m": null, "youth_population_500m": null, "elderly_population_500m": null, "facility_count_500m": 0, "road_length_500m": null, "population_context_method_500m": "pond_emd_population_context", "agricultural_area_500m": 0.0, "agricultural_area_ha_500m": 0.0, "agricultural_ratio_500m": 0.0, "population_1000m": null, "youth_population_1000m": null, "elderly_population_1000m": null, "facility_count_1000m": 0, "road_length_1000m": null, "population_context_method_1000m": "pond_emd_population_context", "agricultural_area_1000m": 0.0, "agricultural_area_ha_1000m": 0.0, "agricultural_ratio_1000m": 0.0 }, "geometry": { "type": "Point", "coordinates": [ 128.766266897145812, 36.197419682982392 ] } },
{ "type": "Feature", "properties": { "id": "251", "address": "가음면 현리리 450답", "region": "가음면", "capacity": 2.2, "emd_name": "가음면", "pond_id": "251", "facility_source": "VWorld UQ164·UO601", "road_source": "DATA_NOT_AVAILABLE", "emd_total_population": 1396.0, "emd_youth_population": 85.0, "emd_elderly_population": 797.0, "emd_youth_ratio": 6.088825214899714, "emd_elderly_ratio": 57.091690544412607, "emd_population_change": -32.0, "emd_year": 2025.0, "population_context_method": "pond_emd_population_context", "population_500m": null, "youth_population_500m": null, "elderly_population_500m": null, "facility_count_500m": 0, "road_length_500m": null, "population_context_method_500m": "pond_emd_population_context", "agricultural_area_500m": 17007.464949607132, "agricultural_area_ha_500m": 1.7007464949607132, "agricultural_ratio_500m": 2.1689401583773531, "population_1000m": null, "youth_population_1000m": null, "elderly_population_1000m": null, "facility_count_1000m": 0, "road_length_1000m": null, "population_context_method_1000m": "pond_emd_population_context", "agricultural_area_1000m": 71682.568529414508, "agricultural_area_ha_1000m": 7.1682568529414512, "agricultural_ratio_1000m": 2.2853964714869872 }, "geometry": { "type": "Point", "coordinates": [ 128.762882550297917, 36.206633402818873 ] } },
{ "type": "Feature", "properties": { "id": "380", "address": "비안면 옥연리 630유", "region": "비안면", "capacity": 8.8, "emd_name": "비안면", "pond_id": "380", "facility_source": "VWorld UQ164·UO601", "road_source": "DATA_NOT_AVAILABLE", "emd_total_population": 2465.0, "emd_youth_population": 177.0, "emd_elderly_population": 1366.0, "emd_youth_ratio": 7.1805273833671404, "emd_elderly_ratio": 55.415821501014193, "emd_population_change": -74.0, "emd_year": 2025.0, "population_context_method": "pond_emd_population_context", "population_500m": null, "youth_population_500m": null, "elderly_population_500m": null, "facility_count_500m": 0, "road_length_500m": null, "population_context_method_500m": "pond_emd_population_context", "agricultural_area_500m": 196599.5644703593, "agricultural_area_ha_500m": 19.659956447035931, "agricultural_ratio_500m": 25.072089918322, "population_1000m": null, "youth_population_1000m": null, "elderly_population_1000m": null, "facility_count_1000m": 0, "road_length_1000m": null, "population_context_method_1000m": "pond_emd_population_context", "agricultural_area_1000m": 401208.46045042376, "agricultural_area_ha_1000m": 40.120846045042377, "agricultural_ratio_1000m": 12.791399898956914 }, "geometry": { "type": "Point", "coordinates": [ 128.476893643225594, 36.315073854137758 ] } },
{ "type": "Feature", "properties": { "id": "381", "address": "비안면 옥연리 777-1", "region": "비안면", "capacity": 15.4, "emd_name": "비안면", "pond_id": "381", "facility_source": "VWorld UQ164·UO601", "road_source": "DATA_NOT_AVAILABLE", "emd_total_population": 2465.0, "emd_youth_population": 177.0, "emd_elderly_population": 1366.0, "emd_youth_ratio": 7.1805273833671404, "emd_elderly_ratio": 55.415821501014193, "emd_population_change": -74.0, "emd_year": 2025.0, "population_context_method": "pond_emd_population_context", "population_500m": null, "youth_population_500m": null, "elderly_population_500m": null, "facility_count_500m": 0, "road_length_500m": null, "population_context_method_500m": "pond_emd_population_context", "agricultural_area_500m": 7.5793941559140645, "agricultural_area_ha_500m": 0.00075793941559140646, "agricultural_ratio_500m": 0.00096659040072355853, "population_1000m": null, "youth_population_1000m": null, "elderly_population_1000m": null, "facility_count_1000m": 0, "road_length_1000m": null, "population_context_method_1000m": "pond_emd_population_context", "agricultural_area_1000m": 157734.05058030973, "agricultural_area_ha_1000m": 15.773405058030974, "agricultural_ratio_1000m": 5.028905213987513 }, "geometry": { "type": "Point", "coordinates": [ 128.462568842452583, 36.327865094035275 ] } },
{ "type": "Feature", "properties": { "id": "382", "address": "비안면 용남리 570답", "region": "비안면", "capacity": 10.6, "emd_name": "비안면", "pond_id": "382", "facility_source": "VWorld UQ164·UO601", "road_source": "DATA_NOT_AVAILABLE", "emd_total_population": 2465.0, "emd_youth_population": 177.0, "emd_elderly_population": 1366.0, "emd_youth_ratio": 7.1805273833671404, "emd_elderly_ratio": 55.415821501014193, "emd_population_change": -74.0, "emd_year": 2025.0, "population_context_method": "pond_emd_population_context", "population_500m": null, "youth_population_500m": null, "elderly_population_500m": null, "facility_count_500m": 0, "road_length_500m": null, "population_context_method_500m": "pond_emd_population_context", "agricultural_area_500m": 445314.74746032554, "agricultural_area_ha_500m": 44.531474746032551, "agricultural_ratio_500m": 56.790417722229705, "population_1000m": null, "youth_population_1000m": null, "elderly_population_1000m": null, "facility_count_1000m": 0, "road_length_1000m": null, "population_context_method_1000m": "pond_emd_population_context", "agricultural_area_1000m": 1416976.0730507832, "agricultural_area_ha_1000m": 141.69760730507832, "agricultural_ratio_1000m": 45.176284610991715 }, "geometry": { "type": "Point", "coordinates": [ 128.470883432867481, 36.354327205208115 ] } },
{ "type": "Feature", "properties": { "id": "383", "address": "비안면 용남리 105유", "region": "비안면", "capacity": 34.5, "emd_name": "비안면", "pond_id": "383", "facility_source": "VWorld UQ164·UO601", "road_source": "DATA_NOT_AVAILABLE", "emd_total_population": 2465.0, "emd_youth_population": 177.0, "emd_elderly_population": 1366.0, "emd_youth_ratio": 7.1805273833671404, "emd_elderly_ratio": 55.415821501014193, "emd_population_change": -74.0, "emd_year": 2025.0, "population_context_method": "pond_emd_population_context", "population_500m": null, "youth_population_500m": null, "elderly_population_500m": null, "facility_count_500m": 0, "road_length_500m": null, "population_context_method_500m": "pond_emd_population_context", "agricultural_area_500m": 163889.34773147409, "agricultural_area_ha_500m": 16.388934773147408, "agricultural_ratio_500m": 20.900597994957248, "population_1000m": null, "youth_population_1000m": null, "elderly_population_1000m": null, "facility_count_1000m": 0, "road_length_1000m": null, "population_context_method_1000m": "pond_emd_population_context", "agricultural_area_1000m": 779237.92401528021, "agricultural_area_ha_1000m": 77.923792401528019, "agricultural_ratio_1000m": 24.843802873254997 }, "geometry": { "type": "Point", "coordinates": [ 128.478578133375152, 36.3494565723677 ] } },
{ "type": "Feature", "properties": { "id": "384", "address": "비안면 용남리 8답", "region": "비안면", "capacity": 5.5, "emd_name": "비안면", "pond_id": "384", "facility_source": "VWorld UQ164·UO601", "road_source": "DATA_NOT_AVAILABLE", "emd_total_population": 2465.0, "emd_youth_population": 177.0, "emd_elderly_population": 1366.0, "emd_youth_ratio": 7.1805273833671404, "emd_elderly_ratio": 55.415821501014193, "emd_population_change": -74.0, "emd_year": 2025.0, "population_context_method": "pond_emd_population_context", "population_500m": null, "youth_population_500m": null, "elderly_population_500m": null, "facility_count_500m": 0, "road_length_500m": null, "population_context_method_500m": "pond_emd_population_context", "agricultural_area_500m": 124598.56953517375, "agricultural_area_ha_500m": 12.459856953517376, "agricultural_ratio_500m": 15.889895521875177, "population_1000m": null, "youth_population_1000m": null, "elderly_population_1000m": null, "facility_count_1000m": 0, "road_length_1000m": null, "population_context_method_1000m": "pond_emd_population_context", "agricultural_area_1000m": 376664.64756651362, "agricultural_area_ha_1000m": 37.666464756651365, "agricultural_ratio_1000m": 12.008889666518636 }, "geometry": { "type": "Point", "coordinates": [ 128.483837360991288, 36.354239271639749 ] } },
{ "type": "Feature", "properties": { "id": "385", "address": "비안면 이두리 401-1유", "region": "비안면", "capacity": 6.1, "emd_name": "비안면", "pond_id": "385", "facility_source": "VWorld UQ164·UO601", "road_source": "DATA_NOT_AVAILABLE", "emd_total_population": 2465.0, "emd_youth_population": 177.0, "emd_elderly_population": 1366.0, "emd_youth_ratio": 7.1805273833671404, "emd_elderly_ratio": 55.415821501014193, "emd_population_change": -74.0, "emd_year": 2025.0, "population_context_method": "pond_emd_population_context", "population_500m": null, "youth_population_500m": null, "elderly_population_500m": null, "facility_count_500m": 0, "road_length_500m": null, "population_context_method_500m": "pond_emd_population_context", "agricultural_area_500m": 24590.080652084682, "agricultural_area_ha_500m": 2.4590080652084683, "agricultural_ratio_500m": 3.1359413987959708, "population_1000m": null, "youth_population_1000m": null, "elderly_population_1000m": null, "facility_count_1000m": 2, "road_length_1000m": null, "population_context_method_1000m": "pond_emd_population_context", "agricultural_area_1000m": 675856.15127905097, "agricultural_area_ha_1000m": 67.585615127905101, "agricultural_ratio_1000m": 21.547766703310884 }, "geometry": { "type": "Point", "coordinates": [ 128.490795700393079, 36.343501925362652 ] } },
{ "type": "Feature", "properties": { "id": "386", "address": "비안면 이두리 561유", "region": "비안면", "capacity": 12.5, "emd_name": "비안면", "pond_id": "386", "facility_source": "VWorld UQ164·UO601", "road_source": "DATA_NOT_AVAILABLE", "emd_total_population": 2465.0, "emd_youth_population": 177.0, "emd_elderly_population": 1366.0, "emd_youth_ratio": 7.1805273833671404, "emd_elderly_ratio": 55.415821501014193, "emd_population_change": -74.0, "emd_year": 2025.0, "population_context_method": "pond_emd_population_context", "population_500m": null, "youth_population_500m": null, "elderly_population_500m": null, "facility_count_500m": 0, "road_length_500m": null, "population_context_method_500m": "pond_emd_population_context", "agricultural_area_500m": 154112.15296757338, "agricultural_area_ha_500m": 15.411215296757337, "agricultural_ratio_500m": 19.653724905844054, "population_1000m": null, "youth_population_1000m": null, "elderly_population_1000m": null, "facility_count_1000m": 0, "road_length_1000m": null, "population_context_method_1000m": "pond_emd_population_context", "agricultural_area_1000m": 552677.73331744352, "agricultural_area_ha_1000m": 55.267773331744351, "agricultural_ratio_1000m": 17.620570349328528 }, "geometry": { "type": "Point", "coordinates": [ 128.483880471976079, 36.346525454714047 ] } },
{ "type": "Feature", "properties": { "id": "387", "address": "비안면 이두리 16답", "region": "비안면", "capacity": 5.3, "emd_name": "비안면", "pond_id": "387", "facility_source": "VWorld UQ164·UO601", "road_source": "DATA_NOT_AVAILABLE", "emd_total_population": 2465.0, "emd_youth_population": 177.0, "emd_elderly_population": 1366.0, "emd_youth_ratio": 7.1805273833671404, "emd_elderly_ratio": 55.415821501014193, "emd_population_change": -74.0, "emd_year": 2025.0, "population_context_method": "pond_emd_population_context", "population_500m": null, "youth_population_500m": null, "elderly_population_500m": null, "facility_count_500m": 0, "road_length_500m": null, "population_context_method_500m": "pond_emd_population_context", "agricultural_area_500m": 44402.579163995979, "agricultural_area_ha_500m": 4.4402579163995979, "agricultural_ratio_500m": 5.6626038842164457, "population_1000m": null, "youth_population_1000m": null, "elderly_population_1000m": null, "facility_count_1000m": 3, "road_length_1000m": null, "population_context_method_1000m": "pond_emd_population_context", "agricultural_area_1000m": 775253.49128755543, "agricultural_area_ha_1000m": 77.525349128755536, "agricultural_ratio_1000m": 24.716770476346912 }, "geometry": { "type": "Point", "coordinates": [ 128.504919858476825, 36.338333045040649 ] } },
{ "type": "Feature", "properties": { "id": "388", "address": "비안면 외곡리 7-1유", "region": "비안면", "capacity": 7.8, "emd_name": "비안면", "pond_id": "388", "facility_source": "VWorld UQ164·UO601", "road_source": "DATA_NOT_AVAILABLE", "emd_total_population": 2465.0, "emd_youth_population": 177.0, "emd_elderly_population": 1366.0, "emd_youth_ratio": 7.1805273833671404, "emd_elderly_ratio": 55.415821501014193, "emd_population_change": -74.0, "emd_year": 2025.0, "population_context_method": "pond_emd_population_context", "population_500m": null, "youth_population_500m": null, "elderly_population_500m": null, "facility_count_500m": 0, "road_length_500m": null, "population_context_method_500m": "pond_emd_population_context", "agricultural_area_500m": 3302.1229790408211, "agricultural_area_ha_500m": 0.33021229790408213, "agricultural_ratio_500m": 0.42111550183190222, "population_1000m": null, "youth_population_1000m": null, "elderly_population_1000m": null, "facility_count_1000m": 0, "road_length_1000m": null, "population_context_method_1000m": "pond_emd_population_context", "agricultural_area_1000m": 337209.08083064569, "agricultural_area_ha_1000m": 33.720908083064572, "agricultural_ratio_1000m": 10.75096023055443 }, "geometry": { "type": "Point", "coordinates": [ 128.515055954706582, 36.354496632107519 ] } },
{ "type": "Feature", "properties": { "id": "389", "address": "비안면 외곡리 67유", "region": "비안면", "capacity": 11.0, "emd_name": "비안면", "pond_id": "389", "facility_source": "VWorld UQ164·UO601", "road_source": "DATA_NOT_AVAILABLE", "emd_total_population": 2465.0, "emd_youth_population": 177.0, "emd_elderly_population": 1366.0, "emd_youth_ratio": 7.1805273833671404, "emd_elderly_ratio": 55.415821501014193, "emd_population_change": -74.0, "emd_year": 2025.0, "population_context_method": "pond_emd_population_context", "population_500m": null, "youth_population_500m": null, "elderly_population_500m": null, "facility_count_500m": 0, "road_length_500m": null, "population_context_method_500m": "pond_emd_population_context", "agricultural_area_500m": 61475.102676785405, "agricultural_area_ha_500m": 6.1475102676785403, "agricultural_ratio_500m": 7.8398408775865809, "population_1000m": null, "youth_population_1000m": null, "elderly_population_1000m": null, "facility_count_1000m": 0, "road_length_1000m": null, "population_context_method_1000m": "pond_emd_population_context", "agricultural_area_1000m": 266443.93353971909, "agricultural_area_ha_1000m": 26.64439335397191, "agricultural_ratio_1000m": 8.4948131470891219 }, "geometry": { "type": "Point", "coordinates": [ 128.512680040499845, 36.349723948887338 ] } },
{ "type": "Feature", "properties": { "id": "390", "address": "비안면 외곡리 498-1유", "region": "비안면", "capacity": 5.5, "emd_name": "비안면", "pond_id": "390", "facility_source": "VWorld UQ164·UO601", "road_source": "DATA_NOT_AVAILABLE", "emd_total_population": 2465.0, "emd_youth_population": 177.0, "emd_elderly_population": 1366.0, "emd_youth_ratio": 7.1805273833671404, "emd_elderly_ratio": 55.415821501014193, "emd_population_change": -74.0, "emd_year": 2025.0, "population_context_method": "pond_emd_population_context", "population_500m": null, "youth_population_500m": null, "elderly_population_500m": null, "facility_count_500m": 0, "road_length_500m": null, "population_context_method_500m": "pond_emd_population_context", "agricultural_area_500m": 0.0, "agricultural_area_ha_500m": 0.0, "agricultural_ratio_500m": 0.0, "population_1000m": null, "youth_population_1000m": null, "elderly_population_1000m": null, "facility_count_1000m": 0, "road_length_1000m": null, "population_context_method_1000m": "pond_emd_population_context", "agricultural_area_1000m": 235745.84991306099, "agricultural_area_ha_1000m": 23.5745849913061, "agricultural_ratio_1000m": 7.5160913540357903 }, "geometry": { "type": "Point", "coordinates": [ 128.496179306066381, 36.355356030158973 ] } },
{ "type": "Feature", "properties": { "id": "391", "address": "비안면 외곡리 521유", "region": "비안면", "capacity": 11.0, "emd_name": "비안면", "pond_id": "391", "facility_source": "VWorld UQ164·UO601", "road_source": "DATA_NOT_AVAILABLE", "emd_total_population": 2465.0, "emd_youth_population": 177.0, "emd_elderly_population": 1366.0, "emd_youth_ratio": 7.1805273833671404, "emd_elderly_ratio": 55.415821501014193, "emd_population_change": -74.0, "emd_year": 2025.0, "population_context_method": "pond_emd_population_context", "population_500m": null, "youth_population_500m": null, "elderly_population_500m": null, "facility_count_500m": 0, "road_length_500m": null, "population_context_method_500m": "pond_emd_population_context", "agricultural_area_500m": 5925.5910575951011, "agricultural_area_ha_500m": 0.5925591057595101, "agricultural_ratio_500m": 0.75568301595921439, "population_1000m": null, "youth_population_1000m": null, "elderly_population_1000m": null, "facility_count_1000m": 0, "road_length_1000m": null, "population_context_method_1000m": "pond_emd_population_context", "agricultural_area_1000m": 419134.34873931465, "agricultural_area_ha_1000m": 41.913434873931465, "agricultural_ratio_1000m": 13.362916275729747 }, "geometry": { "type": "Point", "coordinates": [ 128.493259768897104, 36.349472405386763 ] } },
{ "type": "Feature", "properties": { "id": "392", "address": "비안면 자락리 78유", "region": "비안면", "capacity": 13.8, "emd_name": "비안면", "pond_id": "392", "facility_source": "VWorld UQ164·UO601", "road_source": "DATA_NOT_AVAILABLE", "emd_total_population": 2465.0, "emd_youth_population": 177.0, "emd_elderly_population": 1366.0, "emd_youth_ratio": 7.1805273833671404, "emd_elderly_ratio": 55.415821501014193, "emd_population_change": -74.0, "emd_year": 2025.0, "population_context_method": "pond_emd_population_context", "population_500m": null, "youth_population_500m": null, "elderly_population_500m": null, "facility_count_500m": 0, "road_length_500m": null, "population_context_method_500m": "pond_emd_population_context", "agricultural_area_500m": 126871.90728187936, "agricultural_area_ha_500m": 12.687190728187936, "agricultural_ratio_500m": 16.179811364535713, "population_1000m": null, "youth_population_1000m": null, "elderly_population_1000m": null, "facility_count_1000m": 0, "road_length_1000m": null, "population_context_method_1000m": "pond_emd_population_context", "agricultural_area_1000m": 323604.27850379975, "agricultural_area_ha_1000m": 32.360427850379978, "agricultural_ratio_1000m": 10.317209489322368 }, "geometry": { "type": "Point", "coordinates": [ 128.521350525213677, 36.372285096701134 ] } },
{ "type": "Feature", "properties": { "id": "393", "address": "비안면 자락리 14유", "region": "비안면", "capacity": 11.0, "emd_name": "비안면", "pond_id": "393", "facility_source": "VWorld UQ164·UO601", "road_source": "DATA_NOT_AVAILABLE", "emd_total_population": 2465.0, "emd_youth_population": 177.0, "emd_elderly_population": 1366.0, "emd_youth_ratio": 7.1805273833671404, "emd_elderly_ratio": 55.415821501014193, "emd_population_change": -74.0, "emd_year": 2025.0, "population_context_method": "pond_emd_population_context", "population_500m": null, "youth_population_500m": null, "elderly_population_500m": null, "facility_count_500m": 0, "road_length_500m": null, "population_context_method_500m": "pond_emd_population_context", "agricultural_area_500m": 65508.64948103299, "agricultural_area_ha_500m": 6.5508649481032988, "agricultural_ratio_500m": 8.3542339203092286, "population_1000m": null, "youth_population_1000m": null, "elderly_population_1000m": null, "facility_count_1000m": 0, "road_length_1000m": null, "population_context_method_1000m": "pond_emd_population_context", "agricultural_area_1000m": 152382.94507930311, "agricultural_area_ha_1000m": 15.238294507930311, "agricultural_ratio_1000m": 4.8583003112692618 }, "geometry": { "type": "Point", "coordinates": [ 128.521217701972915, 36.378630363077384 ] } },
{ "type": "Feature", "properties": { "id": "394", "address": "비안면 자락리 448-1유", "region": "비안면", "capacity": 4.5, "emd_name": "비안면", "pond_id": "394", "facility_source": "VWorld UQ164·UO601", "road_source": "DATA_NOT_AVAILABLE", "emd_total_population": 2465.0, "emd_youth_population": 177.0, "emd_elderly_population": 1366.0, "emd_youth_ratio": 7.1805273833671404, "emd_elderly_ratio": 55.415821501014193, "emd_population_change": -74.0, "emd_year": 2025.0, "population_context_method": "pond_emd_population_context", "population_500m": null, "youth_population_500m": null, "elderly_population_500m": null, "facility_count_500m": 0, "road_length_500m": null, "population_context_method_500m": "pond_emd_population_context", "agricultural_area_500m": 73075.232485286295, "agricultural_area_ha_500m": 7.3075232485286294, "agricultural_ratio_500m": 9.3191905313178349, "population_1000m": null, "youth_population_1000m": null, "elderly_population_1000m": null, "facility_count_1000m": 0, "road_length_1000m": null, "population_context_method_1000m": "pond_emd_population_context", "agricultural_area_1000m": 441283.39436607948, "agricultural_area_ha_1000m": 44.128339436607945, "agricultural_ratio_1000m": 14.069076110131345 }, "geometry": { "type": "Point", "coordinates": [ 128.504983504333893, 36.370023270830657 ] } },
{ "type": "Feature", "properties": { "id": "395", "address": "비안면 자락리 453답", "region": "비안면", "capacity": 2.0, "emd_name": "비안면", "pond_id": "395", "facility_source": "VWorld UQ164·UO601", "road_source": "DATA_NOT_AVAILABLE", "emd_total_population": 2465.0, "emd_youth_population": 177.0, "emd_elderly_population": 1366.0, "emd_youth_ratio": 7.1805273833671404, "emd_elderly_ratio": 55.415821501014193, "emd_population_change": -74.0, "emd_year": 2025.0, "population_context_method": "pond_emd_population_context", "population_500m": null, "youth_population_500m": null, "elderly_population_500m": null, "facility_count_500m": 0, "road_length_500m": null, "population_context_method_500m": "pond_emd_population_context", "agricultural_area_500m": 87011.883831811632, "agricultural_area_ha_500m": 8.7011883831811634, "agricultural_ratio_500m": 11.096513775454868, "population_1000m": null, "youth_population_1000m": null, "elderly_population_1000m": null, "facility_count_1000m": 0, "road_length_1000m": null, "population_context_method_1000m": "pond_emd_population_context", "agricultural_area_1000m": 498758.34480470855, "agricultural_area_ha_1000m": 49.875834480470857, "agricultural_ratio_1000m": 15.901502760376621 }, "geometry": { "type": "Point", "coordinates": [ 128.505317114936048, 36.368252956422246 ] } },
{ "type": "Feature", "properties": { "id": "396", "address": "비안면 자락리 603구", "region": "비안면", "capacity": 13.5, "emd_name": "비안면", "pond_id": "396", "facility_source": "VWorld UQ164·UO601", "road_source": "DATA_NOT_AVAILABLE", "emd_total_population": 2465.0, "emd_youth_population": 177.0, "emd_elderly_population": 1366.0, "emd_youth_ratio": 7.1805273833671404, "emd_elderly_ratio": 55.415821501014193, "emd_population_change": -74.0, "emd_year": 2025.0, "population_context_method": "pond_emd_population_context", "population_500m": null, "youth_population_500m": null, "elderly_population_500m": null, "facility_count_500m": 0, "road_length_500m": null, "population_context_method_500m": "pond_emd_population_context", "agricultural_area_500m": 269033.21886539215, "agricultural_area_ha_500m": 26.903321886539214, "agricultural_ratio_500m": 34.309460819917895, "population_1000m": null, "youth_population_1000m": null, "elderly_population_1000m": null, "facility_count_1000m": 0, "road_length_1000m": null, "population_context_method_1000m": "pond_emd_population_context", "agricultural_area_1000m": 561819.75065782038, "agricultural_area_ha_1000m": 56.181975065782041, "agricultural_ratio_1000m": 17.912037781377879 }, "geometry": { "type": "Point", "coordinates": [ 128.51110488787242, 36.369099053742261 ] } },
{ "type": "Feature", "properties": { "id": "397", "address": "비안면 자락리 172유", "region": "비안면", "capacity": 34.5, "emd_name": "비안면", "pond_id": "397", "facility_source": "VWorld UQ164·UO601", "road_source": "DATA_NOT_AVAILABLE", "emd_total_population": 2465.0, "emd_youth_population": 177.0, "emd_elderly_population": 1366.0, "emd_youth_ratio": 7.1805273833671404, "emd_elderly_ratio": 55.415821501014193, "emd_population_change": -74.0, "emd_year": 2025.0, "population_context_method": "pond_emd_population_context", "population_500m": null, "youth_population_500m": null, "elderly_population_500m": null, "facility_count_500m": 0, "road_length_500m": null, "population_context_method_500m": "pond_emd_population_context", "agricultural_area_500m": 121278.84154798539, "agricultural_area_ha_500m": 12.127884154798538, "agricultural_ratio_500m": 15.466534875968426, "population_1000m": null, "youth_population_1000m": null, "elderly_population_1000m": null, "facility_count_1000m": 0, "road_length_1000m": null, "population_context_method_1000m": "pond_emd_population_context", "agricultural_area_1000m": 438084.13629193144, "agricultural_area_ha_1000m": 43.808413629193147, "agricultural_ratio_1000m": 13.967076791970278 }, "geometry": { "type": "Point", "coordinates": [ 128.516063279036729, 36.362215126385841 ] } },
{ "type": "Feature", "properties": { "id": "398", "address": "비안면 자락리 150유", "region": "비안면", "capacity": 3.8, "emd_name": "비안면", "pond_id": "398", "facility_source": "VWorld UQ164·UO601", "road_source": "DATA_NOT_AVAILABLE", "emd_total_population": 2465.0, "emd_youth_population": 177.0, "emd_elderly_population": 1366.0, "emd_youth_ratio": 7.1805273833671404, "emd_elderly_ratio": 55.415821501014193, "emd_population_change": -74.0, "emd_year": 2025.0, "population_context_method": "pond_emd_population_context", "population_500m": null, "youth_population_500m": null, "elderly_population_500m": null, "facility_count_500m": 0, "road_length_500m": null, "population_context_method_500m": "pond_emd_population_context", "agricultural_area_500m": 207090.26685221662, "agricultural_area_ha_500m": 20.709026685221662, "agricultural_ratio_500m": 26.409955717429284, "population_1000m": null, "youth_population_1000m": null, "elderly_population_1000m": null, "facility_count_1000m": 0, "road_length_1000m": null, "population_context_method_1000m": "pond_emd_population_context", "agricultural_area_1000m": 530429.74213365617, "agricultural_area_ha_1000m": 53.042974213365618, "agricultural_ratio_1000m": 16.911255914979861 }, "geometry": { "type": "Point", "coordinates": [ 128.516685854120396, 36.367893035278605 ] } },
{ "type": "Feature", "properties": { "id": "399", "address": "비안면 자락리 116유", "region": "비안면", "capacity": 4.6, "emd_name": "비안면", "pond_id": "399", "facility_source": "VWorld UQ164·UO601", "road_source": "DATA_NOT_AVAILABLE", "emd_total_population": 2465.0, "emd_youth_population": 177.0, "emd_elderly_population": 1366.0, "emd_youth_ratio": 7.1805273833671404, "emd_elderly_ratio": 55.415821501014193, "emd_population_change": -74.0, "emd_year": 2025.0, "population_context_method": "pond_emd_population_context", "population_500m": null, "youth_population_500m": null, "elderly_population_500m": null, "facility_count_500m": 0, "road_length_500m": null, "population_context_method_500m": "pond_emd_population_context", "agricultural_area_500m": 166777.42406638418, "agricultural_area_ha_500m": 16.677742406638419, "agricultural_ratio_500m": 21.268910660119637, "population_1000m": null, "youth_population_1000m": null, "elderly_population_1000m": null, "facility_count_1000m": 0, "road_length_1000m": null, "population_context_method_1000m": "pond_emd_population_context", "agricultural_area_1000m": 480619.68642746273, "agricultural_area_ha_1000m": 48.061968642746272, "agricultural_ratio_1000m": 15.32320280958935 }, "geometry": { "type": "Point", "coordinates": [ 128.518514318010233, 36.370825362560041 ] } },
{ "type": "Feature", "properties": { "id": "400", "address": "비안면 현산리 26유", "region": "비안면", "capacity": 41.3, "emd_name": "비안면", "pond_id": "400", "facility_source": "VWorld UQ164·UO601", "road_source": "DATA_NOT_AVAILABLE", "emd_total_population": 2465.0, "emd_youth_population": 177.0, "emd_elderly_population": 1366.0, "emd_youth_ratio": 7.1805273833671404, "emd_elderly_ratio": 55.415821501014193, "emd_population_change": -74.0, "emd_year": 2025.0, "population_context_method": "pond_emd_population_context", "population_500m": null, "youth_population_500m": null, "elderly_population_500m": null, "facility_count_500m": 0, "road_length_500m": null, "population_context_method_500m": "pond_emd_population_context", "agricultural_area_500m": 105612.99355486054, "agricultural_area_ha_500m": 10.561299355486055, "agricultural_ratio_500m": 13.468689404700317, "population_1000m": null, "youth_population_1000m": null, "elderly_population_1000m": null, "facility_count_1000m": 0, "road_length_1000m": null, "population_context_method_1000m": "pond_emd_population_context", "agricultural_area_1000m": 164696.2279052693, "agricultural_area_ha_1000m": 16.46962279052693, "agricultural_ratio_1000m": 5.250874596764306 }, "geometry": { "type": "Point", "coordinates": [ 128.525514916701866, 36.351002648306917 ] } },
{ "type": "Feature", "properties": { "id": "401", "address": "비안면 현산리 124-3유", "region": "비안면", "capacity": 26.4, "emd_name": "비안면", "pond_id": "401", "facility_source": "VWorld UQ164·UO601", "road_source": "DATA_NOT_AVAILABLE", "emd_total_population": 2465.0, "emd_youth_population": 177.0, "emd_elderly_population": 1366.0, "emd_youth_ratio": 7.1805273833671404, "emd_elderly_ratio": 55.415821501014193, "emd_population_change": -74.0, "emd_year": 2025.0, "population_context_method": "pond_emd_population_context", "population_500m": null, "youth_population_500m": null, "elderly_population_500m": null, "facility_count_500m": 0, "road_length_500m": null, "population_context_method_500m": "pond_emd_population_context", "agricultural_area_500m": 121247.47478278136, "agricultural_area_ha_500m": 12.124747478278136, "agricultural_ratio_500m": 15.462534712693596, "population_1000m": null, "youth_population_1000m": null, "elderly_population_1000m": null, "facility_count_1000m": 0, "road_length_1000m": null, "population_context_method_1000m": "pond_emd_population_context", "agricultural_area_1000m": 365511.23609804607, "agricultural_area_ha_1000m": 36.551123609804606, "agricultural_ratio_1000m": 11.653294607105849 }, "geometry": { "type": "Point", "coordinates": [ 128.524968150643303, 36.338376478823392 ] } },
{ "type": "Feature", "properties": { "id": "402", "address": "비안면 산제리 1379유", "region": "비안면", "capacity": 164.0, "emd_name": "비안면", "pond_id": "402", "facility_source": "VWorld UQ164·UO601", "road_source": "DATA_NOT_AVAILABLE", "emd_total_population": 2465.0, "emd_youth_population": 177.0, "emd_elderly_population": 1366.0, "emd_youth_ratio": 7.1805273833671404, "emd_elderly_ratio": 55.415821501014193, "emd_population_change": -74.0, "emd_year": 2025.0, "population_context_method": "pond_emd_population_context", "population_500m": null, "youth_population_500m": null, "elderly_population_500m": null, "facility_count_500m": 0, "road_length_500m": null, "population_context_method_500m": "pond_emd_population_context", "agricultural_area_500m": 216917.24698219966, "agricultural_area_ha_500m": 21.691724698219968, "agricultural_ratio_500m": 27.663177870328028, "population_1000m": null, "youth_population_1000m": null, "elderly_population_1000m": null, "facility_count_1000m": 0, "road_length_1000m": null, "population_context_method_1000m": "pond_emd_population_context", "agricultural_area_1000m": 403764.7487413534, "agricultural_area_ha_1000m": 40.37647487413534, "agricultural_ratio_1000m": 12.872899939483458 }, "geometry": { "type": "Point", "coordinates": [ 128.543542775877938, 36.360268670866162 ] } },
{ "type": "Feature", "properties": { "id": "403", "address": "비안면 산제리 1506구", "region": "비안면", "capacity": 18.0, "emd_name": "비안면", "pond_id": "403", "facility_source": "VWorld UQ164·UO601", "road_source": "DATA_NOT_AVAILABLE", "emd_total_population": 2465.0, "emd_youth_population": 177.0, "emd_elderly_population": 1366.0, "emd_youth_ratio": 7.1805273833671404, "emd_elderly_ratio": 55.415821501014193, "emd_population_change": -74.0, "emd_year": 2025.0, "population_context_method": "pond_emd_population_context", "population_500m": null, "youth_population_500m": null, "elderly_population_500m": null, "facility_count_500m": 0, "road_length_500m": null, "population_context_method_500m": "pond_emd_population_context", "agricultural_area_500m": 0.0, "agricultural_area_ha_500m": 0.0, "agricultural_ratio_500m": 0.0, "population_1000m": null, "youth_population_1000m": null, "elderly_population_1000m": null, "facility_count_1000m": 0, "road_length_1000m": null, "population_context_method_1000m": "pond_emd_population_context", "agricultural_area_1000m": 40025.566263432476, "agricultural_area_ha_1000m": 4.0025566263432477, "agricultural_ratio_1000m": 1.2761022628560144 }, "geometry": { "type": "Point", "coordinates": [ 128.538343073835222, 36.380808093923058 ] } },
{ "type": "Feature", "properties": { "id": "404", "address": "비안면 산제리 554-2유", "region": "비안면", "capacity": 1.7, "emd_name": "비안면", "pond_id": "404", "facility_source": "VWorld UQ164·UO601", "road_source": "DATA_NOT_AVAILABLE", "emd_total_population": 2465.0, "emd_youth_population": 177.0, "emd_elderly_population": 1366.0, "emd_youth_ratio": 7.1805273833671404, "emd_elderly_ratio": 55.415821501014193, "emd_population_change": -74.0, "emd_year": 2025.0, "population_context_method": "pond_emd_population_context", "population_500m": null, "youth_population_500m": null, "elderly_population_500m": null, "facility_count_500m": 0, "road_length_500m": null, "population_context_method_500m": "pond_emd_population_context", "agricultural_area_500m": 0.0, "agricultural_area_ha_500m": 0.0, "agricultural_ratio_500m": 0.0, "population_1000m": null, "youth_population_1000m": null, "elderly_population_1000m": null, "facility_count_1000m": 0, "road_length_1000m": null, "population_context_method_1000m": "pond_emd_population_context", "agricultural_area_1000m": 85120.401467789241, "agricultural_area_ha_1000m": 8.512040146778924, "agricultural_ratio_1000m": 2.7138238648105295 }, "geometry": { "type": "Point", "coordinates": [ 128.540234596173491, 36.379531248371386 ] } },
{ "type": "Feature", "properties": { "id": "405", "address": "비안면 산제리 1212유", "region": "비안면", "capacity": 9.0, "emd_name": "비안면", "pond_id": "405", "facility_source": "VWorld UQ164·UO601", "road_source": "DATA_NOT_AVAILABLE", "emd_total_population": 2465.0, "emd_youth_population": 177.0, "emd_elderly_population": 1366.0, "emd_youth_ratio": 7.1805273833671404, "emd_elderly_ratio": 55.415821501014193, "emd_population_change": -74.0, "emd_year": 2025.0, "population_context_method": "pond_emd_population_context", "population_500m": null, "youth_population_500m": null, "elderly_population_500m": null, "facility_count_500m": 0, "road_length_500m": null, "population_context_method_500m": "pond_emd_population_context", "agricultural_area_500m": 64941.90303094624, "agricultural_area_ha_500m": 6.4941903030946238, "agricultural_ratio_500m": 8.2819574735340531, "population_1000m": null, "youth_population_1000m": null, "elderly_population_1000m": null, "facility_count_1000m": 0, "road_length_1000m": null, "population_context_method_1000m": "pond_emd_population_context", "agricultural_area_1000m": 761221.55310001585, "agricultural_area_ha_1000m": 76.122155310001588, "agricultural_ratio_1000m": 24.269401713203788 }, "geometry": { "type": "Point", "coordinates": [ 128.544718692256225, 36.341393950478334 ] } },
{ "type": "Feature", "properties": { "id": "406", "address": "비안면 산제리 185유", "region": "비안면", "capacity": 3.0, "emd_name": "비안면", "pond_id": "406", "facility_source": "VWorld UQ164·UO601", "road_source": "DATA_NOT_AVAILABLE", "emd_total_population": 2465.0, "emd_youth_population": 177.0, "emd_elderly_population": 1366.0, "emd_youth_ratio": 7.1805273833671404, "emd_elderly_ratio": 55.415821501014193, "emd_population_change": -74.0, "emd_year": 2025.0, "population_context_method": "pond_emd_population_context", "population_500m": null, "youth_population_500m": null, "elderly_population_500m": null, "facility_count_500m": 0, "road_length_500m": null, "population_context_method_500m": "pond_emd_population_context", "agricultural_area_500m": 262345.20968119975, "agricultural_area_ha_500m": 26.234520968119973, "agricultural_ratio_500m": 33.456547599624791, "population_1000m": null, "youth_population_1000m": null, "elderly_population_1000m": null, "facility_count_1000m": 0, "road_length_1000m": null, "population_context_method_1000m": "pond_emd_population_context", "agricultural_area_1000m": 632591.44845161028, "agricultural_area_ha_1000m": 63.259144845161025, "agricultural_ratio_1000m": 20.168393709147143 }, "geometry": { "type": "Point", "coordinates": [ 128.551835827248823, 36.348699657726357 ] } },
{ "type": "Feature", "properties": { "id": "407", "address": "비안면 산제리 1297유", "region": "비안면", "capacity": 12.8, "emd_name": "비안면", "pond_id": "407", "facility_source": "VWorld UQ164·UO601", "road_source": "DATA_NOT_AVAILABLE", "emd_total_population": 2465.0, "emd_youth_population": 177.0, "emd_elderly_population": 1366.0, "emd_youth_ratio": 7.1805273833671404, "emd_elderly_ratio": 55.415821501014193, "emd_population_change": -74.0, "emd_year": 2025.0, "population_context_method": "pond_emd_population_context", "population_500m": null, "youth_population_500m": null, "elderly_population_500m": null, "facility_count_500m": 0, "road_length_500m": null, "population_context_method_500m": "pond_emd_population_context", "agricultural_area_500m": 38872.058037146926, "agricultural_area_ha_500m": 3.8872058037146924, "agricultural_ratio_500m": 4.9573036290450023, "population_1000m": null, "youth_population_1000m": null, "elderly_population_1000m": null, "facility_count_1000m": 0, "road_length_1000m": null, "population_context_method_1000m": "pond_emd_population_context", "agricultural_area_1000m": 309170.94101238652, "agricultural_area_ha_1000m": 30.917094101238654, "agricultural_ratio_1000m": 9.8570432417761307 }, "geometry": { "type": "Point", "coordinates": [ 128.538841095149934, 36.348921634020577 ] } },
{ "type": "Feature", "properties": { "id": "408", "address": "비안면 산제리 1231-1답", "region": "비안면", "capacity": 21.0, "emd_name": "비안면", "pond_id": "408", "facility_source": "VWorld UQ164·UO601", "road_source": "DATA_NOT_AVAILABLE", "emd_total_population": 2465.0, "emd_youth_population": 177.0, "emd_elderly_population": 1366.0, "emd_youth_ratio": 7.1805273833671404, "emd_elderly_ratio": 55.415821501014193, "emd_population_change": -74.0, "emd_year": 2025.0, "population_context_method": "pond_emd_population_context", "population_500m": null, "youth_population_500m": null, "elderly_population_500m": null, "facility_count_500m": 0, "road_length_500m": null, "population_context_method_500m": "pond_emd_population_context", "agricultural_area_500m": 109716.21707396774, "agricultural_area_ha_500m": 10.971621707396773, "agricultural_ratio_500m": 13.991968229366988, "population_1000m": null, "youth_population_1000m": null, "elderly_population_1000m": null, "facility_count_1000m": 0, "road_length_1000m": null, "population_context_method_1000m": "pond_emd_population_context", "agricultural_area_1000m": 572679.98652320064, "agricultural_area_ha_1000m": 57.267998652320067, "agricultural_ratio_1000m": 18.258285763773653 }, "geometry": { "type": "Point", "coordinates": [ 128.54325190913238, 36.345521800847905 ] } },
{ "type": "Feature", "properties": { "id": "409", "address": "비안면 산제리 323유", "region": "비안면", "capacity": 31.0, "emd_name": "비안면", "pond_id": "409", "facility_source": "VWorld UQ164·UO601", "road_source": "DATA_NOT_AVAILABLE", "emd_total_population": 2465.0, "emd_youth_population": 177.0, "emd_elderly_population": 1366.0, "emd_youth_ratio": 7.1805273833671404, "emd_elderly_ratio": 55.415821501014193, "emd_population_change": -74.0, "emd_year": 2025.0, "population_context_method": "pond_emd_population_context", "population_500m": null, "youth_population_500m": null, "elderly_population_500m": null, "facility_count_500m": 0, "road_length_500m": null, "population_context_method_500m": "pond_emd_population_context", "agricultural_area_500m": 15002.769568668005, "agricultural_area_ha_500m": 1.5002769568668006, "agricultural_ratio_500m": 1.9132839315430947, "population_1000m": null, "youth_population_1000m": null, "elderly_population_1000m": null, "facility_count_1000m": 0, "road_length_1000m": null, "population_context_method_1000m": "pond_emd_population_context", "agricultural_area_1000m": 493322.66002739733, "agricultural_area_ha_1000m": 49.332266002739736, "agricultural_ratio_1000m": 15.7282012860428 }, "geometry": { "type": "Point", "coordinates": [ 128.552303318108272, 36.352613270341131 ] } },
{ "type": "Feature", "properties": { "id": "410", "address": "비안면 산제리 1450-1유", "region": "비안면", "capacity": 1.4, "emd_name": "비안면", "pond_id": "410", "facility_source": "VWorld UQ164·UO601", "road_source": "DATA_NOT_AVAILABLE", "emd_total_population": 2465.0, "emd_youth_population": 177.0, "emd_elderly_population": 1366.0, "emd_youth_ratio": 7.1805273833671404, "emd_elderly_ratio": 55.415821501014193, "emd_population_change": -74.0, "emd_year": 2025.0, "population_context_method": "pond_emd_population_context", "population_500m": null, "youth_population_500m": null, "elderly_population_500m": null, "facility_count_500m": 0, "road_length_500m": null, "population_context_method_500m": "pond_emd_population_context", "agricultural_area_500m": 0.0, "agricultural_area_ha_500m": 0.0, "agricultural_ratio_500m": 0.0, "population_1000m": null, "youth_population_1000m": null, "elderly_population_1000m": null, "facility_count_1000m": 0, "road_length_1000m": null, "population_context_method_1000m": "pond_emd_population_context", "agricultural_area_1000m": 132995.69419471093, "agricultural_area_ha_1000m": 13.299569419471093, "agricultural_ratio_1000m": 4.2401925108310206 }, "geometry": { "type": "Point", "coordinates": [ 128.532335389245105, 36.355150519306378 ] } },
{ "type": "Feature", "properties": { "id": "411", "address": "비안면 산제리 50유", "region": "비안면", "capacity": 30.0, "emd_name": "비안면", "pond_id": "411", "facility_source": "VWorld UQ164·UO601", "road_source": "DATA_NOT_AVAILABLE", "emd_total_population": 2465.0, "emd_youth_population": 177.0, "emd_elderly_population": 1366.0, "emd_youth_ratio": 7.1805273833671404, "emd_elderly_ratio": 55.415821501014193, "emd_population_change": -74.0, "emd_year": 2025.0, "population_context_method": "pond_emd_population_context", "population_500m": null, "youth_population_500m": null, "elderly_population_500m": null, "facility_count_500m": 0, "road_length_500m": null, "population_context_method_500m": "pond_emd_population_context", "agricultural_area_500m": 234361.83894790433, "agricultural_area_ha_500m": 23.436183894790432, "agricultural_ratio_500m": 29.887864275564318, "population_1000m": null, "youth_population_1000m": null, "elderly_population_1000m": null, "facility_count_1000m": 0, "road_length_1000m": null, "population_context_method_1000m": "pond_emd_population_context", "agricultural_area_1000m": 721435.89849637321, "agricultural_area_ha_1000m": 72.143589849637323, "agricultural_ratio_1000m": 23.000948356797426 }, "geometry": { "type": "Point", "coordinates": [ 128.555339198936082, 36.345626531924239 ] } },
{ "type": "Feature", "properties": { "id": "412", "address": "비안면 산제리 137유", "region": "비안면", "capacity": 8.0, "emd_name": "비안면", "pond_id": "412", "facility_source": "VWorld UQ164·UO601", "road_source": "DATA_NOT_AVAILABLE", "emd_total_population": 2465.0, "emd_youth_population": 177.0, "emd_elderly_population": 1366.0, "emd_youth_ratio": 7.1805273833671404, "emd_elderly_ratio": 55.415821501014193, "emd_population_change": -74.0, "emd_year": 2025.0, "population_context_method": "pond_emd_population_context", "population_500m": null, "youth_population_500m": null, "elderly_population_500m": null, "facility_count_500m": 0, "road_length_500m": null, "population_context_method_500m": "pond_emd_population_context", "agricultural_area_500m": 275152.43803605024, "agricultural_area_ha_500m": 27.515243803605024, "agricultural_ratio_500m": 35.089836980414375, "population_1000m": null, "youth_population_1000m": null, "elderly_population_1000m": null, "facility_count_1000m": 0, "road_length_1000m": null, "population_context_method_1000m": "pond_emd_population_context", "agricultural_area_1000m": 734077.53705412382, "agricultural_area_ha_1000m": 73.407753705412375, "agricultural_ratio_1000m": 23.403991338465165 }, "geometry": { "type": "Point", "coordinates": [ 128.554833982349891, 36.345425853583841 ] } },
{ "type": "Feature", "properties": { "id": "413", "address": "비안면 산제리 600유", "region": "비안면", "capacity": 13.0, "emd_name": "비안면", "pond_id": "413", "facility_source": "VWorld UQ164·UO601", "road_source": "DATA_NOT_AVAILABLE", "emd_total_population": 2465.0, "emd_youth_population": 177.0, "emd_elderly_population": 1366.0, "emd_youth_ratio": 7.1805273833671404, "emd_elderly_ratio": 55.415821501014193, "emd_population_change": -74.0, "emd_year": 2025.0, "population_context_method": "pond_emd_population_context", "population_500m": null, "youth_population_500m": null, "elderly_population_500m": null, "facility_count_500m": 0, "road_length_500m": null, "population_context_method_500m": "pond_emd_population_context", "agricultural_area_500m": 86480.502819734655, "agricultural_area_ha_500m": 8.6480502819734646, "agricultural_ratio_500m": 11.028747437561014, "population_1000m": null, "youth_population_1000m": null, "elderly_population_1000m": null, "facility_count_1000m": 0, "road_length_1000m": null, "population_context_method_1000m": "pond_emd_population_context", "agricultural_area_1000m": 232323.60063264487, "agricultural_area_ha_1000m": 23.232360063264487, "agricultural_ratio_1000m": 7.4069825903507605 }, "geometry": { "type": "Point", "coordinates": [ 128.53702235441304, 36.371444899171287 ] } },
{ "type": "Feature", "properties": { "id": "414", "address": "비안면 산제리 549유", "region": "비안면", "capacity": 39.6, "emd_name": "비안면", "pond_id": "414", "facility_source": "VWorld UQ164·UO601", "road_source": "DATA_NOT_AVAILABLE", "emd_total_population": 2465.0, "emd_youth_population": 177.0, "emd_elderly_population": 1366.0, "emd_youth_ratio": 7.1805273833671404, "emd_elderly_ratio": 55.415821501014193, "emd_population_change": -74.0, "emd_year": 2025.0, "population_context_method": "pond_emd_population_context", "population_500m": null, "youth_population_500m": null, "elderly_population_500m": null, "facility_count_500m": 0, "road_length_500m": null, "population_context_method_500m": "pond_emd_population_context", "agricultural_area_500m": 0.0, "agricultural_area_ha_500m": 0.0, "agricultural_ratio_500m": 0.0, "population_1000m": null, "youth_population_1000m": null, "elderly_population_1000m": null, "facility_count_1000m": 0, "road_length_1000m": null, "population_context_method_1000m": "pond_emd_population_context", "agricultural_area_1000m": 117250.84031540365, "agricultural_area_ha_1000m": 11.725084031540366, "agricultural_ratio_1000m": 3.7382122632191956 }, "geometry": { "type": "Point", "coordinates": [ 128.540833472872635, 36.378820694419908 ] } },
{ "type": "Feature", "properties": { "id": "415", "address": "비안면 산제리 185유", "region": "비안면", "capacity": 7.4, "emd_name": "비안면", "pond_id": "415", "facility_source": "VWorld UQ164·UO601", "road_source": "DATA_NOT_AVAILABLE", "emd_total_population": 2465.0, "emd_youth_population": 177.0, "emd_elderly_population": 1366.0, "emd_youth_ratio": 7.1805273833671404, "emd_elderly_ratio": 55.415821501014193, "emd_population_change": -74.0, "emd_year": 2025.0, "population_context_method": "pond_emd_population_context", "population_500m": null, "youth_population_500m": null, "elderly_population_500m": null, "facility_count_500m": 0, "road_length_500m": null, "population_context_method_500m": "pond_emd_population_context", "agricultural_area_500m": 262345.20968119975, "agricultural_area_ha_500m": 26.234520968119973, "agricultural_ratio_500m": 33.456547599624791, "population_1000m": null, "youth_population_1000m": null, "elderly_population_1000m": null, "facility_count_1000m": 0, "road_length_1000m": null, "population_context_method_1000m": "pond_emd_population_context", "agricultural_area_1000m": 632591.44845161028, "agricultural_area_ha_1000m": 63.259144845161025, "agricultural_ratio_1000m": 20.168393709147143 }, "geometry": { "type": "Point", "coordinates": [ 128.551835827248823, 36.348699657726357 ] } },
{ "type": "Feature", "properties": { "id": "416", "address": "비안면 산제리 1127유", "region": "비안면", "capacity": 2.2, "emd_name": "비안면", "pond_id": "416", "facility_source": "VWorld UQ164·UO601", "road_source": "DATA_NOT_AVAILABLE", "emd_total_population": 2465.0, "emd_youth_population": 177.0, "emd_elderly_population": 1366.0, "emd_youth_ratio": 7.1805273833671404, "emd_elderly_ratio": 55.415821501014193, "emd_population_change": -74.0, "emd_year": 2025.0, "population_context_method": "pond_emd_population_context", "population_500m": null, "youth_population_500m": null, "elderly_population_500m": null, "facility_count_500m": 0, "road_length_500m": null, "population_context_method_500m": "pond_emd_population_context", "agricultural_area_500m": 192968.3495679253, "agricultural_area_ha_500m": 19.29683495679253, "agricultural_ratio_500m": 24.609005746229123, "population_1000m": null, "youth_population_1000m": null, "elderly_population_1000m": null, "facility_count_1000m": 0, "road_length_1000m": null, "population_context_method_1000m": "pond_emd_population_context", "agricultural_area_1000m": 620077.641842696, "agricultural_area_ha_1000m": 62.007764184269597, "agricultural_ratio_1000m": 19.769426288537097 }, "geometry": { "type": "Point", "coordinates": [ 128.544444193851973, 36.346110132044352 ] } },
{ "type": "Feature", "properties": { "id": "417", "address": "비안면 화신리 56-1유", "region": "비안면", "capacity": 17.0, "emd_name": "비안면", "pond_id": "417", "facility_source": "VWorld UQ164·UO601", "road_source": "DATA_NOT_AVAILABLE", "emd_total_population": 2465.0, "emd_youth_population": 177.0, "emd_elderly_population": 1366.0, "emd_youth_ratio": 7.1805273833671404, "emd_elderly_ratio": 55.415821501014193, "emd_population_change": -74.0, "emd_year": 2025.0, "population_context_method": "pond_emd_population_context", "population_500m": null, "youth_population_500m": null, "elderly_population_500m": null, "facility_count_500m": 0, "road_length_500m": null, "population_context_method_500m": "pond_emd_population_context", "agricultural_area_500m": 150036.66911785546, "agricultural_area_ha_500m": 15.003666911785546, "agricultural_ratio_500m": 19.133983685582081, "population_1000m": null, "youth_population_1000m": null, "elderly_population_1000m": null, "facility_count_1000m": 0, "road_length_1000m": null, "population_context_method_1000m": "pond_emd_population_context", "agricultural_area_1000m": 666988.08383730578, "agricultural_area_ha_1000m": 66.698808383730579, "agricultural_ratio_1000m": 21.265033390930249 }, "geometry": { "type": "Point", "coordinates": [ 128.559385479097756, 36.337950738207979 ] } },
{ "type": "Feature", "properties": { "id": "418", "address": "비안면 화신리 572유", "region": "비안면", "capacity": 16.0, "emd_name": "비안면", "pond_id": "418", "facility_source": "VWorld UQ164·UO601", "road_source": "DATA_NOT_AVAILABLE", "emd_total_population": 2465.0, "emd_youth_population": 177.0, "emd_elderly_population": 1366.0, "emd_youth_ratio": 7.1805273833671404, "emd_elderly_ratio": 55.415821501014193, "emd_population_change": -74.0, "emd_year": 2025.0, "population_context_method": "pond_emd_population_context", "population_500m": null, "youth_population_500m": null, "elderly_population_500m": null, "facility_count_500m": 0, "road_length_500m": null, "population_context_method_500m": "pond_emd_population_context", "agricultural_area_500m": 146308.26099411218, "agricultural_area_ha_500m": 14.630826099411218, "agricultural_ratio_500m": 18.658504586823511, "population_1000m": null, "youth_population_1000m": null, "elderly_population_1000m": null, "facility_count_1000m": 0, "road_length_1000m": null, "population_context_method_1000m": "pond_emd_population_context", "agricultural_area_1000m": 520304.47926345374, "agricultural_area_ha_1000m": 52.030447926345374, "agricultural_ratio_1000m": 16.588440473078624 }, "geometry": { "type": "Point", "coordinates": [ 128.55908148976431, 36.32827713000222 ] } },
{ "type": "Feature", "properties": { "id": "419", "address": "비안면 화신리 66-1유", "region": "비안면", "capacity": 17.0, "emd_name": "비안면", "pond_id": "419", "facility_source": "VWorld UQ164·UO601", "road_source": "DATA_NOT_AVAILABLE", "emd_total_population": 2465.0, "emd_youth_population": 177.0, "emd_elderly_population": 1366.0, "emd_youth_ratio": 7.1805273833671404, "emd_elderly_ratio": 55.415821501014193, "emd_population_change": -74.0, "emd_year": 2025.0, "population_context_method": "pond_emd_population_context", "population_500m": null, "youth_population_500m": null, "elderly_population_500m": null, "facility_count_500m": 0, "road_length_500m": null, "population_context_method_500m": "pond_emd_population_context", "agricultural_area_500m": 252437.48923820187, "agricultural_area_ha_500m": 25.243748923820188, "agricultural_ratio_500m": 32.193028738320848, "population_1000m": null, "youth_population_1000m": null, "elderly_population_1000m": null, "facility_count_1000m": 0, "road_length_1000m": null, "population_context_method_1000m": "pond_emd_population_context", "agricultural_area_1000m": 738219.08785746619, "agricultural_area_ha_1000m": 73.821908785746615, "agricultural_ratio_1000m": 23.536033001963297 }, "geometry": { "type": "Point", "coordinates": [ 128.558012136518698, 36.338896744513221 ] } },
{ "type": "Feature", "properties": { "id": "420", "address": "비안면 화신리 890유", "region": "비안면", "capacity": 53.0, "emd_name": "비안면", "pond_id": "420", "facility_source": "VWorld UQ164·UO601", "road_source": "DATA_NOT_AVAILABLE", "emd_total_population": 2465.0, "emd_youth_population": 177.0, "emd_elderly_population": 1366.0, "emd_youth_ratio": 7.1805273833671404, "emd_elderly_ratio": 55.415821501014193, "emd_population_change": -74.0, "emd_year": 2025.0, "population_context_method": "pond_emd_population_context", "population_500m": null, "youth_population_500m": null, "elderly_population_500m": null, "facility_count_500m": 0, "road_length_500m": null, "population_context_method_500m": "pond_emd_population_context", "agricultural_area_500m": 44198.659611400748, "agricultural_area_ha_500m": 4.4198659611400748, "agricultural_ratio_500m": 5.6365982856153227, "population_1000m": null, "youth_population_1000m": null, "elderly_population_1000m": null, "facility_count_1000m": 0, "road_length_1000m": null, "population_context_method_1000m": "pond_emd_population_context", "agricultural_area_1000m": 184093.78365315817, "agricultural_area_ha_1000m": 18.409378365315817, "agricultural_ratio_1000m": 5.869310938697371 }, "geometry": { "type": "Point", "coordinates": [ 128.540576772454642, 36.33467125837057 ] } },
{ "type": "Feature", "properties": { "id": "421", "address": "비안면 화신리 26", "region": "비안면", "capacity": 17.7, "emd_name": "비안면", "pond_id": "421", "facility_source": "VWorld UQ164·UO601", "road_source": "DATA_NOT_AVAILABLE", "emd_total_population": 2465.0, "emd_youth_population": 177.0, "emd_elderly_population": 1366.0, "emd_youth_ratio": 7.1805273833671404, "emd_elderly_ratio": 55.415821501014193, "emd_population_change": -74.0, "emd_year": 2025.0, "population_context_method": "pond_emd_population_context", "population_500m": null, "youth_population_500m": null, "elderly_population_500m": null, "facility_count_500m": 0, "road_length_500m": null, "population_context_method_500m": "pond_emd_population_context", "agricultural_area_500m": 183085.19638998978, "agricultural_area_ha_500m": 18.308519638998977, "agricultural_ratio_500m": 23.348619916681123, "population_1000m": null, "youth_population_1000m": null, "elderly_population_1000m": null, "facility_count_1000m": 0, "road_length_1000m": null, "population_context_method_1000m": "pond_emd_population_context", "agricultural_area_1000m": 734590.19544379902, "agricultural_area_ha_1000m": 73.459019544379899, "agricultural_ratio_1000m": 23.420336004942357 }, "geometry": { "type": "Point", "coordinates": [ 128.558306819054678, 36.334117197400722 ] } },
{ "type": "Feature", "properties": { "id": "422", "address": "비안면 화신리 907유", "region": "비안면", "capacity": 4.8, "emd_name": "비안면", "pond_id": "422", "facility_source": "VWorld UQ164·UO601", "road_source": "DATA_NOT_AVAILABLE", "emd_total_population": 2465.0, "emd_youth_population": 177.0, "emd_elderly_population": 1366.0, "emd_youth_ratio": 7.1805273833671404, "emd_elderly_ratio": 55.415821501014193, "emd_population_change": -74.0, "emd_year": 2025.0, "population_context_method": "pond_emd_population_context", "population_500m": null, "youth_population_500m": null, "elderly_population_500m": null, "facility_count_500m": 0, "road_length_500m": null, "population_context_method_500m": "pond_emd_population_context", "agricultural_area_500m": 40475.894870939439, "agricultural_area_ha_500m": 4.0475894870939442, "agricultural_ratio_500m": 5.1618388802775925, "population_1000m": null, "youth_population_1000m": null, "elderly_population_1000m": null, "facility_count_1000m": 0, "road_length_1000m": null, "population_context_method_1000m": "pond_emd_population_context", "agricultural_area_1000m": 402627.74907935358, "agricultural_area_ha_1000m": 40.262774907935359, "agricultural_ratio_1000m": 12.836649912888081 }, "geometry": { "type": "Point", "coordinates": [ 128.541337670783093, 36.324668477115942 ] } },
{ "type": "Feature", "properties": { "id": "423", "address": "비안면 화신리 674답", "region": "비안면", "capacity": 4.2, "emd_name": "비안면", "pond_id": "423", "facility_source": "VWorld UQ164·UO601", "road_source": "DATA_NOT_AVAILABLE", "emd_total_population": 2465.0, "emd_youth_population": 177.0, "emd_elderly_population": 1366.0, "emd_youth_ratio": 7.1805273833671404, "emd_elderly_ratio": 55.415821501014193, "emd_population_change": -74.0, "emd_year": 2025.0, "population_context_method": "pond_emd_population_context", "population_500m": null, "youth_population_500m": null, "elderly_population_500m": null, "facility_count_500m": 0, "road_length_500m": null, "population_context_method_500m": "pond_emd_population_context", "agricultural_area_500m": 172114.49356491308, "agricultural_area_ha_500m": 17.211449356491308, "agricultural_ratio_500m": 21.949540277626369, "population_1000m": null, "youth_population_1000m": null, "elderly_population_1000m": null, "facility_count_1000m": 0, "road_length_1000m": null, "population_context_method_1000m": "pond_emd_population_context", "agricultural_area_1000m": 610119.74780394521, "agricultural_area_ha_1000m": 61.011974780394524, "agricultural_ratio_1000m": 19.451946929656931 }, "geometry": { "type": "Point", "coordinates": [ 128.553651665501235, 36.325698605344087 ] } },
{ "type": "Feature", "properties": { "id": "424", "address": "비안면 쌍계리 663유", "region": "비안면", "capacity": 11.5, "emd_name": "비안면", "pond_id": "424", "facility_source": "VWorld UQ164·UO601", "road_source": "DATA_NOT_AVAILABLE", "emd_total_population": 2465.0, "emd_youth_population": 177.0, "emd_elderly_population": 1366.0, "emd_youth_ratio": 7.1805273833671404, "emd_elderly_ratio": 55.415821501014193, "emd_population_change": -74.0, "emd_year": 2025.0, "population_context_method": "pond_emd_population_context", "population_500m": null, "youth_population_500m": null, "elderly_population_500m": null, "facility_count_500m": 0, "road_length_500m": null, "population_context_method_500m": "pond_emd_population_context", "agricultural_area_500m": 102542.12303590402, "agricultural_area_ha_500m": 10.254212303590402, "agricultural_ratio_500m": 13.077065232051602, "population_1000m": null, "youth_population_1000m": null, "elderly_population_1000m": null, "facility_count_1000m": 0, "road_length_1000m": null, "population_context_method_1000m": "pond_emd_population_context", "agricultural_area_1000m": 235835.15371994415, "agricultural_area_ha_1000m": 23.583515371994416, "agricultural_ratio_1000m": 7.5189385539803268 }, "geometry": { "type": "Point", "coordinates": [ 128.533903682381606, 36.324899192595929 ] } },
{ "type": "Feature", "properties": { "id": "425", "address": "비안면 산제리 1476", "region": "비안면", "capacity": 0.45, "emd_name": "비안면", "pond_id": "425", "facility_source": "VWorld UQ164·UO601", "road_source": "DATA_NOT_AVAILABLE", "emd_total_population": 2465.0, "emd_youth_population": 177.0, "emd_elderly_population": 1366.0, "emd_youth_ratio": 7.1805273833671404, "emd_elderly_ratio": 55.415821501014193, "emd_population_change": -74.0, "emd_year": 2025.0, "population_context_method": "pond_emd_population_context", "population_500m": null, "youth_population_500m": null, "elderly_population_500m": null, "facility_count_500m": 0, "road_length_500m": null, "population_context_method_500m": "pond_emd_population_context", "agricultural_area_500m": 184700.11370979555, "agricultural_area_ha_500m": 18.470011370979556, "agricultural_ratio_500m": 23.554568248061738, "population_1000m": null, "youth_population_1000m": null, "elderly_population_1000m": null, "facility_count_1000m": 0, "road_length_1000m": null, "population_context_method_1000m": "pond_emd_population_context", "agricultural_area_1000m": 332138.94616433076, "agricultural_area_ha_1000m": 33.213894616433073, "agricultural_ratio_1000m": 10.589313290244174 }, "geometry": { "type": "Point", "coordinates": [ 128.54365924111525, 36.369557249364789 ] } },
{ "type": "Feature", "properties": { "id": "426", "address": "비안면 쌍계리 692답", "region": "비안면", "capacity": 28.5, "emd_name": "비안면", "pond_id": "426", "facility_source": "VWorld UQ164·UO601", "road_source": "DATA_NOT_AVAILABLE", "emd_total_population": 2465.0, "emd_youth_population": 177.0, "emd_elderly_population": 1366.0, "emd_youth_ratio": 7.1805273833671404, "emd_elderly_ratio": 55.415821501014193, "emd_population_change": -74.0, "emd_year": 2025.0, "population_context_method": "pond_emd_population_context", "population_500m": null, "youth_population_500m": null, "elderly_population_500m": null, "facility_count_500m": 0, "road_length_500m": null, "population_context_method_500m": "pond_emd_population_context", "agricultural_area_500m": 40408.055977684708, "agricultural_area_ha_500m": 4.0408055977684709, "agricultural_ratio_500m": 5.1531874733620979, "population_1000m": null, "youth_population_1000m": null, "elderly_population_1000m": null, "facility_count_1000m": 0, "road_length_1000m": null, "population_context_method_1000m": "pond_emd_population_context", "agricultural_area_1000m": 140148.99767750627, "agricultural_area_ha_1000m": 14.014899767750627, "agricultural_ratio_1000m": 4.4682554119580589 }, "geometry": { "type": "Point", "coordinates": [ 128.535105754096094, 36.329983892835024 ] } },
{ "type": "Feature", "properties": { "id": "427", "address": "비안면 도암리 209-1유", "region": "비안면", "capacity": 190.1, "emd_name": "비안면", "pond_id": "427", "facility_source": "VWorld UQ164·UO601", "road_source": "DATA_NOT_AVAILABLE", "emd_total_population": 2465.0, "emd_youth_population": 177.0, "emd_elderly_population": 1366.0, "emd_youth_ratio": 7.1805273833671404, "emd_elderly_ratio": 55.415821501014193, "emd_population_change": -74.0, "emd_year": 2025.0, "population_context_method": "pond_emd_population_context", "population_500m": null, "youth_population_500m": null, "elderly_population_500m": null, "facility_count_500m": 0, "road_length_500m": null, "population_context_method_500m": "pond_emd_population_context", "agricultural_area_500m": 140254.81005034829, "agricultural_area_ha_500m": 14.025481005034829, "agricultural_ratio_500m": 17.886515763821404, "population_1000m": null, "youth_population_1000m": null, "elderly_population_1000m": null, "facility_count_1000m": 1, "road_length_1000m": null, "population_context_method_1000m": "pond_emd_population_context", "agricultural_area_1000m": 336723.24593717157, "agricultural_area_ha_1000m": 33.672324593717157, "agricultural_ratio_1000m": 10.735470755580952 }, "geometry": { "type": "Point", "coordinates": [ 128.543349844613886, 36.303016563270582 ] } },
{ "type": "Feature", "properties": { "id": "428", "address": "비안면 도암리 289답", "region": "비안면", "capacity": 16.2, "emd_name": "비안면", "pond_id": "428", "facility_source": "VWorld UQ164·UO601", "road_source": "DATA_NOT_AVAILABLE", "emd_total_population": 2465.0, "emd_youth_population": 177.0, "emd_elderly_population": 1366.0, "emd_youth_ratio": 7.1805273833671404, "emd_elderly_ratio": 55.415821501014193, "emd_population_change": -74.0, "emd_year": 2025.0, "population_context_method": "pond_emd_population_context", "population_500m": null, "youth_population_500m": null, "elderly_population_500m": null, "facility_count_500m": 0, "road_length_500m": null, "population_context_method_500m": "pond_emd_population_context", "agricultural_area_500m": 0.0, "agricultural_area_ha_500m": 0.0, "agricultural_ratio_500m": 0.0, "population_1000m": null, "youth_population_1000m": null, "elderly_population_1000m": null, "facility_count_1000m": 0, "road_length_1000m": null, "population_context_method_1000m": "pond_emd_population_context", "agricultural_area_1000m": 109788.81529380953, "agricultural_area_ha_1000m": 10.978881529380953, "agricultural_ratio_1000m": 3.5003066467721382 }, "geometry": { "type": "Point", "coordinates": [ 128.532124382664961, 36.299394291103205 ] } },
{ "type": "Feature", "properties": { "id": "429", "address": "비안면 도암리 543-2유", "region": "비안면", "capacity": 13.8, "emd_name": "비안면", "pond_id": "429", "facility_source": "VWorld UQ164·UO601", "road_source": "DATA_NOT_AVAILABLE", "emd_total_population": 2465.0, "emd_youth_population": 177.0, "emd_elderly_population": 1366.0, "emd_youth_ratio": 7.1805273833671404, "emd_elderly_ratio": 55.415821501014193, "emd_population_change": -74.0, "emd_year": 2025.0, "population_context_method": "pond_emd_population_context", "population_500m": null, "youth_population_500m": null, "elderly_population_500m": null, "facility_count_500m": 0, "road_length_500m": null, "population_context_method_500m": "pond_emd_population_context", "agricultural_area_500m": 0.0, "agricultural_area_ha_500m": 0.0, "agricultural_ratio_500m": 0.0, "population_1000m": null, "youth_population_1000m": null, "elderly_population_1000m": null, "facility_count_1000m": 0, "road_length_1000m": null, "population_context_method_1000m": "pond_emd_population_context", "agricultural_area_1000m": 0.0, "agricultural_area_ha_1000m": 0.0, "agricultural_ratio_1000m": 0.0 }, "geometry": { "type": "Point", "coordinates": [ 128.51265243139872, 36.305625246065532 ] } },
{ "type": "Feature", "properties": { "id": "430", "address": "비안면 화신리 823", "region": "비안면", "capacity": 6.6, "emd_name": "비안면", "pond_id": "430", "facility_source": "VWorld UQ164·UO601", "road_source": "DATA_NOT_AVAILABLE", "emd_total_population": 2465.0, "emd_youth_population": 177.0, "emd_elderly_population": 1366.0, "emd_youth_ratio": 7.1805273833671404, "emd_elderly_ratio": 55.415821501014193, "emd_population_change": -74.0, "emd_year": 2025.0, "population_context_method": "pond_emd_population_context", "population_500m": null, "youth_population_500m": null, "elderly_population_500m": null, "facility_count_500m": 0, "road_length_500m": null, "population_context_method_500m": "pond_emd_population_context", "agricultural_area_500m": 111560.27357024646, "agricultural_area_ha_500m": 11.156027357024646, "agricultural_ratio_500m": 14.227138385586416, "population_1000m": null, "youth_population_1000m": null, "elderly_population_1000m": null, "facility_count_1000m": 0, "road_length_1000m": null, "population_context_method_1000m": "pond_emd_population_context", "agricultural_area_1000m": 658309.75872476818, "agricultural_area_ha_1000m": 65.830975872476813, "agricultural_ratio_1000m": 20.988349477428017 }, "geometry": { "type": "Point", "coordinates": [ 128.54563568987362, 36.335939590602898 ] } },
{ "type": "Feature", "properties": { "id": "431", "address": "구천면 위성리 223", "region": "구천면", "capacity": 1.0, "emd_name": "구천면", "pond_id": "431", "facility_source": "VWorld UQ164·UO601", "road_source": "DATA_NOT_AVAILABLE", "emd_total_population": 1618.0, "emd_youth_population": 106.0, "emd_elderly_population": 941.0, "emd_youth_ratio": 6.5512978986402972, "emd_elderly_ratio": 58.158220024721871, "emd_population_change": -64.0, "emd_year": 2025.0, "population_context_method": "pond_emd_population_context", "population_500m": null, "youth_population_500m": null, "elderly_population_500m": null, "facility_count_500m": 0, "road_length_500m": null, "population_context_method_500m": "pond_emd_population_context", "agricultural_area_500m": 31466.60895297008, "agricultural_area_ha_500m": 3.1466608952970079, "agricultural_ratio_500m": 4.0128962198819469, "population_1000m": null, "youth_population_1000m": null, "elderly_population_1000m": null, "facility_count_1000m": 0, "road_length_1000m": null, "population_context_method_1000m": "pond_emd_population_context", "agricultural_area_1000m": 65072.232324383061, "agricultural_area_ha_1000m": 6.5072232324383066, "agricultural_ratio_1000m": 2.0746445502284403 }, "geometry": { "type": "Point", "coordinates": [ 128.454482918954795, 36.330802112809408 ] } },
{ "type": "Feature", "properties": { "id": "432", "address": "구천면 모흥리 307", "region": "구천면", "capacity": 36.0, "emd_name": "구천면", "pond_id": "432", "facility_source": "VWorld UQ164·UO601", "road_source": "DATA_NOT_AVAILABLE", "emd_total_population": 1618.0, "emd_youth_population": 106.0, "emd_elderly_population": 941.0, "emd_youth_ratio": 6.5512978986402972, "emd_elderly_ratio": 58.158220024721871, "emd_population_change": -64.0, "emd_year": 2025.0, "population_context_method": "pond_emd_population_context", "population_500m": null, "youth_population_500m": null, "elderly_population_500m": null, "facility_count_500m": 0, "road_length_500m": null, "population_context_method_500m": "pond_emd_population_context", "agricultural_area_500m": 47000.54518556218, "agricultural_area_ha_500m": 4.7000545185562181, "agricultural_ratio_500m": 5.9939191537742955, "population_1000m": null, "youth_population_1000m": null, "elderly_population_1000m": null, "facility_count_1000m": 0, "road_length_1000m": null, "population_context_method_1000m": "pond_emd_population_context", "agricultural_area_1000m": 856729.05468041776, "agricultural_area_ha_1000m": 85.672905468041776, "agricultural_ratio_1000m": 27.314388961712073 }, "geometry": { "type": "Point", "coordinates": [ 128.44609197617649, 36.336553680832509 ] } },
{ "type": "Feature", "properties": { "id": "433", "address": "구천면 위성리 18", "region": "구천면", "capacity": 1.0, "emd_name": "구천면", "pond_id": "433", "facility_source": "VWorld UQ164·UO601", "road_source": "DATA_NOT_AVAILABLE", "emd_total_population": 1618.0, "emd_youth_population": 106.0, "emd_elderly_population": 941.0, "emd_youth_ratio": 6.5512978986402972, "emd_elderly_ratio": 58.158220024721871, "emd_population_change": -64.0, "emd_year": 2025.0, "population_context_method": "pond_emd_population_context", "population_500m": null, "youth_population_500m": null, "elderly_population_500m": null, "facility_count_500m": 0, "road_length_500m": null, "population_context_method_500m": "pond_emd_population_context", "agricultural_area_500m": 428325.66244291095, "agricultural_area_ha_500m": 42.832566244291094, "agricultural_ratio_500m": 54.623821532995244, "population_1000m": null, "youth_population_1000m": null, "elderly_population_1000m": null, "facility_count_1000m": 0, "road_length_1000m": null, "population_context_method_1000m": "pond_emd_population_context", "agricultural_area_1000m": 1849364.119685269, "agricultural_area_ha_1000m": 184.9364119685269, "agricultural_ratio_1000m": 58.961757653661941 }, "geometry": { "type": "Point", "coordinates": [ 128.461603588682181, 36.360271002481959 ] } },
{ "type": "Feature", "properties": { "id": "434", "address": "구천면 위성리 224-2", "region": "구천면", "capacity": 1.0, "emd_name": "구천면", "pond_id": "434", "facility_source": "VWorld UQ164·UO601", "road_source": "DATA_NOT_AVAILABLE", "emd_total_population": 1618.0, "emd_youth_population": 106.0, "emd_elderly_population": 941.0, "emd_youth_ratio": 6.5512978986402972, "emd_elderly_ratio": 58.158220024721871, "emd_population_change": -64.0, "emd_year": 2025.0, "population_context_method": "pond_emd_population_context", "population_500m": null, "youth_population_500m": null, "elderly_population_500m": null, "facility_count_500m": 0, "road_length_500m": null, "population_context_method_500m": "pond_emd_population_context", "agricultural_area_500m": 10379.236176245597, "agricultural_area_ha_500m": 1.0379236176245596, "agricultural_ratio_500m": 1.3236506570876159, "population_1000m": null, "youth_population_1000m": null, "elderly_population_1000m": null, "facility_count_1000m": 0, "road_length_1000m": null, "population_context_method_1000m": "pond_emd_population_context", "agricultural_area_1000m": 86859.671607736906, "agricultural_area_ha_1000m": 8.685967160773691, "agricultural_ratio_1000m": 2.7692755865100382 }, "geometry": { "type": "Point", "coordinates": [ 128.453228453410588, 36.334016230152422 ] } },
{ "type": "Feature", "properties": { "id": "435", "address": "구천면 모흥리 464-1", "region": "구천면", "capacity": 0.5, "emd_name": "구천면", "pond_id": "435", "facility_source": "VWorld UQ164·UO601", "road_source": "DATA_NOT_AVAILABLE", "emd_total_population": 1618.0, "emd_youth_population": 106.0, "emd_elderly_population": 941.0, "emd_youth_ratio": 6.5512978986402972, "emd_elderly_ratio": 58.158220024721871, "emd_population_change": -64.0, "emd_year": 2025.0, "population_context_method": "pond_emd_population_context", "population_500m": null, "youth_population_500m": null, "elderly_population_500m": null, "facility_count_500m": 0, "road_length_500m": null, "population_context_method_500m": "pond_emd_population_context", "agricultural_area_500m": 0.0, "agricultural_area_ha_500m": 0.0, "agricultural_ratio_500m": 0.0, "population_1000m": null, "youth_population_1000m": null, "elderly_population_1000m": null, "facility_count_1000m": 0, "road_length_1000m": null, "population_context_method_1000m": "pond_emd_population_context", "agricultural_area_1000m": 69586.906002790027, "agricultural_area_ha_1000m": 6.9586906002790023, "agricultural_ratio_1000m": 2.2185821839686799 }, "geometry": { "type": "Point", "coordinates": [ 128.441193181744922, 36.317879082745513 ] } },
{ "type": "Feature", "properties": { "id": "436", "address": "구천면 장국리 393", "region": "구천면", "capacity": 26.4, "emd_name": "구천면", "pond_id": "436", "facility_source": "VWorld UQ164·UO601", "road_source": "DATA_NOT_AVAILABLE", "emd_total_population": 1618.0, "emd_youth_population": 106.0, "emd_elderly_population": 941.0, "emd_youth_ratio": 6.5512978986402972, "emd_elderly_ratio": 58.158220024721871, "emd_population_change": -64.0, "emd_year": 2025.0, "population_context_method": "pond_emd_population_context", "population_500m": null, "youth_population_500m": null, "elderly_population_500m": null, "facility_count_500m": 0, "road_length_500m": null, "population_context_method_500m": "pond_emd_population_context", "agricultural_area_500m": 0.0, "agricultural_area_ha_500m": 0.0, "agricultural_ratio_500m": 0.0, "population_1000m": null, "youth_population_1000m": null, "elderly_population_1000m": null, "facility_count_1000m": 0, "road_length_1000m": null, "population_context_method_1000m": "pond_emd_population_context", "agricultural_area_1000m": 16107.136793912434, "agricultural_area_ha_1000m": 1.6107136793912433, "agricultural_ratio_1000m": 0.51353061629565422 }, "geometry": { "type": "Point", "coordinates": [ 128.393927231240355, 36.328567426190055 ] } },
{ "type": "Feature", "properties": { "id": "437", "address": "구천면 청산리 산182", "region": "구천면", "capacity": 5.0, "emd_name": "구천면", "pond_id": "437", "facility_source": "VWorld UQ164·UO601", "road_source": "DATA_NOT_AVAILABLE", "emd_total_population": 1618.0, "emd_youth_population": 106.0, "emd_elderly_population": 941.0, "emd_youth_ratio": 6.5512978986402972, "emd_elderly_ratio": 58.158220024721871, "emd_population_change": -64.0, "emd_year": 2025.0, "population_context_method": "pond_emd_population_context", "population_500m": null, "youth_population_500m": null, "elderly_population_500m": null, "facility_count_500m": 0, "road_length_500m": null, "population_context_method_500m": "pond_emd_population_context", "agricultural_area_500m": 8027.3926567168583, "agricultural_area_ha_500m": 0.80273926567168585, "agricultural_ratio_500m": 1.0237230740621841, "population_1000m": null, "youth_population_1000m": null, "elderly_population_1000m": null, "facility_count_1000m": 0, "road_length_1000m": null, "population_context_method_1000m": "pond_emd_population_context", "agricultural_area_1000m": 63005.584825908714, "agricultural_area_ha_1000m": 6.3005584825908718, "agricultural_ratio_1000m": 2.0087553250274408 }, "geometry": { "type": "Point", "coordinates": [ 128.408791773617423, 36.319148055916763 ] } },
{ "type": "Feature", "properties": { "id": "438", "address": "구천면 장국리 433", "region": "구천면", "capacity": 19.0, "emd_name": "구천면", "pond_id": "438", "facility_source": "VWorld UQ164·UO601", "road_source": "DATA_NOT_AVAILABLE", "emd_total_population": 1618.0, "emd_youth_population": 106.0, "emd_elderly_population": 941.0, "emd_youth_ratio": 6.5512978986402972, "emd_elderly_ratio": 58.158220024721871, "emd_population_change": -64.0, "emd_year": 2025.0, "population_context_method": "pond_emd_population_context", "population_500m": null, "youth_population_500m": null, "elderly_population_500m": null, "facility_count_500m": 0, "road_length_500m": null, "population_context_method_500m": "pond_emd_population_context", "agricultural_area_500m": 0.0, "agricultural_area_ha_500m": 0.0, "agricultural_ratio_500m": 0.0, "population_1000m": null, "youth_population_1000m": null, "elderly_population_1000m": null, "facility_count_1000m": 0, "road_length_1000m": null, "population_context_method_1000m": "pond_emd_population_context", "agricultural_area_1000m": 0.0, "agricultural_area_ha_1000m": 0.0, "agricultural_ratio_1000m": 0.0 }, "geometry": { "type": "Point", "coordinates": [ 128.388308300204727, 36.320045284585156 ] } },
{ "type": "Feature", "properties": { "id": "439", "address": "구천면 소호리 500-1", "region": "구천면", "capacity": 1.0, "emd_name": "구천면", "pond_id": "439", "facility_source": "VWorld UQ164·UO601", "road_source": "DATA_NOT_AVAILABLE", "emd_total_population": 1618.0, "emd_youth_population": 106.0, "emd_elderly_population": 941.0, "emd_youth_ratio": 6.5512978986402972, "emd_elderly_ratio": 58.158220024721871, "emd_population_change": -64.0, "emd_year": 2025.0, "population_context_method": "pond_emd_population_context", "population_500m": null, "youth_population_500m": null, "elderly_population_500m": null, "facility_count_500m": 0, "road_length_500m": null, "population_context_method_500m": "pond_emd_population_context", "agricultural_area_500m": 369311.86601319653, "agricultural_area_ha_500m": 36.931186601319652, "agricultural_ratio_500m": 47.097867879469099, "population_1000m": null, "youth_population_1000m": null, "elderly_population_1000m": null, "facility_count_1000m": 0, "road_length_1000m": null, "population_context_method_1000m": "pond_emd_population_context", "agricultural_area_1000m": 1548831.740943603, "agricultural_area_ha_1000m": 154.8831740943603, "agricultural_ratio_1000m": 49.380130599352974 }, "geometry": { "type": "Point", "coordinates": [ 128.413876967106063, 36.336848672208156 ] } },
{ "type": "Feature", "properties": { "id": "440", "address": "구천면 소호리 562-1", "region": "구천면", "capacity": 13.0, "emd_name": "구천면", "pond_id": "440", "facility_source": "VWorld UQ164·UO601", "road_source": "DATA_NOT_AVAILABLE", "emd_total_population": 1618.0, "emd_youth_population": 106.0, "emd_elderly_population": 941.0, "emd_youth_ratio": 6.5512978986402972, "emd_elderly_ratio": 58.158220024721871, "emd_population_change": -64.0, "emd_year": 2025.0, "population_context_method": "pond_emd_population_context", "population_500m": null, "youth_population_500m": null, "elderly_population_500m": null, "facility_count_500m": 0, "road_length_500m": null, "population_context_method_500m": "pond_emd_population_context", "agricultural_area_500m": 226660.7931490051, "agricultural_area_ha_500m": 22.666079314900511, "agricultural_ratio_500m": 28.905759797076385, "population_1000m": null, "youth_population_1000m": null, "elderly_population_1000m": null, "facility_count_1000m": 0, "road_length_1000m": null, "population_context_method_1000m": "pond_emd_population_context", "agricultural_area_1000m": 1401970.1987453243, "agricultural_area_ha_1000m": 140.19701987453243, "agricultural_ratio_1000m": 44.697864642332235 }, "geometry": { "type": "Point", "coordinates": [ 128.411030845901024, 36.337747328396894 ] } },
{ "type": "Feature", "properties": { "id": "441", "address": "구천면 소호리 1106", "region": "구천면", "capacity": 49.5, "emd_name": "구천면", "pond_id": "441", "facility_source": "VWorld UQ164·UO601", "road_source": "DATA_NOT_AVAILABLE", "emd_total_population": 1618.0, "emd_youth_population": 106.0, "emd_elderly_population": 941.0, "emd_youth_ratio": 6.5512978986402972, "emd_elderly_ratio": 58.158220024721871, "emd_population_change": -64.0, "emd_year": 2025.0, "population_context_method": "pond_emd_population_context", "population_500m": null, "youth_population_500m": null, "elderly_population_500m": null, "facility_count_500m": 0, "road_length_500m": null, "population_context_method_500m": "pond_emd_population_context", "agricultural_area_500m": 159694.13681283753, "agricultural_area_ha_500m": 15.969413681283752, "agricultural_ratio_500m": 20.365588135389427, "population_1000m": null, "youth_population_1000m": null, "elderly_population_1000m": null, "facility_count_1000m": 0, "road_length_1000m": null, "population_context_method_1000m": "pond_emd_population_context", "agricultural_area_1000m": 425577.96457638714, "agricultural_area_ha_1000m": 42.557796457638716, "agricultural_ratio_1000m": 13.568352788396288 }, "geometry": { "type": "Point", "coordinates": [ 128.397922530031764, 36.339027599157454 ] } },
{ "type": "Feature", "properties": { "id": "442", "address": "구천면 소호리 1089", "region": "구천면", "capacity": 9.0, "emd_name": "구천면", "pond_id": "442", "facility_source": "VWorld UQ164·UO601", "road_source": "DATA_NOT_AVAILABLE", "emd_total_population": 1618.0, "emd_youth_population": 106.0, "emd_elderly_population": 941.0, "emd_youth_ratio": 6.5512978986402972, "emd_elderly_ratio": 58.158220024721871, "emd_population_change": -64.0, "emd_year": 2025.0, "population_context_method": "pond_emd_population_context", "population_500m": null, "youth_population_500m": null, "elderly_population_500m": null, "facility_count_500m": 0, "road_length_500m": null, "population_context_method_500m": "pond_emd_population_context", "agricultural_area_500m": 126173.45612186486, "agricultural_area_ha_500m": 12.617345612186487, "agricultural_ratio_500m": 16.090738785282465, "population_1000m": null, "youth_population_1000m": null, "elderly_population_1000m": null, "facility_count_1000m": 0, "road_length_1000m": null, "population_context_method_1000m": "pond_emd_population_context", "agricultural_area_1000m": 632793.10502771928, "agricultural_area_ha_1000m": 63.279310502771928, "agricultural_ratio_1000m": 20.174822960176318 }, "geometry": { "type": "Point", "coordinates": [ 128.393708474121468, 36.340680721894401 ] } },
{ "type": "Feature", "properties": { "id": "443", "address": "구천면 소호리 1141", "region": "구천면", "capacity": 5.0, "emd_name": "구천면", "pond_id": "443", "facility_source": "VWorld UQ164·UO601", "road_source": "DATA_NOT_AVAILABLE", "emd_total_population": 1618.0, "emd_youth_population": 106.0, "emd_elderly_population": 941.0, "emd_youth_ratio": 6.5512978986402972, "emd_elderly_ratio": 58.158220024721871, "emd_population_change": -64.0, "emd_year": 2025.0, "population_context_method": "pond_emd_population_context", "population_500m": null, "youth_population_500m": null, "elderly_population_500m": null, "facility_count_500m": 0, "road_length_500m": null, "population_context_method_500m": "pond_emd_population_context", "agricultural_area_500m": 77383.756951480405, "agricultural_area_ha_500m": 7.7383756951480409, "agricultural_ratio_500m": 9.8686511220507072, "population_1000m": null, "youth_population_1000m": null, "elderly_population_1000m": null, "facility_count_1000m": 0, "road_length_1000m": null, "population_context_method_1000m": "pond_emd_population_context", "agricultural_area_1000m": 381261.09940485196, "agricultural_area_ha_1000m": 38.126109940485193, "agricultural_ratio_1000m": 12.155434566181206 }, "geometry": { "type": "Point", "coordinates": [ 128.392329981385529, 36.337696122392465 ] } },
{ "type": "Feature", "properties": { "id": "444", "address": "구천면 용사리 152-2", "region": "구천면", "capacity": 50.0, "emd_name": "구천면", "pond_id": "444", "facility_source": "VWorld UQ164·UO601", "road_source": "DATA_NOT_AVAILABLE", "emd_total_population": 1618.0, "emd_youth_population": 106.0, "emd_elderly_population": 941.0, "emd_youth_ratio": 6.5512978986402972, "emd_elderly_ratio": 58.158220024721871, "emd_population_change": -64.0, "emd_year": 2025.0, "population_context_method": "pond_emd_population_context", "population_500m": null, "youth_population_500m": null, "elderly_population_500m": null, "facility_count_500m": 0, "road_length_500m": null, "population_context_method_500m": "pond_emd_population_context", "agricultural_area_500m": 133354.27964464875, "agricultural_area_ha_500m": 13.335427964464875, "agricultural_ratio_500m": 17.006499985139971, "population_1000m": null, "youth_population_1000m": null, "elderly_population_1000m": null, "facility_count_1000m": 0, "road_length_1000m": null, "population_context_method_1000m": "pond_emd_population_context", "agricultural_area_1000m": 730339.99636843335, "agricultural_area_ha_1000m": 73.033999636843333, "agricultural_ratio_1000m": 23.284830397802008 }, "geometry": { "type": "Point", "coordinates": [ 128.420387141178168, 36.352522650542817 ] } },
{ "type": "Feature", "properties": { "id": "445", "address": "구천면 내산리 845", "region": "구천면", "capacity": 7.4, "emd_name": "구천면", "pond_id": "445", "facility_source": "VWorld UQ164·UO601", "road_source": "DATA_NOT_AVAILABLE", "emd_total_population": 1618.0, "emd_youth_population": 106.0, "emd_elderly_population": 941.0, "emd_youth_ratio": 6.5512978986402972, "emd_elderly_ratio": 58.158220024721871, "emd_population_change": -64.0, "emd_year": 2025.0, "population_context_method": "pond_emd_population_context", "population_500m": null, "youth_population_500m": null, "elderly_population_500m": null, "facility_count_500m": 0, "road_length_500m": null, "population_context_method_500m": "pond_emd_population_context", "agricultural_area_500m": 103128.53791073868, "agricultural_area_ha_500m": 10.312853791073868, "agricultural_ratio_500m": 13.151849967770143, "population_1000m": null, "youth_population_1000m": null, "elderly_population_1000m": null, "facility_count_1000m": 0, "road_length_1000m": null, "population_context_method_1000m": "pond_emd_population_context", "agricultural_area_1000m": 764504.08092437126, "agricultural_area_ha_1000m": 76.450408092437129, "agricultural_ratio_1000m": 24.374055852435163 }, "geometry": { "type": "Point", "coordinates": [ 128.417712259221787, 36.357366215844351 ] } },
{ "type": "Feature", "properties": { "id": "446", "address": "구천면 청산리 산98-1", "region": "구천면", "capacity": 40.0, "emd_name": "구천면", "pond_id": "446", "facility_source": "VWorld UQ164·UO601", "road_source": "DATA_NOT_AVAILABLE", "emd_total_population": 1618.0, "emd_youth_population": 106.0, "emd_elderly_population": 941.0, "emd_youth_ratio": 6.5512978986402972, "emd_elderly_ratio": 58.158220024721871, "emd_population_change": -64.0, "emd_year": 2025.0, "population_context_method": "pond_emd_population_context", "population_500m": null, "youth_population_500m": null, "elderly_population_500m": null, "facility_count_500m": 0, "road_length_500m": null, "population_context_method_500m": "pond_emd_population_context", "agricultural_area_500m": 0.0, "agricultural_area_ha_500m": 0.0, "agricultural_ratio_500m": 0.0, "population_1000m": null, "youth_population_1000m": null, "elderly_population_1000m": null, "facility_count_1000m": 0, "road_length_1000m": null, "population_context_method_1000m": "pond_emd_population_context", "agricultural_area_1000m": 10654.479019816388, "agricultural_area_ha_1000m": 1.0654479019816387, "agricultural_ratio_1000m": 0.33968800584243508 }, "geometry": { "type": "Point", "coordinates": [ 128.410208001361752, 36.305650938252207 ] } },
{ "type": "Feature", "properties": { "id": "447", "address": "구천면 조성리 26", "region": "구천면", "capacity": 24.96, "emd_name": "구천면", "pond_id": "447", "facility_source": "VWorld UQ164·UO601", "road_source": "DATA_NOT_AVAILABLE", "emd_total_population": 1618.0, "emd_youth_population": 106.0, "emd_elderly_population": 941.0, "emd_youth_ratio": 6.5512978986402972, "emd_elderly_ratio": 58.158220024721871, "emd_population_change": -64.0, "emd_year": 2025.0, "population_context_method": "pond_emd_population_context", "population_500m": null, "youth_population_500m": null, "elderly_population_500m": null, "facility_count_500m": 0, "road_length_500m": null, "population_context_method_500m": "pond_emd_population_context", "agricultural_area_500m": 0.0, "agricultural_area_ha_500m": 0.0, "agricultural_ratio_500m": 0.0, "population_1000m": null, "youth_population_1000m": null, "elderly_population_1000m": null, "facility_count_1000m": 0, "road_length_1000m": null, "population_context_method_1000m": "pond_emd_population_context", "agricultural_area_1000m": 275394.9046120164, "agricultural_area_ha_1000m": 27.539490461201641, "agricultural_ratio_1000m": 8.780189607847726 }, "geometry": { "type": "Point", "coordinates": [ 128.431936903557443, 36.316476380367497 ] } },
{ "type": "Feature", "properties": { "id": "448", "address": "구천면 청산리 산50-2", "region": "구천면", "capacity": 20.0, "emd_name": "구천면", "pond_id": "448", "facility_source": "VWorld UQ164·UO601", "road_source": "DATA_NOT_AVAILABLE", "emd_total_population": 1618.0, "emd_youth_population": 106.0, "emd_elderly_population": 941.0, "emd_youth_ratio": 6.5512978986402972, "emd_elderly_ratio": 58.158220024721871, "emd_population_change": -64.0, "emd_year": 2025.0, "population_context_method": "pond_emd_population_context", "population_500m": null, "youth_population_500m": null, "elderly_population_500m": null, "facility_count_500m": 0, "road_length_500m": null, "population_context_method_500m": "pond_emd_population_context", "agricultural_area_500m": 0.0, "agricultural_area_ha_500m": 0.0, "agricultural_ratio_500m": 0.0, "population_1000m": null, "youth_population_1000m": null, "elderly_population_1000m": null, "facility_count_1000m": 0, "road_length_1000m": null, "population_context_method_1000m": "pond_emd_population_context", "agricultural_area_1000m": 39140.251095929474, "agricultural_area_ha_1000m": 3.9140251095929472, "agricultural_ratio_1000m": 1.2478764863321861 }, "geometry": { "type": "Point", "coordinates": [ 128.414345402626992, 36.302340129864639 ] } },
{ "type": "Feature", "properties": { "id": "449", "address": "단밀면 용곡리 산64임", "region": "단밀면", "capacity": 6.6, "emd_name": "단밀면", "pond_id": "449", "facility_source": "VWorld UQ164·UO601", "road_source": "DATA_NOT_AVAILABLE", "emd_total_population": 1569.0, "emd_youth_population": 119.0, "emd_elderly_population": 840.0, "emd_youth_ratio": 7.5844486934353101, "emd_elderly_ratio": 53.537284894837477, "emd_population_change": -37.0, "emd_year": 2025.0, "population_context_method": "pond_emd_population_context", "population_500m": null, "youth_population_500m": null, "elderly_population_500m": null, "facility_count_500m": 0, "road_length_500m": null, "population_context_method_500m": "pond_emd_population_context", "agricultural_area_500m": 59433.329838599639, "agricultural_area_ha_500m": 5.943332983859964, "agricultural_ratio_500m": 7.5794562102568657, "population_1000m": null, "youth_population_1000m": null, "elderly_population_1000m": null, "facility_count_1000m": 0, "road_length_1000m": null, "population_context_method_1000m": "pond_emd_population_context", "agricultural_area_1000m": 233868.30459323444, "agricultural_area_ha_1000m": 23.386830459323445, "agricultural_ratio_1000m": 7.4562311183185432 }, "geometry": { "type": "Point", "coordinates": [ 128.385513688429683, 36.335801858227079 ] } },
{ "type": "Feature", "properties": { "id": "450", "address": "단밀면 용곡리 1544유", "region": "단밀면", "capacity": 10.0, "emd_name": "단밀면", "pond_id": "450", "facility_source": "VWorld UQ164·UO601", "road_source": "DATA_NOT_AVAILABLE", "emd_total_population": 1569.0, "emd_youth_population": 119.0, "emd_elderly_population": 840.0, "emd_youth_ratio": 7.5844486934353101, "emd_elderly_ratio": 53.537284894837477, "emd_population_change": -37.0, "emd_year": 2025.0, "population_context_method": "pond_emd_population_context", "population_500m": null, "youth_population_500m": null, "elderly_population_500m": null, "facility_count_500m": 0, "road_length_500m": null, "population_context_method_500m": "pond_emd_population_context", "agricultural_area_500m": 57361.882812100397, "agricultural_area_ha_500m": 5.7361882812100395, "agricultural_ratio_500m": 7.3152872318090036, "population_1000m": null, "youth_population_1000m": null, "elderly_population_1000m": null, "facility_count_1000m": 0, "road_length_1000m": null, "population_context_method_1000m": "pond_emd_population_context", "agricultural_area_1000m": 137032.94854731648, "agricultural_area_ha_1000m": 13.703294854731649, "agricultural_ratio_1000m": 4.3689089762315874 }, "geometry": { "type": "Point", "coordinates": [ 128.379834208142853, 36.335200688076853 ] } },
{ "type": "Feature", "properties": { "id": "451", "address": "단밀면 위중리 1459유", "region": "단밀면", "capacity": 15.8, "emd_name": "단밀면", "pond_id": "451", "facility_source": "VWorld UQ164·UO601", "road_source": "DATA_NOT_AVAILABLE", "emd_total_population": 1569.0, "emd_youth_population": 119.0, "emd_elderly_population": 840.0, "emd_youth_ratio": 7.5844486934353101, "emd_elderly_ratio": 53.537284894837477, "emd_population_change": -37.0, "emd_year": 2025.0, "population_context_method": "pond_emd_population_context", "population_500m": null, "youth_population_500m": null, "elderly_population_500m": null, "facility_count_500m": 0, "road_length_500m": null, "population_context_method_500m": "pond_emd_population_context", "agricultural_area_500m": 89650.461374911552, "agricultural_area_ha_500m": 8.9650461374911554, "agricultural_ratio_500m": 11.433008180187084, "population_1000m": null, "youth_population_1000m": null, "elderly_population_1000m": null, "facility_count_1000m": 0, "road_length_1000m": null, "population_context_method_1000m": "pond_emd_population_context", "agricultural_area_1000m": 346499.27401663753, "agricultural_area_ha_1000m": 34.649927401663753, "agricultural_ratio_1000m": 11.04715183141742 }, "geometry": { "type": "Point", "coordinates": [ 128.366616051284893, 36.362097013656204 ] } },
{ "type": "Feature", "properties": { "id": "452", "address": "단밀면 위중리 1332답", "region": "단밀면", "capacity": 4.0, "emd_name": "단밀면", "pond_id": "452", "facility_source": "VWorld UQ164·UO601", "road_source": "DATA_NOT_AVAILABLE", "emd_total_population": 1569.0, "emd_youth_population": 119.0, "emd_elderly_population": 840.0, "emd_youth_ratio": 7.5844486934353101, "emd_elderly_ratio": 53.537284894837477, "emd_population_change": -37.0, "emd_year": 2025.0, "population_context_method": "pond_emd_population_context", "population_500m": null, "youth_population_500m": null, "elderly_population_500m": null, "facility_count_500m": 0, "road_length_500m": null, "population_context_method_500m": "pond_emd_population_context", "agricultural_area_500m": 0.0, "agricultural_area_ha_500m": 0.0, "agricultural_ratio_500m": 0.0, "population_1000m": null, "youth_population_1000m": null, "elderly_population_1000m": null, "facility_count_1000m": 0, "road_length_1000m": null, "population_context_method_1000m": "pond_emd_population_context", "agricultural_area_1000m": 21654.253295339633, "agricultural_area_ha_1000m": 2.1654253295339632, "agricultural_ratio_1000m": 0.6903847767891762 }, "geometry": { "type": "Point", "coordinates": [ 128.365454234881526, 36.346593382502355 ] } },
{ "type": "Feature", "properties": { "id": "453", "address": "단밀면 위중리 산27-1", "region": "단밀면", "capacity": 25.4, "emd_name": "단밀면", "pond_id": "453", "facility_source": "VWorld UQ164·UO601", "road_source": "DATA_NOT_AVAILABLE", "emd_total_population": 1569.0, "emd_youth_population": 119.0, "emd_elderly_population": 840.0, "emd_youth_ratio": 7.5844486934353101, "emd_elderly_ratio": 53.537284894837477, "emd_population_change": -37.0, "emd_year": 2025.0, "population_context_method": "pond_emd_population_context", "population_500m": null, "youth_population_500m": null, "elderly_population_500m": null, "facility_count_500m": 0, "road_length_500m": null, "population_context_method_500m": "pond_emd_population_context", "agricultural_area_500m": 0.0, "agricultural_area_ha_500m": 0.0, "agricultural_ratio_500m": 0.0, "population_1000m": null, "youth_population_1000m": null, "elderly_population_1000m": null, "facility_count_1000m": 0, "road_length_1000m": null, "population_context_method_1000m": "pond_emd_population_context", "agricultural_area_1000m": 23888.413493866516, "agricultural_area_ha_1000m": 2.3888413493866514, "agricultural_ratio_1000m": 0.76161467185571263 }, "geometry": { "type": "Point", "coordinates": [ 128.365320300502304, 36.347216669412113 ] } },
{ "type": "Feature", "properties": { "id": "454", "address": "단밀면 주선리 748유", "region": "단밀면", "capacity": 8.3, "emd_name": "단밀면", "pond_id": "454", "facility_source": "VWorld UQ164·UO601", "road_source": "DATA_NOT_AVAILABLE", "emd_total_population": 1569.0, "emd_youth_population": 119.0, "emd_elderly_population": 840.0, "emd_youth_ratio": 7.5844486934353101, "emd_elderly_ratio": 53.537284894837477, "emd_population_change": -37.0, "emd_year": 2025.0, "population_context_method": "pond_emd_population_context", "population_500m": null, "youth_population_500m": null, "elderly_population_500m": null, "facility_count_500m": 0, "road_length_500m": null, "population_context_method_500m": "pond_emd_population_context", "agricultural_area_500m": 203334.09078539582, "agricultural_area_ha_500m": 20.333409078539582, "agricultural_ratio_500m": 25.93093540855887, "population_1000m": null, "youth_population_1000m": null, "elderly_population_1000m": null, "facility_count_1000m": 0, "road_length_1000m": null, "population_context_method_1000m": "pond_emd_population_context", "agricultural_area_1000m": 807705.56179682887, "agricultural_area_ha_1000m": 80.770556179682885, "agricultural_ratio_1000m": 25.751413192921824 }, "geometry": { "type": "Point", "coordinates": [ 128.367879073015473, 36.376346912279296 ] } },
{ "type": "Feature", "properties": { "id": "455", "address": "단밀면 서제리 1068-1답", "region": "단밀면", "capacity": 4.8, "emd_name": "단밀면", "pond_id": "455", "facility_source": "VWorld UQ164·UO601", "road_source": "DATA_NOT_AVAILABLE", "emd_total_population": 1569.0, "emd_youth_population": 119.0, "emd_elderly_population": 840.0, "emd_youth_ratio": 7.5844486934353101, "emd_elderly_ratio": 53.537284894837477, "emd_population_change": -37.0, "emd_year": 2025.0, "population_context_method": "pond_emd_population_context", "population_500m": null, "youth_population_500m": null, "elderly_population_500m": null, "facility_count_500m": 0, "road_length_500m": null, "population_context_method_500m": "pond_emd_population_context", "agricultural_area_500m": 171195.9244732665, "agricultural_area_ha_500m": 17.119592447326649, "agricultural_ratio_500m": 21.832396341300779, "population_1000m": null, "youth_population_1000m": null, "elderly_population_1000m": null, "facility_count_1000m": 0, "road_length_1000m": null, "population_context_method_1000m": "pond_emd_population_context", "agricultural_area_1000m": 793830.26217456732, "agricultural_area_ha_1000m": 79.383026217456731, "agricultural_ratio_1000m": 25.309038408534335 }, "geometry": { "type": "Point", "coordinates": [ 128.365488088655212, 36.377897088344945 ] } },
{ "type": "Feature", "properties": { "id": "456", "address": "단밀면 팔등리 179유", "region": "단밀면", "capacity": 61.0, "emd_name": "단밀면", "pond_id": "456", "facility_source": "VWorld UQ164·UO601", "road_source": "DATA_NOT_AVAILABLE", "emd_total_population": 1569.0, "emd_youth_population": 119.0, "emd_elderly_population": 840.0, "emd_youth_ratio": 7.5844486934353101, "emd_elderly_ratio": 53.537284894837477, "emd_population_change": -37.0, "emd_year": 2025.0, "population_context_method": "pond_emd_population_context", "population_500m": null, "youth_population_500m": null, "elderly_population_500m": null, "facility_count_500m": 0, "road_length_500m": null, "population_context_method_500m": "pond_emd_population_context", "agricultural_area_500m": 97551.482573965041, "agricultural_area_ha_500m": 9.7551482573965043, "agricultural_ratio_500m": 12.440615264581735, "population_1000m": null, "youth_population_1000m": null, "elderly_population_1000m": null, "facility_count_1000m": 0, "road_length_1000m": null, "population_context_method_1000m": "pond_emd_population_context", "agricultural_area_1000m": 541115.16922132578, "agricultural_area_ha_1000m": 54.11151692213258, "agricultural_ratio_1000m": 17.251930612657173 }, "geometry": { "type": "Point", "coordinates": [ 128.346959523027948, 36.397462750389593 ] } },
{ "type": "Feature", "properties": { "id": "457", "address": "단밀면 팔등리 988답", "region": "단밀면", "capacity": 4.4, "emd_name": "단밀면", "pond_id": "457", "facility_source": "VWorld UQ164·UO601", "road_source": "DATA_NOT_AVAILABLE", "emd_total_population": 1569.0, "emd_youth_population": 119.0, "emd_elderly_population": 840.0, "emd_youth_ratio": 7.5844486934353101, "emd_elderly_ratio": 53.537284894837477, "emd_population_change": -37.0, "emd_year": 2025.0, "population_context_method": "pond_emd_population_context", "population_500m": null, "youth_population_500m": null, "elderly_population_500m": null, "facility_count_500m": 0, "road_length_500m": null, "population_context_method_500m": "pond_emd_population_context", "agricultural_area_500m": 0.0, "agricultural_area_ha_500m": 0.0, "agricultural_ratio_500m": 0.0, "population_1000m": null, "youth_population_1000m": null, "elderly_population_1000m": null, "facility_count_1000m": 0, "road_length_1000m": null, "population_context_method_1000m": "pond_emd_population_context", "agricultural_area_1000m": 6869.8049227223801, "agricultural_area_ha_1000m": 0.68698049227223801, "agricultural_ratio_1000m": 0.21902434932631032 }, "geometry": { "type": "Point", "coordinates": [ 128.336089600307957, 36.392106062210253 ] } },
{ "type": "Feature", "properties": { "id": "458", "address": "단밀면 서제리 340-2답", "region": "단밀면", "capacity": 7.6, "emd_name": "단밀면", "pond_id": "458", "facility_source": "VWorld UQ164·UO601", "road_source": "DATA_NOT_AVAILABLE", "emd_total_population": 1569.0, "emd_youth_population": 119.0, "emd_elderly_population": 840.0, "emd_youth_ratio": 7.5844486934353101, "emd_elderly_ratio": 53.537284894837477, "emd_population_change": -37.0, "emd_year": 2025.0, "population_context_method": "pond_emd_population_context", "population_500m": null, "youth_population_500m": null, "elderly_population_500m": null, "facility_count_500m": 0, "road_length_500m": null, "population_context_method_500m": "pond_emd_population_context", "agricultural_area_500m": 164451.76794645059, "agricultural_area_ha_500m": 16.445176794645061, "agricultural_ratio_500m": 20.972322722526005, "population_1000m": null, "youth_population_1000m": null, "elderly_population_1000m": null, "facility_count_1000m": 0, "road_length_1000m": null, "population_context_method_1000m": "pond_emd_population_context", "agricultural_area_1000m": 997981.78836763476, "agricultural_area_ha_1000m": 99.798178836763469, "agricultural_ratio_1000m": 31.817833882553465 }, "geometry": { "type": "Point", "coordinates": [ 128.365371000031985, 36.380763904450617 ] } },
{ "type": "Feature", "properties": { "id": "459", "address": "단밀면 생송리 544", "region": "단밀면", "capacity": 4.4, "emd_name": "단밀면", "pond_id": "459", "facility_source": "VWorld UQ164·UO601", "road_source": "DATA_NOT_AVAILABLE", "emd_total_population": 1569.0, "emd_youth_population": 119.0, "emd_elderly_population": 840.0, "emd_youth_ratio": 7.5844486934353101, "emd_elderly_ratio": 53.537284894837477, "emd_population_change": -37.0, "emd_year": 2025.0, "population_context_method": "pond_emd_population_context", "population_500m": null, "youth_population_500m": null, "elderly_population_500m": null, "facility_count_500m": 0, "road_length_500m": null, "population_context_method_500m": "pond_emd_population_context", "agricultural_area_500m": 64429.830409998867, "agricultural_area_ha_500m": 6.4429830409998869, "agricultural_ratio_500m": 8.2166535099586966, "population_1000m": null, "youth_population_1000m": null, "elderly_population_1000m": null, "facility_count_1000m": 0, "road_length_1000m": null, "population_context_method_1000m": "pond_emd_population_context", "agricultural_area_1000m": 749043.88741229905, "agricultural_area_ha_1000m": 74.904388741229909, "agricultural_ratio_1000m": 23.881151197567817 }, "geometry": { "type": "Point", "coordinates": [ 128.333322898519611, 36.366464676497827 ] } },
{ "type": "Feature", "properties": { "id": "460", "address": "단밀면 생송리 산1-3구", "region": "단밀면", "capacity": 6.5, "emd_name": "단밀면", "pond_id": "460", "facility_source": "VWorld UQ164·UO601", "road_source": "DATA_NOT_AVAILABLE", "emd_total_population": 1569.0, "emd_youth_population": 119.0, "emd_elderly_population": 840.0, "emd_youth_ratio": 7.5844486934353101, "emd_elderly_ratio": 53.537284894837477, "emd_population_change": -37.0, "emd_year": 2025.0, "population_context_method": "pond_emd_population_context", "population_500m": null, "youth_population_500m": null, "elderly_population_500m": null, "facility_count_500m": 0, "road_length_500m": null, "population_context_method_500m": "pond_emd_population_context", "agricultural_area_500m": 0.0, "agricultural_area_ha_500m": 0.0, "agricultural_ratio_500m": 0.0, "population_1000m": null, "youth_population_1000m": null, "elderly_population_1000m": null, "facility_count_1000m": 0, "road_length_1000m": null, "population_context_method_1000m": "pond_emd_population_context", "agricultural_area_1000m": 0.0, "agricultural_area_ha_1000m": 0.0, "agricultural_ratio_1000m": 0.0 }, "geometry": { "type": "Point", "coordinates": [ 128.333719361766157, 36.385140018714139 ] } },
{ "type": "Feature", "properties": { "id": "461", "address": "단밀면 생송리 445-1", "region": "단밀면", "capacity": 2.0, "emd_name": "단밀면", "pond_id": "461", "facility_source": "VWorld UQ164·UO601", "road_source": "DATA_NOT_AVAILABLE", "emd_total_population": 1569.0, "emd_youth_population": 119.0, "emd_elderly_population": 840.0, "emd_youth_ratio": 7.5844486934353101, "emd_elderly_ratio": 53.537284894837477, "emd_population_change": -37.0, "emd_year": 2025.0, "population_context_method": "pond_emd_population_context", "population_500m": null, "youth_population_500m": null, "elderly_population_500m": null, "facility_count_500m": 0, "road_length_500m": null, "population_context_method_500m": "pond_emd_population_context", "agricultural_area_500m": 0.0, "agricultural_area_ha_500m": 0.0, "agricultural_ratio_500m": 0.0, "population_1000m": null, "youth_population_1000m": null, "elderly_population_1000m": null, "facility_count_1000m": 0, "road_length_1000m": null, "population_context_method_1000m": "pond_emd_population_context", "agricultural_area_1000m": 262051.17727058614, "agricultural_area_ha_1000m": 26.205117727058614, "agricultural_ratio_1000m": 8.3547625059983357 }, "geometry": { "type": "Point", "coordinates": [ 128.340793425213519, 36.365489070380491 ] } },
{ "type": "Feature", "properties": { "id": "462", "address": "단밀면 생송리 447", "region": "단밀면", "capacity": 46.0, "emd_name": "단밀면", "pond_id": "462", "facility_source": "VWorld UQ164·UO601", "road_source": "DATA_NOT_AVAILABLE", "emd_total_population": 1569.0, "emd_youth_population": 119.0, "emd_elderly_population": 840.0, "emd_youth_ratio": 7.5844486934353101, "emd_elderly_ratio": 53.537284894837477, "emd_population_change": -37.0, "emd_year": 2025.0, "population_context_method": "pond_emd_population_context", "population_500m": null, "youth_population_500m": null, "elderly_population_500m": null, "facility_count_500m": 0, "road_length_500m": null, "population_context_method_500m": "pond_emd_population_context", "agricultural_area_500m": 57528.336726712507, "agricultural_area_ha_500m": 5.752833672671251, "agricultural_ratio_500m": 7.336514885723977, "population_1000m": null, "youth_population_1000m": null, "elderly_population_1000m": null, "facility_count_1000m": 0, "road_length_1000m": null, "population_context_method_1000m": "pond_emd_population_context", "agricultural_area_1000m": 99270.708830070405, "agricultural_area_ha_1000m": 9.9270708830070404, "agricultural_ratio_1000m": 3.164966495155082 }, "geometry": { "type": "Point", "coordinates": [ 128.33930016343021, 36.358963820176058 ] } },
{ "type": "Feature", "properties": { "id": "463", "address": "단밀면 생송리 296답", "region": "단밀면", "capacity": 18.6, "emd_name": "단밀면", "pond_id": "463", "facility_source": "VWorld UQ164·UO601", "road_source": "DATA_NOT_AVAILABLE", "emd_total_population": 1569.0, "emd_youth_population": 119.0, "emd_elderly_population": 840.0, "emd_youth_ratio": 7.5844486934353101, "emd_elderly_ratio": 53.537284894837477, "emd_population_change": -37.0, "emd_year": 2025.0, "population_context_method": "pond_emd_population_context", "population_500m": null, "youth_population_500m": null, "elderly_population_500m": null, "facility_count_500m": 0, "road_length_500m": null, "population_context_method_500m": "pond_emd_population_context", "agricultural_area_500m": 117411.93602339897, "agricultural_area_ha_500m": 11.741193602339898, "agricultural_ratio_500m": 14.973393381584781, "population_1000m": null, "youth_population_1000m": null, "elderly_population_1000m": null, "facility_count_1000m": 0, "road_length_1000m": null, "population_context_method_1000m": "pond_emd_population_context", "agricultural_area_1000m": 253400.50630947333, "agricultural_area_ha_1000m": 25.340050630947335, "agricultural_ratio_1000m": 8.078960267098239 }, "geometry": { "type": "Point", "coordinates": [ 128.350144490430154, 36.366969802450093 ] } },
{ "type": "Feature", "properties": { "id": "464", "address": "단밀면 생송리 484", "region": "단밀면", "capacity": 71.4, "emd_name": "단밀면", "pond_id": "464", "facility_source": "VWorld UQ164·UO601", "road_source": "DATA_NOT_AVAILABLE", "emd_total_population": 1569.0, "emd_youth_population": 119.0, "emd_elderly_population": 840.0, "emd_youth_ratio": 7.5844486934353101, "emd_elderly_ratio": 53.537284894837477, "emd_population_change": -37.0, "emd_year": 2025.0, "population_context_method": "pond_emd_population_context", "population_500m": null, "youth_population_500m": null, "elderly_population_500m": null, "facility_count_500m": 0, "road_length_500m": null, "population_context_method_500m": "pond_emd_population_context", "agricultural_area_500m": 57578.239766176637, "agricultural_area_ha_500m": 5.7578239766176633, "agricultural_ratio_500m": 7.342878956244749, "population_1000m": null, "youth_population_1000m": null, "elderly_population_1000m": null, "facility_count_1000m": 0, "road_length_1000m": null, "population_context_method_1000m": "pond_emd_population_context", "agricultural_area_1000m": 246203.06052523002, "agricultural_area_ha_1000m": 24.620306052523002, "agricultural_ratio_1000m": 7.8494900132208416 }, "geometry": { "type": "Point", "coordinates": [ 128.33559063443289, 36.358329475151344 ] } },
{ "type": "Feature", "properties": { "id": "465", "address": "단밀면 생송리 64유", "region": "단밀면", "capacity": 54.4, "emd_name": "단밀면", "pond_id": "465", "facility_source": "VWorld UQ164·UO601", "road_source": "DATA_NOT_AVAILABLE", "emd_total_population": 1569.0, "emd_youth_population": 119.0, "emd_elderly_population": 840.0, "emd_youth_ratio": 7.5844486934353101, "emd_elderly_ratio": 53.537284894837477, "emd_population_change": -37.0, "emd_year": 2025.0, "population_context_method": "pond_emd_population_context", "population_500m": null, "youth_population_500m": null, "elderly_population_500m": null, "facility_count_500m": 0, "road_length_500m": null, "population_context_method_500m": "pond_emd_population_context", "agricultural_area_500m": 0.0, "agricultural_area_ha_500m": 0.0, "agricultural_ratio_500m": 0.0, "population_1000m": null, "youth_population_1000m": null, "elderly_population_1000m": null, "facility_count_1000m": 0, "road_length_1000m": null, "population_context_method_1000m": "pond_emd_population_context", "agricultural_area_1000m": 201658.21229919908, "agricultural_area_ha_1000m": 20.165821229919906, "agricultural_ratio_1000m": 6.429303194483726 }, "geometry": { "type": "Point", "coordinates": [ 128.357417358506609, 36.36745516584682 ] } },
{ "type": "Feature", "properties": { "id": "466", "address": "단밀면 생송리 산51임", "region": "단밀면", "capacity": 4.8, "emd_name": "단밀면", "pond_id": "466", "facility_source": "VWorld UQ164·UO601", "road_source": "DATA_NOT_AVAILABLE", "emd_total_population": 1569.0, "emd_youth_population": 119.0, "emd_elderly_population": 840.0, "emd_youth_ratio": 7.5844486934353101, "emd_elderly_ratio": 53.537284894837477, "emd_population_change": -37.0, "emd_year": 2025.0, "population_context_method": "pond_emd_population_context", "population_500m": null, "youth_population_500m": null, "elderly_population_500m": null, "facility_count_500m": 0, "road_length_500m": null, "population_context_method_500m": "pond_emd_population_context", "agricultural_area_500m": 15091.777247941533, "agricultural_area_ha_500m": 1.5091777247941534, "agricultural_ratio_500m": 1.924634966547567, "population_1000m": null, "youth_population_1000m": null, "elderly_population_1000m": null, "facility_count_1000m": 0, "road_length_1000m": null, "population_context_method_1000m": "pond_emd_population_context", "agricultural_area_1000m": 147291.70466554177, "agricultural_area_ha_1000m": 14.729170466554176, "agricultural_ratio_1000m": 4.6959804737438029 }, "geometry": { "type": "Point", "coordinates": [ 128.358510077567047, 36.36236958261388 ] } },
{ "type": "Feature", "properties": { "id": "467", "address": "단밀면 생송리 132답", "region": "단밀면", "capacity": 3.6, "emd_name": "단밀면", "pond_id": "467", "facility_source": "VWorld UQ164·UO601", "road_source": "DATA_NOT_AVAILABLE", "emd_total_population": 1569.0, "emd_youth_population": 119.0, "emd_elderly_population": 840.0, "emd_youth_ratio": 7.5844486934353101, "emd_elderly_ratio": 53.537284894837477, "emd_population_change": -37.0, "emd_year": 2025.0, "population_context_method": "pond_emd_population_context", "population_500m": null, "youth_population_500m": null, "elderly_population_500m": null, "facility_count_500m": 0, "road_length_500m": null, "population_context_method_500m": "pond_emd_population_context", "agricultural_area_500m": 0.0, "agricultural_area_ha_500m": 0.0, "agricultural_ratio_500m": 0.0, "population_1000m": null, "youth_population_1000m": null, "elderly_population_1000m": null, "facility_count_1000m": 0, "road_length_1000m": null, "population_context_method_1000m": "pond_emd_population_context", "agricultural_area_1000m": 104576.60819779112, "agricultural_area_ha_1000m": 10.457660819779113, "agricultural_ratio_1000m": 3.3341301278460347 }, "geometry": { "type": "Point", "coordinates": [ 128.350581849585382, 36.381328341501458 ] } },
{ "type": "Feature", "properties": { "id": "468", "address": "단밀면 생송리 1172", "region": "단밀면", "capacity": 1.7, "emd_name": "단밀면", "pond_id": "468", "facility_source": "VWorld UQ164·UO601", "road_source": "DATA_NOT_AVAILABLE", "emd_total_population": 1569.0, "emd_youth_population": 119.0, "emd_elderly_population": 840.0, "emd_youth_ratio": 7.5844486934353101, "emd_elderly_ratio": 53.537284894837477, "emd_population_change": -37.0, "emd_year": 2025.0, "population_context_method": "pond_emd_population_context", "population_500m": null, "youth_population_500m": null, "elderly_population_500m": null, "facility_count_500m": 0, "road_length_500m": null, "population_context_method_500m": "pond_emd_population_context", "agricultural_area_500m": 35426.45422049208, "agricultural_area_ha_500m": 3.5426454220492078, "agricultural_ratio_500m": 4.5178902002980212, "population_1000m": null, "youth_population_1000m": null, "elderly_population_1000m": null, "facility_count_1000m": 0, "road_length_1000m": null, "population_context_method_1000m": "pond_emd_population_context", "agricultural_area_1000m": 511368.03151498717, "agricultural_area_ha_1000m": 51.136803151498718, "agricultural_ratio_1000m": 16.303527047528128 }, "geometry": { "type": "Point", "coordinates": [ 128.325980473170716, 36.375665435208347 ] } },
{ "type": "Feature", "properties": { "id": "469", "address": "단밀면 생송리 550", "region": "단밀면", "capacity": 7.3, "emd_name": "단밀면", "pond_id": "469", "facility_source": "VWorld UQ164·UO601", "road_source": "DATA_NOT_AVAILABLE", "emd_total_population": 1569.0, "emd_youth_population": 119.0, "emd_elderly_population": 840.0, "emd_youth_ratio": 7.5844486934353101, "emd_elderly_ratio": 53.537284894837477, "emd_population_change": -37.0, "emd_year": 2025.0, "population_context_method": "pond_emd_population_context", "population_500m": null, "youth_population_500m": null, "elderly_population_500m": null, "facility_count_500m": 0, "road_length_500m": null, "population_context_method_500m": "pond_emd_population_context", "agricultural_area_500m": 139720.76458481484, "agricultural_area_ha_500m": 13.972076458481483, "agricultural_ratio_500m": 17.818409631600822, "population_1000m": null, "youth_population_1000m": null, "elderly_population_1000m": null, "facility_count_1000m": 0, "road_length_1000m": null, "population_context_method_1000m": "pond_emd_population_context", "agricultural_area_1000m": 454092.50823437033, "agricultural_area_ha_1000m": 45.409250823437034, "agricultural_ratio_1000m": 14.477458569605501 }, "geometry": { "type": "Point", "coordinates": [ 128.336178630044742, 36.371884452814825 ] } },
{ "type": "Feature", "properties": { "id": "470", "address": "단밀면 생송리 산67-15임", "region": "단밀면", "capacity": 5.8, "emd_name": "단밀면", "pond_id": "470", "facility_source": "VWorld UQ164·UO601", "road_source": "DATA_NOT_AVAILABLE", "emd_total_population": 1569.0, "emd_youth_population": 119.0, "emd_elderly_population": 840.0, "emd_youth_ratio": 7.5844486934353101, "emd_elderly_ratio": 53.537284894837477, "emd_population_change": -37.0, "emd_year": 2025.0, "population_context_method": "pond_emd_population_context", "population_500m": null, "youth_population_500m": null, "elderly_population_500m": null, "facility_count_500m": 0, "road_length_500m": null, "population_context_method_500m": "pond_emd_population_context", "agricultural_area_500m": 72827.74466351053, "agricultural_area_ha_500m": 7.2827744663510527, "agricultural_ratio_500m": 9.2876287273129883, "population_1000m": null, "youth_population_1000m": null, "elderly_population_1000m": null, "facility_count_1000m": 0, "road_length_1000m": null, "population_context_method_1000m": "pond_emd_population_context", "agricultural_area_1000m": 140185.37538337478, "agricultural_area_ha_1000m": 14.018537538337478, "agricultural_ratio_1000m": 4.4694152124833231 }, "geometry": { "type": "Point", "coordinates": [ 128.348199515248069, 36.364018120914942 ] } },
{ "type": "Feature", "properties": { "id": "471", "address": "단밀면 생송리 1425", "region": "단밀면", "capacity": 6.2, "emd_name": "단밀면", "pond_id": "471", "facility_source": "VWorld UQ164·UO601", "road_source": "DATA_NOT_AVAILABLE", "emd_total_population": 1569.0, "emd_youth_population": 119.0, "emd_elderly_population": 840.0, "emd_youth_ratio": 7.5844486934353101, "emd_elderly_ratio": 53.537284894837477, "emd_population_change": -37.0, "emd_year": 2025.0, "population_context_method": "pond_emd_population_context", "population_500m": null, "youth_population_500m": null, "elderly_population_500m": null, "facility_count_500m": 0, "road_length_500m": null, "population_context_method_500m": "pond_emd_population_context", "agricultural_area_500m": 55386.858253407161, "agricultural_area_ha_500m": 5.5386858253407159, "agricultural_ratio_500m": 7.0634148868226196, "population_1000m": null, "youth_population_1000m": null, "elderly_population_1000m": null, "facility_count_1000m": 0, "road_length_1000m": null, "population_context_method_1000m": "pond_emd_population_context", "agricultural_area_1000m": 485931.85984871967, "agricultural_area_ha_1000m": 48.593185984871965, "agricultural_ratio_1000m": 15.492566472777366 }, "geometry": { "type": "Point", "coordinates": [ 128.319955061024274, 36.35867425526903 ] } },
{ "type": "Feature", "properties": { "id": "472", "address": "단밀면 생송리 377답", "region": "단밀면", "capacity": 2.6, "emd_name": "단밀면", "pond_id": "472", "facility_source": "VWorld UQ164·UO601", "road_source": "DATA_NOT_AVAILABLE", "emd_total_population": 1569.0, "emd_youth_population": 119.0, "emd_elderly_population": 840.0, "emd_youth_ratio": 7.5844486934353101, "emd_elderly_ratio": 53.537284894837477, "emd_population_change": -37.0, "emd_year": 2025.0, "population_context_method": "pond_emd_population_context", "population_500m": null, "youth_population_500m": null, "elderly_population_500m": null, "facility_count_500m": 0, "road_length_500m": null, "population_context_method_500m": "pond_emd_population_context", "agricultural_area_500m": 0.0, "agricultural_area_ha_500m": 0.0, "agricultural_ratio_500m": 0.0, "population_1000m": null, "youth_population_1000m": null, "elderly_population_1000m": null, "facility_count_1000m": 0, "road_length_1000m": null, "population_context_method_1000m": "pond_emd_population_context", "agricultural_area_1000m": 87282.682182138538, "agricultural_area_ha_1000m": 8.728268218213854, "agricultural_ratio_1000m": 2.782762085305662 }, "geometry": { "type": "Point", "coordinates": [ 128.343274761479449, 36.382167570576279 ] } },
{ "type": "Feature", "properties": { "id": "473", "address": "단밀면 서제리 871답", "region": "단밀면", "capacity": 25.5, "emd_name": "단밀면", "pond_id": "473", "facility_source": "VWorld UQ164·UO601", "road_source": "DATA_NOT_AVAILABLE", "emd_total_population": 1569.0, "emd_youth_population": 119.0, "emd_elderly_population": 840.0, "emd_youth_ratio": 7.5844486934353101, "emd_elderly_ratio": 53.537284894837477, "emd_population_change": -37.0, "emd_year": 2025.0, "population_context_method": "pond_emd_population_context", "population_500m": null, "youth_population_500m": null, "elderly_population_500m": null, "facility_count_500m": 0, "road_length_500m": null, "population_context_method_500m": "pond_emd_population_context", "agricultural_area_500m": 174764.06317651036, "agricultural_area_ha_500m": 17.476406317651037, "agricultural_ratio_500m": 22.287436486734379, "population_1000m": null, "youth_population_1000m": null, "elderly_population_1000m": null, "facility_count_1000m": 0, "road_length_1000m": null, "population_context_method_1000m": "pond_emd_population_context", "agricultural_area_1000m": 741231.17593613768, "agricultural_area_ha_1000m": 74.12311759361377, "agricultural_ratio_1000m": 23.632064932850081 }, "geometry": { "type": "Point", "coordinates": [ 128.361650193878091, 36.387231131535479 ] } },
{ "type": "Feature", "properties": { "id": "474", "address": "단북면 노연리 348-2유", "region": "단북면", "capacity": 11.0, "emd_name": "단북면", "pond_id": "474", "facility_source": "VWorld UQ164·UO601", "road_source": "DATA_NOT_AVAILABLE", "emd_total_population": 1631.0, "emd_youth_population": 117.0, "emd_elderly_population": 902.0, "emd_youth_ratio": 7.1735131820968734, "emd_elderly_ratio": 55.30349478847333, "emd_population_change": -39.0, "emd_year": 2025.0, "population_context_method": "pond_emd_population_context", "population_500m": null, "youth_population_500m": null, "elderly_population_500m": null, "facility_count_500m": 2, "road_length_500m": null, "population_context_method_500m": "pond_emd_population_context", "agricultural_area_500m": 0.0, "agricultural_area_ha_500m": 0.0, "agricultural_ratio_500m": 0.0, "population_1000m": null, "youth_population_1000m": null, "elderly_population_1000m": null, "facility_count_1000m": 3, "road_length_1000m": null, "population_context_method_1000m": "pond_emd_population_context", "agricultural_area_1000m": 596018.06755898602, "agricultural_area_ha_1000m": 59.6018067558986, "agricultural_ratio_1000m": 19.002354637764611 }, "geometry": { "type": "Point", "coordinates": [ 128.427311846018654, 36.387096071504452 ] } },
{ "type": "Feature", "properties": { "id": "475", "address": "안계면 용기리 80유", "region": "안계면", "capacity": 66.2, "emd_name": "안계면", "pond_id": "475", "facility_source": "VWorld UQ164·UO601", "road_source": "DATA_NOT_AVAILABLE", "emd_total_population": 4208.0, "emd_youth_population": 575.0, "emd_elderly_population": 1772.0, "emd_youth_ratio": 13.664448669201519, "emd_elderly_ratio": 42.110266159695819, "emd_population_change": -43.0, "emd_year": 2025.0, "population_context_method": "pond_emd_population_context", "population_500m": null, "youth_population_500m": null, "elderly_population_500m": null, "facility_count_500m": 0, "road_length_500m": null, "population_context_method_500m": "pond_emd_population_context", "agricultural_area_500m": 203619.18707875008, "agricultural_area_ha_500m": 20.361918707875009, "agricultural_ratio_500m": 25.96729337263481, "population_1000m": null, "youth_population_1000m": null, "elderly_population_1000m": null, "facility_count_1000m": 0, "road_length_1000m": null, "population_context_method_1000m": "pond_emd_population_context", "agricultural_area_1000m": 467488.18595849897, "agricultural_area_ha_1000m": 46.748818595849897, "agricultural_ratio_1000m": 14.904541962848281 }, "geometry": { "type": "Point", "coordinates": [ 128.45117504114728, 36.40404650087735 ] } },
{ "type": "Feature", "properties": { "id": "476", "address": "안계면 용기리 306-1유", "region": "안계면", "capacity": 28.0, "emd_name": "안계면", "pond_id": "476", "facility_source": "VWorld UQ164·UO601", "road_source": "DATA_NOT_AVAILABLE", "emd_total_population": 4208.0, "emd_youth_population": 575.0, "emd_elderly_population": 1772.0, "emd_youth_ratio": 13.664448669201519, "emd_elderly_ratio": 42.110266159695819, "emd_population_change": -43.0, "emd_year": 2025.0, "population_context_method": "pond_emd_population_context", "population_500m": null, "youth_population_500m": null, "elderly_population_500m": null, "facility_count_500m": 0, "road_length_500m": null, "population_context_method_500m": "pond_emd_population_context", "agricultural_area_500m": 152108.25274632013, "agricultural_area_ha_500m": 15.210825274632013, "agricultural_ratio_500m": 19.398170084703125, "population_1000m": null, "youth_population_1000m": null, "elderly_population_1000m": null, "facility_count_1000m": 0, "road_length_1000m": null, "population_context_method_1000m": "pond_emd_population_context", "agricultural_area_1000m": 562680.62463266565, "agricultural_area_ha_1000m": 56.268062463266567, "agricultural_ratio_1000m": 17.939484319425677 }, "geometry": { "type": "Point", "coordinates": [ 128.443068008495572, 36.402063148069466 ] } },
{ "type": "Feature", "properties": { "id": "477", "address": "안계면 토매리 57답", "region": "안계면", "capacity": 9.0, "emd_name": "안계면", "pond_id": "477", "facility_source": "VWorld UQ164·UO601", "road_source": "DATA_NOT_AVAILABLE", "emd_total_population": 4208.0, "emd_youth_population": 575.0, "emd_elderly_population": 1772.0, "emd_youth_ratio": 13.664448669201519, "emd_elderly_ratio": 42.110266159695819, "emd_population_change": -43.0, "emd_year": 2025.0, "population_context_method": "pond_emd_population_context", "population_500m": null, "youth_population_500m": null, "elderly_population_500m": null, "facility_count_500m": 0, "road_length_500m": null, "population_context_method_500m": "pond_emd_population_context", "agricultural_area_500m": 0.0, "agricultural_area_ha_500m": 0.0, "agricultural_ratio_500m": 0.0, "population_1000m": null, "youth_population_1000m": null, "elderly_population_1000m": null, "facility_count_1000m": 1, "road_length_1000m": null, "population_context_method_1000m": "pond_emd_population_context", "agricultural_area_1000m": 669948.13978607592, "agricultural_area_ha_1000m": 66.994813978607596, "agricultural_ratio_1000m": 21.359406424144698 }, "geometry": { "type": "Point", "coordinates": [ 128.451122071292247, 36.386791425837465 ] } },
{ "type": "Feature", "properties": { "id": "478", "address": "안계면 위양리 19-2유", "region": "안계면", "capacity": 9.0, "emd_name": "안계면", "pond_id": "478", "facility_source": "VWorld UQ164·UO601", "road_source": "DATA_NOT_AVAILABLE", "emd_total_population": 4208.0, "emd_youth_population": 575.0, "emd_elderly_population": 1772.0, "emd_youth_ratio": 13.664448669201519, "emd_elderly_ratio": 42.110266159695819, "emd_population_change": -43.0, "emd_year": 2025.0, "population_context_method": "pond_emd_population_context", "population_500m": null, "youth_population_500m": null, "elderly_population_500m": null, "facility_count_500m": 0, "road_length_500m": null, "population_context_method_500m": "pond_emd_population_context", "agricultural_area_500m": 243067.56791537744, "agricultural_area_ha_500m": 24.306756791537744, "agricultural_ratio_500m": 30.998094707992031, "population_1000m": null, "youth_population_1000m": null, "elderly_population_1000m": null, "facility_count_1000m": 0, "road_length_1000m": null, "population_context_method_1000m": "pond_emd_population_context", "agricultural_area_1000m": 1344413.739221314, "agricultural_area_ha_1000m": 134.44137392213139, "agricultural_ratio_1000m": 42.862839304847569 }, "geometry": { "type": "Point", "coordinates": [ 128.459936740267551, 36.377808447261295 ] } },
{ "type": "Feature", "properties": { "id": "479", "address": "안계면 교촌리 134-2유", "region": "안계면", "capacity": 14.7, "emd_name": "안계면", "pond_id": "479", "facility_source": "VWorld UQ164·UO601", "road_source": "DATA_NOT_AVAILABLE", "emd_total_population": 4208.0, "emd_youth_population": 575.0, "emd_elderly_population": 1772.0, "emd_youth_ratio": 13.664448669201519, "emd_elderly_ratio": 42.110266159695819, "emd_population_change": -43.0, "emd_year": 2025.0, "population_context_method": "pond_emd_population_context", "population_500m": null, "youth_population_500m": null, "elderly_population_500m": null, "facility_count_500m": 0, "road_length_500m": null, "population_context_method_500m": "pond_emd_population_context", "agricultural_area_500m": 385296.24178096582, "agricultural_area_ha_500m": 38.529624178096583, "agricultural_ratio_500m": 49.136334788678248, "population_1000m": null, "youth_population_1000m": null, "elderly_population_1000m": null, "facility_count_1000m": 0, "road_length_1000m": null, "population_context_method_1000m": "pond_emd_population_context", "agricultural_area_1000m": 1259135.4989112227, "agricultural_area_ha_1000m": 125.91354989112227, "agricultural_ratio_1000m": 40.143983193834636 }, "geometry": { "type": "Point", "coordinates": [ 128.475090674757013, 36.361817462891715 ] } },
{ "type": "Feature", "properties": { "id": "480", "address": "안계면 교촌리 294유", "region": "안계면", "capacity": 1.5, "emd_name": "안계면", "pond_id": "480", "facility_source": "VWorld UQ164·UO601", "road_source": "DATA_NOT_AVAILABLE", "emd_total_population": 4208.0, "emd_youth_population": 575.0, "emd_elderly_population": 1772.0, "emd_youth_ratio": 13.664448669201519, "emd_elderly_ratio": 42.110266159695819, "emd_population_change": -43.0, "emd_year": 2025.0, "population_context_method": "pond_emd_population_context", "population_500m": null, "youth_population_500m": null, "elderly_population_500m": null, "facility_count_500m": 0, "road_length_500m": null, "population_context_method_500m": "pond_emd_population_context", "agricultural_area_500m": 91495.257286557578, "agricultural_area_ha_500m": 9.1495257286557585, "agricultural_ratio_500m": 11.6682726330985, "population_1000m": null, "youth_population_1000m": null, "elderly_population_1000m": null, "facility_count_1000m": 0, "road_length_1000m": null, "population_context_method_1000m": "pond_emd_population_context", "agricultural_area_1000m": 872187.31652433879, "agricultural_area_ha_1000m": 87.218731652433874, "agricultural_ratio_1000m": 27.807232030789912 }, "geometry": { "type": "Point", "coordinates": [ 128.472587422909982, 36.374427435776425 ] } },
{ "type": "Feature", "properties": { "id": "481", "address": "안계면 안정리 337유", "region": "안계면", "capacity": 192.0, "emd_name": "안계면", "pond_id": "481", "facility_source": "VWorld UQ164·UO601", "road_source": "DATA_NOT_AVAILABLE", "emd_total_population": 4208.0, "emd_youth_population": 575.0, "emd_elderly_population": 1772.0, "emd_youth_ratio": 13.664448669201519, "emd_elderly_ratio": 42.110266159695819, "emd_population_change": -43.0, "emd_year": 2025.0, "population_context_method": "pond_emd_population_context", "population_500m": null, "youth_population_500m": null, "elderly_population_500m": null, "facility_count_500m": 0, "road_length_500m": null, "population_context_method_500m": "pond_emd_population_context", "agricultural_area_500m": 174688.07354475922, "agricultural_area_ha_500m": 17.468807354475921, "agricultural_ratio_500m": 22.277745626608329, "population_1000m": null, "youth_population_1000m": null, "elderly_population_1000m": null, "facility_count_1000m": 0, "road_length_1000m": null, "population_context_method_1000m": "pond_emd_population_context", "agricultural_area_1000m": 534085.57616528904, "agricultural_area_ha_1000m": 53.408557616528903, "agricultural_ratio_1000m": 17.027811869483742 }, "geometry": { "type": "Point", "coordinates": [ 128.486133721004137, 36.366050984581321 ] } },
{ "type": "Feature", "properties": { "id": "482", "address": "안계면 안정리 174-1유", "region": "안계면", "capacity": 14.1, "emd_name": "안계면", "pond_id": "482", "facility_source": "VWorld UQ164·UO601", "road_source": "DATA_NOT_AVAILABLE", "emd_total_population": 4208.0, "emd_youth_population": 575.0, "emd_elderly_population": 1772.0, "emd_youth_ratio": 13.664448669201519, "emd_elderly_ratio": 42.110266159695819, "emd_population_change": -43.0, "emd_year": 2025.0, "population_context_method": "pond_emd_population_context", "population_500m": null, "youth_population_500m": null, "elderly_population_500m": null, "facility_count_500m": 0, "road_length_500m": null, "population_context_method_500m": "pond_emd_population_context", "agricultural_area_500m": 77961.604437253583, "agricultural_area_ha_500m": 7.7961604437253582, "agricultural_ratio_500m": 9.9423432696473295, "population_1000m": null, "youth_population_1000m": null, "elderly_population_1000m": null, "facility_count_1000m": 0, "road_length_1000m": null, "population_context_method_1000m": "pond_emd_population_context", "agricultural_area_1000m": 211608.1021671253, "agricultural_area_ha_1000m": 21.16081021671253, "agricultural_ratio_1000m": 6.7465273629579867 }, "geometry": { "type": "Point", "coordinates": [ 128.497217361470831, 36.371760731876506 ] } },
{ "type": "Feature", "properties": { "id": "483", "address": "안계면 안정리 145유", "region": "안계면", "capacity": 9.6, "emd_name": "안계면", "pond_id": "483", "facility_source": "VWorld UQ164·UO601", "road_source": "DATA_NOT_AVAILABLE", "emd_total_population": 4208.0, "emd_youth_population": 575.0, "emd_elderly_population": 1772.0, "emd_youth_ratio": 13.664448669201519, "emd_elderly_ratio": 42.110266159695819, "emd_population_change": -43.0, "emd_year": 2025.0, "population_context_method": "pond_emd_population_context", "population_500m": null, "youth_population_500m": null, "elderly_population_500m": null, "facility_count_500m": 0, "road_length_500m": null, "population_context_method_500m": "pond_emd_population_context", "agricultural_area_500m": 0.0, "agricultural_area_ha_500m": 0.0, "agricultural_ratio_500m": 0.0, "population_1000m": null, "youth_population_1000m": null, "elderly_population_1000m": null, "facility_count_1000m": 0, "road_length_1000m": null, "population_context_method_1000m": "pond_emd_population_context", "agricultural_area_1000m": 84568.53872133902, "agricultural_area_ha_1000m": 8.4568538721339017, "agricultural_ratio_1000m": 2.6962292780182757 }, "geometry": { "type": "Point", "coordinates": [ 128.49857884192798, 36.381754661733197 ] } },
{ "type": "Feature", "properties": { "id": "484", "address": "안계면 안정리 483-2유", "region": "안계면", "capacity": 6.0, "emd_name": "안계면", "pond_id": "484", "facility_source": "VWorld UQ164·UO601", "road_source": "DATA_NOT_AVAILABLE", "emd_total_population": 4208.0, "emd_youth_population": 575.0, "emd_elderly_population": 1772.0, "emd_youth_ratio": 13.664448669201519, "emd_elderly_ratio": 42.110266159695819, "emd_population_change": -43.0, "emd_year": 2025.0, "population_context_method": "pond_emd_population_context", "population_500m": null, "youth_population_500m": null, "elderly_population_500m": null, "facility_count_500m": 0, "road_length_500m": null, "population_context_method_500m": "pond_emd_population_context", "agricultural_area_500m": 1182.48131801827, "agricultural_area_ha_500m": 0.118248131801827, "agricultural_ratio_500m": 0.15080032355086831, "population_1000m": null, "youth_population_1000m": null, "elderly_population_1000m": null, "facility_count_1000m": 0, "road_length_1000m": null, "population_context_method_1000m": "pond_emd_population_context", "agricultural_area_1000m": 184957.36572800804, "agricultural_area_ha_1000m": 18.495736572800805, "agricultural_ratio_1000m": 5.8968438168739032 }, "geometry": { "type": "Point", "coordinates": [ 128.480757859202043, 36.378696774349891 ] } },
{ "type": "Feature", "properties": { "id": "485", "address": "안계면 안정리 313유", "region": "안계면", "capacity": 14.1, "emd_name": "안계면", "pond_id": "485", "facility_source": "VWorld UQ164·UO601", "road_source": "DATA_NOT_AVAILABLE", "emd_total_population": 4208.0, "emd_youth_population": 575.0, "emd_elderly_population": 1772.0, "emd_youth_ratio": 13.664448669201519, "emd_elderly_ratio": 42.110266159695819, "emd_population_change": -43.0, "emd_year": 2025.0, "population_context_method": "pond_emd_population_context", "population_500m": null, "youth_population_500m": null, "elderly_population_500m": null, "facility_count_500m": 0, "road_length_500m": null, "population_context_method_500m": "pond_emd_population_context", "agricultural_area_500m": 54482.666428086799, "agricultural_area_ha_500m": 5.4482666428086803, "agricultural_ratio_500m": 6.9481044648035422, "population_1000m": null, "youth_population_1000m": null, "elderly_population_1000m": null, "facility_count_1000m": 0, "road_length_1000m": null, "population_context_method_1000m": "pond_emd_population_context", "agricultural_area_1000m": 693241.83230025589, "agricultural_area_ha_1000m": 69.324183230025582, "agricultural_ratio_1000m": 22.1020600953502 }, "geometry": { "type": "Point", "coordinates": [ 128.482856340651523, 36.360667153694479 ] } },
{ "type": "Feature", "properties": { "id": "486", "address": "안계면 안정리 산2임", "region": "안계면", "capacity": 2.0, "emd_name": "안계면", "pond_id": "486", "facility_source": "VWorld UQ164·UO601", "road_source": "DATA_NOT_AVAILABLE", "emd_total_population": 4208.0, "emd_youth_population": 575.0, "emd_elderly_population": 1772.0, "emd_youth_ratio": 13.664448669201519, "emd_elderly_ratio": 42.110266159695819, "emd_population_change": -43.0, "emd_year": 2025.0, "population_context_method": "pond_emd_population_context", "population_500m": null, "youth_population_500m": null, "elderly_population_500m": null, "facility_count_500m": 0, "road_length_500m": null, "population_context_method_500m": "pond_emd_population_context", "agricultural_area_500m": 0.0, "agricultural_area_ha_500m": 0.0, "agricultural_ratio_500m": 0.0, "population_1000m": null, "youth_population_1000m": null, "elderly_population_1000m": null, "facility_count_1000m": 0, "road_length_1000m": null, "population_context_method_1000m": "pond_emd_population_context", "agricultural_area_1000m": 0.0, "agricultural_area_ha_1000m": 0.0, "agricultural_ratio_1000m": 0.0 }, "geometry": { "type": "Point", "coordinates": [ 128.504085053876139, 36.388767982410698 ] } },
{ "type": "Feature", "properties": { "id": "487", "address": "안계면 안정리 24-1유", "region": "안계면", "capacity": 21.0, "emd_name": "안계면", "pond_id": "487", "facility_source": "VWorld UQ164·UO601", "road_source": "DATA_NOT_AVAILABLE", "emd_total_population": 4208.0, "emd_youth_population": 575.0, "emd_elderly_population": 1772.0, "emd_youth_ratio": 13.664448669201519, "emd_elderly_ratio": 42.110266159695819, "emd_population_change": -43.0, "emd_year": 2025.0, "population_context_method": "pond_emd_population_context", "population_500m": null, "youth_population_500m": null, "elderly_population_500m": null, "facility_count_500m": 0, "road_length_500m": null, "population_context_method_500m": "pond_emd_population_context", "agricultural_area_500m": 0.0, "agricultural_area_ha_500m": 0.0, "agricultural_ratio_500m": 0.0, "population_1000m": null, "youth_population_1000m": null, "elderly_population_1000m": null, "facility_count_1000m": 0, "road_length_1000m": null, "population_context_method_1000m": "pond_emd_population_context", "agricultural_area_1000m": 47052.771593875586, "agricultural_area_ha_1000m": 4.7052771593875589, "agricultural_ratio_1000m": 1.5001448801349855 }, "geometry": { "type": "Point", "coordinates": [ 128.495320832429087, 36.389697907995824 ] } },
{ "type": "Feature", "properties": { "id": "488", "address": "안계면 봉양리 472유", "region": "안계면", "capacity": 21.39, "emd_name": "안계면", "pond_id": "488", "facility_source": "VWorld UQ164·UO601", "road_source": "DATA_NOT_AVAILABLE", "emd_total_population": 4208.0, "emd_youth_population": 575.0, "emd_elderly_population": 1772.0, "emd_youth_ratio": 13.664448669201519, "emd_elderly_ratio": 42.110266159695819, "emd_population_change": -43.0, "emd_year": 2025.0, "population_context_method": "pond_emd_population_context", "population_500m": null, "youth_population_500m": null, "elderly_population_500m": null, "facility_count_500m": 0, "road_length_500m": null, "population_context_method_500m": "pond_emd_population_context", "agricultural_area_500m": 242396.53943873796, "agricultural_area_ha_500m": 24.239653943873797, "agricultural_ratio_500m": 30.912519308324267, "population_1000m": null, "youth_population_1000m": null, "elderly_population_1000m": null, "facility_count_1000m": 0, "road_length_1000m": null, "population_context_method_1000m": "pond_emd_population_context", "agricultural_area_1000m": 1020983.0671346847, "agricultural_area_ha_1000m": 102.09830671346846, "agricultural_ratio_1000m": 32.551164766369858 }, "geometry": { "type": "Point", "coordinates": [ 128.464985131836443, 36.375457948009753 ] } },
{ "type": "Feature", "properties": { "id": "489", "address": "안계면 봉양리 37유", "region": "안계면", "capacity": 18.0, "emd_name": "안계면", "pond_id": "489", "facility_source": "VWorld UQ164·UO601", "road_source": "DATA_NOT_AVAILABLE", "emd_total_population": 4208.0, "emd_youth_population": 575.0, "emd_elderly_population": 1772.0, "emd_youth_ratio": 13.664448669201519, "emd_elderly_ratio": 42.110266159695819, "emd_population_change": -43.0, "emd_year": 2025.0, "population_context_method": "pond_emd_population_context", "population_500m": null, "youth_population_500m": null, "elderly_population_500m": null, "facility_count_500m": 0, "road_length_500m": null, "population_context_method_500m": "pond_emd_population_context", "agricultural_area_500m": 31715.576128392324, "agricultural_area_ha_500m": 3.1715576128392322, "agricultural_ratio_500m": 4.0446466839570494, "population_1000m": null, "youth_population_1000m": null, "elderly_population_1000m": null, "facility_count_1000m": 0, "road_length_1000m": null, "population_context_method_1000m": "pond_emd_population_context", "agricultural_area_1000m": 130992.78923070434, "agricultural_area_ha_1000m": 13.099278923070434, "agricultural_ratio_1000m": 4.1763355365153449 }, "geometry": { "type": "Point", "coordinates": [ 128.480467679548354, 36.388675323796164 ] } },
{ "type": "Feature", "properties": { "id": "490", "address": "안계면 도덕리 17-1유", "region": "안계면", "capacity": 48.0, "emd_name": "안계면", "pond_id": "490", "facility_source": "VWorld UQ164·UO601", "road_source": "DATA_NOT_AVAILABLE", "emd_total_population": 4208.0, "emd_youth_population": 575.0, "emd_elderly_population": 1772.0, "emd_youth_ratio": 13.664448669201519, "emd_elderly_ratio": 42.110266159695819, "emd_population_change": -43.0, "emd_year": 2025.0, "population_context_method": "pond_emd_population_context", "population_500m": null, "youth_population_500m": null, "elderly_population_500m": null, "facility_count_500m": 0, "road_length_500m": null, "population_context_method_500m": "pond_emd_population_context", "agricultural_area_500m": 84161.712038769925, "agricultural_area_ha_500m": 8.416171203876992, "agricultural_ratio_500m": 10.733035027827324, "population_1000m": null, "youth_population_1000m": null, "elderly_population_1000m": null, "facility_count_1000m": 0, "road_length_1000m": null, "population_context_method_1000m": "pond_emd_population_context", "agricultural_area_1000m": 248119.67985504901, "agricultural_area_ha_1000m": 24.8119679855049, "agricultural_ratio_1000m": 7.9105960135137128 }, "geometry": { "type": "Point", "coordinates": [ 128.479328660955616, 36.406215394905018 ] } },
{ "type": "Feature", "properties": { "id": "491", "address": "안계면 도덕리 172-1유", "region": "안계면", "capacity": 10.6, "emd_name": "안계면", "pond_id": "491", "facility_source": "VWorld UQ164·UO601", "road_source": "DATA_NOT_AVAILABLE", "emd_total_population": 4208.0, "emd_youth_population": 575.0, "emd_elderly_population": 1772.0, "emd_youth_ratio": 13.664448669201519, "emd_elderly_ratio": 42.110266159695819, "emd_population_change": -43.0, "emd_year": 2025.0, "population_context_method": "pond_emd_population_context", "population_500m": null, "youth_population_500m": null, "elderly_population_500m": null, "facility_count_500m": 0, "road_length_500m": null, "population_context_method_500m": "pond_emd_population_context", "agricultural_area_500m": 175155.76680529164, "agricultural_area_ha_500m": 17.515576680529165, "agricultural_ratio_500m": 22.337389947356712, "population_1000m": null, "youth_population_1000m": null, "elderly_population_1000m": null, "facility_count_1000m": 0, "road_length_1000m": null, "population_context_method_1000m": "pond_emd_population_context", "agricultural_area_1000m": 513011.19958196685, "agricultural_area_ha_1000m": 51.301119958196686, "agricultural_ratio_1000m": 16.355914825747803 }, "geometry": { "type": "Point", "coordinates": [ 128.475954736805704, 36.39638128850995 ] } },
{ "type": "Feature", "properties": { "id": "492", "address": "안계면 도덕리 1011-1유", "region": "안계면", "capacity": 32.5, "emd_name": "안계면", "pond_id": "492", "facility_source": "VWorld UQ164·UO601", "road_source": "DATA_NOT_AVAILABLE", "emd_total_population": 4208.0, "emd_youth_population": 575.0, "emd_elderly_population": 1772.0, "emd_youth_ratio": 13.664448669201519, "emd_elderly_ratio": 42.110266159695819, "emd_population_change": -43.0, "emd_year": 2025.0, "population_context_method": "pond_emd_population_context", "population_500m": null, "youth_population_500m": null, "elderly_population_500m": null, "facility_count_500m": 0, "road_length_500m": null, "population_context_method_500m": "pond_emd_population_context", "agricultural_area_500m": 102996.25108038496, "agricultural_area_ha_500m": 10.299625108038496, "agricultural_ratio_500m": 13.134979598221902, "population_1000m": null, "youth_population_1000m": null, "elderly_population_1000m": null, "facility_count_1000m": 0, "road_length_1000m": null, "population_context_method_1000m": "pond_emd_population_context", "agricultural_area_1000m": 265543.2097297018, "agricultural_area_ha_1000m": 26.554320972970181, "agricultural_ratio_1000m": 8.466096109468559 }, "geometry": { "type": "Point", "coordinates": [ 128.460281805986909, 36.424894671709446 ] } },
{ "type": "Feature", "properties": { "id": "493", "address": "안계면 도덕리 882유", "region": "안계면", "capacity": 16.0, "emd_name": "안계면", "pond_id": "493", "facility_source": "VWorld UQ164·UO601", "road_source": "DATA_NOT_AVAILABLE", "emd_total_population": 4208.0, "emd_youth_population": 575.0, "emd_elderly_population": 1772.0, "emd_youth_ratio": 13.664448669201519, "emd_elderly_ratio": 42.110266159695819, "emd_population_change": -43.0, "emd_year": 2025.0, "population_context_method": "pond_emd_population_context", "population_500m": null, "youth_population_500m": null, "elderly_population_500m": null, "facility_count_500m": 0, "road_length_500m": null, "population_context_method_500m": "pond_emd_population_context", "agricultural_area_500m": 124376.29999193813, "agricultural_area_ha_500m": 12.437629999193813, "agricultural_ratio_500m": 15.861549772538849, "population_1000m": null, "youth_population_1000m": null, "elderly_population_1000m": null, "facility_count_1000m": 0, "road_length_1000m": null, "population_context_method_1000m": "pond_emd_population_context", "agricultural_area_1000m": 328398.49976174923, "agricultural_area_ha_1000m": 32.839849976174925, "agricultural_ratio_1000m": 10.470059708995365 }, "geometry": { "type": "Point", "coordinates": [ 128.465715580875525, 36.410843437005575 ] } },
{ "type": "Feature", "properties": { "id": "494", "address": "안계면 도덕리 313-2유", "region": "안계면", "capacity": 11.5, "emd_name": "안계면", "pond_id": "494", "facility_source": "VWorld UQ164·UO601", "road_source": "DATA_NOT_AVAILABLE", "emd_total_population": 4208.0, "emd_youth_population": 575.0, "emd_elderly_population": 1772.0, "emd_youth_ratio": 13.664448669201519, "emd_elderly_ratio": 42.110266159695819, "emd_population_change": -43.0, "emd_year": 2025.0, "population_context_method": "pond_emd_population_context", "population_500m": null, "youth_population_500m": null, "elderly_population_500m": null, "facility_count_500m": 0, "road_length_500m": null, "population_context_method_500m": "pond_emd_population_context", "agricultural_area_500m": 140710.5840300394, "agricultural_area_ha_500m": 14.07105840300394, "agricultural_ratio_500m": 17.944640033994798, "population_1000m": null, "youth_population_1000m": null, "elderly_population_1000m": null, "facility_count_1000m": 0, "road_length_1000m": null, "population_context_method_1000m": "pond_emd_population_context", "agricultural_area_1000m": 619102.0279568556, "agricultural_area_ha_1000m": 61.910202795685557, "agricultural_ratio_1000m": 19.738321592123796 }, "geometry": { "type": "Point", "coordinates": [ 128.467345920627423, 36.405056532816367 ] } },
{ "type": "Feature", "properties": { "id": "495", "address": "안계면 도덕리 46-1유", "region": "안계면", "capacity": 19.2, "emd_name": "안계면", "pond_id": "495", "facility_source": "VWorld UQ164·UO601", "road_source": "DATA_NOT_AVAILABLE", "emd_total_population": 4208.0, "emd_youth_population": 575.0, "emd_elderly_population": 1772.0, "emd_youth_ratio": 13.664448669201519, "emd_elderly_ratio": 42.110266159695819, "emd_population_change": -43.0, "emd_year": 2025.0, "population_context_method": "pond_emd_population_context", "population_500m": null, "youth_population_500m": null, "elderly_population_500m": null, "facility_count_500m": 0, "road_length_500m": null, "population_context_method_500m": "pond_emd_population_context", "agricultural_area_500m": 147599.94808638401, "agricultural_area_ha_500m": 14.759994808638401, "agricultural_ratio_500m": 18.823231782486541, "population_1000m": null, "youth_population_1000m": null, "elderly_population_1000m": null, "facility_count_1000m": 0, "road_length_1000m": null, "population_context_method_1000m": "pond_emd_population_context", "agricultural_area_1000m": 314343.23422523052, "agricultural_area_ha_1000m": 31.434323422523054, "agricultural_ratio_1000m": 10.021947219139598 }, "geometry": { "type": "Point", "coordinates": [ 128.48007500490337, 36.402070211269702 ] } },
{ "type": "Feature", "properties": { "id": "496", "address": "안계면 양곡리 885-1유", "region": "안계면", "capacity": 34.1, "emd_name": "안계면", "pond_id": "496", "facility_source": "VWorld UQ164·UO601", "road_source": "DATA_NOT_AVAILABLE", "emd_total_population": 4208.0, "emd_youth_population": 575.0, "emd_elderly_population": 1772.0, "emd_youth_ratio": 13.664448669201519, "emd_elderly_ratio": 42.110266159695819, "emd_population_change": -43.0, "emd_year": 2025.0, "population_context_method": "pond_emd_population_context", "population_500m": null, "youth_population_500m": null, "elderly_population_500m": null, "facility_count_500m": 0, "road_length_500m": null, "population_context_method_500m": "pond_emd_population_context", "agricultural_area_500m": 124623.37520429862, "agricultural_area_ha_500m": 12.462337520429861, "agricultural_ratio_500m": 15.893058956994977, "population_1000m": null, "youth_population_1000m": null, "elderly_population_1000m": null, "facility_count_1000m": 0, "road_length_1000m": null, "population_context_method_1000m": "pond_emd_population_context", "agricultural_area_1000m": 709432.0639999035, "agricultural_area_ha_1000m": 70.943206399990345, "agricultural_ratio_1000m": 22.618239958293422 }, "geometry": { "type": "Point", "coordinates": [ 128.435109561323401, 36.426947697168188 ] } },
{ "type": "Feature", "properties": { "id": "497", "address": "안계면 양곡리 296유", "region": "안계면", "capacity": 44.7, "emd_name": "안계면", "pond_id": "497", "facility_source": "VWorld UQ164·UO601", "road_source": "DATA_NOT_AVAILABLE", "emd_total_population": 4208.0, "emd_youth_population": 575.0, "emd_elderly_population": 1772.0, "emd_youth_ratio": 13.664448669201519, "emd_elderly_ratio": 42.110266159695819, "emd_population_change": -43.0, "emd_year": 2025.0, "population_context_method": "pond_emd_population_context", "population_500m": null, "youth_population_500m": null, "elderly_population_500m": null, "facility_count_500m": 0, "road_length_500m": null, "population_context_method_500m": "pond_emd_population_context", "agricultural_area_500m": 532533.76495149569, "agricultural_area_ha_500m": 53.253376495149567, "agricultural_ratio_500m": 67.913346987192597, "population_1000m": null, "youth_population_1000m": null, "elderly_population_1000m": null, "facility_count_1000m": 0, "road_length_1000m": null, "population_context_method_1000m": "pond_emd_population_context", "agricultural_area_1000m": 1464285.0579225854, "agricultural_area_ha_1000m": 146.42850579225853, "agricultural_ratio_1000m": 46.684598128681607 }, "geometry": { "type": "Point", "coordinates": [ 128.440714319605576, 36.41828396447319 ] } },
{ "type": "Feature", "properties": { "id": "498", "address": "안계면 양곡리 901유", "region": "안계면", "capacity": 87.9, "emd_name": "안계면", "pond_id": "498", "facility_source": "VWorld UQ164·UO601", "road_source": "DATA_NOT_AVAILABLE", "emd_total_population": 4208.0, "emd_youth_population": 575.0, "emd_elderly_population": 1772.0, "emd_youth_ratio": 13.664448669201519, "emd_elderly_ratio": 42.110266159695819, "emd_population_change": -43.0, "emd_year": 2025.0, "population_context_method": "pond_emd_population_context", "population_500m": null, "youth_population_500m": null, "elderly_population_500m": null, "facility_count_500m": 0, "road_length_500m": null, "population_context_method_500m": "pond_emd_population_context", "agricultural_area_500m": 180874.30766883009, "agricultural_area_ha_500m": 18.08743076688301, "agricultural_ratio_500m": 23.066668118030638, "population_1000m": null, "youth_population_1000m": null, "elderly_population_1000m": null, "facility_count_1000m": 0, "road_length_1000m": null, "population_context_method_1000m": "pond_emd_population_context", "agricultural_area_1000m": 901638.24375508749, "agricultural_area_ha_1000m": 90.163824375508753, "agricultural_ratio_1000m": 28.746191760553973 }, "geometry": { "type": "Point", "coordinates": [ 128.427768879367704, 36.428567458538581 ] } },
{ "type": "Feature", "properties": { "id": "499", "address": "안계면 양곡리 123유", "region": "안계면", "capacity": 34.0, "emd_name": "안계면", "pond_id": "499", "facility_source": "VWorld UQ164·UO601", "road_source": "DATA_NOT_AVAILABLE", "emd_total_population": 4208.0, "emd_youth_population": 575.0, "emd_elderly_population": 1772.0, "emd_youth_ratio": 13.664448669201519, "emd_elderly_ratio": 42.110266159695819, "emd_population_change": -43.0, "emd_year": 2025.0, "population_context_method": "pond_emd_population_context", "population_500m": null, "youth_population_500m": null, "elderly_population_500m": null, "facility_count_500m": 0, "road_length_500m": null, "population_context_method_500m": "pond_emd_population_context", "agricultural_area_500m": 106443.36568350968, "agricultural_area_ha_500m": 10.644336568350967, "agricultural_ratio_500m": 13.574585695626732, "population_1000m": null, "youth_population_1000m": null, "elderly_population_1000m": null, "facility_count_1000m": 0, "road_length_1000m": null, "population_context_method_1000m": "pond_emd_population_context", "agricultural_area_1000m": 563887.77642283926, "agricultural_area_ha_1000m": 56.388777642283927, "agricultural_ratio_1000m": 17.977970948719381 }, "geometry": { "type": "Point", "coordinates": [ 128.448601449495698, 36.422748086877455 ] } },
{ "type": "Feature", "properties": { "id": "500", "address": "안계면 양곡리 59-1유", "region": "안계면", "capacity": 16.4, "emd_name": "안계면", "pond_id": "500", "facility_source": "VWorld UQ164·UO601", "road_source": "DATA_NOT_AVAILABLE", "emd_total_population": 4208.0, "emd_youth_population": 575.0, "emd_elderly_population": 1772.0, "emd_youth_ratio": 13.664448669201519, "emd_elderly_ratio": 42.110266159695819, "emd_population_change": -43.0, "emd_year": 2025.0, "population_context_method": "pond_emd_population_context", "population_500m": null, "youth_population_500m": null, "elderly_population_500m": null, "facility_count_500m": 0, "road_length_500m": null, "population_context_method_500m": "pond_emd_population_context", "agricultural_area_500m": 278621.19692181156, "agricultural_area_ha_500m": 27.862119692181157, "agricultural_ratio_500m": 35.532203345381056, "population_1000m": null, "youth_population_1000m": null, "elderly_population_1000m": null, "facility_count_1000m": 0, "road_length_1000m": null, "population_context_method_1000m": "pond_emd_population_context", "agricultural_area_1000m": 810783.10940737138, "agricultural_area_ha_1000m": 81.07831094073714, "agricultural_ratio_1000m": 25.849532116312258 }, "geometry": { "type": "Point", "coordinates": [ 128.44746954247961, 36.415219770566814 ] } },
{ "type": "Feature", "properties": { "id": "501", "address": "다인면 송호리 662-2대", "region": "다인면", "capacity": 13.9, "emd_name": "다인면", "pond_id": "501", "facility_source": "VWorld UQ164·UO601", "road_source": "DATA_NOT_AVAILABLE", "emd_total_population": 3543.0, "emd_youth_population": 296.0, "emd_elderly_population": 1983.0, "emd_youth_ratio": 8.3545018346034432, "emd_elderly_ratio": 55.969517358171039, "emd_population_change": -53.0, "emd_year": 2025.0, "population_context_method": "pond_emd_population_context", "population_500m": null, "youth_population_500m": null, "elderly_population_500m": null, "facility_count_500m": 0, "road_length_500m": null, "population_context_method_500m": "pond_emd_population_context", "agricultural_area_500m": 106377.46376977715, "agricultural_area_ha_500m": 10.637746376977715, "agricultural_ratio_500m": 13.566181309221589, "population_1000m": null, "youth_population_1000m": null, "elderly_population_1000m": null, "facility_count_1000m": 0, "road_length_1000m": null, "population_context_method_1000m": "pond_emd_population_context", "agricultural_area_1000m": 850122.78146566753, "agricultural_area_ha_1000m": 85.012278146566757, "agricultural_ratio_1000m": 27.103766577436406 }, "geometry": { "type": "Point", "coordinates": [ 128.380807580043893, 36.460332792192688 ] } },
{ "type": "Feature", "properties": { "id": "502", "address": "다인면 평림리 117유", "region": "다인면", "capacity": 11.4, "emd_name": "다인면", "pond_id": "502", "facility_source": "VWorld UQ164·UO601", "road_source": "DATA_NOT_AVAILABLE", "emd_total_population": 3543.0, "emd_youth_population": 296.0, "emd_elderly_population": 1983.0, "emd_youth_ratio": 8.3545018346034432, "emd_elderly_ratio": 55.969517358171039, "emd_population_change": -53.0, "emd_year": 2025.0, "population_context_method": "pond_emd_population_context", "population_500m": null, "youth_population_500m": null, "elderly_population_500m": null, "facility_count_500m": 0, "road_length_500m": null, "population_context_method_500m": "pond_emd_population_context", "agricultural_area_500m": 364449.03622477304, "agricultural_area_ha_500m": 36.444903622477305, "agricultural_ratio_500m": 46.477717443015663, "population_1000m": null, "youth_population_1000m": null, "elderly_population_1000m": null, "facility_count_1000m": 0, "road_length_1000m": null, "population_context_method_1000m": "pond_emd_population_context", "agricultural_area_1000m": 1244697.507722389, "agricultural_area_ha_1000m": 124.4697507722389, "agricultural_ratio_1000m": 39.683668576274847 }, "geometry": { "type": "Point", "coordinates": [ 128.368445118044008, 36.469080360413571 ] } },
{ "type": "Feature", "properties": { "id": "503", "address": "다인면 평림리 716유", "region": "다인면", "capacity": 12.5, "emd_name": "다인면", "pond_id": "503", "facility_source": "VWorld UQ164·UO601", "road_source": "DATA_NOT_AVAILABLE", "emd_total_population": 3543.0, "emd_youth_population": 296.0, "emd_elderly_population": 1983.0, "emd_youth_ratio": 8.3545018346034432, "emd_elderly_ratio": 55.969517358171039, "emd_population_change": -53.0, "emd_year": 2025.0, "population_context_method": "pond_emd_population_context", "population_500m": null, "youth_population_500m": null, "elderly_population_500m": null, "facility_count_500m": 0, "road_length_500m": null, "population_context_method_500m": "pond_emd_population_context", "agricultural_area_500m": 165423.84246927232, "agricultural_area_ha_500m": 16.542384246927231, "agricultural_ratio_500m": 21.096290137759883, "population_1000m": null, "youth_population_1000m": null, "elderly_population_1000m": null, "facility_count_1000m": 0, "road_length_1000m": null, "population_context_method_1000m": "pond_emd_population_context", "agricultural_area_1000m": 337312.39934455755, "agricultural_area_ha_1000m": 33.731239934455758, "agricultural_ratio_1000m": 10.75425424989522 }, "geometry": { "type": "Point", "coordinates": [ 128.35742119882471, 36.477324874697359 ] } },
{ "type": "Feature", "properties": { "id": "504", "address": "다인면 평림리 747-1유", "region": "다인면", "capacity": 5.3, "emd_name": "다인면", "pond_id": "504", "facility_source": "VWorld UQ164·UO601", "road_source": "DATA_NOT_AVAILABLE", "emd_total_population": 3543.0, "emd_youth_population": 296.0, "emd_elderly_population": 1983.0, "emd_youth_ratio": 8.3545018346034432, "emd_elderly_ratio": 55.969517358171039, "emd_population_change": -53.0, "emd_year": 2025.0, "population_context_method": "pond_emd_population_context", "population_500m": null, "youth_population_500m": null, "elderly_population_500m": null, "facility_count_500m": 0, "road_length_500m": null, "population_context_method_500m": "pond_emd_population_context", "agricultural_area_500m": 207683.44603378841, "agricultural_area_ha_500m": 20.768344603378839, "agricultural_ratio_500m": 26.485603096497034, "population_1000m": null, "youth_population_1000m": null, "elderly_population_1000m": null, "facility_count_1000m": 0, "road_length_1000m": null, "population_context_method_1000m": "pond_emd_population_context", "agricultural_area_1000m": 475913.06251877232, "agricultural_area_ha_1000m": 47.591306251877235, "agricultural_ratio_1000m": 15.17314538427369 }, "geometry": { "type": "Point", "coordinates": [ 128.360187545266939, 36.476004861509686 ] } },
{ "type": "Feature", "properties": { "id": "505", "address": "다인면 평림리 169-1유", "region": "다인면", "capacity": 23.5, "emd_name": "다인면", "pond_id": "505", "facility_source": "VWorld UQ164·UO601", "road_source": "DATA_NOT_AVAILABLE", "emd_total_population": 3543.0, "emd_youth_population": 296.0, "emd_elderly_population": 1983.0, "emd_youth_ratio": 8.3545018346034432, "emd_elderly_ratio": 55.969517358171039, "emd_population_change": -53.0, "emd_year": 2025.0, "population_context_method": "pond_emd_population_context", "population_500m": null, "youth_population_500m": null, "elderly_population_500m": null, "facility_count_500m": 0, "road_length_500m": null, "population_context_method_500m": "pond_emd_population_context", "agricultural_area_500m": 265832.51773013826, "agricultural_area_ha_500m": 26.583251773013828, "agricultural_ratio_500m": 33.901279515544459, "population_1000m": null, "youth_population_1000m": null, "elderly_population_1000m": null, "facility_count_1000m": 0, "road_length_1000m": null, "population_context_method_1000m": "pond_emd_population_context", "agricultural_area_1000m": 913454.9422776564, "agricultural_area_ha_1000m": 91.345494227765641, "agricultural_ratio_1000m": 29.122933856465661 }, "geometry": { "type": "Point", "coordinates": [ 128.365111073270015, 36.472362397005682 ] } },
{ "type": "Feature", "properties": { "id": "506", "address": "다인면 덕지리 1158-1유", "region": "다인면", "capacity": 14.6, "emd_name": "다인면", "pond_id": "506", "facility_source": "VWorld UQ164·UO601", "road_source": "DATA_NOT_AVAILABLE", "emd_total_population": 3543.0, "emd_youth_population": 296.0, "emd_elderly_population": 1983.0, "emd_youth_ratio": 8.3545018346034432, "emd_elderly_ratio": 55.969517358171039, "emd_population_change": -53.0, "emd_year": 2025.0, "population_context_method": "pond_emd_population_context", "population_500m": null, "youth_population_500m": null, "elderly_population_500m": null, "facility_count_500m": 0, "road_length_500m": null, "population_context_method_500m": "pond_emd_population_context", "agricultural_area_500m": 72590.653842618849, "agricultural_area_ha_500m": 7.2590653842618851, "agricultural_ratio_500m": 9.2573928394756013, "population_1000m": null, "youth_population_1000m": null, "elderly_population_1000m": null, "facility_count_1000m": 0, "road_length_1000m": null, "population_context_method_1000m": "pond_emd_population_context", "agricultural_area_1000m": 452354.88289663522, "agricultural_area_ha_1000m": 45.235488289663522, "agricultural_ratio_1000m": 14.422059287784334 }, "geometry": { "type": "Point", "coordinates": [ 128.326859155167426, 36.467413910194416 ] } },
{ "type": "Feature", "properties": { "id": "507", "address": "다인면 덕지리 324유", "region": "다인면", "capacity": 20.5, "emd_name": "다인면", "pond_id": "507", "facility_source": "VWorld UQ164·UO601", "road_source": "DATA_NOT_AVAILABLE", "emd_total_population": 3543.0, "emd_youth_population": 296.0, "emd_elderly_population": 1983.0, "emd_youth_ratio": 8.3545018346034432, "emd_elderly_ratio": 55.969517358171039, "emd_population_change": -53.0, "emd_year": 2025.0, "population_context_method": "pond_emd_population_context", "population_500m": null, "youth_population_500m": null, "elderly_population_500m": null, "facility_count_500m": 0, "road_length_500m": null, "population_context_method_500m": "pond_emd_population_context", "agricultural_area_500m": 99886.331225439353, "agricultural_area_ha_500m": 9.988633122543936, "agricultural_ratio_500m": 12.738375513914651, "population_1000m": null, "youth_population_1000m": null, "elderly_population_1000m": null, "facility_count_1000m": 0, "road_length_1000m": null, "population_context_method_1000m": "pond_emd_population_context", "agricultural_area_1000m": 507431.09128784918, "agricultural_area_ha_1000m": 50.743109128784916, "agricultural_ratio_1000m": 16.178008815018586 }, "geometry": { "type": "Point", "coordinates": [ 128.330920699062915, 36.472027341186845 ] } },
{ "type": "Feature", "properties": { "id": "508", "address": "다인면 덕미리 458-1유", "region": "다인면", "capacity": 8.9, "emd_name": "다인면", "pond_id": "508", "facility_source": "VWorld UQ164·UO601", "road_source": "DATA_NOT_AVAILABLE", "emd_total_population": 3543.0, "emd_youth_population": 296.0, "emd_elderly_population": 1983.0, "emd_youth_ratio": 8.3545018346034432, "emd_elderly_ratio": 55.969517358171039, "emd_population_change": -53.0, "emd_year": 2025.0, "population_context_method": "pond_emd_population_context", "population_500m": null, "youth_population_500m": null, "elderly_population_500m": null, "facility_count_500m": 0, "road_length_500m": null, "population_context_method_500m": "pond_emd_population_context", "agricultural_area_500m": 76498.338004848687, "agricultural_area_ha_500m": 7.6498338004848687, "agricultural_ratio_500m": 9.7557347811364163, "population_1000m": null, "youth_population_1000m": null, "elderly_population_1000m": null, "facility_count_1000m": 0, "road_length_1000m": null, "population_context_method_1000m": "pond_emd_population_context", "agricultural_area_1000m": 240189.56057172667, "agricultural_area_ha_1000m": 24.018956057172666, "agricultural_ratio_1000m": 7.6577665320877095 }, "geometry": { "type": "Point", "coordinates": [ 128.340858355522556, 36.488054597261886 ] } },
{ "type": "Feature", "properties": { "id": "509", "address": "다인면 덕미리 389유", "region": "다인면", "capacity": 20.0, "emd_name": "다인면", "pond_id": "509", "facility_source": "VWorld UQ164·UO601", "road_source": "DATA_NOT_AVAILABLE", "emd_total_population": 3543.0, "emd_youth_population": 296.0, "emd_elderly_population": 1983.0, "emd_youth_ratio": 8.3545018346034432, "emd_elderly_ratio": 55.969517358171039, "emd_population_change": -53.0, "emd_year": 2025.0, "population_context_method": "pond_emd_population_context", "population_500m": null, "youth_population_500m": null, "elderly_population_500m": null, "facility_count_500m": 0, "road_length_500m": null, "population_context_method_500m": "pond_emd_population_context", "agricultural_area_500m": 74503.447768056722, "agricultural_area_ha_500m": 7.4503447768056725, "agricultural_ratio_500m": 9.5013289917402162, "population_1000m": null, "youth_population_1000m": null, "elderly_population_1000m": null, "facility_count_1000m": 0, "road_length_1000m": null, "population_context_method_1000m": "pond_emd_population_context", "agricultural_area_1000m": 304127.82391413703, "agricultural_area_ha_1000m": 30.412782391413703, "agricultural_ratio_1000m": 9.6962576804034839 }, "geometry": { "type": "Point", "coordinates": [ 128.344912291595136, 36.49792990928065 ] } },
{ "type": "Feature", "properties": { "id": "510", "address": "다인면 덕미리 313-1유", "region": "다인면", "capacity": 6.3, "emd_name": "다인면", "pond_id": "510", "facility_source": "VWorld UQ164·UO601", "road_source": "DATA_NOT_AVAILABLE", "emd_total_population": 3543.0, "emd_youth_population": 296.0, "emd_elderly_population": 1983.0, "emd_youth_ratio": 8.3545018346034432, "emd_elderly_ratio": 55.969517358171039, "emd_population_change": -53.0, "emd_year": 2025.0, "population_context_method": "pond_emd_population_context", "population_500m": null, "youth_population_500m": null, "elderly_population_500m": null, "facility_count_500m": 0, "road_length_500m": null, "population_context_method_500m": "pond_emd_population_context", "agricultural_area_500m": 203934.24282519438, "agricultural_area_ha_500m": 20.393424282519437, "agricultural_ratio_500m": 26.00747202727942, "population_1000m": null, "youth_population_1000m": null, "elderly_population_1000m": null, "facility_count_1000m": 0, "road_length_1000m": null, "population_context_method_1000m": "pond_emd_population_context", "agricultural_area_1000m": 357686.73825229757, "agricultural_area_ha_1000m": 35.768673825229754, "agricultural_ratio_1000m": 11.403832567244745 }, "geometry": { "type": "Point", "coordinates": [ 128.353067981554716, 36.499703019426875 ] } },
{ "type": "Feature", "properties": { "id": "511", "address": "다인면 덕미리 686유", "region": "다인면", "capacity": 14.8, "emd_name": "다인면", "pond_id": "511", "facility_source": "VWorld UQ164·UO601", "road_source": "DATA_NOT_AVAILABLE", "emd_total_population": 3543.0, "emd_youth_population": 296.0, "emd_elderly_population": 1983.0, "emd_youth_ratio": 8.3545018346034432, "emd_elderly_ratio": 55.969517358171039, "emd_population_change": -53.0, "emd_year": 2025.0, "population_context_method": "pond_emd_population_context", "population_500m": null, "youth_population_500m": null, "elderly_population_500m": null, "facility_count_500m": 0, "road_length_500m": null, "population_context_method_500m": "pond_emd_population_context", "agricultural_area_500m": 141407.20997138828, "agricultural_area_ha_500m": 14.140720997138828, "agricultural_ratio_500m": 18.033479845456174, "population_1000m": null, "youth_population_1000m": null, "elderly_population_1000m": null, "facility_count_1000m": 0, "road_length_1000m": null, "population_context_method_1000m": "pond_emd_population_context", "agricultural_area_1000m": 424834.96685357334, "agricultural_area_ha_1000m": 42.483496685357331, "agricultural_ratio_1000m": 13.544664402099906 }, "geometry": { "type": "Point", "coordinates": [ 128.345026927704794, 36.477429031623458 ] } },
{ "type": "Feature", "properties": { "id": "512", "address": "다인면 덕미리 546-2유", "region": "다인면", "capacity": 12.2, "emd_name": "다인면", "pond_id": "512", "facility_source": "VWorld UQ164·UO601", "road_source": "DATA_NOT_AVAILABLE", "emd_total_population": 3543.0, "emd_youth_population": 296.0, "emd_elderly_population": 1983.0, "emd_youth_ratio": 8.3545018346034432, "emd_elderly_ratio": 55.969517358171039, "emd_population_change": -53.0, "emd_year": 2025.0, "population_context_method": "pond_emd_population_context", "population_500m": null, "youth_population_500m": null, "elderly_population_500m": null, "facility_count_500m": 0, "road_length_500m": null, "population_context_method_500m": "pond_emd_population_context", "agricultural_area_500m": 121730.08217683388, "agricultural_area_ha_500m": 12.173008217683387, "agricultural_ratio_500m": 15.524081013732102, "population_1000m": null, "youth_population_1000m": null, "elderly_population_1000m": null, "facility_count_1000m": 0, "road_length_1000m": null, "population_context_method_1000m": "pond_emd_population_context", "agricultural_area_1000m": 403935.5396405441, "agricultural_area_ha_1000m": 40.393553964054412, "agricultural_ratio_1000m": 12.878345125480282 }, "geometry": { "type": "Point", "coordinates": [ 128.345045811062164, 36.481754012091315 ] } },
{ "type": "Feature", "properties": { "id": "513", "address": "다인면 용곡리 690-1유", "region": "다인면", "capacity": 18.6, "emd_name": "다인면", "pond_id": "513", "facility_source": "VWorld UQ164·UO601", "road_source": "DATA_NOT_AVAILABLE", "emd_total_population": 3543.0, "emd_youth_population": 296.0, "emd_elderly_population": 1983.0, "emd_youth_ratio": 8.3545018346034432, "emd_elderly_ratio": 55.969517358171039, "emd_population_change": -53.0, "emd_year": 2025.0, "population_context_method": "pond_emd_population_context", "population_500m": null, "youth_population_500m": null, "elderly_population_500m": null, "facility_count_500m": 0, "road_length_500m": null, "population_context_method_500m": "pond_emd_population_context", "agricultural_area_500m": 92062.206195221806, "agricultural_area_ha_500m": 9.2062206195221812, "agricultural_ratio_500m": 11.740574899155998, "population_1000m": null, "youth_population_1000m": null, "elderly_population_1000m": null, "facility_count_1000m": 0, "road_length_1000m": null, "population_context_method_1000m": "pond_emd_population_context", "agricultural_area_1000m": 114807.20418412422, "agricultural_area_ha_1000m": 11.480720418412421, "agricultural_ratio_1000m": 3.6603038189963506 }, "geometry": { "type": "Point", "coordinates": [ 128.345968643567858, 36.523517615295098 ] } },
{ "type": "Feature", "properties": { "id": "514", "address": "다인면 봉정리 15유", "region": "다인면", "capacity": 15.7, "emd_name": "다인면", "pond_id": "514", "facility_source": "VWorld UQ164·UO601", "road_source": "DATA_NOT_AVAILABLE", "emd_total_population": 3543.0, "emd_youth_population": 296.0, "emd_elderly_population": 1983.0, "emd_youth_ratio": 8.3545018346034432, "emd_elderly_ratio": 55.969517358171039, "emd_population_change": -53.0, "emd_year": 2025.0, "population_context_method": "pond_emd_population_context", "population_500m": null, "youth_population_500m": null, "elderly_population_500m": null, "facility_count_500m": 0, "road_length_500m": null, "population_context_method_500m": "pond_emd_population_context", "agricultural_area_500m": 34949.365020987447, "agricultural_area_ha_500m": 3.4949365020987448, "agricultural_ratio_500m": 4.4570476275219058, "population_1000m": null, "youth_population_1000m": null, "elderly_population_1000m": null, "facility_count_1000m": 0, "road_length_1000m": null, "population_context_method_1000m": "pond_emd_population_context", "agricultural_area_1000m": 77523.584204473242, "agricultural_area_ha_1000m": 7.7523584204473241, "agricultural_ratio_1000m": 2.4716207780030368 }, "geometry": { "type": "Point", "coordinates": [ 128.408874446749564, 36.478882651687911 ] } },
{ "type": "Feature", "properties": { "id": "515", "address": "다인면 달제리 17유", "region": "다인면", "capacity": 9.5, "emd_name": "다인면", "pond_id": "515", "facility_source": "VWorld UQ164·UO601", "road_source": "DATA_NOT_AVAILABLE", "emd_total_population": 3543.0, "emd_youth_population": 296.0, "emd_elderly_population": 1983.0, "emd_youth_ratio": 8.3545018346034432, "emd_elderly_ratio": 55.969517358171039, "emd_population_change": -53.0, "emd_year": 2025.0, "population_context_method": "pond_emd_population_context", "population_500m": null, "youth_population_500m": null, "elderly_population_500m": null, "facility_count_500m": 0, "road_length_500m": null, "population_context_method_500m": "pond_emd_population_context", "agricultural_area_500m": 0.0, "agricultural_area_ha_500m": 0.0, "agricultural_ratio_500m": 0.0, "population_1000m": null, "youth_population_1000m": null, "elderly_population_1000m": null, "facility_count_1000m": 0, "road_length_1000m": null, "population_context_method_1000m": "pond_emd_population_context", "agricultural_area_1000m": 35146.585545583279, "agricultural_area_ha_1000m": 3.514658554558328, "agricultural_ratio_1000m": 1.120549726921841 }, "geometry": { "type": "Point", "coordinates": [ 128.419181052592648, 36.456657260630209 ] } },
{ "type": "Feature", "properties": { "id": "516", "address": "다인면 달제리 1643-1유", "region": "다인면", "capacity": 12.8, "emd_name": "다인면", "pond_id": "516", "facility_source": "VWorld UQ164·UO601", "road_source": "DATA_NOT_AVAILABLE", "emd_total_population": 3543.0, "emd_youth_population": 296.0, "emd_elderly_population": 1983.0, "emd_youth_ratio": 8.3545018346034432, "emd_elderly_ratio": 55.969517358171039, "emd_population_change": -53.0, "emd_year": 2025.0, "population_context_method": "pond_emd_population_context", "population_500m": null, "youth_population_500m": null, "elderly_population_500m": null, "facility_count_500m": 0, "road_length_500m": null, "population_context_method_500m": "pond_emd_population_context", "agricultural_area_500m": 63337.224941366607, "agricultural_area_ha_500m": 6.3337224941366603, "agricultural_ratio_500m": 8.0773149380315523, "population_1000m": null, "youth_population_1000m": null, "elderly_population_1000m": null, "facility_count_1000m": 0, "road_length_1000m": null, "population_context_method_1000m": "pond_emd_population_context", "agricultural_area_1000m": 575464.72030789475, "agricultural_area_ha_1000m": 57.546472030789474, "agricultural_ratio_1000m": 18.347069144393714 }, "geometry": { "type": "Point", "coordinates": [ 128.378886649486503, 36.472186159531468 ] } },
{ "type": "Feature", "properties": { "id": "517", "address": "다인면 달제리 1165유", "region": "다인면", "capacity": 8.8, "emd_name": "다인면", "pond_id": "517", "facility_source": "VWorld UQ164·UO601", "road_source": "DATA_NOT_AVAILABLE", "emd_total_population": 3543.0, "emd_youth_population": 296.0, "emd_elderly_population": 1983.0, "emd_youth_ratio": 8.3545018346034432, "emd_elderly_ratio": 55.969517358171039, "emd_population_change": -53.0, "emd_year": 2025.0, "population_context_method": "pond_emd_population_context", "population_500m": null, "youth_population_500m": null, "elderly_population_500m": null, "facility_count_500m": 0, "road_length_500m": null, "population_context_method_500m": "pond_emd_population_context", "agricultural_area_500m": 0.0, "agricultural_area_ha_500m": 0.0, "agricultural_ratio_500m": 0.0, "population_1000m": null, "youth_population_1000m": null, "elderly_population_1000m": null, "facility_count_1000m": 0, "road_length_1000m": null, "population_context_method_1000m": "pond_emd_population_context", "agricultural_area_1000m": 30835.60459701849, "agricultural_area_ha_1000m": 3.0835604597018489, "agricultural_ratio_1000m": 0.98310626122829825 }, "geometry": { "type": "Point", "coordinates": [ 128.407391019786473, 36.472736783449164 ] } },
{ "type": "Feature", "properties": { "id": "518", "address": "다인면 삼분리 450-1유", "region": "다인면", "capacity": 24.5, "emd_name": "다인면", "pond_id": "518", "facility_source": "VWorld UQ164·UO601", "road_source": "DATA_NOT_AVAILABLE", "emd_total_population": 3543.0, "emd_youth_population": 296.0, "emd_elderly_population": 1983.0, "emd_youth_ratio": 8.3545018346034432, "emd_elderly_ratio": 55.969517358171039, "emd_population_change": -53.0, "emd_year": 2025.0, "population_context_method": "pond_emd_population_context", "population_500m": null, "youth_population_500m": null, "elderly_population_500m": null, "facility_count_500m": 0, "road_length_500m": null, "population_context_method_500m": "pond_emd_population_context", "agricultural_area_500m": 218547.53691292912, "agricultural_area_ha_500m": 21.854753691292913, "agricultural_ratio_500m": 27.87108665103311, "population_1000m": null, "youth_population_1000m": null, "elderly_population_1000m": null, "facility_count_1000m": 0, "road_length_1000m": null, "population_context_method_1000m": "pond_emd_population_context", "agricultural_area_1000m": 834209.82778142206, "agricultural_area_ha_1000m": 83.420982778142204, "agricultural_ratio_1000m": 26.59642694177607 }, "geometry": { "type": "Point", "coordinates": [ 128.416932552778519, 36.434202034382977 ] } },
{ "type": "Feature", "properties": { "id": "519", "address": "다인면 삼분리 393유", "region": "다인면", "capacity": 74.5, "emd_name": "다인면", "pond_id": "519", "facility_source": "VWorld UQ164·UO601", "road_source": "DATA_NOT_AVAILABLE", "emd_total_population": 3543.0, "emd_youth_population": 296.0, "emd_elderly_population": 1983.0, "emd_youth_ratio": 8.3545018346034432, "emd_elderly_ratio": 55.969517358171039, "emd_population_change": -53.0, "emd_year": 2025.0, "population_context_method": "pond_emd_population_context", "population_500m": null, "youth_population_500m": null, "elderly_population_500m": null, "facility_count_500m": 0, "road_length_500m": null, "population_context_method_500m": "pond_emd_population_context", "agricultural_area_500m": 369450.59396463499, "agricultural_area_ha_500m": 36.945059396463499, "agricultural_ratio_500m": 47.115559676915439, "population_1000m": null, "youth_population_1000m": null, "elderly_population_1000m": null, "facility_count_1000m": 0, "road_length_1000m": null, "population_context_method_1000m": "pond_emd_population_context", "agricultural_area_1000m": 1103200.3288303681, "agricultural_area_ha_1000m": 110.32003288303682, "agricultural_ratio_1000m": 35.172430209690766 }, "geometry": { "type": "Point", "coordinates": [ 128.419491245472727, 36.431414362533722 ] } },
{ "type": "Feature", "properties": { "id": "543", "address": "안평면 창길리 1453유", "region": "안평면", "capacity": 67.0, "emd_name": "안평면", "pond_id": "543", "facility_source": "VWorld UQ164·UO601", "road_source": "DATA_NOT_AVAILABLE", "emd_total_population": 2053.0, "emd_youth_population": 108.0, "emd_elderly_population": 1225.0, "emd_youth_ratio": 5.2605942523136866, "emd_elderly_ratio": 59.668777398928398, "emd_population_change": 5.0, "emd_year": 2025.0, "population_context_method": "pond_emd_population_context", "population_500m": null, "youth_population_500m": null, "elderly_population_500m": null, "facility_count_500m": 0, "road_length_500m": null, "population_context_method_500m": "pond_emd_population_context", "agricultural_area_500m": 152152.9330117887, "agricultural_area_ha_500m": 15.215293301178869, "agricultural_ratio_500m": 19.403868101565067, "population_1000m": null, "youth_population_1000m": null, "elderly_population_1000m": null, "facility_count_1000m": 0, "road_length_1000m": null, "population_context_method_1000m": "pond_emd_population_context", "agricultural_area_1000m": 453054.65615695971, "agricultural_area_ha_1000m": 45.305465615695972, "agricultural_ratio_1000m": 14.444369584036206 }, "geometry": { "type": "Point", "coordinates": [ 128.569816646177117, 36.389905238884971 ] } },
{ "type": "Feature", "properties": { "id": "544", "address": "안평면 창길리 762유", "region": "안평면", "capacity": 7.7, "emd_name": "안평면", "pond_id": "544", "facility_source": "VWorld UQ164·UO601", "road_source": "DATA_NOT_AVAILABLE", "emd_total_population": 2053.0, "emd_youth_population": 108.0, "emd_elderly_population": 1225.0, "emd_youth_ratio": 5.2605942523136866, "emd_elderly_ratio": 59.668777398928398, "emd_population_change": 5.0, "emd_year": 2025.0, "population_context_method": "pond_emd_population_context", "population_500m": null, "youth_population_500m": null, "elderly_population_500m": null, "facility_count_500m": 0, "road_length_500m": null, "population_context_method_500m": "pond_emd_population_context", "agricultural_area_500m": 208032.63476494368, "agricultural_area_ha_500m": 20.803263476494369, "agricultural_ratio_500m": 26.530134686836899, "population_1000m": null, "youth_population_1000m": null, "elderly_population_1000m": null, "facility_count_1000m": 0, "road_length_1000m": null, "population_context_method_1000m": "pond_emd_population_context", "agricultural_area_1000m": 558494.60949249892, "agricultural_area_ha_1000m": 55.849460949249888, "agricultural_ratio_1000m": 17.806025035987716 }, "geometry": { "type": "Point", "coordinates": [ 128.570293546976757, 36.398107698928818 ] } },
{ "type": "Feature", "properties": { "id": "545", "address": "안평면 창길리 317-1유", "region": "안평면", "capacity": 27.3, "emd_name": "안평면", "pond_id": "545", "facility_source": "VWorld UQ164·UO601", "road_source": "DATA_NOT_AVAILABLE", "emd_total_population": 2053.0, "emd_youth_population": 108.0, "emd_elderly_population": 1225.0, "emd_youth_ratio": 5.2605942523136866, "emd_elderly_ratio": 59.668777398928398, "emd_population_change": 5.0, "emd_year": 2025.0, "population_context_method": "pond_emd_population_context", "population_500m": null, "youth_population_500m": null, "elderly_population_500m": null, "facility_count_500m": 0, "road_length_500m": null, "population_context_method_500m": "pond_emd_population_context", "agricultural_area_500m": 94343.491289838406, "agricultural_area_ha_500m": 9.4343491289838415, "agricultural_ratio_500m": 12.031504256886993, "population_1000m": null, "youth_population_1000m": null, "elderly_population_1000m": null, "facility_count_1000m": 0, "road_length_1000m": null, "population_context_method_1000m": "pond_emd_population_context", "agricultural_area_1000m": 175474.07753894362, "agricultural_area_ha_1000m": 17.547407753894362, "agricultural_ratio_1000m": 5.594495926584667 }, "geometry": { "type": "Point", "coordinates": [ 128.591991755442052, 36.405623878303153 ] } },
{ "type": "Feature", "properties": { "id": "546", "address": "안평면 창길리 1496", "region": "안평면", "capacity": 5.2, "emd_name": "안평면", "pond_id": "546", "facility_source": "VWorld UQ164·UO601", "road_source": "DATA_NOT_AVAILABLE", "emd_total_population": 2053.0, "emd_youth_population": 108.0, "emd_elderly_population": 1225.0, "emd_youth_ratio": 5.2605942523136866, "emd_elderly_ratio": 59.668777398928398, "emd_population_change": 5.0, "emd_year": 2025.0, "population_context_method": "pond_emd_population_context", "population_500m": null, "youth_population_500m": null, "elderly_population_500m": null, "facility_count_500m": 0, "road_length_500m": null, "population_context_method_500m": "pond_emd_population_context", "agricultural_area_500m": 36589.149672191976, "agricultural_area_ha_500m": 3.6589149672191974, "agricultural_ratio_500m": 4.6661672577329005, "population_1000m": null, "youth_population_1000m": null, "elderly_population_1000m": null, "facility_count_1000m": 0, "road_length_1000m": null, "population_context_method_1000m": "pond_emd_population_context", "agricultural_area_1000m": 214095.38259956645, "agricultural_area_ha_1000m": 21.409538259956644, "agricultural_ratio_1000m": 6.825827282596987 }, "geometry": { "type": "Point", "coordinates": [ 128.561871598600021, 36.389405594824701 ] } },
{ "type": "Feature", "properties": { "id": "547", "address": "안평면 창길리 598답", "region": "안평면", "capacity": 3.0, "emd_name": "안평면", "pond_id": "547", "facility_source": "VWorld UQ164·UO601", "road_source": "DATA_NOT_AVAILABLE", "emd_total_population": 2053.0, "emd_youth_population": 108.0, "emd_elderly_population": 1225.0, "emd_youth_ratio": 5.2605942523136866, "emd_elderly_ratio": 59.668777398928398, "emd_population_change": 5.0, "emd_year": 2025.0, "population_context_method": "pond_emd_population_context", "population_500m": null, "youth_population_500m": null, "elderly_population_500m": null, "facility_count_500m": 0, "road_length_500m": null, "population_context_method_500m": "pond_emd_population_context", "agricultural_area_500m": 97642.176377751748, "agricultural_area_ha_500m": 9.7642176377751753, "agricultural_ratio_500m": 12.452181328879492, "population_1000m": null, "youth_population_1000m": null, "elderly_population_1000m": null, "facility_count_1000m": 0, "road_length_1000m": null, "population_context_method_1000m": "pond_emd_population_context", "agricultural_area_1000m": 549374.46318081394, "agricultural_area_ha_1000m": 54.937446318081392, "agricultural_ratio_1000m": 17.51525489998712 }, "geometry": { "type": "Point", "coordinates": [ 128.572692326083711, 36.396012718448517 ] } },
{ "type": "Feature", "properties": { "id": "548", "address": "안평면 평팔리 산186", "region": "안평면", "capacity": 4.2, "emd_name": "안평면", "pond_id": "548", "facility_source": "VWorld UQ164·UO601", "road_source": "DATA_NOT_AVAILABLE", "emd_total_population": 2053.0, "emd_youth_population": 108.0, "emd_elderly_population": 1225.0, "emd_youth_ratio": 5.2605942523136866, "emd_elderly_ratio": 59.668777398928398, "emd_population_change": 5.0, "emd_year": 2025.0, "population_context_method": "pond_emd_population_context", "population_500m": null, "youth_population_500m": null, "elderly_population_500m": null, "facility_count_500m": 0, "road_length_500m": null, "population_context_method_500m": "pond_emd_population_context", "agricultural_area_500m": 266296.07623101189, "agricultural_area_ha_500m": 26.62960762310119, "agricultural_ratio_500m": 33.960396535704781, "population_1000m": null, "youth_population_1000m": null, "elderly_population_1000m": null, "facility_count_1000m": 0, "road_length_1000m": null, "population_context_method_1000m": "pond_emd_population_context", "agricultural_area_1000m": 544407.91964011861, "agricultural_area_ha_1000m": 54.440791964011858, "agricultural_ratio_1000m": 17.356910670472882 }, "geometry": { "type": "Point", "coordinates": [ 128.60076008404792, 36.378213539260301 ] } },
{ "type": "Feature", "properties": { "id": "549", "address": "안평면 창길리 1", "region": "안평면", "capacity": 2.4, "emd_name": "안평면", "pond_id": "549", "facility_source": "VWorld UQ164·UO601", "road_source": "DATA_NOT_AVAILABLE", "emd_total_population": 2053.0, "emd_youth_population": 108.0, "emd_elderly_population": 1225.0, "emd_youth_ratio": 5.2605942523136866, "emd_elderly_ratio": 59.668777398928398, "emd_population_change": 5.0, "emd_year": 2025.0, "population_context_method": "pond_emd_population_context", "population_500m": null, "youth_population_500m": null, "elderly_population_500m": null, "facility_count_500m": 0, "road_length_500m": null, "population_context_method_500m": "pond_emd_population_context", "agricultural_area_500m": 0.0, "agricultural_area_ha_500m": 0.0, "agricultural_ratio_500m": 0.0, "population_1000m": null, "youth_population_1000m": null, "elderly_population_1000m": null, "facility_count_1000m": 0, "road_length_1000m": null, "population_context_method_1000m": "pond_emd_population_context", "agricultural_area_1000m": 102925.94206676126, "agricultural_area_ha_1000m": 10.292594206676126, "agricultural_ratio_1000m": 3.2815032950071599 }, "geometry": { "type": "Point", "coordinates": [ 128.600677454297482, 36.407364053382615 ] } },
{ "type": "Feature", "properties": { "id": "550", "address": "안평면 창길리 1305유", "region": "안평면", "capacity": 19.0, "emd_name": "안평면", "pond_id": "550", "facility_source": "VWorld UQ164·UO601", "road_source": "DATA_NOT_AVAILABLE", "emd_total_population": 2053.0, "emd_youth_population": 108.0, "emd_elderly_population": 1225.0, "emd_youth_ratio": 5.2605942523136866, "emd_elderly_ratio": 59.668777398928398, "emd_population_change": 5.0, "emd_year": 2025.0, "population_context_method": "pond_emd_population_context", "population_500m": null, "youth_population_500m": null, "elderly_population_500m": null, "facility_count_500m": 0, "road_length_500m": null, "population_context_method_500m": "pond_emd_population_context", "agricultural_area_500m": 224236.93438125521, "agricultural_area_ha_500m": 22.423693438125522, "agricultural_ratio_500m": 28.596648201951258, "population_1000m": null, "youth_population_1000m": null, "elderly_population_1000m": null, "facility_count_1000m": 2, "road_length_1000m": null, "population_context_method_1000m": "pond_emd_population_context", "agricultural_area_1000m": 532004.12565619289, "agricultural_area_ha_1000m": 53.200412565619288, "agricultural_ratio_1000m": 16.961450692050331 }, "geometry": { "type": "Point", "coordinates": [ 128.58199675212893, 36.384896925647553 ] } },
{ "type": "Feature", "properties": { "id": "551", "address": "안평면 창길리 92", "region": "안평면", "capacity": 29.0, "emd_name": "안평면", "pond_id": "551", "facility_source": "VWorld UQ164·UO601", "road_source": "DATA_NOT_AVAILABLE", "emd_total_population": 2053.0, "emd_youth_population": 108.0, "emd_elderly_population": 1225.0, "emd_youth_ratio": 5.2605942523136866, "emd_elderly_ratio": 59.668777398928398, "emd_population_change": 5.0, "emd_year": 2025.0, "population_context_method": "pond_emd_population_context", "population_500m": null, "youth_population_500m": null, "elderly_population_500m": null, "facility_count_500m": 0, "road_length_500m": null, "population_context_method_500m": "pond_emd_population_context", "agricultural_area_500m": 66956.022459500135, "agricultural_area_ha_500m": 6.6956022459500133, "agricultural_ratio_500m": 8.5388155370551253, "population_1000m": null, "youth_population_1000m": null, "elderly_population_1000m": null, "facility_count_1000m": 0, "road_length_1000m": null, "population_context_method_1000m": "pond_emd_population_context", "agricultural_area_1000m": 136347.25135443648, "agricultural_area_ha_1000m": 13.634725135443647, "agricultural_ratio_1000m": 4.3470474556797196 }, "geometry": { "type": "Point", "coordinates": [ 128.59288323496736, 36.409982153426505 ] } },
{ "type": "Feature", "properties": { "id": "556", "address": "안평면 박곡리 128유", "region": "안평면", "capacity": 23.8, "emd_name": "안평면", "pond_id": "556", "facility_source": "VWorld UQ164·UO601", "road_source": "DATA_NOT_AVAILABLE", "emd_total_population": 2053.0, "emd_youth_population": 108.0, "emd_elderly_population": 1225.0, "emd_youth_ratio": 5.2605942523136866, "emd_elderly_ratio": 59.668777398928398, "emd_population_change": 5.0, "emd_year": 2025.0, "population_context_method": "pond_emd_population_context", "population_500m": null, "youth_population_500m": null, "elderly_population_500m": null, "facility_count_500m": 0, "road_length_500m": null, "population_context_method_500m": "pond_emd_population_context", "agricultural_area_500m": 0.0, "agricultural_area_ha_500m": 0.0, "agricultural_ratio_500m": 0.0, "population_1000m": null, "youth_population_1000m": null, "elderly_population_1000m": null, "facility_count_1000m": 0, "road_length_1000m": null, "population_context_method_1000m": "pond_emd_population_context", "agricultural_area_1000m": 0.0, "agricultural_area_ha_1000m": 0.0, "agricultural_ratio_1000m": 0.0 }, "geometry": { "type": "Point", "coordinates": [ 128.610782680047947, 36.400082871333801 ] } },
{ "type": "Feature", "properties": { "id": "557", "address": "안평면 박곡리 566유", "region": "안평면", "capacity": 44.0, "emd_name": "안평면", "pond_id": "557", "facility_source": "VWorld UQ164·UO601", "road_source": "DATA_NOT_AVAILABLE", "emd_total_population": 2053.0, "emd_youth_population": 108.0, "emd_elderly_population": 1225.0, "emd_youth_ratio": 5.2605942523136866, "emd_elderly_ratio": 59.668777398928398, "emd_population_change": 5.0, "emd_year": 2025.0, "population_context_method": "pond_emd_population_context", "population_500m": null, "youth_population_500m": null, "elderly_population_500m": null, "facility_count_500m": 0, "road_length_500m": null, "population_context_method_500m": "pond_emd_population_context", "agricultural_area_500m": 282106.13963907759, "agricultural_area_ha_500m": 28.210613963907758, "agricultural_ratio_500m": 35.976633613590877, "population_1000m": null, "youth_population_1000m": null, "elderly_population_1000m": null, "facility_count_1000m": 0, "road_length_1000m": null, "population_context_method_1000m": "pond_emd_population_context", "agricultural_area_1000m": 528454.22712005861, "agricultural_area_ha_1000m": 52.845422712005863, "agricultural_ratio_1000m": 16.84827219196228 }, "geometry": { "type": "Point", "coordinates": [ 128.600780315598939, 36.382466296776059 ] } },
{ "type": "Feature", "properties": { "id": "558", "address": "안평면 박곡리 135유", "region": "안평면", "capacity": 1.6, "emd_name": "안평면", "pond_id": "558", "facility_source": "VWorld UQ164·UO601", "road_source": "DATA_NOT_AVAILABLE", "emd_total_population": 2053.0, "emd_youth_population": 108.0, "emd_elderly_population": 1225.0, "emd_youth_ratio": 5.2605942523136866, "emd_elderly_ratio": 59.668777398928398, "emd_population_change": 5.0, "emd_year": 2025.0, "population_context_method": "pond_emd_population_context", "population_500m": null, "youth_population_500m": null, "elderly_population_500m": null, "facility_count_500m": 0, "road_length_500m": null, "population_context_method_500m": "pond_emd_population_context", "agricultural_area_500m": 0.0, "agricultural_area_ha_500m": 0.0, "agricultural_ratio_500m": 0.0, "population_1000m": null, "youth_population_1000m": null, "elderly_population_1000m": null, "facility_count_1000m": 0, "road_length_1000m": null, "population_context_method_1000m": "pond_emd_population_context", "agricultural_area_1000m": 0.0, "agricultural_area_ha_1000m": 0.0, "agricultural_ratio_1000m": 0.0 }, "geometry": { "type": "Point", "coordinates": [ 128.610770059899494, 36.401632866598611 ] } },
{ "type": "Feature", "properties": { "id": "559", "address": "안평면 창길리 1079", "region": "안평면", "capacity": 4.4, "emd_name": "안평면", "pond_id": "559", "facility_source": "VWorld UQ164·UO601", "road_source": "DATA_NOT_AVAILABLE", "emd_total_population": 2053.0, "emd_youth_population": 108.0, "emd_elderly_population": 1225.0, "emd_youth_ratio": 5.2605942523136866, "emd_elderly_ratio": 59.668777398928398, "emd_population_change": 5.0, "emd_year": 2025.0, "population_context_method": "pond_emd_population_context", "population_500m": null, "youth_population_500m": null, "elderly_population_500m": null, "facility_count_500m": 0, "road_length_500m": null, "population_context_method_500m": "pond_emd_population_context", "agricultural_area_500m": 218451.66209841566, "agricultural_area_ha_500m": 21.845166209841565, "agricultural_ratio_500m": 27.858859859092551, "population_1000m": null, "youth_population_1000m": null, "elderly_population_1000m": null, "facility_count_1000m": 0, "road_length_1000m": null, "population_context_method_1000m": "pond_emd_population_context", "agricultural_area_1000m": 545909.24169160554, "agricultural_area_ha_1000m": 54.590924169160552, "agricultural_ratio_1000m": 17.404776088655073 }, "geometry": { "type": "Point", "coordinates": [ 128.58077253891858, 36.38828311096124 ] } },
{ "type": "Feature", "properties": { "id": "560", "address": "안평면 석탑리 17", "region": "안평면", "capacity": 19.8, "emd_name": "안평면", "pond_id": "560", "facility_source": "VWorld UQ164·UO601", "road_source": "DATA_NOT_AVAILABLE", "emd_total_population": 2053.0, "emd_youth_population": 108.0, "emd_elderly_population": 1225.0, "emd_youth_ratio": 5.2605942523136866, "emd_elderly_ratio": 59.668777398928398, "emd_population_change": 5.0, "emd_year": 2025.0, "population_context_method": "pond_emd_population_context", "population_500m": null, "youth_population_500m": null, "elderly_population_500m": null, "facility_count_500m": 0, "road_length_500m": null, "population_context_method_500m": "pond_emd_population_context", "agricultural_area_500m": 62068.136344591381, "agricultural_area_ha_500m": 6.206813634459138, "agricultural_ratio_500m": 7.9154696994706963, "population_1000m": null, "youth_population_1000m": null, "elderly_population_1000m": null, "facility_count_1000m": 0, "road_length_1000m": null, "population_context_method_1000m": "pond_emd_population_context", "agricultural_area_1000m": 160663.89203432499, "agricultural_area_ha_1000m": 16.0663892034325, "agricultural_ratio_1000m": 5.122314943275815 }, "geometry": { "type": "Point", "coordinates": [ 128.65168060891628, 36.375439417494597 ] } },
{ "type": "Feature", "properties": { "id": "561", "address": "안평면 석탑리 780", "region": "안평면", "capacity": 7.7, "emd_name": "안평면", "pond_id": "561", "facility_source": "VWorld UQ164·UO601", "road_source": "DATA_NOT_AVAILABLE", "emd_total_population": 2053.0, "emd_youth_population": 108.0, "emd_elderly_population": 1225.0, "emd_youth_ratio": 5.2605942523136866, "emd_elderly_ratio": 59.668777398928398, "emd_population_change": 5.0, "emd_year": 2025.0, "population_context_method": "pond_emd_population_context", "population_500m": null, "youth_population_500m": null, "elderly_population_500m": null, "facility_count_500m": 0, "road_length_500m": null, "population_context_method_500m": "pond_emd_population_context", "agricultural_area_500m": 92561.229667517167, "agricultural_area_ha_500m": 9.2561229667517164, "agricultural_ratio_500m": 11.804214721565822, "population_1000m": null, "youth_population_1000m": null, "elderly_population_1000m": null, "facility_count_1000m": 0, "road_length_1000m": null, "population_context_method_1000m": "pond_emd_population_context", "agricultural_area_1000m": 323138.58502994955, "agricultural_area_ha_1000m": 32.313858502994954, "agricultural_ratio_1000m": 10.302362166691969 }, "geometry": { "type": "Point", "coordinates": [ 128.631970397038145, 36.38669404150474 ] } },
{ "type": "Feature", "properties": { "id": "562", "address": "안평면 석탑리 890", "region": "안평면", "capacity": 4.6, "emd_name": "안평면", "pond_id": "562", "facility_source": "VWorld UQ164·UO601", "road_source": "DATA_NOT_AVAILABLE", "emd_total_population": 2053.0, "emd_youth_population": 108.0, "emd_elderly_population": 1225.0, "emd_youth_ratio": 5.2605942523136866, "emd_elderly_ratio": 59.668777398928398, "emd_population_change": 5.0, "emd_year": 2025.0, "population_context_method": "pond_emd_population_context", "population_500m": null, "youth_population_500m": null, "elderly_population_500m": null, "facility_count_500m": 0, "road_length_500m": null, "population_context_method_500m": "pond_emd_population_context", "agricultural_area_500m": 38999.453663546861, "agricultural_area_ha_500m": 3.8999453663546859, "agricultural_ratio_500m": 4.9735502296359293, "population_1000m": null, "youth_population_1000m": null, "elderly_population_1000m": null, "facility_count_1000m": 0, "road_length_1000m": null, "population_context_method_1000m": "pond_emd_population_context", "agricultural_area_1000m": 197207.19046385918, "agricultural_area_ha_1000m": 19.720719046385916, "agricultural_ratio_1000m": 6.287394920189354 }, "geometry": { "type": "Point", "coordinates": [ 128.633369075735914, 36.392829175661184 ] } },
{ "type": "Feature", "properties": { "id": "563", "address": "안평면 석탑리 815", "region": "안평면", "capacity": 9.9, "emd_name": "안평면", "pond_id": "563", "facility_source": "VWorld UQ164·UO601", "road_source": "DATA_NOT_AVAILABLE", "emd_total_population": 2053.0, "emd_youth_population": 108.0, "emd_elderly_population": 1225.0, "emd_youth_ratio": 5.2605942523136866, "emd_elderly_ratio": 59.668777398928398, "emd_population_change": 5.0, "emd_year": 2025.0, "population_context_method": "pond_emd_population_context", "population_500m": null, "youth_population_500m": null, "elderly_population_500m": null, "facility_count_500m": 0, "road_length_500m": null, "population_context_method_500m": "pond_emd_population_context", "agricultural_area_500m": 77484.332693545803, "agricultural_area_ha_500m": 7.7484332693545799, "agricultural_ratio_500m": 9.8814774172434721, "population_1000m": null, "youth_population_1000m": null, "elderly_population_1000m": null, "facility_count_1000m": 0, "road_length_1000m": null, "population_context_method_1000m": "pond_emd_population_context", "agricultural_area_1000m": 181953.16799531033, "agricultural_area_ha_1000m": 18.195316799531032, "agricultural_ratio_1000m": 5.8010634474087777 }, "geometry": { "type": "Point", "coordinates": [ 128.639926141056634, 36.384512723791339 ] } },
{ "type": "Feature", "properties": { "id": "564", "address": "안평면 석탑리 1242", "region": "안평면", "capacity": 8.1, "emd_name": "안평면", "pond_id": "564", "facility_source": "VWorld UQ164·UO601", "road_source": "DATA_NOT_AVAILABLE", "emd_total_population": 2053.0, "emd_youth_population": 108.0, "emd_elderly_population": 1225.0, "emd_youth_ratio": 5.2605942523136866, "emd_elderly_ratio": 59.668777398928398, "emd_population_change": 5.0, "emd_year": 2025.0, "population_context_method": "pond_emd_population_context", "population_500m": null, "youth_population_500m": null, "elderly_population_500m": null, "facility_count_500m": 0, "road_length_500m": null, "population_context_method_500m": "pond_emd_population_context", "agricultural_area_500m": 79140.135684932378, "agricultural_area_ha_500m": 7.914013568493238, "agricultural_ratio_500m": 10.0926398458018, "population_1000m": null, "youth_population_1000m": null, "elderly_population_1000m": null, "facility_count_1000m": 0, "road_length_1000m": null, "population_context_method_1000m": "pond_emd_population_context", "agricultural_area_1000m": 119572.98866788005, "agricultural_area_ha_1000m": 11.957298866788005, "agricultural_ratio_1000m": 3.8122474123481109 }, "geometry": { "type": "Point", "coordinates": [ 128.624996776575756, 36.403431625000159 ] } },
{ "type": "Feature", "properties": { "id": "565", "address": "안평면 석탑리 619", "region": "안평면", "capacity": 11.6, "emd_name": "안평면", "pond_id": "565", "facility_source": "VWorld UQ164·UO601", "road_source": "DATA_NOT_AVAILABLE", "emd_total_population": 2053.0, "emd_youth_population": 108.0, "emd_elderly_population": 1225.0, "emd_youth_ratio": 5.2605942523136866, "emd_elderly_ratio": 59.668777398928398, "emd_population_change": 5.0, "emd_year": 2025.0, "population_context_method": "pond_emd_population_context", "population_500m": null, "youth_population_500m": null, "elderly_population_500m": null, "facility_count_500m": 0, "road_length_500m": null, "population_context_method_500m": "pond_emd_population_context", "agricultural_area_500m": 104731.84489392333, "agricultural_area_ha_500m": 10.473184489392333, "agricultural_ratio_500m": 13.356317647835326, "population_1000m": null, "youth_population_1000m": null, "elderly_population_1000m": null, "facility_count_1000m": 0, "road_length_1000m": null, "population_context_method_1000m": "pond_emd_population_context", "agricultural_area_1000m": 337085.79275105445, "agricultural_area_ha_1000m": 33.708579275105443, "agricultural_ratio_1000m": 10.747029537948757 }, "geometry": { "type": "Point", "coordinates": [ 128.62052608602653, 36.383506796466044 ] } },
{ "type": "Feature", "properties": { "id": "566", "address": "안평면 신월리 317-1유", "region": "안평면", "capacity": 5.4, "emd_name": "안평면", "pond_id": "566", "facility_source": "VWorld UQ164·UO601", "road_source": "DATA_NOT_AVAILABLE", "emd_total_population": 2053.0, "emd_youth_population": 108.0, "emd_elderly_population": 1225.0, "emd_youth_ratio": 5.2605942523136866, "emd_elderly_ratio": 59.668777398928398, "emd_population_change": 5.0, "emd_year": 2025.0, "population_context_method": "pond_emd_population_context", "population_500m": null, "youth_population_500m": null, "elderly_population_500m": null, "facility_count_500m": 0, "road_length_500m": null, "population_context_method_500m": "pond_emd_population_context", "agricultural_area_500m": 41171.160758652026, "agricultural_area_ha_500m": 4.1171160758652023, "agricultural_ratio_500m": 5.2505052458457628, "population_1000m": null, "youth_population_1000m": null, "elderly_population_1000m": null, "facility_count_1000m": 0, "road_length_1000m": null, "population_context_method_1000m": "pond_emd_population_context", "agricultural_area_1000m": 152389.62113436477, "agricultural_area_ha_1000m": 15.238962113436477, "agricultural_ratio_1000m": 4.8585131584508625 }, "geometry": { "type": "Point", "coordinates": [ 128.63852438299935, 36.357509107474314 ] } },
{ "type": "Feature", "properties": { "id": "567", "address": "안평면 신월리 512", "region": "안평면", "capacity": 2.2, "emd_name": "안평면", "pond_id": "567", "facility_source": "VWorld UQ164·UO601", "road_source": "DATA_NOT_AVAILABLE", "emd_total_population": 2053.0, "emd_youth_population": 108.0, "emd_elderly_population": 1225.0, "emd_youth_ratio": 5.2605942523136866, "emd_elderly_ratio": 59.668777398928398, "emd_population_change": 5.0, "emd_year": 2025.0, "population_context_method": "pond_emd_population_context", "population_500m": null, "youth_population_500m": null, "elderly_population_500m": null, "facility_count_500m": 0, "road_length_500m": null, "population_context_method_500m": "pond_emd_population_context", "agricultural_area_500m": 47610.749734308498, "agricultural_area_ha_500m": 4.7610749734308495, "agricultural_ratio_500m": 6.0717377560481749, "population_1000m": null, "youth_population_1000m": null, "elderly_population_1000m": null, "facility_count_1000m": 0, "road_length_1000m": null, "population_context_method_1000m": "pond_emd_population_context", "agricultural_area_1000m": 313901.5188739603, "agricultural_area_ha_1000m": 31.39015188739603, "agricultural_ratio_1000m": 10.007864371302185 }, "geometry": { "type": "Point", "coordinates": [ 128.637510120633863, 36.360145096476153 ] } },
{ "type": "Feature", "properties": { "id": "568", "address": "안평면 신월리 27", "region": "안평면", "capacity": 8.1, "emd_name": "안평면", "pond_id": "568", "facility_source": "VWorld UQ164·UO601", "road_source": "DATA_NOT_AVAILABLE", "emd_total_population": 2053.0, "emd_youth_population": 108.0, "emd_elderly_population": 1225.0, "emd_youth_ratio": 5.2605942523136866, "emd_elderly_ratio": 59.668777398928398, "emd_population_change": 5.0, "emd_year": 2025.0, "population_context_method": "pond_emd_population_context", "population_500m": null, "youth_population_500m": null, "elderly_population_500m": null, "facility_count_500m": 0, "road_length_500m": null, "population_context_method_500m": "pond_emd_population_context", "agricultural_area_500m": 98797.406084044778, "agricultural_area_ha_500m": 9.879740608404477, "agricultural_ratio_500m": 12.599506289392629, "population_1000m": null, "youth_population_1000m": null, "elderly_population_1000m": null, "facility_count_1000m": 0, "road_length_1000m": null, "population_context_method_1000m": "pond_emd_population_context", "agricultural_area_1000m": 403399.80603790819, "agricultural_area_ha_1000m": 40.339980603790821, "agricultural_ratio_1000m": 12.861264770936085 }, "geometry": { "type": "Point", "coordinates": [ 128.648994746782677, 36.368547343016367 ] } },
{ "type": "Feature", "properties": { "id": "569", "address": "안평면 신월리 813", "region": "안평면", "capacity": 6.8, "emd_name": "안평면", "pond_id": "569", "facility_source": "VWorld UQ164·UO601", "road_source": "DATA_NOT_AVAILABLE", "emd_total_population": 2053.0, "emd_youth_population": 108.0, "emd_elderly_population": 1225.0, "emd_youth_ratio": 5.2605942523136866, "emd_elderly_ratio": 59.668777398928398, "emd_population_change": 5.0, "emd_year": 2025.0, "population_context_method": "pond_emd_population_context", "population_500m": null, "youth_population_500m": null, "elderly_population_500m": null, "facility_count_500m": 0, "road_length_500m": null, "population_context_method_500m": "pond_emd_population_context", "agricultural_area_500m": 118945.19926290755, "agricultural_area_ha_500m": 11.894519926290755, "agricultural_ratio_500m": 15.168928472992437, "population_1000m": null, "youth_population_1000m": null, "elderly_population_1000m": null, "facility_count_1000m": 0, "road_length_1000m": null, "population_context_method_1000m": "pond_emd_population_context", "agricultural_area_1000m": 369593.26013740123, "agricultural_area_ha_1000m": 36.959326013740124, "agricultural_ratio_1000m": 11.78343842766718 }, "geometry": { "type": "Point", "coordinates": [ 128.628967918810986, 36.367217990349324 ] } },
{ "type": "Feature", "properties": { "id": "570", "address": "안평면 신월리 250-1", "region": "안평면", "capacity": 8.0, "emd_name": "안평면", "pond_id": "570", "facility_source": "VWorld UQ164·UO601", "road_source": "DATA_NOT_AVAILABLE", "emd_total_population": 2053.0, "emd_youth_population": 108.0, "emd_elderly_population": 1225.0, "emd_youth_ratio": 5.2605942523136866, "emd_elderly_ratio": 59.668777398928398, "emd_population_change": 5.0, "emd_year": 2025.0, "population_context_method": "pond_emd_population_context", "population_500m": null, "youth_population_500m": null, "elderly_population_500m": null, "facility_count_500m": 0, "road_length_500m": null, "population_context_method_500m": "pond_emd_population_context", "agricultural_area_500m": 0.0, "agricultural_area_ha_500m": 0.0, "agricultural_ratio_500m": 0.0, "population_1000m": null, "youth_population_1000m": null, "elderly_population_1000m": null, "facility_count_1000m": 0, "road_length_1000m": null, "population_context_method_1000m": "pond_emd_population_context", "agricultural_area_1000m": 73026.943164720913, "agricultural_area_ha_1000m": 7.302694316472091, "agricultural_ratio_1000m": 2.3282580640738253 }, "geometry": { "type": "Point", "coordinates": [ 128.648491676489925, 36.35313711453837 ] } },
{ "type": "Feature", "properties": { "id": "571", "address": "안평면 신월리 1055", "region": "안평면", "capacity": 24.7, "emd_name": "안평면", "pond_id": "571", "facility_source": "VWorld UQ164·UO601", "road_source": "DATA_NOT_AVAILABLE", "emd_total_population": 2053.0, "emd_youth_population": 108.0, "emd_elderly_population": 1225.0, "emd_youth_ratio": 5.2605942523136866, "emd_elderly_ratio": 59.668777398928398, "emd_population_change": 5.0, "emd_year": 2025.0, "population_context_method": "pond_emd_population_context", "population_500m": null, "youth_population_500m": null, "elderly_population_500m": null, "facility_count_500m": 0, "road_length_500m": null, "population_context_method_500m": "pond_emd_population_context", "agricultural_area_500m": 155307.50446621564, "agricultural_area_ha_500m": 15.530750446621564, "agricultural_ratio_500m": 19.80616654699773, "population_1000m": null, "youth_population_1000m": null, "elderly_population_1000m": null, "facility_count_1000m": 0, "road_length_1000m": null, "population_context_method_1000m": "pond_emd_population_context", "agricultural_area_1000m": 396207.72653864446, "agricultural_area_ha_1000m": 39.620772653864449, "agricultural_ratio_1000m": 12.631965605916257 }, "geometry": { "type": "Point", "coordinates": [ 128.627401441769308, 36.375997655381802 ] } },
{ "type": "Feature", "properties": { "id": "572", "address": "안평면 신월리 49-2", "region": "안평면", "capacity": 16.4, "emd_name": "안평면", "pond_id": "572", "facility_source": "VWorld UQ164·UO601", "road_source": "DATA_NOT_AVAILABLE", "emd_total_population": 2053.0, "emd_youth_population": 108.0, "emd_elderly_population": 1225.0, "emd_youth_ratio": 5.2605942523136866, "emd_elderly_ratio": 59.668777398928398, "emd_population_change": 5.0, "emd_year": 2025.0, "population_context_method": "pond_emd_population_context", "population_500m": null, "youth_population_500m": null, "elderly_population_500m": null, "facility_count_500m": 0, "road_length_500m": null, "population_context_method_500m": "pond_emd_population_context", "agricultural_area_500m": 120119.78218107398, "agricultural_area_ha_500m": 12.011978218107398, "agricultural_ratio_500m": 15.318721523755954, "population_1000m": null, "youth_population_1000m": null, "elderly_population_1000m": null, "facility_count_1000m": 0, "road_length_1000m": null, "population_context_method_1000m": "pond_emd_population_context", "agricultural_area_1000m": 340520.6720921052, "agricultural_area_ha_1000m": 34.05206720921052, "agricultural_ratio_1000m": 10.856540975486039 }, "geometry": { "type": "Point", "coordinates": [ 128.649735134486264, 36.3656176923405 ] } },
{ "type": "Feature", "properties": { "id": "573", "address": "안평면 신월리 988", "region": "안평면", "capacity": 2.9, "emd_name": "안평면", "pond_id": "573", "facility_source": "VWorld UQ164·UO601", "road_source": "DATA_NOT_AVAILABLE", "emd_total_population": 2053.0, "emd_youth_population": 108.0, "emd_elderly_population": 1225.0, "emd_youth_ratio": 5.2605942523136866, "emd_elderly_ratio": 59.668777398928398, "emd_population_change": 5.0, "emd_year": 2025.0, "population_context_method": "pond_emd_population_context", "population_500m": null, "youth_population_500m": null, "elderly_population_500m": null, "facility_count_500m": 0, "road_length_500m": null, "population_context_method_500m": "pond_emd_population_context", "agricultural_area_500m": 123936.94956931988, "agricultural_area_ha_500m": 12.393694956931988, "agricultural_ratio_500m": 15.805519977502358, "population_1000m": null, "youth_population_1000m": null, "elderly_population_1000m": null, "facility_count_1000m": 0, "road_length_1000m": null, "population_context_method_1000m": "pond_emd_population_context", "agricultural_area_1000m": 433484.83677876327, "agricultural_area_ha_1000m": 43.348483677876331, "agricultural_ratio_1000m": 13.820441102229431 }, "geometry": { "type": "Point", "coordinates": [ 128.62833760397001, 36.371191254759118 ] } },
{ "type": "Feature", "properties": { "id": "574", "address": "안평면 신월리 613-1", "region": "안평면", "capacity": 5.3, "emd_name": "안평면", "pond_id": "574", "facility_source": "VWorld UQ164·UO601", "road_source": "DATA_NOT_AVAILABLE", "emd_total_population": 2053.0, "emd_youth_population": 108.0, "emd_elderly_population": 1225.0, "emd_youth_ratio": 5.2605942523136866, "emd_elderly_ratio": 59.668777398928398, "emd_population_change": 5.0, "emd_year": 2025.0, "population_context_method": "pond_emd_population_context", "population_500m": null, "youth_population_500m": null, "elderly_population_500m": null, "facility_count_500m": 0, "road_length_500m": null, "population_context_method_500m": "pond_emd_population_context", "agricultural_area_500m": 63892.345628365299, "agricultural_area_ha_500m": 6.3892345628365304, "agricultural_ratio_500m": 8.1481087661737828, "population_1000m": null, "youth_population_1000m": null, "elderly_population_1000m": null, "facility_count_1000m": 0, "road_length_1000m": null, "population_context_method_1000m": "pond_emd_population_context", "agricultural_area_1000m": 189439.62380710713, "agricultural_area_ha_1000m": 18.943962380710712, "agricultural_ratio_1000m": 6.0397479706789339 }, "geometry": { "type": "Point", "coordinates": [ 128.631399600538884, 36.359877208941988 ] } },
{ "type": "Feature", "properties": { "id": "575", "address": "안평면 신월리 1181", "region": "안평면", "capacity": 1.3, "emd_name": "안평면", "pond_id": "575", "facility_source": "VWorld UQ164·UO601", "road_source": "DATA_NOT_AVAILABLE", "emd_total_population": 2053.0, "emd_youth_population": 108.0, "emd_elderly_population": 1225.0, "emd_youth_ratio": 5.2605942523136866, "emd_elderly_ratio": 59.668777398928398, "emd_population_change": 5.0, "emd_year": 2025.0, "population_context_method": "pond_emd_population_context", "population_500m": null, "youth_population_500m": null, "elderly_population_500m": null, "facility_count_500m": 0, "road_length_500m": null, "population_context_method_500m": "pond_emd_population_context", "agricultural_area_500m": 45376.20906417002, "agricultural_area_ha_500m": 4.5376209064170023, "agricultural_ratio_500m": 5.7867696547261289, "population_1000m": null, "youth_population_1000m": null, "elderly_population_1000m": null, "facility_count_1000m": 0, "road_length_1000m": null, "population_context_method_1000m": "pond_emd_population_context", "agricultural_area_1000m": 354288.01135720685, "agricultural_area_ha_1000m": 35.428801135720683, "agricultural_ratio_1000m": 11.295473748456034 }, "geometry": { "type": "Point", "coordinates": [ 128.626753056211925, 36.370005400726455 ] } },
{ "type": "Feature", "properties": { "id": "576", "address": "안평면 신월리 1150", "region": "안평면", "capacity": 5.8, "emd_name": "안평면", "pond_id": "576", "facility_source": "VWorld UQ164·UO601", "road_source": "DATA_NOT_AVAILABLE", "emd_total_population": 2053.0, "emd_youth_population": 108.0, "emd_elderly_population": 1225.0, "emd_youth_ratio": 5.2605942523136866, "emd_elderly_ratio": 59.668777398928398, "emd_population_change": 5.0, "emd_year": 2025.0, "population_context_method": "pond_emd_population_context", "population_500m": null, "youth_population_500m": null, "elderly_population_500m": null, "facility_count_500m": 0, "road_length_500m": null, "population_context_method_500m": "pond_emd_population_context", "agricultural_area_500m": 12880.12620731712, "agricultural_area_ha_500m": 1.288012620731712, "agricultural_ratio_500m": 1.6425859502749707, "population_1000m": null, "youth_population_1000m": null, "elderly_population_1000m": null, "facility_count_1000m": 0, "road_length_1000m": null, "population_context_method_1000m": "pond_emd_population_context", "agricultural_area_1000m": 317439.16648934869, "agricultural_area_ha_1000m": 31.743916648934867, "agricultural_ratio_1000m": 10.120652285343734 }, "geometry": { "type": "Point", "coordinates": [ 128.622597190216624, 36.373765246280747 ] } },
{ "type": "Feature", "properties": { "id": "587", "address": "안평면 대사리 1159-1", "region": "안평면", "capacity": 5.0, "emd_name": "안평면", "pond_id": "587", "facility_source": "VWorld UQ164·UO601", "road_source": "DATA_NOT_AVAILABLE", "emd_total_population": 2053.0, "emd_youth_population": 108.0, "emd_elderly_population": 1225.0, "emd_youth_ratio": 5.2605942523136866, "emd_elderly_ratio": 59.668777398928398, "emd_population_change": 5.0, "emd_year": 2025.0, "population_context_method": "pond_emd_population_context", "population_500m": null, "youth_population_500m": null, "elderly_population_500m": null, "facility_count_500m": 0, "road_length_500m": null, "population_context_method_500m": "pond_emd_population_context", "agricultural_area_500m": 72872.99105913096, "agricultural_area_ha_500m": 7.287299105913096, "agricultural_ratio_500m": 9.2933989420259842, "population_1000m": null, "youth_population_1000m": null, "elderly_population_1000m": null, "facility_count_1000m": 0, "road_length_1000m": null, "population_context_method_1000m": "pond_emd_population_context", "agricultural_area_1000m": 225022.76223390008, "agricultural_area_ha_1000m": 22.502276223390009, "agricultural_ratio_1000m": 7.174215954644322 }, "geometry": { "type": "Point", "coordinates": [ 128.564284345205522, 36.350691045990686 ] } },
{ "type": "Feature", "properties": { "id": "588", "address": "안평면 대사리 319", "region": "안평면", "capacity": 4.8, "emd_name": "안평면", "pond_id": "588", "facility_source": "VWorld UQ164·UO601", "road_source": "DATA_NOT_AVAILABLE", "emd_total_population": 2053.0, "emd_youth_population": 108.0, "emd_elderly_population": 1225.0, "emd_youth_ratio": 5.2605942523136866, "emd_elderly_ratio": 59.668777398928398, "emd_population_change": 5.0, "emd_year": 2025.0, "population_context_method": "pond_emd_population_context", "population_500m": null, "youth_population_500m": null, "elderly_population_500m": null, "facility_count_500m": 0, "road_length_500m": null, "population_context_method_500m": "pond_emd_population_context", "agricultural_area_500m": 82702.350292877643, "agricultural_area_ha_500m": 8.2702350292877647, "agricultural_ratio_500m": 10.546924498971666, "population_1000m": null, "youth_population_1000m": null, "elderly_population_1000m": null, "facility_count_1000m": 0, "road_length_1000m": null, "population_context_method_1000m": "pond_emd_population_context", "agricultural_area_1000m": 236538.12171014279, "agricultural_area_ha_1000m": 23.65381217101428, "agricultural_ratio_1000m": 7.541350705181479 }, "geometry": { "type": "Point", "coordinates": [ 128.587039738797728, 36.336316478237961 ] } },
{ "type": "Feature", "properties": { "id": "589", "address": "안평면 대사리 1101", "region": "안평면", "capacity": 13.5, "emd_name": "안평면", "pond_id": "589", "facility_source": "VWorld UQ164·UO601", "road_source": "DATA_NOT_AVAILABLE", "emd_total_population": 2053.0, "emd_youth_population": 108.0, "emd_elderly_population": 1225.0, "emd_youth_ratio": 5.2605942523136866, "emd_elderly_ratio": 59.668777398928398, "emd_population_change": 5.0, "emd_year": 2025.0, "population_context_method": "pond_emd_population_context", "population_500m": null, "youth_population_500m": null, "elderly_population_500m": null, "facility_count_500m": 0, "road_length_500m": null, "population_context_method_500m": "pond_emd_population_context", "agricultural_area_500m": 60461.062276926641, "agricultural_area_ha_500m": 6.0461062276926638, "agricultural_ratio_500m": 7.7105216079607146, "population_1000m": null, "youth_population_1000m": null, "elderly_population_1000m": null, "facility_count_1000m": 0, "road_length_1000m": null, "population_context_method_1000m": "pond_emd_population_context", "agricultural_area_1000m": 267827.09700766089, "agricultural_area_ha_1000m": 26.782709700766091, "agricultural_ratio_1000m": 8.538911412176077 }, "geometry": { "type": "Point", "coordinates": [ 128.565036008374051, 36.355970514609702 ] } },
{ "type": "Feature", "properties": { "id": "590", "address": "안평면 대사리 895", "region": "안평면", "capacity": 24.8, "emd_name": "안평면", "pond_id": "590", "facility_source": "VWorld UQ164·UO601", "road_source": "DATA_NOT_AVAILABLE", "emd_total_population": 2053.0, "emd_youth_population": 108.0, "emd_elderly_population": 1225.0, "emd_youth_ratio": 5.2605942523136866, "emd_elderly_ratio": 59.668777398928398, "emd_population_change": 5.0, "emd_year": 2025.0, "population_context_method": "pond_emd_population_context", "population_500m": null, "youth_population_500m": null, "elderly_population_500m": null, "facility_count_500m": 0, "road_length_500m": null, "population_context_method_500m": "pond_emd_population_context", "agricultural_area_500m": 135857.2101665517, "agricultural_area_ha_500m": 13.585721016655169, "agricultural_ratio_500m": 17.325695499501983, "population_1000m": null, "youth_population_1000m": null, "elderly_population_1000m": null, "facility_count_1000m": 0, "road_length_1000m": null, "population_context_method_1000m": "pond_emd_population_context", "agricultural_area_1000m": 242986.60971863742, "agricultural_area_ha_1000m": 24.298660971863743, "agricultural_ratio_1000m": 7.7469425532887701 }, "geometry": { "type": "Point", "coordinates": [ 128.567962946226544, 36.347489112659275 ] } },
{ "type": "Feature", "properties": { "id": "591", "address": "안평면 대사리 780", "region": "안평면", "capacity": 6.1, "emd_name": "안평면", "pond_id": "591", "facility_source": "VWorld UQ164·UO601", "road_source": "DATA_NOT_AVAILABLE", "emd_total_population": 2053.0, "emd_youth_population": 108.0, "emd_elderly_population": 1225.0, "emd_youth_ratio": 5.2605942523136866, "emd_elderly_ratio": 59.668777398928398, "emd_population_change": 5.0, "emd_year": 2025.0, "population_context_method": "pond_emd_population_context", "population_500m": null, "youth_population_500m": null, "elderly_population_500m": null, "facility_count_500m": 0, "road_length_500m": null, "population_context_method_500m": "pond_emd_population_context", "agricultural_area_500m": 45919.138823825466, "agricultural_area_ha_500m": 4.5919138823825465, "agricultural_ratio_500m": 5.8560087895639201, "population_1000m": null, "youth_population_1000m": null, "elderly_population_1000m": null, "facility_count_1000m": 0, "road_length_1000m": null, "population_context_method_1000m": "pond_emd_population_context", "agricultural_area_1000m": 238742.69423875847, "agricultural_area_ha_1000m": 23.874269423875848, "agricultural_ratio_1000m": 7.611637280863655 }, "geometry": { "type": "Point", "coordinates": [ 128.572131593162112, 36.342082005724187 ] } },
{ "type": "Feature", "properties": { "id": "592", "address": "안평면 도옥리 829유", "region": "안평면", "capacity": 3.2, "emd_name": "안평면", "pond_id": "592", "facility_source": "VWorld UQ164·UO601", "road_source": "DATA_NOT_AVAILABLE", "emd_total_population": 2053.0, "emd_youth_population": 108.0, "emd_elderly_population": 1225.0, "emd_youth_ratio": 5.2605942523136866, "emd_elderly_ratio": 59.668777398928398, "emd_population_change": 5.0, "emd_year": 2025.0, "population_context_method": "pond_emd_population_context", "population_500m": null, "youth_population_500m": null, "elderly_population_500m": null, "facility_count_500m": 0, "road_length_500m": null, "population_context_method_500m": "pond_emd_population_context", "agricultural_area_500m": 173558.74729644076, "agricultural_area_ha_500m": 17.355874729644075, "agricultural_ratio_500m": 22.133724100816853, "population_1000m": null, "youth_population_1000m": null, "elderly_population_1000m": null, "facility_count_1000m": 0, "road_length_1000m": null, "population_context_method_1000m": "pond_emd_population_context", "agricultural_area_1000m": 496450.38840167533, "agricultural_area_ha_1000m": 49.64503884016753, "agricultural_ratio_1000m": 15.827920081518322 }, "geometry": { "type": "Point", "coordinates": [ 128.582535797637291, 36.359777002234679 ] } },
{ "type": "Feature", "properties": { "id": "593", "address": "안평면 도옥리 838", "region": "안평면", "capacity": 4.1, "emd_name": "안평면", "pond_id": "593", "facility_source": "VWorld UQ164·UO601", "road_source": "DATA_NOT_AVAILABLE", "emd_total_population": 2053.0, "emd_youth_population": 108.0, "emd_elderly_population": 1225.0, "emd_youth_ratio": 5.2605942523136866, "emd_elderly_ratio": 59.668777398928398, "emd_population_change": 5.0, "emd_year": 2025.0, "population_context_method": "pond_emd_population_context", "population_500m": null, "youth_population_500m": null, "elderly_population_500m": null, "facility_count_500m": 0, "road_length_500m": null, "population_context_method_500m": "pond_emd_population_context", "agricultural_area_500m": 178439.20628800808, "agricultural_area_ha_500m": 17.843920628800809, "agricultural_ratio_500m": 22.756122766901928, "population_1000m": null, "youth_population_1000m": null, "elderly_population_1000m": null, "facility_count_1000m": 0, "road_length_1000m": null, "population_context_method_1000m": "pond_emd_population_context", "agricultural_area_1000m": 586376.03821046324, "agricultural_area_ha_1000m": 58.637603821046326, "agricultural_ratio_1000m": 18.694945733436001 }, "geometry": { "type": "Point", "coordinates": [ 128.581404273710291, 36.361116545968194 ] } },
{ "type": "Feature", "properties": { "id": "594", "address": "안평면 도옥리 507유", "region": "안평면", "capacity": 38.5, "emd_name": "안평면", "pond_id": "594", "facility_source": "VWorld UQ164·UO601", "road_source": "DATA_NOT_AVAILABLE", "emd_total_population": 2053.0, "emd_youth_population": 108.0, "emd_elderly_population": 1225.0, "emd_youth_ratio": 5.2605942523136866, "emd_elderly_ratio": 59.668777398928398, "emd_population_change": 5.0, "emd_year": 2025.0, "population_context_method": "pond_emd_population_context", "population_500m": null, "youth_population_500m": null, "elderly_population_500m": null, "facility_count_500m": 0, "road_length_500m": null, "population_context_method_500m": "pond_emd_population_context", "agricultural_area_500m": 203018.19931799659, "agricultural_area_ha_500m": 20.30181993179966, "agricultural_ratio_500m": 25.89065017549439, "population_1000m": null, "youth_population_1000m": null, "elderly_population_1000m": null, "facility_count_1000m": 0, "road_length_1000m": null, "population_context_method_1000m": "pond_emd_population_context", "agricultural_area_1000m": 488601.32663236937, "agricultural_area_ha_1000m": 48.860132663236939, "agricultural_ratio_1000m": 15.577674890252688 }, "geometry": { "type": "Point", "coordinates": [ 128.587441525585461, 36.350088541720567 ] } },
{ "type": "Feature", "properties": { "id": "595", "address": "안평면 도옥리 310답", "region": "안평면", "capacity": 4.0, "emd_name": "안평면", "pond_id": "595", "facility_source": "VWorld UQ164·UO601", "road_source": "DATA_NOT_AVAILABLE", "emd_total_population": 2053.0, "emd_youth_population": 108.0, "emd_elderly_population": 1225.0, "emd_youth_ratio": 5.2605942523136866, "emd_elderly_ratio": 59.668777398928398, "emd_population_change": 5.0, "emd_year": 2025.0, "population_context_method": "pond_emd_population_context", "population_500m": null, "youth_population_500m": null, "elderly_population_500m": null, "facility_count_500m": 0, "road_length_500m": null, "population_context_method_500m": "pond_emd_population_context", "agricultural_area_500m": 0.0, "agricultural_area_ha_500m": 0.0, "agricultural_ratio_500m": 0.0, "population_1000m": null, "youth_population_1000m": null, "elderly_population_1000m": null, "facility_count_1000m": 0, "road_length_1000m": null, "population_context_method_1000m": "pond_emd_population_context", "agricultural_area_1000m": 244850.61232351739, "agricultural_area_ha_1000m": 24.48506123235174, "agricultural_ratio_1000m": 7.8063710177457484 }, "geometry": { "type": "Point", "coordinates": [ 128.590268024351559, 36.358719285433324 ] } },
{ "type": "Feature", "properties": { "id": "596", "address": "안평면 마전리 459유", "region": "안평면", "capacity": 2.8, "emd_name": "안평면", "pond_id": "596", "facility_source": "VWorld UQ164·UO601", "road_source": "DATA_NOT_AVAILABLE", "emd_total_population": 2053.0, "emd_youth_population": 108.0, "emd_elderly_population": 1225.0, "emd_youth_ratio": 5.2605942523136866, "emd_elderly_ratio": 59.668777398928398, "emd_population_change": 5.0, "emd_year": 2025.0, "population_context_method": "pond_emd_population_context", "population_500m": null, "youth_population_500m": null, "elderly_population_500m": null, "facility_count_500m": 0, "road_length_500m": null, "population_context_method_500m": "pond_emd_population_context", "agricultural_area_500m": 122667.3619121568, "agricultural_area_ha_500m": 12.26673619121568, "agricultural_ratio_500m": 15.6436110944113, "population_1000m": null, "youth_population_1000m": null, "elderly_population_1000m": null, "facility_count_1000m": 0, "road_length_1000m": null, "population_context_method_1000m": "pond_emd_population_context", "agricultural_area_1000m": 231592.01953691704, "agricultural_area_ha_1000m": 23.159201953691703, "agricultural_ratio_1000m": 7.3836581910011914 }, "geometry": { "type": "Point", "coordinates": [ 128.56202003357356, 36.362813051463711 ] } },
{ "type": "Feature", "properties": { "id": "597", "address": "안평면 마전리 419유", "region": "안평면", "capacity": 13.3, "emd_name": "안평면", "pond_id": "597", "facility_source": "VWorld UQ164·UO601", "road_source": "DATA_NOT_AVAILABLE", "emd_total_population": 2053.0, "emd_youth_population": 108.0, "emd_elderly_population": 1225.0, "emd_youth_ratio": 5.2605942523136866, "emd_elderly_ratio": 59.668777398928398, "emd_population_change": 5.0, "emd_year": 2025.0, "population_context_method": "pond_emd_population_context", "population_500m": null, "youth_population_500m": null, "elderly_population_500m": null, "facility_count_500m": 0, "road_length_500m": null, "population_context_method_500m": "pond_emd_population_context", "agricultural_area_500m": 213643.18913025325, "agricultural_area_ha_500m": 21.364318913025325, "agricultural_ratio_500m": 27.245641478103895, "population_1000m": null, "youth_population_1000m": null, "elderly_population_1000m": null, "facility_count_1000m": 1, "road_length_1000m": null, "population_context_method_1000m": "pond_emd_population_context", "agricultural_area_1000m": 764947.46888583014, "agricultural_area_ha_1000m": 76.494746888583009, "agricultural_ratio_1000m": 24.388192026729783 }, "geometry": { "type": "Point", "coordinates": [ 128.569894499553442, 36.370477160840551 ] } },
{ "type": "Feature", "properties": { "id": "598", "address": "안평면 마전리 616유", "region": "안평면", "capacity": 3.6, "emd_name": "안평면", "pond_id": "598", "facility_source": "VWorld UQ164·UO601", "road_source": "DATA_NOT_AVAILABLE", "emd_total_population": 2053.0, "emd_youth_population": 108.0, "emd_elderly_population": 1225.0, "emd_youth_ratio": 5.2605942523136866, "emd_elderly_ratio": 59.668777398928398, "emd_population_change": 5.0, "emd_year": 2025.0, "population_context_method": "pond_emd_population_context", "population_500m": null, "youth_population_500m": null, "elderly_population_500m": null, "facility_count_500m": 0, "road_length_500m": null, "population_context_method_500m": "pond_emd_population_context", "agricultural_area_500m": 99272.170516681072, "agricultural_area_ha_500m": 9.9272170516681069, "agricultural_ratio_500m": 12.660052387636265, "population_1000m": null, "youth_population_1000m": null, "elderly_population_1000m": null, "facility_count_1000m": 0, "road_length_1000m": null, "population_context_method_1000m": "pond_emd_population_context", "agricultural_area_1000m": 200375.51101399621, "agricultural_area_ha_1000m": 20.037551101399622, "agricultural_ratio_1000m": 6.3884078826762041 }, "geometry": { "type": "Point", "coordinates": [ 128.56102529771502, 36.359861511024427 ] } },
{ "type": "Feature", "properties": { "id": "599", "address": "안평면 기도리 1235유", "region": "안평면", "capacity": 93.8, "emd_name": "안평면", "pond_id": "599", "facility_source": "VWorld UQ164·UO601", "road_source": "DATA_NOT_AVAILABLE", "emd_total_population": 2053.0, "emd_youth_population": 108.0, "emd_elderly_population": 1225.0, "emd_youth_ratio": 5.2605942523136866, "emd_elderly_ratio": 59.668777398928398, "emd_population_change": 5.0, "emd_year": 2025.0, "population_context_method": "pond_emd_population_context", "population_500m": null, "youth_population_500m": null, "elderly_population_500m": null, "facility_count_500m": 0, "road_length_500m": null, "population_context_method_500m": "pond_emd_population_context", "agricultural_area_500m": 111187.32618815683, "agricultural_area_ha_500m": 11.118732618815683, "agricultural_ratio_500m": 14.179576885011661, "population_1000m": null, "youth_population_1000m": null, "elderly_population_1000m": null, "facility_count_1000m": 0, "road_length_1000m": null, "population_context_method_1000m": "pond_emd_population_context", "agricultural_area_1000m": 185538.14402123156, "agricultural_area_ha_1000m": 18.553814402123155, "agricultural_ratio_1000m": 5.9153602943004158 }, "geometry": { "type": "Point", "coordinates": [ 128.552938494670627, 36.378997468559895 ] } },
{ "type": "Feature", "properties": { "id": "600", "address": "안평면 기도리 503유", "region": "안평면", "capacity": 2.4, "emd_name": "안평면", "pond_id": "600", "facility_source": "VWorld UQ164·UO601", "road_source": "DATA_NOT_AVAILABLE", "emd_total_population": 2053.0, "emd_youth_population": 108.0, "emd_elderly_population": 1225.0, "emd_youth_ratio": 5.2605942523136866, "emd_elderly_ratio": 59.668777398928398, "emd_population_change": 5.0, "emd_year": 2025.0, "population_context_method": "pond_emd_population_context", "population_500m": null, "youth_population_500m": null, "elderly_population_500m": null, "facility_count_500m": 0, "road_length_500m": null, "population_context_method_500m": "pond_emd_population_context", "agricultural_area_500m": 287026.72952592012, "agricultural_area_ha_500m": 28.70267295259201, "agricultural_ratio_500m": 36.604150121200952, "population_1000m": null, "youth_population_1000m": null, "elderly_population_1000m": null, "facility_count_1000m": 2, "road_length_1000m": null, "population_context_method_1000m": "pond_emd_population_context", "agricultural_area_1000m": 796297.91709441121, "agricultural_area_ha_1000m": 79.629791709441122, "agricultural_ratio_1000m": 25.387712624070353 }, "geometry": { "type": "Point", "coordinates": [ 128.572683711392727, 36.373432058336427 ] } },
{ "type": "Feature", "properties": { "id": "601", "address": "안평면 기도리 1123유", "region": "안평면", "capacity": 1.3, "emd_name": "안평면", "pond_id": "601", "facility_source": "VWorld UQ164·UO601", "road_source": "DATA_NOT_AVAILABLE", "emd_total_population": 2053.0, "emd_youth_population": 108.0, "emd_elderly_population": 1225.0, "emd_youth_ratio": 5.2605942523136866, "emd_elderly_ratio": 59.668777398928398, "emd_population_change": 5.0, "emd_year": 2025.0, "population_context_method": "pond_emd_population_context", "population_500m": null, "youth_population_500m": null, "elderly_population_500m": null, "facility_count_500m": 0, "road_length_500m": null, "population_context_method_500m": "pond_emd_population_context", "agricultural_area_500m": 99628.654975951518, "agricultural_area_ha_500m": 9.9628654975951516, "agricultural_ratio_500m": 12.705514392811054, "population_1000m": null, "youth_population_1000m": null, "elderly_population_1000m": null, "facility_count_1000m": 0, "road_length_1000m": null, "population_context_method_1000m": "pond_emd_population_context", "agricultural_area_1000m": 207989.88631593343, "agricultural_area_ha_1000m": 20.798988631593343, "agricultural_ratio_1000m": 6.6311707580115691 }, "geometry": { "type": "Point", "coordinates": [ 128.557397950432971, 36.37519100272749 ] } },
{ "type": "Feature", "properties": { "id": "602", "address": "안평면 금곡리 869-1유", "region": "안평면", "capacity": 8.5, "emd_name": "안평면", "pond_id": "602", "facility_source": "VWorld UQ164·UO601", "road_source": "DATA_NOT_AVAILABLE", "emd_total_population": 2053.0, "emd_youth_population": 108.0, "emd_elderly_population": 1225.0, "emd_youth_ratio": 5.2605942523136866, "emd_elderly_ratio": 59.668777398928398, "emd_population_change": 5.0, "emd_year": 2025.0, "population_context_method": "pond_emd_population_context", "population_500m": null, "youth_population_500m": null, "elderly_population_500m": null, "facility_count_500m": 0, "road_length_500m": null, "population_context_method_500m": "pond_emd_population_context", "agricultural_area_500m": 0.0, "agricultural_area_ha_500m": 0.0, "agricultural_ratio_500m": 0.0, "population_1000m": null, "youth_population_1000m": null, "elderly_population_1000m": null, "facility_count_1000m": 0, "road_length_1000m": null, "population_context_method_1000m": "pond_emd_population_context", "agricultural_area_1000m": 31786.008269119917, "agricultural_area_ha_1000m": 3.1786008269119916, "agricultural_ratio_1000m": 1.0134072010979067 }, "geometry": { "type": "Point", "coordinates": [ 128.524328709634233, 36.419292183624179 ] } },
{ "type": "Feature", "properties": { "id": "603", "address": "안평면 금곡리 493-1", "region": "안평면", "capacity": 6.8, "emd_name": "안평면", "pond_id": "603", "facility_source": "VWorld UQ164·UO601", "road_source": "DATA_NOT_AVAILABLE", "emd_total_population": 2053.0, "emd_youth_population": 108.0, "emd_elderly_population": 1225.0, "emd_youth_ratio": 5.2605942523136866, "emd_elderly_ratio": 59.668777398928398, "emd_population_change": 5.0, "emd_year": 2025.0, "population_context_method": "pond_emd_population_context", "population_500m": null, "youth_population_500m": null, "elderly_population_500m": null, "facility_count_500m": 0, "road_length_500m": null, "population_context_method_500m": "pond_emd_population_context", "agricultural_area_500m": 5619.290507340439, "agricultural_area_ha_500m": 0.56192905073404387, "agricultural_ratio_500m": 0.71662090023833125, "population_1000m": null, "youth_population_1000m": null, "elderly_population_1000m": null, "facility_count_1000m": 0, "road_length_1000m": null, "population_context_method_1000m": "pond_emd_population_context", "agricultural_area_1000m": 59848.374065153388, "agricultural_area_ha_1000m": 5.9848374065153385, "agricultural_ratio_1000m": 1.9080965668328298 }, "geometry": { "type": "Point", "coordinates": [ 128.527531577190331, 36.396084755709737 ] } },
{ "type": "Feature", "properties": { "id": "604", "address": "안평면 금곡리 379", "region": "안평면", "capacity": 4.2, "emd_name": "안평면", "pond_id": "604", "facility_source": "VWorld UQ164·UO601", "road_source": "DATA_NOT_AVAILABLE", "emd_total_population": 2053.0, "emd_youth_population": 108.0, "emd_elderly_population": 1225.0, "emd_youth_ratio": 5.2605942523136866, "emd_elderly_ratio": 59.668777398928398, "emd_population_change": 5.0, "emd_year": 2025.0, "population_context_method": "pond_emd_population_context", "population_500m": null, "youth_population_500m": null, "elderly_population_500m": null, "facility_count_500m": 0, "road_length_500m": null, "population_context_method_500m": "pond_emd_population_context", "agricultural_area_500m": 11427.462798289005, "agricultural_area_ha_500m": 1.1427462798289005, "agricultural_ratio_500m": 1.4573296517153664, "population_1000m": null, "youth_population_1000m": null, "elderly_population_1000m": null, "facility_count_1000m": 0, "road_length_1000m": null, "population_context_method_1000m": "pond_emd_population_context", "agricultural_area_1000m": 215008.77220164001, "agricultural_area_ha_1000m": 21.500877220164, "agricultural_ratio_1000m": 6.8549481332653777 }, "geometry": { "type": "Point", "coordinates": [ 128.541955892503722, 36.405775285093398 ] } },
{ "type": "Feature", "properties": { "id": "605", "address": "안평면 금곡리 470", "region": "안평면", "capacity": 25.9, "emd_name": "안평면", "pond_id": "605", "facility_source": "VWorld UQ164·UO601", "road_source": "DATA_NOT_AVAILABLE", "emd_total_population": 2053.0, "emd_youth_population": 108.0, "emd_elderly_population": 1225.0, "emd_youth_ratio": 5.2605942523136866, "emd_elderly_ratio": 59.668777398928398, "emd_population_change": 5.0, "emd_year": 2025.0, "population_context_method": "pond_emd_population_context", "population_500m": null, "youth_population_500m": null, "elderly_population_500m": null, "facility_count_500m": 0, "road_length_500m": null, "population_context_method_500m": "pond_emd_population_context", "agricultural_area_500m": 0.0, "agricultural_area_ha_500m": 0.0, "agricultural_ratio_500m": 0.0, "population_1000m": null, "youth_population_1000m": null, "elderly_population_1000m": null, "facility_count_1000m": 0, "road_length_1000m": null, "population_context_method_1000m": "pond_emd_population_context", "agricultural_area_1000m": 155490.73749857661, "agricultural_area_ha_1000m": 15.54907374985766, "agricultural_ratio_1000m": 4.9573835050614479 }, "geometry": { "type": "Point", "coordinates": [ 128.539011636825023, 36.394387659008991 ] } },
{ "type": "Feature", "properties": { "id": "606", "address": "안평면 금곡리 306유", "region": "안평면", "capacity": 6.6, "emd_name": "안평면", "pond_id": "606", "facility_source": "VWorld UQ164·UO601", "road_source": "DATA_NOT_AVAILABLE", "emd_total_population": 2053.0, "emd_youth_population": 108.0, "emd_elderly_population": 1225.0, "emd_youth_ratio": 5.2605942523136866, "emd_elderly_ratio": 59.668777398928398, "emd_population_change": 5.0, "emd_year": 2025.0, "population_context_method": "pond_emd_population_context", "population_500m": null, "youth_population_500m": null, "elderly_population_500m": null, "facility_count_500m": 0, "road_length_500m": null, "population_context_method_500m": "pond_emd_population_context", "agricultural_area_500m": 17156.591752737586, "agricultural_area_ha_500m": 1.7156591752737587, "agricultural_ratio_500m": 2.1879581080223143, "population_1000m": null, "youth_population_1000m": null, "elderly_population_1000m": null, "facility_count_1000m": 0, "road_length_1000m": null, "population_context_method_1000m": "pond_emd_population_context", "agricultural_area_1000m": 193901.42761542441, "agricultural_area_ha_1000m": 19.390142761542442, "agricultural_ratio_1000m": 6.1819999977643096 }, "geometry": { "type": "Point", "coordinates": [ 128.548698423881575, 36.396145786552843 ] } },
{ "type": "Feature", "properties": { "id": "607", "address": "안평면 금곡리 148유", "region": "안평면", "capacity": 1.3, "emd_name": "안평면", "pond_id": "607", "facility_source": "VWorld UQ164·UO601", "road_source": "DATA_NOT_AVAILABLE", "emd_total_population": 2053.0, "emd_youth_population": 108.0, "emd_elderly_population": 1225.0, "emd_youth_ratio": 5.2605942523136866, "emd_elderly_ratio": 59.668777398928398, "emd_population_change": 5.0, "emd_year": 2025.0, "population_context_method": "pond_emd_population_context", "population_500m": null, "youth_population_500m": null, "elderly_population_500m": null, "facility_count_500m": 0, "road_length_500m": null, "population_context_method_500m": "pond_emd_population_context", "agricultural_area_500m": 121039.61712395193, "agricultural_area_ha_500m": 12.103961712395193, "agricultural_ratio_500m": 15.436026892463053, "population_1000m": null, "youth_population_1000m": null, "elderly_population_1000m": null, "facility_count_1000m": 0, "road_length_1000m": null, "population_context_method_1000m": "pond_emd_population_context", "agricultural_area_1000m": 262083.37407835232, "agricultural_area_ha_1000m": 26.208337407835231, "agricultural_ratio_1000m": 8.3557890103824768 }, "geometry": { "type": "Point", "coordinates": [ 128.55400260326266, 36.40169060501286 ] } },
{ "type": "Feature", "properties": { "id": "608", "address": "안평면 금곡리 626답", "region": "안평면", "capacity": 2.8, "emd_name": "안평면", "pond_id": "608", "facility_source": "VWorld UQ164·UO601", "road_source": "DATA_NOT_AVAILABLE", "emd_total_population": 2053.0, "emd_youth_population": 108.0, "emd_elderly_population": 1225.0, "emd_youth_ratio": 5.2605942523136866, "emd_elderly_ratio": 59.668777398928398, "emd_population_change": 5.0, "emd_year": 2025.0, "population_context_method": "pond_emd_population_context", "population_500m": null, "youth_population_500m": null, "elderly_population_500m": null, "facility_count_500m": 0, "road_length_500m": null, "population_context_method_500m": "pond_emd_population_context", "agricultural_area_500m": 55395.920403505181, "agricultural_area_ha_500m": 5.5395920403505183, "agricultural_ratio_500m": 7.0645705711839906, "population_1000m": null, "youth_population_1000m": null, "elderly_population_1000m": null, "facility_count_1000m": 0, "road_length_1000m": null, "population_context_method_1000m": "pond_emd_population_context", "agricultural_area_1000m": 151531.56325479472, "agricultural_area_ha_1000m": 15.153156325479472, "agricultural_ratio_1000m": 4.8311564036563368 }, "geometry": { "type": "Point", "coordinates": [ 128.533669353551289, 36.407828214261095 ] } },
{ "type": "Feature", "properties": { "id": "609", "address": "안평면 하령리 50-1", "region": "안평면", "capacity": 12.5, "emd_name": "안평면", "pond_id": "609", "facility_source": "VWorld UQ164·UO601", "road_source": "DATA_NOT_AVAILABLE", "emd_total_population": 2053.0, "emd_youth_population": 108.0, "emd_elderly_population": 1225.0, "emd_youth_ratio": 5.2605942523136866, "emd_elderly_ratio": 59.668777398928398, "emd_population_change": 5.0, "emd_year": 2025.0, "population_context_method": "pond_emd_population_context", "population_500m": null, "youth_population_500m": null, "elderly_population_500m": null, "facility_count_500m": 0, "road_length_500m": null, "population_context_method_500m": "pond_emd_population_context", "agricultural_area_500m": 176570.64634950456, "agricultural_area_ha_500m": 17.657064634950455, "agricultural_ratio_500m": 22.517827718171045, "population_1000m": null, "youth_population_1000m": null, "elderly_population_1000m": null, "facility_count_1000m": 0, "road_length_1000m": null, "population_context_method_1000m": "pond_emd_population_context", "agricultural_area_1000m": 422165.53809443786, "agricultural_area_ha_1000m": 42.216553809443788, "agricultural_ratio_1000m": 13.459557196928948 }, "geometry": { "type": "Point", "coordinates": [ 128.572152189493096, 36.406832617032471 ] } },
{ "type": "Feature", "properties": { "id": "610", "address": "안평면 하령리 131유", "region": "안평면", "capacity": 3.8, "emd_name": "안평면", "pond_id": "610", "facility_source": "VWorld UQ164·UO601", "road_source": "DATA_NOT_AVAILABLE", "emd_total_population": 2053.0, "emd_youth_population": 108.0, "emd_elderly_population": 1225.0, "emd_youth_ratio": 5.2605942523136866, "emd_elderly_ratio": 59.668777398928398, "emd_population_change": 5.0, "emd_year": 2025.0, "population_context_method": "pond_emd_population_context", "population_500m": null, "youth_population_500m": null, "elderly_population_500m": null, "facility_count_500m": 0, "road_length_500m": null, "population_context_method_500m": "pond_emd_population_context", "agricultural_area_500m": 135381.27140599323, "agricultural_area_ha_500m": 13.538127140599324, "agricultural_ratio_500m": 17.264999640726895, "population_1000m": null, "youth_population_1000m": null, "elderly_population_1000m": null, "facility_count_1000m": 0, "road_length_1000m": null, "population_context_method_1000m": "pond_emd_population_context", "agricultural_area_1000m": 479697.03577524633, "agricultural_area_ha_1000m": 47.969703577524633, "agricultural_ratio_1000m": 15.29378669646381 }, "geometry": { "type": "Point", "coordinates": [ 128.572761881545972, 36.403896132705782 ] } },
{ "type": "Feature", "properties": { "id": "611", "address": "안평면 삼춘리 131-2", "region": "안평면", "capacity": 5.4, "emd_name": "안평면", "pond_id": "611", "facility_source": "VWorld UQ164·UO601", "road_source": "DATA_NOT_AVAILABLE", "emd_total_population": 2053.0, "emd_youth_population": 108.0, "emd_elderly_population": 1225.0, "emd_youth_ratio": 5.2605942523136866, "emd_elderly_ratio": 59.668777398928398, "emd_population_change": 5.0, "emd_year": 2025.0, "population_context_method": "pond_emd_population_context", "population_500m": null, "youth_population_500m": null, "elderly_population_500m": null, "facility_count_500m": 0, "road_length_500m": null, "population_context_method_500m": "pond_emd_population_context", "agricultural_area_500m": 0.0, "agricultural_area_ha_500m": 0.0, "agricultural_ratio_500m": 0.0, "population_1000m": null, "youth_population_1000m": null, "elderly_population_1000m": null, "facility_count_1000m": 0, "road_length_1000m": null, "population_context_method_1000m": "pond_emd_population_context", "agricultural_area_1000m": 0.0, "agricultural_area_ha_1000m": 0.0, "agricultural_ratio_1000m": 0.0 }, "geometry": { "type": "Point", "coordinates": [ 128.580320936394656, 36.434261349746222 ] } },
{ "type": "Feature", "properties": { "id": "612", "address": "안평면 삼춘리 468유", "region": "안평면", "capacity": 4.3, "emd_name": "안평면", "pond_id": "612", "facility_source": "VWorld UQ164·UO601", "road_source": "DATA_NOT_AVAILABLE", "emd_total_population": 2053.0, "emd_youth_population": 108.0, "emd_elderly_population": 1225.0, "emd_youth_ratio": 5.2605942523136866, "emd_elderly_ratio": 59.668777398928398, "emd_population_change": 5.0, "emd_year": 2025.0, "population_context_method": "pond_emd_population_context", "population_500m": null, "youth_population_500m": null, "elderly_population_500m": null, "facility_count_500m": 0, "road_length_500m": null, "population_context_method_500m": "pond_emd_population_context", "agricultural_area_500m": 0.0, "agricultural_area_ha_500m": 0.0, "agricultural_ratio_500m": 0.0, "population_1000m": null, "youth_population_1000m": null, "elderly_population_1000m": null, "facility_count_1000m": 0, "road_length_1000m": null, "population_context_method_1000m": "pond_emd_population_context", "agricultural_area_1000m": 0.0, "agricultural_area_ha_1000m": 0.0, "agricultural_ratio_1000m": 0.0 }, "geometry": { "type": "Point", "coordinates": [ 128.568568606740058, 36.442624882300301 ] } },
{ "type": "Feature", "properties": { "id": "613", "address": "안평면 삼춘리 1077유", "region": "안평면", "capacity": 17.4, "emd_name": "안평면", "pond_id": "613", "facility_source": "VWorld UQ164·UO601", "road_source": "DATA_NOT_AVAILABLE", "emd_total_population": 2053.0, "emd_youth_population": 108.0, "emd_elderly_population": 1225.0, "emd_youth_ratio": 5.2605942523136866, "emd_elderly_ratio": 59.668777398928398, "emd_population_change": 5.0, "emd_year": 2025.0, "population_context_method": "pond_emd_population_context", "population_500m": null, "youth_population_500m": null, "elderly_population_500m": null, "facility_count_500m": 0, "road_length_500m": null, "population_context_method_500m": "pond_emd_population_context", "agricultural_area_500m": 0.0, "agricultural_area_ha_500m": 0.0, "agricultural_ratio_500m": 0.0, "population_1000m": null, "youth_population_1000m": null, "elderly_population_1000m": null, "facility_count_1000m": 0, "road_length_1000m": null, "population_context_method_1000m": "pond_emd_population_context", "agricultural_area_1000m": 0.0, "agricultural_area_ha_1000m": 0.0, "agricultural_ratio_1000m": 0.0 }, "geometry": { "type": "Point", "coordinates": [ 128.541906099453712, 36.433168376114857 ] } },
{ "type": "Feature", "properties": { "id": "614", "address": "안평면 삼춘리 998유", "region": "안평면", "capacity": 49.2, "emd_name": "안평면", "pond_id": "614", "facility_source": "VWorld UQ164·UO601", "road_source": "DATA_NOT_AVAILABLE", "emd_total_population": 2053.0, "emd_youth_population": 108.0, "emd_elderly_population": 1225.0, "emd_youth_ratio": 5.2605942523136866, "emd_elderly_ratio": 59.668777398928398, "emd_population_change": 5.0, "emd_year": 2025.0, "population_context_method": "pond_emd_population_context", "population_500m": null, "youth_population_500m": null, "elderly_population_500m": null, "facility_count_500m": 0, "road_length_500m": null, "population_context_method_500m": "pond_emd_population_context", "agricultural_area_500m": 0.0, "agricultural_area_ha_500m": 0.0, "agricultural_ratio_500m": 0.0, "population_1000m": null, "youth_population_1000m": null, "elderly_population_1000m": null, "facility_count_1000m": 0, "road_length_1000m": null, "population_context_method_1000m": "pond_emd_population_context", "agricultural_area_1000m": 44789.373268596202, "agricultural_area_ha_1000m": 4.4789373268596204, "agricultural_ratio_1000m": 1.4279828098815954 }, "geometry": { "type": "Point", "coordinates": [ 128.552726740262017, 36.4188094440659 ] } },
{ "type": "Feature", "properties": { "id": "615", "address": "안평면 삼춘리 508유", "region": "안평면", "capacity": 2.0, "emd_name": "안평면", "pond_id": "615", "facility_source": "VWorld UQ164·UO601", "road_source": "DATA_NOT_AVAILABLE", "emd_total_population": 2053.0, "emd_youth_population": 108.0, "emd_elderly_population": 1225.0, "emd_youth_ratio": 5.2605942523136866, "emd_elderly_ratio": 59.668777398928398, "emd_population_change": 5.0, "emd_year": 2025.0, "population_context_method": "pond_emd_population_context", "population_500m": null, "youth_population_500m": null, "elderly_population_500m": null, "facility_count_500m": 0, "road_length_500m": null, "population_context_method_500m": "pond_emd_population_context", "agricultural_area_500m": 0.0, "agricultural_area_ha_500m": 0.0, "agricultural_ratio_500m": 0.0, "population_1000m": null, "youth_population_1000m": null, "elderly_population_1000m": null, "facility_count_1000m": 0, "road_length_1000m": null, "population_context_method_1000m": "pond_emd_population_context", "agricultural_area_1000m": 0.0, "agricultural_area_ha_1000m": 0.0, "agricultural_ratio_1000m": 0.0 }, "geometry": { "type": "Point", "coordinates": [ 128.562196252631026, 36.440735050921141 ] } },
{ "type": "Feature", "properties": { "id": "616", "address": "안사면 중하리 502유", "region": "안사면", "capacity": 11.0, "emd_name": "안사면", "pond_id": "616", "facility_source": "VWorld UQ164·UO601", "road_source": "DATA_NOT_AVAILABLE", "emd_total_population": 833.0, "emd_youth_population": 62.0, "emd_elderly_population": 478.0, "emd_youth_ratio": 7.4429771908763502, "emd_elderly_ratio": 57.382953181272512, "emd_population_change": -21.0, "emd_year": 2025.0, "population_context_method": "pond_emd_population_context", "population_500m": null, "youth_population_500m": null, "elderly_population_500m": null, "facility_count_500m": 0, "road_length_500m": null, "population_context_method_500m": "pond_emd_population_context", "agricultural_area_500m": 56742.175129104166, "agricultural_area_ha_500m": 5.6742175129104169, "agricultural_ratio_500m": 7.2362567070313188, "population_1000m": null, "youth_population_1000m": null, "elderly_population_1000m": null, "facility_count_1000m": 0, "road_length_1000m": null, "population_context_method_1000m": "pond_emd_population_context", "agricultural_area_1000m": 106188.26620810748, "agricultural_area_ha_1000m": 10.618826620810749, "agricultural_ratio_1000m": 3.3855132968030643 }, "geometry": { "type": "Point", "coordinates": [ 128.497828541391954, 36.42283507534566 ] } },
{ "type": "Feature", "properties": { "id": "617", "address": "안사면 중하리 3유", "region": "안사면", "capacity": 11.8, "emd_name": "안사면", "pond_id": "617", "facility_source": "VWorld UQ164·UO601", "road_source": "DATA_NOT_AVAILABLE", "emd_total_population": 833.0, "emd_youth_population": 62.0, "emd_elderly_population": 478.0, "emd_youth_ratio": 7.4429771908763502, "emd_elderly_ratio": 57.382953181272512, "emd_population_change": -21.0, "emd_year": 2025.0, "population_context_method": "pond_emd_population_context", "population_500m": null, "youth_population_500m": null, "elderly_population_500m": null, "facility_count_500m": 0, "road_length_500m": null, "population_context_method_500m": "pond_emd_population_context", "agricultural_area_500m": 0.0, "agricultural_area_ha_500m": 0.0, "agricultural_ratio_500m": 0.0, "population_1000m": null, "youth_population_1000m": null, "elderly_population_1000m": null, "facility_count_1000m": 0, "road_length_1000m": null, "population_context_method_1000m": "pond_emd_population_context", "agricultural_area_1000m": 0.0, "agricultural_area_ha_1000m": 0.0, "agricultural_ratio_1000m": 0.0 }, "geometry": { "type": "Point", "coordinates": [ 128.512551492061846, 36.392616881807953 ] } },
{ "type": "Feature", "properties": { "id": "618", "address": "안사면 중하리 883유", "region": "안사면", "capacity": 27.0, "emd_name": "안사면", "pond_id": "618", "facility_source": "VWorld UQ164·UO601", "road_source": "DATA_NOT_AVAILABLE", "emd_total_population": 833.0, "emd_youth_population": 62.0, "emd_elderly_population": 478.0, "emd_youth_ratio": 7.4429771908763502, "emd_elderly_ratio": 57.382953181272512, "emd_population_change": -21.0, "emd_year": 2025.0, "population_context_method": "pond_emd_population_context", "population_500m": null, "youth_population_500m": null, "elderly_population_500m": null, "facility_count_500m": 0, "road_length_500m": null, "population_context_method_500m": "pond_emd_population_context", "agricultural_area_500m": 92998.827553227617, "agricultural_area_ha_500m": 9.299882755322761, "agricultural_ratio_500m": 11.860021017821651, "population_1000m": null, "youth_population_1000m": null, "elderly_population_1000m": null, "facility_count_1000m": 0, "road_length_1000m": null, "population_context_method_1000m": "pond_emd_population_context", "agricultural_area_1000m": 445435.17091890547, "agricultural_area_ha_1000m": 44.54351709189055, "agricultural_ratio_1000m": 14.201443792803561 }, "geometry": { "type": "Point", "coordinates": [ 128.482590026009404, 36.426512252391895 ] } },
{ "type": "Feature", "properties": { "id": "619", "address": "안사면 중하리 642유", "region": "안사면", "capacity": 13.2, "emd_name": "안사면", "pond_id": "619", "facility_source": "VWorld UQ164·UO601", "road_source": "DATA_NOT_AVAILABLE", "emd_total_population": 833.0, "emd_youth_population": 62.0, "emd_elderly_population": 478.0, "emd_youth_ratio": 7.4429771908763502, "emd_elderly_ratio": 57.382953181272512, "emd_population_change": -21.0, "emd_year": 2025.0, "population_context_method": "pond_emd_population_context", "population_500m": null, "youth_population_500m": null, "elderly_population_500m": null, "facility_count_500m": 0, "road_length_500m": null, "population_context_method_500m": "pond_emd_population_context", "agricultural_area_500m": 23671.196838481763, "agricultural_area_ha_500m": 2.3671196838481765, "agricultural_ratio_500m": 3.0187573263835596, "population_1000m": null, "youth_population_1000m": null, "elderly_population_1000m": null, "facility_count_1000m": 0, "road_length_1000m": null, "population_context_method_1000m": "pond_emd_population_context", "agricultural_area_1000m": 113156.96459995469, "agricultural_area_ha_1000m": 11.315696459995468, "agricultural_ratio_1000m": 3.6076905854007717 }, "geometry": { "type": "Point", "coordinates": [ 128.491032997117003, 36.402699940115291 ] } },
{ "type": "Feature", "properties": { "id": "620", "address": "안사면 중하리 1100유", "region": "안사면", "capacity": 9.4, "emd_name": "안사면", "pond_id": "620", "facility_source": "VWorld UQ164·UO601", "road_source": "DATA_NOT_AVAILABLE", "emd_total_population": 833.0, "emd_youth_population": 62.0, "emd_elderly_population": 478.0, "emd_youth_ratio": 7.4429771908763502, "emd_elderly_ratio": 57.382953181272512, "emd_population_change": -21.0, "emd_year": 2025.0, "population_context_method": "pond_emd_population_context", "population_500m": null, "youth_population_500m": null, "elderly_population_500m": null, "facility_count_500m": 0, "road_length_500m": null, "population_context_method_500m": "pond_emd_population_context", "agricultural_area_500m": 126072.13553784988, "agricultural_area_ha_500m": 12.607213553784989, "agricultural_ratio_500m": 16.077817501352644, "population_1000m": null, "youth_population_1000m": null, "elderly_population_1000m": null, "facility_count_1000m": 0, "road_length_1000m": null, "population_context_method_1000m": "pond_emd_population_context", "agricultural_area_1000m": 491455.73224471055, "agricultural_area_ha_1000m": 49.145573224471057, "agricultural_ratio_1000m": 15.668679560543769 }, "geometry": { "type": "Point", "coordinates": [ 128.48028940649769, 36.416322585551271 ] } },
{ "type": "Feature", "properties": { "id": "621", "address": "안사면 안사리 391유", "region": "안사면", "capacity": 7.0, "emd_name": "안사면", "pond_id": "621", "facility_source": "VWorld UQ164·UO601", "road_source": "DATA_NOT_AVAILABLE", "emd_total_population": 833.0, "emd_youth_population": 62.0, "emd_elderly_population": 478.0, "emd_youth_ratio": 7.4429771908763502, "emd_elderly_ratio": 57.382953181272512, "emd_population_change": -21.0, "emd_year": 2025.0, "population_context_method": "pond_emd_population_context", "population_500m": null, "youth_population_500m": null, "elderly_population_500m": null, "facility_count_500m": 0, "road_length_500m": null, "population_context_method_500m": "pond_emd_population_context", "agricultural_area_500m": 196948.84616022283, "agricultural_area_ha_500m": 19.694884616022282, "agricultural_ratio_500m": 25.116633363566521, "population_1000m": null, "youth_population_1000m": null, "elderly_population_1000m": null, "facility_count_1000m": 0, "road_length_1000m": null, "population_context_method_1000m": "pond_emd_population_context", "agricultural_area_1000m": 565832.77485392254, "agricultural_area_ha_1000m": 56.583277485392252, "agricultural_ratio_1000m": 18.039981736594836 }, "geometry": { "type": "Point", "coordinates": [ 128.469770129519787, 36.433762070645137 ] } },
{ "type": "Feature", "properties": { "id": "622", "address": "안사면 안사리 407유", "region": "안사면", "capacity": 4.0, "emd_name": "안사면", "pond_id": "622", "facility_source": "VWorld UQ164·UO601", "road_source": "DATA_NOT_AVAILABLE", "emd_total_population": 833.0, "emd_youth_population": 62.0, "emd_elderly_population": 478.0, "emd_youth_ratio": 7.4429771908763502, "emd_elderly_ratio": 57.382953181272512, "emd_population_change": -21.0, "emd_year": 2025.0, "population_context_method": "pond_emd_population_context", "population_500m": null, "youth_population_500m": null, "elderly_population_500m": null, "facility_count_500m": 0, "road_length_500m": null, "population_context_method_500m": "pond_emd_population_context", "agricultural_area_500m": 53507.694221647063, "agricultural_area_ha_500m": 5.3507694221647064, "agricultural_ratio_500m": 6.8237675117000309, "population_1000m": null, "youth_population_1000m": null, "elderly_population_1000m": null, "facility_count_1000m": 0, "road_length_1000m": null, "population_context_method_1000m": "pond_emd_population_context", "agricultural_area_1000m": 364668.5069550472, "agricultural_area_ha_1000m": 36.466850695504718, "agricultural_ratio_1000m": 11.626426565832489 }, "geometry": { "type": "Point", "coordinates": [ 128.474354317813976, 36.433228028408756 ] } },
{ "type": "Feature", "properties": { "id": "623", "address": "안사면 안사리 303유", "region": "안사면", "capacity": 31.7, "emd_name": "안사면", "pond_id": "623", "facility_source": "VWorld UQ164·UO601", "road_source": "DATA_NOT_AVAILABLE", "emd_total_population": 833.0, "emd_youth_population": 62.0, "emd_elderly_population": 478.0, "emd_youth_ratio": 7.4429771908763502, "emd_elderly_ratio": 57.382953181272512, "emd_population_change": -21.0, "emd_year": 2025.0, "population_context_method": "pond_emd_population_context", "population_500m": null, "youth_population_500m": null, "elderly_population_500m": null, "facility_count_500m": 0, "road_length_500m": null, "population_context_method_500m": "pond_emd_population_context", "agricultural_area_500m": 64456.657223820839, "agricultural_area_ha_500m": 6.4456657223820839, "agricultural_ratio_500m": 8.2200746990654903, "population_1000m": null, "youth_population_1000m": null, "elderly_population_1000m": null, "facility_count_1000m": 0, "road_length_1000m": null, "population_context_method_1000m": "pond_emd_population_context", "agricultural_area_1000m": 375649.94324868737, "agricultural_area_ha_1000m": 37.564994324868735, "agricultural_ratio_1000m": 11.976538681960777 }, "geometry": { "type": "Point", "coordinates": [ 128.470257779474423, 36.442478463374492 ] } },
{ "type": "Feature", "properties": { "id": "624", "address": "안사면 안사리 25유", "region": "안사면", "capacity": 4.5, "emd_name": "안사면", "pond_id": "624", "facility_source": "VWorld UQ164·UO601", "road_source": "DATA_NOT_AVAILABLE", "emd_total_population": 833.0, "emd_youth_population": 62.0, "emd_elderly_population": 478.0, "emd_youth_ratio": 7.4429771908763502, "emd_elderly_ratio": 57.382953181272512, "emd_population_change": -21.0, "emd_year": 2025.0, "population_context_method": "pond_emd_population_context", "population_500m": null, "youth_population_500m": null, "elderly_population_500m": null, "facility_count_500m": 0, "road_length_500m": null, "population_context_method_500m": "pond_emd_population_context", "agricultural_area_500m": 0.0, "agricultural_area_ha_500m": 0.0, "agricultural_ratio_500m": 0.0, "population_1000m": null, "youth_population_1000m": null, "elderly_population_1000m": null, "facility_count_1000m": 0, "road_length_1000m": null, "population_context_method_1000m": "pond_emd_population_context", "agricultural_area_1000m": 0.0, "agricultural_area_ha_1000m": 0.0, "agricultural_ratio_1000m": 0.0 }, "geometry": { "type": "Point", "coordinates": [ 128.489809679474376, 36.442569668843653 ] } },
{ "type": "Feature", "properties": { "id": "625", "address": "안사면 안사리 507유", "region": "안사면", "capacity": 8.0, "emd_name": "안사면", "pond_id": "625", "facility_source": "VWorld UQ164·UO601", "road_source": "DATA_NOT_AVAILABLE", "emd_total_population": 833.0, "emd_youth_population": 62.0, "emd_elderly_population": 478.0, "emd_youth_ratio": 7.4429771908763502, "emd_elderly_ratio": 57.382953181272512, "emd_population_change": -21.0, "emd_year": 2025.0, "population_context_method": "pond_emd_population_context", "population_500m": null, "youth_population_500m": null, "elderly_population_500m": null, "facility_count_500m": 0, "road_length_500m": null, "population_context_method_500m": "pond_emd_population_context", "agricultural_area_500m": 152991.59630612368, "agricultural_area_ha_500m": 15.299159630612369, "agricultural_ratio_500m": 19.510821754201125, "population_1000m": null, "youth_population_1000m": null, "elderly_population_1000m": null, "facility_count_1000m": 0, "road_length_1000m": null, "population_context_method_1000m": "pond_emd_population_context", "agricultural_area_1000m": 507311.60406187386, "agricultural_area_ha_1000m": 50.731160406187385, "agricultural_ratio_1000m": 16.174199301907745 }, "geometry": { "type": "Point", "coordinates": [ 128.474241132102833, 36.42841768922522 ] } },
{ "type": "Feature", "properties": { "id": "626", "address": "안사면 안사리 329 유", "region": "안사면", "capacity": 7.7, "emd_name": "안사면", "pond_id": "626", "facility_source": "VWorld UQ164·UO601", "road_source": "DATA_NOT_AVAILABLE", "emd_total_population": 833.0, "emd_youth_population": 62.0, "emd_elderly_population": 478.0, "emd_youth_ratio": 7.4429771908763502, "emd_elderly_ratio": 57.382953181272512, "emd_population_change": -21.0, "emd_year": 2025.0, "population_context_method": "pond_emd_population_context", "population_500m": null, "youth_population_500m": null, "elderly_population_500m": null, "facility_count_500m": 0, "road_length_500m": null, "population_context_method_500m": "pond_emd_population_context", "agricultural_area_500m": 46237.704493773177, "agricultural_area_ha_500m": 4.623770449377318, "agricultural_ratio_500m": 5.8966350602443107, "population_1000m": null, "youth_population_1000m": null, "elderly_population_1000m": null, "facility_count_1000m": 0, "road_length_1000m": null, "population_context_method_1000m": "pond_emd_population_context", "agricultural_area_1000m": 107579.68044554848, "agricultural_area_ha_1000m": 10.757968044554849, "agricultural_ratio_1000m": 3.4298746143989813 }, "geometry": { "type": "Point", "coordinates": [ 128.473116375896069, 36.443848926759145 ] } },
{ "type": "Feature", "properties": { "id": "627", "address": "안사면 만리리 595-2답", "region": "안사면", "capacity": 2.1, "emd_name": "안사면", "pond_id": "627", "facility_source": "VWorld UQ164·UO601", "road_source": "DATA_NOT_AVAILABLE", "emd_total_population": 833.0, "emd_youth_population": 62.0, "emd_elderly_population": 478.0, "emd_youth_ratio": 7.4429771908763502, "emd_elderly_ratio": 57.382953181272512, "emd_population_change": -21.0, "emd_year": 2025.0, "population_context_method": "pond_emd_population_context", "population_500m": null, "youth_population_500m": null, "elderly_population_500m": null, "facility_count_500m": 0, "road_length_500m": null, "population_context_method_500m": "pond_emd_population_context", "agricultural_area_500m": 137388.2563435256, "agricultural_area_ha_500m": 13.73882563435256, "agricultural_ratio_500m": 17.52094785177248, "population_1000m": null, "youth_population_1000m": null, "elderly_population_1000m": null, "facility_count_1000m": 0, "road_length_1000m": null, "population_context_method_1000m": "pond_emd_population_context", "agricultural_area_1000m": 621760.74806330737, "agricultural_area_ha_1000m": 62.176074806330739, "agricultural_ratio_1000m": 19.823087382114466 }, "geometry": { "type": "Point", "coordinates": [ 128.456209509602019, 36.443875963713573 ] } },
{ "type": "Feature", "properties": { "id": "628", "address": "안사면 만리리 546유", "region": "안사면", "capacity": 5.1, "emd_name": "안사면", "pond_id": "628", "facility_source": "VWorld UQ164·UO601", "road_source": "DATA_NOT_AVAILABLE", "emd_total_population": 833.0, "emd_youth_population": 62.0, "emd_elderly_population": 478.0, "emd_youth_ratio": 7.4429771908763502, "emd_elderly_ratio": 57.382953181272512, "emd_population_change": -21.0, "emd_year": 2025.0, "population_context_method": "pond_emd_population_context", "population_500m": null, "youth_population_500m": null, "elderly_population_500m": null, "facility_count_500m": 0, "road_length_500m": null, "population_context_method_500m": "pond_emd_population_context", "agricultural_area_500m": 28772.689818646402, "agricultural_area_ha_500m": 2.8772689818646402, "agricultural_ratio_500m": 3.669344173109053, "population_1000m": null, "youth_population_1000m": null, "elderly_population_1000m": null, "facility_count_1000m": 0, "road_length_1000m": null, "population_context_method_1000m": "pond_emd_population_context", "agricultural_area_1000m": 595684.41126218752, "agricultural_area_ha_1000m": 59.568441126218751, "agricultural_ratio_1000m": 18.991716948030046 }, "geometry": { "type": "Point", "coordinates": [ 128.453516933537855, 36.442421975895137 ] } },
{ "type": "Feature", "properties": { "id": "629", "address": "안사면 만리리 16임", "region": "안사면", "capacity": 15.0, "emd_name": "안사면", "pond_id": "629", "facility_source": "VWorld UQ164·UO601", "road_source": "DATA_NOT_AVAILABLE", "emd_total_population": 833.0, "emd_youth_population": 62.0, "emd_elderly_population": 478.0, "emd_youth_ratio": 7.4429771908763502, "emd_elderly_ratio": 57.382953181272512, "emd_population_change": -21.0, "emd_year": 2025.0, "population_context_method": "pond_emd_population_context", "population_500m": null, "youth_population_500m": null, "elderly_population_500m": null, "facility_count_500m": 0, "road_length_500m": null, "population_context_method_500m": "pond_emd_population_context", "agricultural_area_500m": 2342.1410092721467, "agricultural_area_ha_500m": 0.23421410092721467, "agricultural_ratio_500m": 0.29869023435560094, "population_1000m": null, "youth_population_1000m": null, "elderly_population_1000m": null, "facility_count_1000m": 0, "road_length_1000m": null, "population_context_method_1000m": "pond_emd_population_context", "agricultural_area_1000m": 278752.21200423478, "agricultural_area_ha_1000m": 27.875221200423479, "agricultural_ratio_1000m": 8.887227882637287 }, "geometry": { "type": "Point", "coordinates": [ 128.462331899951778, 36.457533537336815 ] } },
{ "type": "Feature", "properties": { "id": "630", "address": "안사면 만리리 1002-1유", "region": "안사면", "capacity": 13.8, "emd_name": "안사면", "pond_id": "630", "facility_source": "VWorld UQ164·UO601", "road_source": "DATA_NOT_AVAILABLE", "emd_total_population": 833.0, "emd_youth_population": 62.0, "emd_elderly_population": 478.0, "emd_youth_ratio": 7.4429771908763502, "emd_elderly_ratio": 57.382953181272512, "emd_population_change": -21.0, "emd_year": 2025.0, "population_context_method": "pond_emd_population_context", "population_500m": null, "youth_population_500m": null, "elderly_population_500m": null, "facility_count_500m": 0, "road_length_500m": null, "population_context_method_500m": "pond_emd_population_context", "agricultural_area_500m": 0.0, "agricultural_area_ha_500m": 0.0, "agricultural_ratio_500m": 0.0, "population_1000m": null, "youth_population_1000m": null, "elderly_population_1000m": null, "facility_count_1000m": 0, "road_length_1000m": null, "population_context_method_1000m": "pond_emd_population_context", "agricultural_area_1000m": 3304.095872771632, "agricultural_area_ha_1000m": 0.33040958727716319, "agricultural_ratio_1000m": 0.10534177560878595 }, "geometry": { "type": "Point", "coordinates": [ 128.435546480133979, 36.450694853318602 ] } },
{ "type": "Feature", "properties": { "id": "631", "address": "안사면 만리리 943유", "region": "안사면", "capacity": 21.0, "emd_name": "안사면", "pond_id": "631", "facility_source": "VWorld UQ164·UO601", "road_source": "DATA_NOT_AVAILABLE", "emd_total_population": 833.0, "emd_youth_population": 62.0, "emd_elderly_population": 478.0, "emd_youth_ratio": 7.4429771908763502, "emd_elderly_ratio": 57.382953181272512, "emd_population_change": -21.0, "emd_year": 2025.0, "population_context_method": "pond_emd_population_context", "population_500m": null, "youth_population_500m": null, "elderly_population_500m": null, "facility_count_500m": 0, "road_length_500m": null, "population_context_method_500m": "pond_emd_population_context", "agricultural_area_500m": 84067.776625245067, "agricultural_area_ha_500m": 8.4067776625245063, "agricultural_ratio_500m": 10.721055565203615, "population_1000m": null, "youth_population_1000m": null, "elderly_population_1000m": null, "facility_count_1000m": 0, "road_length_1000m": null, "population_context_method_1000m": "pond_emd_population_context", "agricultural_area_1000m": 185040.08728629356, "agricultural_area_ha_1000m": 18.504008728629355, "agricultural_ratio_1000m": 5.8994811603913035 }, "geometry": { "type": "Point", "coordinates": [ 128.441808461316583, 36.439491162186997 ] } },
{ "type": "Feature", "properties": { "id": "632", "address": "안사면 만리리 580-1", "region": "안사면", "capacity": 25.0, "emd_name": "안사면", "pond_id": "632", "facility_source": "VWorld UQ164·UO601", "road_source": "DATA_NOT_AVAILABLE", "emd_total_population": 833.0, "emd_youth_population": 62.0, "emd_elderly_population": 478.0, "emd_youth_ratio": 7.4429771908763502, "emd_elderly_ratio": 57.382953181272512, "emd_population_change": -21.0, "emd_year": 2025.0, "population_context_method": "pond_emd_population_context", "population_500m": null, "youth_population_500m": null, "elderly_population_500m": null, "facility_count_500m": 0, "road_length_500m": null, "population_context_method_500m": "pond_emd_population_context", "agricultural_area_500m": 288582.80117917038, "agricultural_area_ha_500m": 28.858280117917037, "agricultural_ratio_500m": 36.802593940314928, "population_1000m": null, "youth_population_1000m": null, "elderly_population_1000m": null, "facility_count_1000m": 0, "road_length_1000m": null, "population_context_method_1000m": "pond_emd_population_context", "agricultural_area_1000m": 686949.4138171915, "agricultural_area_ha_1000m": 68.694941381719147, "agricultural_ratio_1000m": 21.901444083768336 }, "geometry": { "type": "Point", "coordinates": [ 128.457240197594615, 36.44173686205631 ] } },
{ "type": "Feature", "properties": { "id": "633", "address": "안사면 신수리 산120임", "region": "안사면", "capacity": 5.9, "emd_name": "안사면", "pond_id": "633", "facility_source": "VWorld UQ164·UO601", "road_source": "DATA_NOT_AVAILABLE", "emd_total_population": 833.0, "emd_youth_population": 62.0, "emd_elderly_population": 478.0, "emd_youth_ratio": 7.4429771908763502, "emd_elderly_ratio": 57.382953181272512, "emd_population_change": -21.0, "emd_year": 2025.0, "population_context_method": "pond_emd_population_context", "population_500m": null, "youth_population_500m": null, "elderly_population_500m": null, "facility_count_500m": 0, "road_length_500m": null, "population_context_method_500m": "pond_emd_population_context", "agricultural_area_500m": 0.0, "agricultural_area_ha_500m": 0.0, "agricultural_ratio_500m": 0.0, "population_1000m": null, "youth_population_1000m": null, "elderly_population_1000m": null, "facility_count_1000m": 0, "road_length_1000m": null, "population_context_method_1000m": "pond_emd_population_context", "agricultural_area_1000m": 0.0, "agricultural_area_ha_1000m": 0.0, "agricultural_ratio_1000m": 0.0 }, "geometry": { "type": "Point", "coordinates": [ 128.436626145392779, 36.46086402331894 ] } },
{ "type": "Feature", "properties": { "id": "634", "address": "안사면 신수리 33유", "region": "안사면", "capacity": 9.2, "emd_name": "안사면", "pond_id": "634", "facility_source": "VWorld UQ164·UO601", "road_source": "DATA_NOT_AVAILABLE", "emd_total_population": 833.0, "emd_youth_population": 62.0, "emd_elderly_population": 478.0, "emd_youth_ratio": 7.4429771908763502, "emd_elderly_ratio": 57.382953181272512, "emd_population_change": -21.0, "emd_year": 2025.0, "population_context_method": "pond_emd_population_context", "population_500m": null, "youth_population_500m": null, "elderly_population_500m": null, "facility_count_500m": 0, "road_length_500m": null, "population_context_method_500m": "pond_emd_population_context", "agricultural_area_500m": 39138.697372800467, "agricultural_area_ha_500m": 3.9138697372800468, "agricultural_ratio_500m": 4.9913078010139342, "population_1000m": null, "youth_population_1000m": null, "elderly_population_1000m": null, "facility_count_1000m": 0, "road_length_1000m": null, "population_context_method_1000m": "pond_emd_population_context", "agricultural_area_1000m": 90972.953281128197, "agricultural_area_ha_1000m": 9.0972953281128195, "agricultural_ratio_1000m": 2.9004159685506612 }, "geometry": { "type": "Point", "coordinates": [ 128.458386723821576, 36.477991015500898 ] } },
{ "type": "Feature", "properties": { "id": "635", "address": "안사면 신수리 84답", "region": "안사면", "capacity": 2.2, "emd_name": "안사면", "pond_id": "635", "facility_source": "VWorld UQ164·UO601", "road_source": "DATA_NOT_AVAILABLE", "emd_total_population": 833.0, "emd_youth_population": 62.0, "emd_elderly_population": 478.0, "emd_youth_ratio": 7.4429771908763502, "emd_elderly_ratio": 57.382953181272512, "emd_population_change": -21.0, "emd_year": 2025.0, "population_context_method": "pond_emd_population_context", "population_500m": null, "youth_population_500m": null, "elderly_population_500m": null, "facility_count_500m": 0, "road_length_500m": null, "population_context_method_500m": "pond_emd_population_context", "agricultural_area_500m": 69842.642557767467, "agricultural_area_ha_500m": 6.9842642557767469, "agricultural_ratio_500m": 8.9069424902290493, "population_1000m": null, "youth_population_1000m": null, "elderly_population_1000m": null, "facility_count_1000m": 0, "road_length_1000m": null, "population_context_method_1000m": "pond_emd_population_context", "agricultural_area_1000m": 136739.20053980252, "agricultural_area_ha_1000m": 13.673920053980252, "agricultural_ratio_1000m": 4.3595436497142597 }, "geometry": { "type": "Point", "coordinates": [ 128.446970129982077, 36.479661688336265 ] } },
{ "type": "Feature", "properties": { "id": "636", "address": "안사면 월소리 251-3유", "region": "안사면", "capacity": 2.6, "emd_name": "안사면", "pond_id": "636", "facility_source": "VWorld UQ164·UO601", "road_source": "DATA_NOT_AVAILABLE", "emd_total_population": 833.0, "emd_youth_population": 62.0, "emd_elderly_population": 478.0, "emd_youth_ratio": 7.4429771908763502, "emd_elderly_ratio": 57.382953181272512, "emd_population_change": -21.0, "emd_year": 2025.0, "population_context_method": "pond_emd_population_context", "population_500m": null, "youth_population_500m": null, "elderly_population_500m": null, "facility_count_500m": 0, "road_length_500m": null, "population_context_method_500m": "pond_emd_population_context", "agricultural_area_500m": 211366.97630894583, "agricultural_area_ha_500m": 21.136697630894584, "agricultural_ratio_500m": 26.955358980872518, "population_1000m": null, "youth_population_1000m": null, "elderly_population_1000m": null, "facility_count_1000m": 0, "road_length_1000m": null, "population_context_method_1000m": "pond_emd_population_context", "agricultural_area_1000m": 724804.16740394384, "agricultural_area_ha_1000m": 72.480416740394389, "agricultural_ratio_1000m": 23.108336108580101 }, "geometry": { "type": "Point", "coordinates": [ 128.432731524419523, 36.496575231056191 ] } },
{ "type": "Feature", "properties": { "id": "637", "address": "안사면 월소리 136-1유", "region": "안사면", "capacity": 12.3, "emd_name": "안사면", "pond_id": "637", "facility_source": "VWorld UQ164·UO601", "road_source": "DATA_NOT_AVAILABLE", "emd_total_population": 833.0, "emd_youth_population": 62.0, "emd_elderly_population": 478.0, "emd_youth_ratio": 7.4429771908763502, "emd_elderly_ratio": 57.382953181272512, "emd_population_change": -21.0, "emd_year": 2025.0, "population_context_method": "pond_emd_population_context", "population_500m": null, "youth_population_500m": null, "elderly_population_500m": null, "facility_count_500m": 0, "road_length_500m": null, "population_context_method_500m": "pond_emd_population_context", "agricultural_area_500m": 321291.89093429106, "agricultural_area_ha_500m": 32.129189093429105, "agricultural_ratio_500m": 40.973942140887836, "population_1000m": null, "youth_population_1000m": null, "elderly_population_1000m": null, "facility_count_1000m": 0, "road_length_1000m": null, "population_context_method_1000m": "pond_emd_population_context", "agricultural_area_1000m": 697423.95011592947, "agricultural_area_ha_1000m": 69.742395011592947, "agricultural_ratio_1000m": 22.235395123591569 }, "geometry": { "type": "Point", "coordinates": [ 128.436251170179048, 36.493171963161174 ] } },
{ "type": "Feature", "properties": { "id": "638", "address": "안사면 월소리 1000유", "region": "안사면", "capacity": 16.5, "emd_name": "안사면", "pond_id": "638", "facility_source": "VWorld UQ164·UO601", "road_source": "DATA_NOT_AVAILABLE", "emd_total_population": 833.0, "emd_youth_population": 62.0, "emd_elderly_population": 478.0, "emd_youth_ratio": 7.4429771908763502, "emd_elderly_ratio": 57.382953181272512, "emd_population_change": -21.0, "emd_year": 2025.0, "population_context_method": "pond_emd_population_context", "population_500m": null, "youth_population_500m": null, "elderly_population_500m": null, "facility_count_500m": 0, "road_length_500m": null, "population_context_method_500m": "pond_emd_population_context", "agricultural_area_500m": 323849.56093881809, "agricultural_area_ha_500m": 32.384956093881812, "agricultural_ratio_500m": 41.300118511154231, "population_1000m": null, "youth_population_1000m": null, "elderly_population_1000m": null, "facility_count_1000m": 0, "road_length_1000m": null, "population_context_method_1000m": "pond_emd_population_context", "agricultural_area_1000m": 881059.25100937707, "agricultural_area_ha_1000m": 88.105925100937711, "agricultural_ratio_1000m": 28.090088632936499 }, "geometry": { "type": "Point", "coordinates": [ 128.412039772154856, 36.499615007614857 ] } },
{ "type": "Feature", "properties": { "id": "639", "address": "안사면 월소리 366유", "region": "안사면", "capacity": 15.0, "emd_name": "안사면", "pond_id": "639", "facility_source": "VWorld UQ164·UO601", "road_source": "DATA_NOT_AVAILABLE", "emd_total_population": 833.0, "emd_youth_population": 62.0, "emd_elderly_population": 478.0, "emd_youth_ratio": 7.4429771908763502, "emd_elderly_ratio": 57.382953181272512, "emd_population_change": -21.0, "emd_year": 2025.0, "population_context_method": "pond_emd_population_context", "population_500m": null, "youth_population_500m": null, "elderly_population_500m": null, "facility_count_500m": 0, "road_length_500m": null, "population_context_method_500m": "pond_emd_population_context", "agricultural_area_500m": 309708.20798309002, "agricultural_area_ha_500m": 30.970820798309003, "agricultural_ratio_500m": 39.4966899337415, "population_1000m": null, "youth_population_1000m": null, "elderly_population_1000m": null, "facility_count_1000m": 0, "road_length_1000m": null, "population_context_method_1000m": "pond_emd_population_context", "agricultural_area_1000m": 841407.43724089127, "agricultural_area_ha_1000m": 84.140743724089134, "agricultural_ratio_1000m": 26.825902413976294 }, "geometry": { "type": "Point", "coordinates": [ 128.427117359498737, 36.491064827453677 ] } },
{ "type": "Feature", "properties": { "id": "640", "address": "안사면 월소리 541", "region": "안사면", "capacity": 7.2, "emd_name": "안사면", "pond_id": "640", "facility_source": "VWorld UQ164·UO601", "road_source": "DATA_NOT_AVAILABLE", "emd_total_population": 833.0, "emd_youth_population": 62.0, "emd_elderly_population": 478.0, "emd_youth_ratio": 7.4429771908763502, "emd_elderly_ratio": 57.382953181272512, "emd_population_change": -21.0, "emd_year": 2025.0, "population_context_method": "pond_emd_population_context", "population_500m": null, "youth_population_500m": null, "elderly_population_500m": null, "facility_count_500m": 0, "road_length_500m": null, "population_context_method_500m": "pond_emd_population_context", "agricultural_area_500m": 0.0, "agricultural_area_ha_500m": 0.0, "agricultural_ratio_500m": 0.0, "population_1000m": null, "youth_population_1000m": null, "elderly_population_1000m": null, "facility_count_1000m": 0, "road_length_1000m": null, "population_context_method_1000m": "pond_emd_population_context", "agricultural_area_1000m": 108854.6269329607, "agricultural_area_ha_1000m": 10.88546269329607, "agricultural_ratio_1000m": 3.4705226863562659 }, "geometry": { "type": "Point", "coordinates": [ 128.43436537789222, 36.473794562931054 ] } },
{ "type": "Feature", "properties": { "id": "641", "address": "안사면 월소리 521구", "region": "안사면", "capacity": 15.0, "emd_name": "안사면", "pond_id": "641", "facility_source": "VWorld UQ164·UO601", "road_source": "DATA_NOT_AVAILABLE", "emd_total_population": 833.0, "emd_youth_population": 62.0, "emd_elderly_population": 478.0, "emd_youth_ratio": 7.4429771908763502, "emd_elderly_ratio": 57.382953181272512, "emd_population_change": -21.0, "emd_year": 2025.0, "population_context_method": "pond_emd_population_context", "population_500m": null, "youth_population_500m": null, "elderly_population_500m": null, "facility_count_500m": 0, "road_length_500m": null, "population_context_method_500m": "pond_emd_population_context", "agricultural_area_500m": 0.0, "agricultural_area_ha_500m": 0.0, "agricultural_ratio_500m": 0.0, "population_1000m": null, "youth_population_1000m": null, "elderly_population_1000m": null, "facility_count_1000m": 0, "road_length_1000m": null, "population_context_method_1000m": "pond_emd_population_context", "agricultural_area_1000m": 132677.48457119131, "agricultural_area_ha_1000m": 13.267748457119131, "agricultural_ratio_1000m": 4.2300472946968277 }, "geometry": { "type": "Point", "coordinates": [ 128.432649075496585, 36.475716423934401 ] } },
{ "type": "Feature", "properties": { "id": "642", "address": "안사면 쌍호리 368유", "region": "안사면", "capacity": 10.0, "emd_name": "안사면", "pond_id": "642", "facility_source": "VWorld UQ164·UO601", "road_source": "DATA_NOT_AVAILABLE", "emd_total_population": 833.0, "emd_youth_population": 62.0, "emd_elderly_population": 478.0, "emd_youth_ratio": 7.4429771908763502, "emd_elderly_ratio": 57.382953181272512, "emd_population_change": -21.0, "emd_year": 2025.0, "population_context_method": "pond_emd_population_context", "population_500m": null, "youth_population_500m": null, "elderly_population_500m": null, "facility_count_500m": 0, "road_length_500m": null, "population_context_method_500m": "pond_emd_population_context", "agricultural_area_500m": 132532.81034840213, "agricultural_area_ha_500m": 13.253281034840212, "agricultural_ratio_500m": 16.901739060993869, "population_1000m": null, "youth_population_1000m": null, "elderly_population_1000m": null, "facility_count_1000m": 0, "road_length_1000m": null, "population_context_method_1000m": "pond_emd_population_context", "agricultural_area_1000m": 781749.16099147988, "agricultural_area_ha_1000m": 78.174916099147993, "agricultural_ratio_1000m": 24.923866579707138 }, "geometry": { "type": "Point", "coordinates": [ 128.424026864276442, 36.507573281638052 ] } },
{ "type": "Feature", "properties": { "id": "643", "address": "단촌면 후평리 188-01", "region": "단촌면", "capacity": 35.0, "emd_name": "단촌면", "pond_id": "643", "facility_source": "VWorld UQ164·UO601", "road_source": "DATA_NOT_AVAILABLE", "emd_total_population": 1820.0, "emd_youth_population": 122.0, "emd_elderly_population": 1025.0, "emd_youth_ratio": 6.7032967032967044, "emd_elderly_ratio": 56.318681318681321, "emd_population_change": -6.0, "emd_year": 2025.0, "population_context_method": "pond_emd_population_context", "population_500m": null, "youth_population_500m": null, "elderly_population_500m": null, "facility_count_500m": 0, "road_length_500m": null, "population_context_method_500m": "pond_emd_population_context", "agricultural_area_500m": 141493.04626921538, "agricultural_area_ha_500m": 14.149304626921538, "agricultural_ratio_500m": 18.044426438258526, "population_1000m": null, "youth_population_1000m": null, "elderly_population_1000m": null, "facility_count_1000m": 0, "road_length_1000m": null, "population_context_method_1000m": "pond_emd_population_context", "agricultural_area_1000m": 773274.71581460722, "agricultural_area_ha_1000m": 77.327471581460728, "agricultural_ratio_1000m": 24.653682802781127 }, "geometry": { "type": "Point", "coordinates": [ 128.720707990131189, 36.440170007093968 ] } },
{ "type": "Feature", "properties": { "id": "644", "address": "점곡면 동변리 524", "region": "점곡면", "capacity": 798.5, "emd_name": "점곡면", "pond_id": "644", "facility_source": "VWorld UQ164·UO601", "road_source": "DATA_NOT_AVAILABLE", "emd_total_population": 1476.0, "emd_youth_population": 101.0, "emd_elderly_population": 880.0, "emd_youth_ratio": 6.8428184281842812, "emd_elderly_ratio": 59.620596205962059, "emd_population_change": -30.0, "emd_year": 2025.0, "population_context_method": "pond_emd_population_context", "population_500m": null, "youth_population_500m": null, "elderly_population_500m": null, "facility_count_500m": 0, "road_length_500m": null, "population_context_method_500m": "pond_emd_population_context", "agricultural_area_500m": 74897.17640708563, "agricultural_area_ha_500m": 7.4897176407085633, "agricultural_ratio_500m": 9.5515406993182346, "population_1000m": null, "youth_population_1000m": null, "elderly_population_1000m": null, "facility_count_1000m": 0, "road_length_1000m": null, "population_context_method_1000m": "pond_emd_population_context", "agricultural_area_1000m": 214743.0464259251, "agricultural_area_ha_1000m": 21.474304642592511, "agricultural_ratio_1000m": 6.8464762165545148 }, "geometry": { "type": "Point", "coordinates": [ 128.789016778877965, 36.440878479286788 ] } },
{ "type": "Feature", "properties": { "id": "645", "address": "점곡면 사촌리 496", "region": "점곡면", "capacity": 6.7, "emd_name": "점곡면", "pond_id": "645", "facility_source": "VWorld UQ164·UO601", "road_source": "DATA_NOT_AVAILABLE", "emd_total_population": 1476.0, "emd_youth_population": 101.0, "emd_elderly_population": 880.0, "emd_youth_ratio": 6.8428184281842812, "emd_elderly_ratio": 59.620596205962059, "emd_population_change": -30.0, "emd_year": 2025.0, "population_context_method": "pond_emd_population_context", "population_500m": null, "youth_population_500m": null, "elderly_population_500m": null, "facility_count_500m": 0, "road_length_500m": null, "population_context_method_500m": "pond_emd_population_context", "agricultural_area_500m": 96186.847955291712, "agricultural_area_ha_500m": 9.6186847955291714, "agricultural_ratio_500m": 12.266585164580212, "population_1000m": null, "youth_population_1000m": null, "elderly_population_1000m": null, "facility_count_1000m": 1, "road_length_1000m": null, "population_context_method_1000m": "pond_emd_population_context", "agricultural_area_1000m": 1007305.2840133023, "agricultural_area_ha_1000m": 100.73052840133023, "agricultural_ratio_1000m": 32.11508723839254 }, "geometry": { "type": "Point", "coordinates": [ 128.752798705724871, 36.431071517384275 ] } },
{ "type": "Feature", "properties": { "id": "646", "address": "점곡면 송내리 66", "region": "점곡면", "capacity": 20.5, "emd_name": "점곡면", "pond_id": "646", "facility_source": "VWorld UQ164·UO601", "road_source": "DATA_NOT_AVAILABLE", "emd_total_population": 1476.0, "emd_youth_population": 101.0, "emd_elderly_population": 880.0, "emd_youth_ratio": 6.8428184281842812, "emd_elderly_ratio": 59.620596205962059, "emd_population_change": -30.0, "emd_year": 2025.0, "population_context_method": "pond_emd_population_context", "population_500m": null, "youth_population_500m": null, "elderly_population_500m": null, "facility_count_500m": 0, "road_length_500m": null, "population_context_method_500m": "pond_emd_population_context", "agricultural_area_500m": 190775.59504608851, "agricultural_area_ha_500m": 19.07755950460885, "agricultural_ratio_500m": 24.329366578724315, "population_1000m": null, "youth_population_1000m": null, "elderly_population_1000m": null, "facility_count_1000m": 0, "road_length_1000m": null, "population_context_method_1000m": "pond_emd_population_context", "agricultural_area_1000m": 862568.67412020266, "agricultural_area_ha_1000m": 86.25686741202027, "agricultural_ratio_1000m": 27.500568753205386 }, "geometry": { "type": "Point", "coordinates": [ 128.747190012160928, 36.432063723813989 ] } },
{ "type": "Feature", "properties": { "id": "647", "address": "점곡면 윤암리 112", "region": "점곡면", "capacity": 4.0, "emd_name": "점곡면", "pond_id": "647", "facility_source": "VWorld UQ164·UO601", "road_source": "DATA_NOT_AVAILABLE", "emd_total_population": 1476.0, "emd_youth_population": 101.0, "emd_elderly_population": 880.0, "emd_youth_ratio": 6.8428184281842812, "emd_elderly_ratio": 59.620596205962059, "emd_population_change": -30.0, "emd_year": 2025.0, "population_context_method": "pond_emd_population_context", "population_500m": null, "youth_population_500m": null, "elderly_population_500m": null, "facility_count_500m": 0, "road_length_500m": null, "population_context_method_500m": "pond_emd_population_context", "agricultural_area_500m": 148392.83161253907, "agricultural_area_ha_500m": 14.839283161253906, "agricultural_ratio_500m": 18.924347200092225, "population_1000m": null, "youth_population_1000m": null, "elderly_population_1000m": null, "facility_count_1000m": 0, "road_length_1000m": null, "population_context_method_1000m": "pond_emd_population_context", "agricultural_area_1000m": 1041361.4657968235, "agricultural_area_ha_1000m": 104.13614657968235, "agricultural_ratio_1000m": 33.200872517535281 }, "geometry": { "type": "Point", "coordinates": [ 128.786413448497967, 36.413390877347126 ] } },
{ "type": "Feature", "properties": { "id": "656", "address": "가음면 양지리 164", "region": "가음면", "capacity": 4703.87, "emd_name": "가음면", "pond_id": "656", "facility_source": "VWorld UQ164·UO601", "road_source": "DATA_NOT_AVAILABLE", "emd_total_population": 1396.0, "emd_youth_population": 85.0, "emd_elderly_population": 797.0, "emd_youth_ratio": 6.088825214899714, "emd_elderly_ratio": 57.091690544412607, "emd_population_change": -32.0, "emd_year": 2025.0, "population_context_method": "pond_emd_population_context", "population_500m": null, "youth_population_500m": null, "elderly_population_500m": null, "facility_count_500m": 0, "road_length_500m": null, "population_context_method_500m": "pond_emd_population_context", "agricultural_area_500m": 265208.82896954281, "agricultural_area_ha_500m": 26.52088289695428, "agricultural_ratio_500m": 33.821741289054366, "population_1000m": null, "youth_population_1000m": null, "elderly_population_1000m": null, "facility_count_1000m": 0, "road_length_1000m": null, "population_context_method_1000m": "pond_emd_population_context", "agricultural_area_1000m": 746608.81693314505, "agricultural_area_ha_1000m": 74.660881693314508, "agricultural_ratio_1000m": 23.803515844998145 }, "geometry": { "type": "Point", "coordinates": [ 128.741240421319674, 36.23147711217289 ] } },
{ "type": "Feature", "properties": { "id": "657", "address": "구천면 위성리 210", "region": "구천면", "capacity": 159.0, "emd_name": "구천면", "pond_id": "657", "facility_source": "VWorld UQ164·UO601", "road_source": "DATA_NOT_AVAILABLE", "emd_total_population": 1618.0, "emd_youth_population": 106.0, "emd_elderly_population": 941.0, "emd_youth_ratio": 6.5512978986402972, "emd_elderly_ratio": 58.158220024721871, "emd_population_change": -64.0, "emd_year": 2025.0, "population_context_method": "pond_emd_population_context", "population_500m": null, "youth_population_500m": null, "elderly_population_500m": null, "facility_count_500m": 0, "road_length_500m": null, "population_context_method_500m": "pond_emd_population_context", "agricultural_area_500m": 42705.126216022305, "agricultural_area_ha_500m": 4.2705126216022302, "agricultural_ratio_500m": 5.4461298901952979, "population_1000m": null, "youth_population_1000m": null, "elderly_population_1000m": null, "facility_count_1000m": 0, "road_length_1000m": null, "population_context_method_1000m": "pond_emd_population_context", "agricultural_area_1000m": 441440.16852880747, "agricultural_area_ha_1000m": 44.144016852880746, "agricultural_ratio_1000m": 14.074074412029134 }, "geometry": { "type": "Point", "coordinates": [ 128.458451692441088, 36.338800523446025 ] } },
{ "type": "Feature", "properties": { "id": "658", "address": "구천면 노연리 185", "region": "구천면", "capacity": 3597.0, "emd_name": "구천면", "pond_id": "658", "facility_source": "VWorld UQ164·UO601", "road_source": "DATA_NOT_AVAILABLE", "emd_total_population": 1618.0, "emd_youth_population": 106.0, "emd_elderly_population": 941.0, "emd_youth_ratio": 6.5512978986402972, "emd_elderly_ratio": 58.158220024721871, "emd_population_change": -64.0, "emd_year": 2025.0, "population_context_method": "pond_emd_population_context", "population_500m": null, "youth_population_500m": null, "elderly_population_500m": null, "facility_count_500m": 0, "road_length_500m": null, "population_context_method_500m": "pond_emd_population_context", "agricultural_area_500m": 361981.44653182174, "agricultural_area_ha_500m": 36.198144653182176, "agricultural_ratio_500m": 46.163028899173405, "population_1000m": null, "youth_population_1000m": null, "elderly_population_1000m": null, "facility_count_1000m": 1, "road_length_1000m": null, "population_context_method_1000m": "pond_emd_population_context", "agricultural_area_1000m": 1578945.5290884576, "agricultural_area_ha_1000m": 157.89455290884575, "agricultural_ratio_1000m": 50.34022377934437 }, "geometry": { "type": "Point", "coordinates": [ 128.435788385096743, 36.341327429007457 ] } },
{ "type": "Feature", "properties": { "id": "659", "address": "단밀면 위중리 1219", "region": "단밀면", "capacity": 828.0, "emd_name": "단밀면", "pond_id": "659", "facility_source": "VWorld UQ164·UO601", "road_source": "DATA_NOT_AVAILABLE", "emd_total_population": 1569.0, "emd_youth_population": 119.0, "emd_elderly_population": 840.0, "emd_youth_ratio": 7.5844486934353101, "emd_elderly_ratio": 53.537284894837477, "emd_population_change": -37.0, "emd_year": 2025.0, "population_context_method": "pond_emd_population_context", "population_500m": null, "youth_population_500m": null, "elderly_population_500m": null, "facility_count_500m": 0, "road_length_500m": null, "population_context_method_500m": "pond_emd_population_context", "agricultural_area_500m": 296715.43410901679, "agricultural_area_ha_500m": 29.67154341090168, "agricultural_ratio_500m": 37.839738171224745, "population_1000m": null, "youth_population_1000m": null, "elderly_population_1000m": null, "facility_count_1000m": 0, "road_length_1000m": null, "population_context_method_1000m": "pond_emd_population_context", "agricultural_area_1000m": 998718.98332077311, "agricultural_area_ha_1000m": 99.871898332077308, "agricultural_ratio_1000m": 31.841337263909132 }, "geometry": { "type": "Point", "coordinates": [ 128.375882284073811, 36.361918684103514 ] } },
{ "type": "Feature", "properties": { "id": "660", "address": "단북면 노연리 396", "region": "단북면", "capacity": 8.0, "emd_name": "단북면", "pond_id": "660", "facility_source": "VWorld UQ164·UO601", "road_source": "DATA_NOT_AVAILABLE", "emd_total_population": 1631.0, "emd_youth_population": 117.0, "emd_elderly_population": 902.0, "emd_youth_ratio": 7.1735131820968734, "emd_elderly_ratio": 55.30349478847333, "emd_population_change": -39.0, "emd_year": 2025.0, "population_context_method": "pond_emd_population_context", "population_500m": null, "youth_population_500m": null, "elderly_population_500m": null, "facility_count_500m": 2, "road_length_500m": null, "population_context_method_500m": "pond_emd_population_context", "agricultural_area_500m": 0.0, "agricultural_area_ha_500m": 0.0, "agricultural_ratio_500m": 0.0, "population_1000m": null, "youth_population_1000m": null, "elderly_population_1000m": null, "facility_count_1000m": 3, "road_length_1000m": null, "population_context_method_1000m": "pond_emd_population_context", "agricultural_area_1000m": 490945.60783833032, "agricultural_area_ha_1000m": 49.094560783833032, "agricultural_ratio_1000m": 15.65241568297523 }, "geometry": { "type": "Point", "coordinates": [ 128.426628344844829, 36.391168125618627 ] } },
{ "type": "Feature", "properties": { "id": "661", "address": "단북면 정안리 478", "region": "단북면", "capacity": 49.0, "emd_name": "단북면", "pond_id": "661", "facility_source": "VWorld UQ164·UO601", "road_source": "DATA_NOT_AVAILABLE", "emd_total_population": 1631.0, "emd_youth_population": 117.0, "emd_elderly_population": 902.0, "emd_youth_ratio": 7.1735131820968734, "emd_elderly_ratio": 55.30349478847333, "emd_population_change": -39.0, "emd_year": 2025.0, "population_context_method": "pond_emd_population_context", "population_500m": null, "youth_population_500m": null, "elderly_population_500m": null, "facility_count_500m": 0, "road_length_500m": null, "population_context_method_500m": "pond_emd_population_context", "agricultural_area_500m": 479686.75682147191, "agricultural_area_ha_500m": 47.968675682147193, "agricultural_ratio_500m": 61.173835924084344, "population_1000m": null, "youth_population_1000m": null, "elderly_population_1000m": null, "facility_count_1000m": 0, "road_length_1000m": null, "population_context_method_1000m": "pond_emd_population_context", "agricultural_area_1000m": 1672857.5616255766, "agricultural_area_ha_1000m": 167.28575616255765, "agricultural_ratio_1000m": 53.334343998438257 }, "geometry": { "type": "Point", "coordinates": [ 128.420622315797999, 36.402881665329133 ] } },
{ "type": "Feature", "properties": { "id": "662", "address": "단북면 정안리 935-01", "region": "단북면", "capacity": 20.0, "emd_name": "단북면", "pond_id": "662", "facility_source": "VWorld UQ164·UO601", "road_source": "DATA_NOT_AVAILABLE", "emd_total_population": 1631.0, "emd_youth_population": 117.0, "emd_elderly_population": 902.0, "emd_youth_ratio": 7.1735131820968734, "emd_elderly_ratio": 55.30349478847333, "emd_population_change": -39.0, "emd_year": 2025.0, "population_context_method": "pond_emd_population_context", "population_500m": null, "youth_population_500m": null, "elderly_population_500m": null, "facility_count_500m": 0, "road_length_500m": null, "population_context_method_500m": "pond_emd_population_context", "agricultural_area_500m": 559299.44756132702, "agricultural_area_ha_500m": 55.929944756132699, "agricultural_ratio_500m": 71.32674010902798, "population_1000m": null, "youth_population_1000m": null, "elderly_population_1000m": null, "facility_count_1000m": 0, "road_length_1000m": null, "population_context_method_1000m": "pond_emd_population_context", "agricultural_area_1000m": 1912788.5508216028, "agricultural_area_ha_1000m": 191.27885508216028, "agricultural_ratio_1000m": 60.98386671167605 }, "geometry": { "type": "Point", "coordinates": [ 128.411257265380556, 36.387358741246068 ] } },
{ "type": "Feature", "properties": { "id": "666", "address": "단북면 효제리 485", "region": "단북면", "capacity": 6.0, "emd_name": "단북면", "pond_id": "666", "facility_source": "VWorld UQ164·UO601", "road_source": "DATA_NOT_AVAILABLE", "emd_total_population": 1631.0, "emd_youth_population": 117.0, "emd_elderly_population": 902.0, "emd_youth_ratio": 7.1735131820968734, "emd_elderly_ratio": 55.30349478847333, "emd_population_change": -39.0, "emd_year": 2025.0, "population_context_method": "pond_emd_population_context", "population_500m": null, "youth_population_500m": null, "elderly_population_500m": null, "facility_count_500m": 1, "road_length_500m": null, "population_context_method_500m": "pond_emd_population_context", "agricultural_area_500m": 631044.88824395975, "agricultural_area_ha_500m": 63.104488824395972, "agricultural_ratio_500m": 80.476343999914562, "population_1000m": null, "youth_population_1000m": null, "elderly_population_1000m": null, "facility_count_1000m": 1, "road_length_1000m": null, "population_context_method_1000m": "pond_emd_population_context", "agricultural_area_1000m": 2066457.3738619008, "agricultural_area_ha_1000m": 206.64573738619006, "agricultural_ratio_1000m": 65.883163614098635 }, "geometry": { "type": "Point", "coordinates": [ 128.383772639244057, 36.404242025602677 ] } },
{ "type": "Feature", "properties": { "id": "667", "address": "단북면 성암리 843", "region": "단북면", "capacity": 8.0, "emd_name": "단북면", "pond_id": "667", "facility_source": "VWorld UQ164·UO601", "road_source": "DATA_NOT_AVAILABLE", "emd_total_population": 1631.0, "emd_youth_population": 117.0, "emd_elderly_population": 902.0, "emd_youth_ratio": 7.1735131820968734, "emd_elderly_ratio": 55.30349478847333, "emd_population_change": -39.0, "emd_year": 2025.0, "population_context_method": "pond_emd_population_context", "population_500m": null, "youth_population_500m": null, "elderly_population_500m": null, "facility_count_500m": 0, "road_length_500m": null, "population_context_method_500m": "pond_emd_population_context", "agricultural_area_500m": 353805.23121679289, "agricultural_area_ha_500m": 35.380523121679289, "agricultural_ratio_500m": 45.120326662664276, "population_1000m": null, "youth_population_1000m": null, "elderly_population_1000m": null, "facility_count_1000m": 1, "road_length_1000m": null, "population_context_method_1000m": "pond_emd_population_context", "agricultural_area_1000m": 1955823.9999387786, "agricultural_area_ha_1000m": 195.58239999387786, "agricultural_ratio_1000m": 62.355930598043251 }, "geometry": { "type": "Point", "coordinates": [ 128.375603850912768, 36.403723563854221 ] } },
{ "type": "Feature", "properties": { "id": "668", "address": "안계면 용기리 169", "region": "안계면", "capacity": 32.0, "emd_name": "안계면", "pond_id": "668", "facility_source": "VWorld UQ164·UO601", "road_source": "DATA_NOT_AVAILABLE", "emd_total_population": 4208.0, "emd_youth_population": 575.0, "emd_elderly_population": 1772.0, "emd_youth_ratio": 13.664448669201519, "emd_elderly_ratio": 42.110266159695819, "emd_population_change": -43.0, "emd_year": 2025.0, "population_context_method": "pond_emd_population_context", "population_500m": null, "youth_population_500m": null, "elderly_population_500m": null, "facility_count_500m": 0, "road_length_500m": null, "population_context_method_500m": "pond_emd_population_context", "agricultural_area_500m": 800.28724094013796, "agricultural_area_ha_500m": 0.080028724094013792, "agricultural_ratio_500m": 0.10205960384191022, "population_1000m": null, "youth_population_1000m": null, "elderly_population_1000m": null, "facility_count_1000m": 0, "road_length_1000m": null, "population_context_method_1000m": "pond_emd_population_context", "agricultural_area_1000m": 195682.86872750075, "agricultural_area_ha_1000m": 19.568286872750075, "agricultural_ratio_1000m": 6.2387962219402109 }, "geometry": { "type": "Point", "coordinates": [ 128.446798363981998, 36.394034469973391 ] } },
{ "type": "Feature", "properties": { "id": "669", "address": "안계면 봉양리 851", "region": "안계면", "capacity": 1271.0, "emd_name": "안계면", "pond_id": "669", "facility_source": "VWorld UQ164·UO601", "road_source": "DATA_NOT_AVAILABLE", "emd_total_population": 4208.0, "emd_youth_population": 575.0, "emd_elderly_population": 1772.0, "emd_youth_ratio": 13.664448669201519, "emd_elderly_ratio": 42.110266159695819, "emd_population_change": -43.0, "emd_year": 2025.0, "population_context_method": "pond_emd_population_context", "population_500m": null, "youth_population_500m": null, "elderly_population_500m": null, "facility_count_500m": 0, "road_length_500m": null, "population_context_method_500m": "pond_emd_population_context", "agricultural_area_500m": 372444.04767770634, "agricultural_area_ha_500m": 37.244404767770632, "agricultural_ratio_500m": 47.497310983754048, "population_1000m": null, "youth_population_1000m": null, "elderly_population_1000m": null, "facility_count_1000m": 0, "road_length_1000m": null, "population_context_method_1000m": "pond_emd_population_context", "agricultural_area_1000m": 1287849.6372743696, "agricultural_area_ha_1000m": 128.78496372743695, "agricultural_ratio_1000m": 41.059452489134749 }, "geometry": { "type": "Point", "coordinates": [ 128.458914207778633, 36.383921260328982 ] } },
{ "type": "Feature", "properties": { "id": "670", "address": "안계면 시안리 357", "region": "안계면", "capacity": 20.0, "emd_name": "안계면", "pond_id": "670", "facility_source": "VWorld UQ164·UO601", "road_source": "DATA_NOT_AVAILABLE", "emd_total_population": 4208.0, "emd_youth_population": 575.0, "emd_elderly_population": 1772.0, "emd_youth_ratio": 13.664448669201519, "emd_elderly_ratio": 42.110266159695819, "emd_population_change": -43.0, "emd_year": 2025.0, "population_context_method": "pond_emd_population_context", "population_500m": null, "youth_population_500m": null, "elderly_population_500m": null, "facility_count_500m": 0, "road_length_500m": null, "population_context_method_500m": "pond_emd_population_context", "agricultural_area_500m": 225.32042467180148, "agricultural_area_ha_500m": 0.022532042467180147, "agricultural_ratio_500m": 0.028734824326925836, "population_1000m": null, "youth_population_1000m": null, "elderly_population_1000m": null, "facility_count_1000m": 2, "road_length_1000m": null, "population_context_method_1000m": "pond_emd_population_context", "agricultural_area_1000m": 616975.53649963764, "agricultural_area_ha_1000m": 61.697553649963766, "agricultural_ratio_1000m": 19.670524411126035 }, "geometry": { "type": "Point", "coordinates": [ 128.428990131706939, 36.394771291092233 ] } },
{ "type": "Feature", "properties": { "id": "671", "address": "안계면 시안리 185", "region": "안계면", "capacity": 23.9, "emd_name": "안계면", "pond_id": "671", "facility_source": "VWorld UQ164·UO601", "road_source": "DATA_NOT_AVAILABLE", "emd_total_population": 4208.0, "emd_youth_population": 575.0, "emd_elderly_population": 1772.0, "emd_youth_ratio": 13.664448669201519, "emd_elderly_ratio": 42.110266159695819, "emd_population_change": -43.0, "emd_year": 2025.0, "population_context_method": "pond_emd_population_context", "population_500m": null, "youth_population_500m": null, "elderly_population_500m": null, "facility_count_500m": 0, "road_length_500m": null, "population_context_method_500m": "pond_emd_population_context", "agricultural_area_500m": 489761.35153457779, "agricultural_area_ha_500m": 48.976135153457776, "agricultural_ratio_500m": 62.458636046699688, "population_1000m": null, "youth_population_1000m": null, "elderly_population_1000m": null, "facility_count_1000m": 0, "road_length_1000m": null, "population_context_method_1000m": "pond_emd_population_context", "agricultural_area_1000m": 1773015.6518915987, "agricultural_area_ha_1000m": 177.30156518915987, "agricultural_ratio_1000m": 56.52760214725744 }, "geometry": { "type": "Point", "coordinates": [ 128.428227032078553, 36.407900189275665 ] } },
{ "type": "Feature", "properties": { "id": "672", "address": "안계면 양곡리 413", "region": "안계면", "capacity": 32.0, "emd_name": "안계면", "pond_id": "672", "facility_source": "VWorld UQ164·UO601", "road_source": "DATA_NOT_AVAILABLE", "emd_total_population": 4208.0, "emd_youth_population": 575.0, "emd_elderly_population": 1772.0, "emd_youth_ratio": 13.664448669201519, "emd_elderly_ratio": 42.110266159695819, "emd_population_change": -43.0, "emd_year": 2025.0, "population_context_method": "pond_emd_population_context", "population_500m": null, "youth_population_500m": null, "elderly_population_500m": null, "facility_count_500m": 0, "road_length_500m": null, "population_context_method_500m": "pond_emd_population_context", "agricultural_area_500m": 267585.05925875268, "agricultural_area_ha_500m": 26.758505925875269, "agricultural_ratio_500m": 34.124778885491629, "population_1000m": null, "youth_population_1000m": null, "elderly_population_1000m": null, "facility_count_1000m": 0, "road_length_1000m": null, "population_context_method_1000m": "pond_emd_population_context", "agricultural_area_1000m": 1243400.9699935312, "agricultural_area_ha_1000m": 124.34009699935312, "agricultural_ratio_1000m": 39.642332128495838 }, "geometry": { "type": "Point", "coordinates": [ 128.438024764987148, 36.406638345469155 ] } },
{ "type": "Feature", "properties": { "id": "673", "address": "안계면 시안리 295", "region": "안계면", "capacity": 23.0, "emd_name": "안계면", "pond_id": "673", "facility_source": "VWorld UQ164·UO601", "road_source": "DATA_NOT_AVAILABLE", "emd_total_population": 4208.0, "emd_youth_population": 575.0, "emd_elderly_population": 1772.0, "emd_youth_ratio": 13.664448669201519, "emd_elderly_ratio": 42.110266159695819, "emd_population_change": -43.0, "emd_year": 2025.0, "population_context_method": "pond_emd_population_context", "population_500m": null, "youth_population_500m": null, "elderly_population_500m": null, "facility_count_500m": 0, "road_length_500m": null, "population_context_method_500m": "pond_emd_population_context", "agricultural_area_500m": 198776.55387172586, "agricultural_area_ha_500m": 19.877655387172585, "agricultural_ratio_500m": 25.349718580264053, "population_1000m": null, "youth_population_1000m": null, "elderly_population_1000m": null, "facility_count_1000m": 0, "road_length_1000m": null, "population_context_method_1000m": "pond_emd_population_context", "agricultural_area_1000m": 936883.29467905418, "agricultural_area_ha_1000m": 93.688329467905419, "agricultural_ratio_1000m": 29.869880778281626 }, "geometry": { "type": "Point", "coordinates": [ 128.430701994651088, 36.399391399471078 ] } },
{ "type": "Feature", "properties": { "id": "674", "address": "다인면 산내리 167", "region": "다인면", "capacity": 27.0, "emd_name": "다인면", "pond_id": "674", "facility_source": "VWorld UQ164·UO601", "road_source": "DATA_NOT_AVAILABLE", "emd_total_population": 3543.0, "emd_youth_population": 296.0, "emd_elderly_population": 1983.0, "emd_youth_ratio": 8.3545018346034432, "emd_elderly_ratio": 55.969517358171039, "emd_population_change": -53.0, "emd_year": 2025.0, "population_context_method": "pond_emd_population_context", "population_500m": null, "youth_population_500m": null, "elderly_population_500m": null, "facility_count_500m": 0, "road_length_500m": null, "population_context_method_500m": "pond_emd_population_context", "agricultural_area_500m": 316843.10766499076, "agricultural_area_ha_500m": 31.684310766499078, "agricultural_ratio_500m": 40.406594525161857, "population_1000m": null, "youth_population_1000m": null, "elderly_population_1000m": null, "facility_count_1000m": 0, "road_length_1000m": null, "population_context_method_1000m": "pond_emd_population_context", "agricultural_area_1000m": 1211805.1565997018, "agricultural_area_ha_1000m": 121.18051565997018, "agricultural_ratio_1000m": 38.634988754431497 }, "geometry": { "type": "Point", "coordinates": [ 128.33770516265119, 36.429825754671143 ] } },
{ "type": "Feature", "properties": { "id": "675", "address": "다인면 가원리 1279-1", "region": "다인면", "capacity": 18.0, "emd_name": "다인면", "pond_id": "675", "facility_source": "VWorld UQ164·UO601", "road_source": "DATA_NOT_AVAILABLE", "emd_total_population": 3543.0, "emd_youth_population": 296.0, "emd_elderly_population": 1983.0, "emd_youth_ratio": 8.3545018346034432, "emd_elderly_ratio": 55.969517358171039, "emd_population_change": -53.0, "emd_year": 2025.0, "population_context_method": "pond_emd_population_context", "population_500m": null, "youth_population_500m": null, "elderly_population_500m": null, "facility_count_500m": 0, "road_length_500m": null, "population_context_method_500m": "pond_emd_population_context", "agricultural_area_500m": 243155.26300416558, "agricultural_area_ha_500m": 24.315526300416558, "agricultural_ratio_500m": 31.009278350017965, "population_1000m": null, "youth_population_1000m": null, "elderly_population_1000m": null, "facility_count_1000m": 0, "road_length_1000m": null, "population_context_method_1000m": "pond_emd_population_context", "agricultural_area_1000m": 1162541.5402749844, "agricultural_area_ha_1000m": 116.25415402749844, "agricultural_ratio_1000m": 37.064357327141074 }, "geometry": { "type": "Point", "coordinates": [ 128.34381996299237, 36.427477400764815 ] } },
{ "type": "Feature", "properties": { "id": "676", "address": "다인면 송호리 24", "region": "다인면", "capacity": 9.1, "emd_name": "다인면", "pond_id": "676", "facility_source": "VWorld UQ164·UO601", "road_source": "DATA_NOT_AVAILABLE", "emd_total_population": 3543.0, "emd_youth_population": 296.0, "emd_elderly_population": 1983.0, "emd_youth_ratio": 8.3545018346034432, "emd_elderly_ratio": 55.969517358171039, "emd_population_change": -53.0, "emd_year": 2025.0, "population_context_method": "pond_emd_population_context", "population_500m": null, "youth_population_500m": null, "elderly_population_500m": null, "facility_count_500m": 0, "road_length_500m": null, "population_context_method_500m": "pond_emd_population_context", "agricultural_area_500m": 170517.71712679334, "agricultural_area_ha_500m": 17.051771712679333, "agricultural_ratio_500m": 21.745905429584621, "population_1000m": null, "youth_population_1000m": null, "elderly_population_1000m": null, "facility_count_1000m": 0, "road_length_1000m": null, "population_context_method_1000m": "pond_emd_population_context", "agricultural_area_1000m": 703469.98341509129, "agricultural_area_ha_1000m": 70.346998341509135, "agricultural_ratio_1000m": 22.428155838670122 }, "geometry": { "type": "Point", "coordinates": [ 128.387051985999733, 36.450790100082337 ] } },
{ "type": "Feature", "properties": { "id": "677", "address": "다인면 도암리 999", "region": "다인면", "capacity": 15.0, "emd_name": "다인면", "pond_id": "677", "facility_source": "VWorld UQ164·UO601", "road_source": "DATA_NOT_AVAILABLE", "emd_total_population": 3543.0, "emd_youth_population": 296.0, "emd_elderly_population": 1983.0, "emd_youth_ratio": 8.3545018346034432, "emd_elderly_ratio": 55.969517358171039, "emd_population_change": -53.0, "emd_year": 2025.0, "population_context_method": "pond_emd_population_context", "population_500m": null, "youth_population_500m": null, "elderly_population_500m": null, "facility_count_500m": 1, "road_length_500m": null, "population_context_method_500m": "pond_emd_population_context", "agricultural_area_500m": 479751.55803091126, "agricultural_area_ha_500m": 47.975155803091127, "agricultural_ratio_500m": 61.182099939084864, "population_1000m": null, "youth_population_1000m": null, "elderly_population_1000m": null, "facility_count_1000m": 2, "road_length_1000m": null, "population_context_method_1000m": "pond_emd_population_context", "agricultural_area_1000m": 1331484.7661619466, "agricultural_area_ha_1000m": 133.14847661619467, "agricultural_ratio_1000m": 42.450635473204677 }, "geometry": { "type": "Point", "coordinates": [ 128.348396199919904, 36.455485708944643 ] } },
{ "type": "Feature", "properties": { "id": "678", "address": "다인면 도암리 539-01", "region": "다인면", "capacity": 21.0, "emd_name": "다인면", "pond_id": "678", "facility_source": "VWorld UQ164·UO601", "road_source": "DATA_NOT_AVAILABLE", "emd_total_population": 3543.0, "emd_youth_population": 296.0, "emd_elderly_population": 1983.0, "emd_youth_ratio": 8.3545018346034432, "emd_elderly_ratio": 55.969517358171039, "emd_population_change": -53.0, "emd_year": 2025.0, "population_context_method": "pond_emd_population_context", "population_500m": null, "youth_population_500m": null, "elderly_population_500m": null, "facility_count_500m": 0, "road_length_500m": null, "population_context_method_500m": "pond_emd_population_context", "agricultural_area_500m": 628697.57778305328, "agricultural_area_ha_500m": 62.869757778305328, "agricultural_ratio_500m": 80.176994512032365, "population_1000m": null, "youth_population_1000m": null, "elderly_population_1000m": null, "facility_count_1000m": 1, "road_length_1000m": null, "population_context_method_1000m": "pond_emd_population_context", "agricultural_area_1000m": 1976616.4746666148, "agricultural_area_ha_1000m": 197.66164746666149, "agricultural_ratio_1000m": 63.018839996399699 }, "geometry": { "type": "Point", "coordinates": [ 128.361230500548146, 36.460341190927089 ] } },
{ "type": "Feature", "properties": { "id": "679", "address": "다인면 도암리 61", "region": "다인면", "capacity": 615.0, "emd_name": "다인면", "pond_id": "679", "facility_source": "VWorld UQ164·UO601", "road_source": "DATA_NOT_AVAILABLE", "emd_total_population": 3543.0, "emd_youth_population": 296.0, "emd_elderly_population": 1983.0, "emd_youth_ratio": 8.3545018346034432, "emd_elderly_ratio": 55.969517358171039, "emd_population_change": -53.0, "emd_year": 2025.0, "population_context_method": "pond_emd_population_context", "population_500m": null, "youth_population_500m": null, "elderly_population_500m": null, "facility_count_500m": 0, "road_length_500m": null, "population_context_method_500m": "pond_emd_population_context", "agricultural_area_500m": 544489.92675895523, "agricultural_area_ha_500m": 54.448992675895525, "agricultural_ratio_500m": 69.438100944416277, "population_1000m": null, "youth_population_1000m": null, "elderly_population_1000m": null, "facility_count_1000m": 0, "road_length_1000m": null, "population_context_method_1000m": "pond_emd_population_context", "agricultural_area_1000m": 1948665.5194760857, "agricultural_area_ha_1000m": 194.86655194760857, "agricultural_ratio_1000m": 62.127702643517125 }, "geometry": { "type": "Point", "coordinates": [ 128.367057049786325, 36.460544988368255 ] } },
{ "type": "Feature", "properties": { "id": "680", "address": "다인면 덕지리 521", "region": "다인면", "capacity": 3.3, "emd_name": "다인면", "pond_id": "680", "facility_source": "VWorld UQ164·UO601", "road_source": "DATA_NOT_AVAILABLE", "emd_total_population": 3543.0, "emd_youth_population": 296.0, "emd_elderly_population": 1983.0, "emd_youth_ratio": 8.3545018346034432, "emd_elderly_ratio": 55.969517358171039, "emd_population_change": -53.0, "emd_year": 2025.0, "population_context_method": "pond_emd_population_context", "population_500m": null, "youth_population_500m": null, "elderly_population_500m": null, "facility_count_500m": 0, "road_length_500m": null, "population_context_method_500m": "pond_emd_population_context", "agricultural_area_500m": 154019.27784404362, "agricultural_area_ha_500m": 15.401927784404362, "agricultural_ratio_500m": 19.641880660641441, "population_1000m": null, "youth_population_1000m": null, "elderly_population_1000m": null, "facility_count_1000m": 0, "road_length_1000m": null, "population_context_method_1000m": "pond_emd_population_context", "agricultural_area_1000m": 756979.12597293523, "agricultural_area_ha_1000m": 75.697912597293524, "agricultural_ratio_1000m": 24.13414389270881 }, "geometry": { "type": "Point", "coordinates": [ 128.333780323265927, 36.446801083085965 ] } },
{ "type": "Feature", "properties": { "id": "681", "address": "다인면 삼분리 650", "region": "다인면", "capacity": 97.5, "emd_name": "다인면", "pond_id": "681", "facility_source": "VWorld UQ164·UO601", "road_source": "DATA_NOT_AVAILABLE", "emd_total_population": 3543.0, "emd_youth_population": 296.0, "emd_elderly_population": 1983.0, "emd_youth_ratio": 8.3545018346034432, "emd_elderly_ratio": 55.969517358171039, "emd_population_change": -53.0, "emd_year": 2025.0, "population_context_method": "pond_emd_population_context", "population_500m": null, "youth_population_500m": null, "elderly_population_500m": null, "facility_count_500m": 0, "road_length_500m": null, "population_context_method_500m": "pond_emd_population_context", "agricultural_area_500m": 581119.59606489562, "agricultural_area_ha_500m": 58.111959606489563, "agricultural_ratio_500m": 74.109435618992308, "population_1000m": null, "youth_population_1000m": null, "elderly_population_1000m": null, "facility_count_1000m": 0, "road_length_1000m": null, "population_context_method_1000m": "pond_emd_population_context", "agricultural_area_1000m": 2288763.1075031571, "agricultural_area_ha_1000m": 228.87631075031572, "agricultural_ratio_1000m": 72.970754777166064 }, "geometry": { "type": "Point", "coordinates": [ 128.412275282831729, 36.42271430892481 ] } },
{ "type": "Feature", "properties": { "id": "682", "address": "다인면 삼분리 1073", "region": "다인면", "capacity": 25.0, "emd_name": "다인면", "pond_id": "682", "facility_source": "VWorld UQ164·UO601", "road_source": "DATA_NOT_AVAILABLE", "emd_total_population": 3543.0, "emd_youth_population": 296.0, "emd_elderly_population": 1983.0, "emd_youth_ratio": 8.3545018346034432, "emd_elderly_ratio": 55.969517358171039, "emd_population_change": -53.0, "emd_year": 2025.0, "population_context_method": "pond_emd_population_context", "population_500m": null, "youth_population_500m": null, "elderly_population_500m": null, "facility_count_500m": 0, "road_length_500m": null, "population_context_method_500m": "pond_emd_population_context", "agricultural_area_500m": 608435.45320592308, "agricultural_area_ha_500m": 60.843545320592305, "agricultural_ratio_500m": 77.592991792073946, "population_1000m": null, "youth_population_1000m": null, "elderly_population_1000m": null, "facility_count_1000m": 0, "road_length_1000m": null, "population_context_method_1000m": "pond_emd_population_context", "agricultural_area_1000m": 2469297.134044094, "agricultural_area_ha_1000m": 246.9297134044094, "agricultural_ratio_1000m": 78.726572902889203 }, "geometry": { "type": "Point", "coordinates": [ 128.405327016265261, 36.421363489580322 ] } },
{ "type": "Feature", "properties": { "id": "683", "address": "다인면 삼분리 1814", "region": "다인면", "capacity": 35.0, "emd_name": "다인면", "pond_id": "683", "facility_source": "VWorld UQ164·UO601", "road_source": "DATA_NOT_AVAILABLE", "emd_total_population": 3543.0, "emd_youth_population": 296.0, "emd_elderly_population": 1983.0, "emd_youth_ratio": 8.3545018346034432, "emd_elderly_ratio": 55.969517358171039, "emd_population_change": -53.0, "emd_year": 2025.0, "population_context_method": "pond_emd_population_context", "population_500m": null, "youth_population_500m": null, "elderly_population_500m": null, "facility_count_500m": 0, "road_length_500m": null, "population_context_method_500m": "pond_emd_population_context", "agricultural_area_500m": 647188.01415249088, "agricultural_area_ha_500m": 64.718801415249089, "agricultural_ratio_500m": 82.535056110655319, "population_1000m": null, "youth_population_1000m": null, "elderly_population_1000m": null, "facility_count_1000m": 0, "road_length_1000m": null, "population_context_method_1000m": "pond_emd_population_context", "agricultural_area_1000m": 2127119.8667348674, "agricultural_area_ha_1000m": 212.71198667348673, "agricultural_ratio_1000m": 67.817216062381007 }, "geometry": { "type": "Point", "coordinates": [ 128.389886572125221, 36.420201427149799 ] } },
{ "type": "Feature", "properties": { "id": "684", "address": "다인면 삼분리 1351", "region": "다인면", "capacity": 9.8, "emd_name": "다인면", "pond_id": "684", "facility_source": "VWorld UQ164·UO601", "road_source": "DATA_NOT_AVAILABLE", "emd_total_population": 3543.0, "emd_youth_population": 296.0, "emd_elderly_population": 1983.0, "emd_youth_ratio": 8.3545018346034432, "emd_elderly_ratio": 55.969517358171039, "emd_population_change": -53.0, "emd_year": 2025.0, "population_context_method": "pond_emd_population_context", "population_500m": null, "youth_population_500m": null, "elderly_population_500m": null, "facility_count_500m": 0, "road_length_500m": null, "population_context_method_500m": "pond_emd_population_context", "agricultural_area_500m": 234520.19830897651, "agricultural_area_ha_500m": 23.452019830897651, "agricultural_ratio_500m": 29.908059641464067, "population_1000m": null, "youth_population_1000m": null, "elderly_population_1000m": null, "facility_count_1000m": 0, "road_length_1000m": null, "population_context_method_1000m": "pond_emd_population_context", "agricultural_area_1000m": 1423075.1885479151, "agricultural_area_ha_1000m": 142.30751885479151, "agricultural_ratio_1000m": 45.370737702200586 }, "geometry": { "type": "Point", "coordinates": [ 128.399315912367001, 36.429363554504398 ] } },
{ "type": "Feature", "properties": { "id": "685", "address": "다인면 삼분리 1310-01", "region": "다인면", "capacity": 35.0, "emd_name": "다인면", "pond_id": "685", "facility_source": "VWorld UQ164·UO601", "road_source": "DATA_NOT_AVAILABLE", "emd_total_population": 3543.0, "emd_youth_population": 296.0, "emd_elderly_population": 1983.0, "emd_youth_ratio": 8.3545018346034432, "emd_elderly_ratio": 55.969517358171039, "emd_population_change": -53.0, "emd_year": 2025.0, "population_context_method": "pond_emd_population_context", "population_500m": null, "youth_population_500m": null, "elderly_population_500m": null, "facility_count_500m": 0, "road_length_500m": null, "population_context_method_500m": "pond_emd_population_context", "agricultural_area_500m": 328113.97120502533, "agricultural_area_ha_500m": 32.811397120502534, "agricultural_ratio_500m": 41.843953274628916, "population_1000m": null, "youth_population_1000m": null, "elderly_population_1000m": null, "facility_count_1000m": 0, "road_length_1000m": null, "population_context_method_1000m": "pond_emd_population_context", "agricultural_area_1000m": 1364054.3832919942, "agricultural_area_ha_1000m": 136.40543832919943, "agricultural_ratio_1000m": 43.489025832168302 }, "geometry": { "type": "Point", "coordinates": [ 128.407187364308669, 36.430550665226129 ] } },
{ "type": "Feature", "properties": { "id": "686", "address": "다인면 외정리 496", "region": "다인면", "capacity": 38.0, "emd_name": "다인면", "pond_id": "686", "facility_source": "VWorld UQ164·UO601", "road_source": "DATA_NOT_AVAILABLE", "emd_total_population": 3543.0, "emd_youth_population": 296.0, "emd_elderly_population": 1983.0, "emd_youth_ratio": 8.3545018346034432, "emd_elderly_ratio": 55.969517358171039, "emd_population_change": -53.0, "emd_year": 2025.0, "population_context_method": "pond_emd_population_context", "population_500m": null, "youth_population_500m": null, "elderly_population_500m": null, "facility_count_500m": 0, "road_length_500m": null, "population_context_method_500m": "pond_emd_population_context", "agricultural_area_500m": 468590.80529548199, "agricultural_area_ha_500m": 46.859080529548201, "agricultural_ratio_500m": 59.758783479088187, "population_1000m": null, "youth_population_1000m": null, "elderly_population_1000m": null, "facility_count_1000m": 0, "road_length_1000m": null, "population_context_method_1000m": "pond_emd_population_context", "agricultural_area_1000m": 1676361.7325606749, "agricultural_area_ha_1000m": 167.63617325606748, "agricultural_ratio_1000m": 53.446064602970935 }, "geometry": { "type": "Point", "coordinates": [ 128.383566780121612, 36.435403969495994 ] } },
{ "type": "Feature", "properties": { "id": "687", "address": "다인면 외정리 107-01", "region": "다인면", "capacity": 9.0, "emd_name": "다인면", "pond_id": "687", "facility_source": "VWorld UQ164·UO601", "road_source": "DATA_NOT_AVAILABLE", "emd_total_population": 3543.0, "emd_youth_population": 296.0, "emd_elderly_population": 1983.0, "emd_youth_ratio": 8.3545018346034432, "emd_elderly_ratio": 55.969517358171039, "emd_population_change": -53.0, "emd_year": 2025.0, "population_context_method": "pond_emd_population_context", "population_500m": null, "youth_population_500m": null, "elderly_population_500m": null, "facility_count_500m": 0, "road_length_500m": null, "population_context_method_500m": "pond_emd_population_context", "agricultural_area_500m": 167234.71763475335, "agricultural_area_ha_500m": 16.723471763475334, "agricultural_ratio_500m": 21.327228721485188, "population_1000m": null, "youth_population_1000m": null, "elderly_population_1000m": null, "facility_count_1000m": 0, "road_length_1000m": null, "population_context_method_1000m": "pond_emd_population_context", "agricultural_area_1000m": 743663.67288797209, "agricultural_area_ha_1000m": 74.366367288797207, "agricultural_ratio_1000m": 23.709618235761429 }, "geometry": { "type": "Point", "coordinates": [ 128.397191992819899, 36.437786495159742 ] } },
{ "type": "Feature", "properties": { "id": "688", "address": "다인면 외정리 232", "region": "다인면", "capacity": 12.0, "emd_name": "다인면", "pond_id": "688", "facility_source": "VWorld UQ164·UO601", "road_source": "DATA_NOT_AVAILABLE", "emd_total_population": 3543.0, "emd_youth_population": 296.0, "emd_elderly_population": 1983.0, "emd_youth_ratio": 8.3545018346034432, "emd_elderly_ratio": 55.969517358171039, "emd_population_change": -53.0, "emd_year": 2025.0, "population_context_method": "pond_emd_population_context", "population_500m": null, "youth_population_500m": null, "elderly_population_500m": null, "facility_count_500m": 0, "road_length_500m": null, "population_context_method_500m": "pond_emd_population_context", "agricultural_area_500m": 279631.74456720776, "agricultural_area_ha_500m": 27.963174456720775, "agricultural_ratio_500m": 35.66107718851687, "population_1000m": null, "youth_population_1000m": null, "elderly_population_1000m": null, "facility_count_1000m": 0, "road_length_1000m": null, "population_context_method_1000m": "pond_emd_population_context", "agricultural_area_1000m": 1103280.4293365753, "agricultural_area_ha_1000m": 110.32804293365753, "agricultural_ratio_1000m": 35.174983988356985 }, "geometry": { "type": "Point", "coordinates": [ 128.38643298006923, 36.442948860083703 ] } },
{ "type": "Feature", "properties": { "id": "689", "address": "다인면 달제리 484", "region": "다인면", "capacity": 53.0, "emd_name": "다인면", "pond_id": "689", "facility_source": "VWorld UQ164·UO601", "road_source": "DATA_NOT_AVAILABLE", "emd_total_population": 3543.0, "emd_youth_population": 296.0, "emd_elderly_population": 1983.0, "emd_youth_ratio": 8.3545018346034432, "emd_elderly_ratio": 55.969517358171039, "emd_population_change": -53.0, "emd_year": 2025.0, "population_context_method": "pond_emd_population_context", "population_500m": null, "youth_population_500m": null, "elderly_population_500m": null, "facility_count_500m": 0, "road_length_500m": null, "population_context_method_500m": "pond_emd_population_context", "agricultural_area_500m": 271681.42540495115, "agricultural_area_ha_500m": 27.168142540495115, "agricultural_ratio_500m": 34.64718319819977, "population_1000m": null, "youth_population_1000m": null, "elderly_population_1000m": null, "facility_count_1000m": 0, "road_length_1000m": null, "population_context_method_1000m": "pond_emd_population_context", "agricultural_area_1000m": 594947.23103572242, "agricultural_area_ha_1000m": 59.494723103572241, "agricultural_ratio_1000m": 18.968214036192812 }, "geometry": { "type": "Point", "coordinates": [ 128.404039096525565, 36.44335601857231 ] } },
{ "type": "Feature", "properties": { "id": "690", "address": "다인면 외정리 295", "region": "다인면", "capacity": 9.0, "emd_name": "다인면", "pond_id": "690", "facility_source": "VWorld UQ164·UO601", "road_source": "DATA_NOT_AVAILABLE", "emd_total_population": 3543.0, "emd_youth_population": 296.0, "emd_elderly_population": 1983.0, "emd_youth_ratio": 8.3545018346034432, "emd_elderly_ratio": 55.969517358171039, "emd_population_change": -53.0, "emd_year": 2025.0, "population_context_method": "pond_emd_population_context", "population_500m": null, "youth_population_500m": null, "elderly_population_500m": null, "facility_count_500m": 0, "road_length_500m": null, "population_context_method_500m": "pond_emd_population_context", "agricultural_area_500m": 247678.04472625116, "agricultural_area_ha_500m": 24.767804472625116, "agricultural_ratio_500m": 31.586062893374212, "population_1000m": null, "youth_population_1000m": null, "elderly_population_1000m": null, "facility_count_1000m": 0, "road_length_1000m": null, "population_context_method_1000m": "pond_emd_population_context", "agricultural_area_1000m": 862789.79732114775, "agricultural_area_ha_1000m": 86.278979732114777, "agricultural_ratio_1000m": 27.507618642649518 }, "geometry": { "type": "Point", "coordinates": [ 128.391887077390322, 36.442975561675574 ] } },
{ "type": "Feature", "properties": { "id": "691", "address": "다인면 신락리 137", "region": "다인면", "capacity": 41.0, "emd_name": "다인면", "pond_id": "691", "facility_source": "VWorld UQ164·UO601", "road_source": "DATA_NOT_AVAILABLE", "emd_total_population": 3543.0, "emd_youth_population": 296.0, "emd_elderly_population": 1983.0, "emd_youth_ratio": 8.3545018346034432, "emd_elderly_ratio": 55.969517358171039, "emd_population_change": -53.0, "emd_year": 2025.0, "population_context_method": "pond_emd_population_context", "population_500m": null, "youth_population_500m": null, "elderly_population_500m": null, "facility_count_500m": 0, "road_length_500m": null, "population_context_method_500m": "pond_emd_population_context", "agricultural_area_500m": 622295.53543684771, "agricultural_area_ha_500m": 62.229553543684773, "agricultural_ratio_500m": 79.360550275253956, "population_1000m": null, "youth_population_1000m": null, "elderly_population_1000m": null, "facility_count_1000m": 0, "road_length_1000m": null, "population_context_method_1000m": "pond_emd_population_context", "agricultural_area_1000m": 2089473.122315414, "agricultural_area_ha_1000m": 208.94731223154139, "agricultural_ratio_1000m": 66.616955823046993 }, "geometry": { "type": "Point", "coordinates": [ 128.381447843589513, 36.424056790058728 ] } },
{ "type": "Feature", "properties": { "id": "692", "address": "다인면 신락리 63", "region": "다인면", "capacity": 3.2, "emd_name": "다인면", "pond_id": "692", "facility_source": "VWorld UQ164·UO601", "road_source": "DATA_NOT_AVAILABLE", "emd_total_population": 3543.0, "emd_youth_population": 296.0, "emd_elderly_population": 1983.0, "emd_youth_ratio": 8.3545018346034432, "emd_elderly_ratio": 55.969517358171039, "emd_population_change": -53.0, "emd_year": 2025.0, "population_context_method": "pond_emd_population_context", "population_500m": null, "youth_population_500m": null, "elderly_population_500m": null, "facility_count_500m": 0, "road_length_500m": null, "population_context_method_500m": "pond_emd_population_context", "agricultural_area_500m": 237598.02906135286, "agricultural_area_ha_500m": 23.759802906135285, "agricultural_ratio_500m": 30.300571443740164, "population_1000m": null, "youth_population_1000m": null, "elderly_population_1000m": null, "facility_count_1000m": 0, "road_length_1000m": null, "population_context_method_1000m": "pond_emd_population_context", "agricultural_area_1000m": 1890783.6925889046, "agricultural_area_ha_1000m": 189.07836925889046, "agricultural_ratio_1000m": 60.282303885562428 }, "geometry": { "type": "Point", "coordinates": [ 128.380935284045961, 36.41714236989187 ] } },
{ "type": "Feature", "properties": { "id": "693", "address": "안평면 삼춘리 147-1", "region": "안평면", "capacity": 223.0, "emd_name": "안평면", "pond_id": "693", "facility_source": "VWorld UQ164·UO601", "road_source": "DATA_NOT_AVAILABLE", "emd_total_population": 2053.0, "emd_youth_population": 108.0, "emd_elderly_population": 1225.0, "emd_youth_ratio": 5.2605942523136866, "emd_elderly_ratio": 59.668777398928398, "emd_population_change": 5.0, "emd_year": 2025.0, "population_context_method": "pond_emd_population_context", "population_500m": null, "youth_population_500m": null, "elderly_population_500m": null, "facility_count_500m": 0, "road_length_500m": null, "population_context_method_500m": "pond_emd_population_context", "agricultural_area_500m": 0.0, "agricultural_area_ha_500m": 0.0, "agricultural_ratio_500m": 0.0, "population_1000m": null, "youth_population_1000m": null, "elderly_population_1000m": null, "facility_count_1000m": 0, "road_length_1000m": null, "population_context_method_1000m": "pond_emd_population_context", "agricultural_area_1000m": 0.0, "agricultural_area_ha_1000m": 0.0, "agricultural_ratio_1000m": 0.0 }, "geometry": { "type": "Point", "coordinates": [ 128.582074023173931, 36.42502930774117 ] } },
{ "type": "Feature", "properties": { "id": "695", "address": "안사면 중하리 126", "region": "안사면", "capacity": 913.2, "emd_name": "안사면", "pond_id": "695", "facility_source": "VWorld UQ164·UO601", "road_source": "DATA_NOT_AVAILABLE", "emd_total_population": 833.0, "emd_youth_population": 62.0, "emd_elderly_population": 478.0, "emd_youth_ratio": 7.4429771908763502, "emd_elderly_ratio": 57.382953181272512, "emd_population_change": -21.0, "emd_year": 2025.0, "population_context_method": "pond_emd_population_context", "population_500m": null, "youth_population_500m": null, "elderly_population_500m": null, "facility_count_500m": 0, "road_length_500m": null, "population_context_method_500m": "pond_emd_population_context", "agricultural_area_500m": 0.0, "agricultural_area_ha_500m": 0.0, "agricultural_ratio_500m": 0.0, "population_1000m": null, "youth_population_1000m": null, "elderly_population_1000m": null, "facility_count_1000m": 0, "road_length_1000m": null, "population_context_method_1000m": "pond_emd_population_context", "agricultural_area_1000m": 46242.802130550896, "agricultural_area_ha_1000m": 4.6242802130550897, "agricultural_ratio_1000m": 1.4743212888286155 }, "geometry": { "type": "Point", "coordinates": [ 128.507778257636858, 36.401120252843867 ] } },
{ "type": "Feature", "properties": { "id": "696", "address": "비안면 현산리 250-1", "region": "비안면", "capacity": 372.87, "emd_name": "비안면", "pond_id": "696", "facility_source": "VWorld UQ164·UO601", "road_source": "DATA_NOT_AVAILABLE", "emd_total_population": 2465.0, "emd_youth_population": 177.0, "emd_elderly_population": 1366.0, "emd_youth_ratio": 7.1805273833671404, "emd_elderly_ratio": 55.415821501014193, "emd_population_change": -74.0, "emd_year": 2025.0, "population_context_method": "pond_emd_population_context", "population_500m": null, "youth_population_500m": null, "elderly_population_500m": null, "facility_count_500m": 0, "road_length_500m": null, "population_context_method_500m": "pond_emd_population_context", "agricultural_area_500m": 96674.430714308837, "agricultural_area_ha_500m": 9.667443071430883, "agricultural_ratio_500m": 12.328765967521633, "population_1000m": null, "youth_population_1000m": null, "elderly_population_1000m": null, "facility_count_1000m": 0, "road_length_1000m": null, "population_context_method_1000m": "pond_emd_population_context", "agricultural_area_1000m": 291779.42826377141, "agricultural_area_ha_1000m": 29.177942826377141, "agricultural_ratio_1000m": 9.3025639215604183 }, "geometry": { "type": "Point", "coordinates": [ 128.526126009058203, 36.345209921684798 ] } }
]
}
