{"type":"FeatureCollection","features":[{"type":"Feature","properties":{"id":"1","address":"의성읍 중리리 82유","region":"의성읍","capacity":12.4,"source":"의성군 주소 자료","management":"미기재","lat":36.35271742547342,"lng":128.6971725306506},"geometry":{"type":"Point","coordinates":[128.6971725306506,36.35271742547342]}},{"type":"Feature","properties":{"id":"2","address":"의성읍 중리리 237-1유","region":"의성읍","capacity":4.3,"source":"의성군 주소 자료","management":"미기재","lat":36.35271742547342,"lng":128.6971725306506},"geometry":{"type":"Point","coordinates":[128.6971725306506,36.35271742547342]}},{"type":"Feature","properties":{"id":"3","address":"의성읍 중리리 산 46-2 임","region":"의성읍","capacity":2.2,"source":"의성군 주소 자료","management":"미기재","lat":36.35271742547342,"lng":128.6971725306506},"geometry":{"type":"Point","coordinates":[128.6971725306506,36.35271742547342]}},{"type":"Feature","properties":{"id":"4","address":"의성읍 중리리 산60-5구","region":"의성읍","capacity":2.0,"source":"의성군 주소 자료","management":"미기재","lat":36.35271742547342,"lng":128.6971725306506},"geometry":{"type":"Point","coordinates":[128.6971725306506,36.35271742547342]}},{"type":"Feature","properties":{"id":"5","address":"의성읍 상리리 43유","region":"의성읍","capacity":9.3,"source":"의성군 주소 자료","management":"미기재","lat":36.35271742547342,"lng":128.6971725306506},"geometry":{"type":"Point","coordinates":[128.6971725306506,36.35271742547342]}},{"type":"Feature","properties":{"id":"6","address":"의성읍 상리리 50-3유","region":"의성읍","capacity":1.1,"source":"의성군 주소 자료","management":"미기재","lat":36.35271742547342,"lng":128.6971725306506},"geometry":{"type":"Point","coordinates":[128.6971725306506,36.35271742547342]}},{"type":"Feature","properties":{"id":"7","address":"의성읍 상리리 16-1유","region":"의성읍","capacity":15.6,"source":"의성군 주소 자료","management":"미기재","lat":36.35271742547342,"lng":128.6971725306506},"geometry":{"type":"Point","coordinates":[128.6971725306506,36.35271742547342]}},{"type":"Feature","properties":{"id":"8","address":"의성읍 상리리 296답","region":"의성읍","capacity":1.0,"source":"의성군 주소 자료","management":"미기재","lat":36.35271742547342,"lng":128.6971725306506},"geometry":{"type":"Point","coordinates":[128.6971725306506,36.35271742547342]}},{"type":"Feature","properties":{"id":"9","address":"의성읍 도동리 27유","region":"의성읍","capacity":13.5,"source":"의성군 주소 자료","management":"미기재","lat":36.35271742547342,"lng":128.6971725306506},"geometry":{"type":"Point","coordinates":[128.6971725306506,36.35271742547342]}},{"type":"Feature","properties":{"id":"10","address":"의성읍 오로리 716-1유","region":"의성읍","capacity":165.0,"source":"의성군 주소 자료","management":"미기재","lat":36.35271742547342,"lng":128.6971725306506},"geometry":{"type":"Point","coordinates":[128.6971725306506,36.35271742547342]}},{"type":"Feature","properties":{"id":"11","address":"의성읍 오로리 895유","region":"의성읍","capacity":15.0,"source":"의성군 주소 자료","management":"미기재","lat":36.35271742547342,"lng":128.6971725306506},"geometry":{"type":"Point","coordinates":[128.6971725306506,36.35271742547342]}},{"type":"Feature","properties":{"id":"12","address":"의성읍 비봉리 570-1유","region":"의성읍","capacity":40.0,"source":"의성군 주소 자료","management":"미기재","lat":36.35271742547342,"lng":128.6971725306506},"geometry":{"type":"Point","coordinates":[128.6971725306506,36.35271742547342]}},{"type":"Feature","properties":{"id":"13","address":"의성읍 비봉리 1009유","region":"의성읍","capacity":19.0,"source":"의성군 주소 자료","management":"미기재","lat":36.35271742547342,"lng":128.6971725306506},"geometry":{"type":"Point","coordinates":[128.6971725306506,36.35271742547342]}},{"type":"Feature","properties":{"id":"14","address":"의성읍 비봉리 105-1유","region":"의성읍","capacity":9.9,"source":"의성군 주소 자료","management":"미기재","lat":36.35271742547342,"lng":128.6971725306506},"geometry":{"type":"Point","coordinates":[128.6971725306506,36.35271742547342]}},{"type":"Feature","properties":{"id":"15","address":"의성읍 비봉리 360유","region":"의성읍","capacity":7.0,"source":"의성군 주소 자료","management":"미기재","lat":36.35271742547342,"lng":128.6971725306506},"geometry":{"type":"Point","coordinates":[128.6971725306506,36.35271742547342]}},{"type":"Feature","properties":{"id":"16","address":"의성읍 비봉리 697유","region":"의성읍","capacity":0.44,"source":"의성군 주소 자료","management":"미기재","lat":36.35271742547342,"lng":128.6971725306506},"geometry":{"type":"Point","coordinates":[128.6971725306506,36.35271742547342]}},{"type":"Feature","properties":{"id":"17","address":"의성읍 비봉리 535유","region":"의성읍","capacity":0.56,"source":"의성군 주소 자료","management":"미기재","lat":36.35271742547342,"lng":128.6971725306506},"geometry":{"type":"Point","coordinates":[128.6971725306506,36.35271742547342]}},{"type":"Feature","properties":{"id":"18","address":"의성읍 비봉리 894-3유","region":"의성읍","capacity":0.4,"source":"의성군 주소 자료","management":"미기재","lat":36.35271742547342,"lng":128.6971725306506},"geometry":{"type":"Point","coordinates":[128.6971725306506,36.35271742547342]}},{"type":"Feature","properties":{"id":"19","address":"의성읍 팔성리 449","region":"의성읍","capacity":2.0,"source":"의성군 주소 자료","management":"미기재","lat":36.35271742547342,"lng":128.6971725306506},"geometry":{"type":"Point","coordinates":[128.6971725306506,36.35271742547342]}},{"type":"Feature","properties":{"id":"20","address":"의성읍 팔성리 560유","region":"의성읍","capacity":20.3,"source":"의성군 주소 자료","management":"미기재","lat":36.35271742547342,"lng":128.6971725306506},"geometry":{"type":"Point","coordinates":[128.6971725306506,36.35271742547342]}},{"type":"Feature","properties":{"id":"21","address":"의성읍 팔성리 321유","region":"의성읍","capacity":42.0,"source":"의성군 주소 자료","management":"미기재","lat":36.35271742547342,"lng":128.6971725306506},"geometry":{"type":"Point","coordinates":[128.6971725306506,36.35271742547342]}},{"type":"Feature","properties":{"id":"22","address":"의성읍 팔성리 395유","region":"의성읍","capacity":5.8,"source":"의성군 주소 자료","management":"미기재","lat":36.35271742547342,"lng":128.6971725306506},"geometry":{"type":"Point","coordinates":[128.6971725306506,36.35271742547342]}},{"type":"Feature","properties":{"id":"23","address":"의성읍 오로리 847-4","region":"의성읍","capacity":2.0,"source":"의성군 주소 자료","management":"미기재","lat":36.35271742547342,"lng":128.6971725306506},"geometry":{"type":"Point","coordinates":[128.6971725306506,36.35271742547342]}},{"type":"Feature","properties":{"id":"24","address":"의성읍 팔성리 730","region":"의성읍","capacity":11.4,"source":"의성군 주소 자료","management":"미기재","lat":36.35271742547342,"lng":128.6971725306506},"geometry":{"type":"Point","coordinates":[128.6971725306506,36.35271742547342]}},{"type":"Feature","properties":{"id":"25","address":"의성읍 팔성리 846답","region":"의성읍","capacity":0.4,"source":"의성군 주소 자료","management":"미기재","lat":36.35271742547342,"lng":128.6971725306506},"geometry":{"type":"Point","coordinates":[128.6971725306506,36.35271742547342]}},{"type":"Feature","properties":{"id":"26","address":"의성읍 용연리 512유","region":"의성읍","capacity":93.4,"source":"의성군 주소 자료","management":"미기재","lat":36.35271742547342,"lng":128.6971725306506},"geometry":{"type":"Point","coordinates":[128.6971725306506,36.35271742547342]}},{"type":"Feature","properties":{"id":"27","address":"의성읍 용연리 151유","region":"의성읍","capacity":17.6,"source":"의성군 주소 자료","management":"미기재","lat":36.35271742547342,"lng":128.6971725306506},"geometry":{"type":"Point","coordinates":[128.6971725306506,36.35271742547342]}},{"type":"Feature","properties":{"id":"28","address":"의성읍 용연리 296답","region":"의성읍","capacity":2.2,"source":"의성군 주소 자료","management":"미기재","lat":36.35271742547342,"lng":128.6971725306506},"geometry":{"type":"Point","coordinates":[128.6971725306506,36.35271742547342]}},{"type":"Feature","properties":{"id":"29","address":"의성읍 상리리 210","region":"의성읍","capacity":3.6,"source":"의성군 주소 자료","management":"미기재","lat":36.35271742547342,"lng":128.6971725306506},"geometry":{"type":"Point","coordinates":[128.6971725306506,36.35271742547342]}},{"type":"Feature","properties":{"id":"30","address":"의성읍 철파리 502유","region":"의성읍","capacity":18.5,"source":"의성군 주소 자료","management":"미기재","lat":36.35271742547342,"lng":128.6971725306506},"geometry":{"type":"Point","coordinates":[128.6971725306506,36.35271742547342]}},{"type":"Feature","properties":{"id":"31","address":"의성읍 철파리 36유","region":"의성읍","capacity":7.0,"source":"의성군 주소 자료","management":"미기재","lat":36.35271742547342,"lng":128.6971725306506},"geometry":{"type":"Point","coordinates":[128.6971725306506,36.35271742547342]}},{"type":"Feature","properties":{"id":"32","address":"의성읍 업리 202유","region":"의성읍","capacity":4.0,"source":"의성군 주소 자료","management":"미기재","lat":36.35271742547342,"lng":128.6971725306506},"geometry":{"type":"Point","coordinates":[128.6971725306506,36.35271742547342]}},{"type":"Feature","properties":{"id":"33","address":"의성읍 업리 470유","region":"의성읍","capacity":19.0,"source":"의성군 주소 자료","management":"미기재","lat":36.35271742547342,"lng":128.6971725306506},"geometry":{"type":"Point","coordinates":[128.6971725306506,36.35271742547342]}},{"type":"Feature","properties":{"id":"34","address":"의성읍 업리 850유","region":"의성읍","capacity":3.0,"source":"의성군 주소 자료","management":"미기재","lat":36.35271742547342,"lng":128.6971725306506},"geometry":{"type":"Point","coordinates":[128.6971725306506,36.35271742547342]}},{"type":"Feature","properties":{"id":"35","address":"의성읍 업리 244유","region":"의성읍","capacity":6.0,"source":"의성군 주소 자료","management":"미기재","lat":36.35271742547342,"lng":128.6971725306506},"geometry":{"type":"Point","coordinates":[128.6971725306506,36.35271742547342]}},{"type":"Feature","properties":{"id":"36","address":"의성읍 업리 306답","region":"의성읍","capacity":9.2,"source":"의성군 주소 자료","management":"미기재","lat":36.35271742547342,"lng":128.6971725306506},"geometry":{"type":"Point","coordinates":[128.6971725306506,36.35271742547342]}},{"type":"Feature","properties":{"id":"37","address":"의성읍 업리 922-1유","region":"의성읍","capacity":0.5,"source":"의성군 주소 자료","management":"미기재","lat":36.35271742547342,"lng":128.6971725306506},"geometry":{"type":"Point","coordinates":[128.6971725306506,36.35271742547342]}},{"type":"Feature","properties":{"id":"38","address":"의성읍 업리 871유","region":"의성읍","capacity":1.5,"source":"의성군 주소 자료","management":"미기재","lat":36.35271742547342,"lng":128.6971725306506},"geometry":{"type":"Point","coordinates":[128.6971725306506,36.35271742547342]}},{"type":"Feature","properties":{"id":"39","address":"의성읍 업리 148유","region":"의성읍","capacity":11.7,"source":"의성군 주소 자료","management":"미기재","lat":36.35271742547342,"lng":128.6971725306506},"geometry":{"type":"Point","coordinates":[128.6971725306506,36.35271742547342]}},{"type":"Feature","properties":{"id":"40","address":"의성읍 업리 1141유","region":"의성읍","capacity":19.3,"source":"의성군 주소 자료","management":"미기재","lat":36.35271742547342,"lng":128.6971725306506},"geometry":{"type":"Point","coordinates":[128.6971725306506,36.35271742547342]}},{"type":"Feature","properties":{"id":"41","address":"의성읍 업리 393","region":"의성읍","capacity":2.9,"source":"의성군 주소 자료","management":"미기재","lat":36.35271742547342,"lng":128.6971725306506},"geometry":{"type":"Point","coordinates":[128.6971725306506,36.35271742547342]}},{"type":"Feature","properties":{"id":"42","address":"단촌면 세촌리 1319유","region":"단촌면","capacity":4.6,"source":"의성군 주소 자료","management":"미기재","lat":36.424815287909965,"lng":128.6498707339286},"geometry":{"type":"Point","coordinates":[128.6498707339286,36.424815287909965]}},{"type":"Feature","properties":{"id":"43","address":"단촌면 하화리 117유","region":"단촌면","capacity":52.5,"source":"의성군 주소 자료","management":"미기재","lat":36.408033712484034,"lng":128.70345717918033},"geometry":{"type":"Point","coordinates":[128.70345717918033,36.408033712484034]}},{"type":"Feature","properties":{"id":"44","address":"단촌면 하화리 209유","region":"단촌면","capacity":10.6,"source":"의성군 주소 자료","management":"미기재","lat":36.411128069852204,"lng":128.69749386270163},"geometry":{"type":"Point","coordinates":[128.69749386270163,36.411128069852204]}},{"type":"Feature","properties":{"id":"45","address":"단촌면 하화리 223유","region":"단촌면","capacity":0.9,"source":"의성군 주소 자료","management":"미기재","lat":36.414314447508175,"lng":128.6964594940982},"geometry":{"type":"Point","coordinates":[128.6964594940982,36.414314447508175]}},{"type":"Feature","properties":{"id":"46","address":"단촌면 하화리 1213임","region":"단촌면","capacity":0.8,"source":"의성군 주소 자료","management":"미기재","lat":36.41111945754997,"lng":128.66221154013158},"geometry":{"type":"Point","coordinates":[128.66221154013158,36.41111945754997]}},{"type":"Feature","properties":{"id":"47","address":"단촌면 상화리 32유","region":"단촌면","capacity":47.0,"source":"의성군 주소 자료","management":"미기재","lat":36.39262763592526,"lng":128.72219011284776},"geometry":{"type":"Point","coordinates":[128.72219011284776,36.39262763592526]}},{"type":"Feature","properties":{"id":"48","address":"단촌면 상화리 산56임","region":"단촌면","capacity":4.3,"source":"의성군 주소 자료","management":"미기재","lat":36.398310755511325,"lng":128.7211116770228},"geometry":{"type":"Point","coordinates":[128.7211116770228,36.398310755511325]}},{"type":"Feature","properties":{"id":"49","address":"단촌면 상화리 569-1유","region":"단촌면","capacity":16.5,"source":"의성군 주소 자료","management":"미기재","lat":36.4040611325798,"lng":128.71535304381334},"geometry":{"type":"Point","coordinates":[128.71535304381334,36.4040611325798]}},{"type":"Feature","properties":{"id":"50","address":"단촌면 상화리 632답","region":"단촌면","capacity":4.4,"source":"의성군 주소 자료","management":"미기재","lat":36.40661095751099,"lng":128.71222104589756},"geometry":{"type":"Point","coordinates":[128.71222104589756,36.40661095751099]}},{"type":"Feature","properties":{"id":"51","address":"단촌면 관덕리 624 유","region":"단촌면","capacity":9.1,"source":"의성군 주소 자료","management":"미기재","lat":36.42107161663339,"lng":128.7034741383555},"geometry":{"type":"Point","coordinates":[128.7034741383555,36.42107161663339]}},{"type":"Feature","properties":{"id":"52","address":"단촌면 병방리 산55임","region":"단촌면","capacity":5.5,"source":"의성군 주소 자료","management":"미기재","lat":36.40881463140819,"lng":128.7356004365056},"geometry":{"type":"Point","coordinates":[128.7356004365056,36.40881463140819]}},{"type":"Feature","properties":{"id":"53","address":"단촌면 병방리 641유","region":"단촌면","capacity":21.2,"source":"의성군 주소 자료","management":"미기재","lat":36.4113419488977,"lng":128.73281400034753},"geometry":{"type":"Point","coordinates":[128.73281400034753,36.4113419488977]}},{"type":"Feature","properties":{"id":"54","address":"단촌면 병방리 705유","region":"단촌면","capacity":21.9,"source":"의성군 주소 자료","management":"미기재","lat":36.41907954823223,"lng":128.71360940753203},"geometry":{"type":"Point","coordinates":[128.71360940753203,36.41907954823223]}},{"type":"Feature","properties":{"id":"55","address":"단촌면 병방리 889유","region":"단촌면","capacity":0.8,"source":"의성군 주소 자료","management":"미기재","lat":36.42961289487684,"lng":128.71485540137914},"geometry":{"type":"Point","coordinates":[128.71485540137914,36.42961289487684]}},{"type":"Feature","properties":{"id":"56","address":"단촌면 병방리 375유","region":"단촌면","capacity":0.8,"source":"의성군 주소 자료","management":"미기재","lat":36.42607243622259,"lng":128.72107715097428},"geometry":{"type":"Point","coordinates":[128.72107715097428,36.42607243622259]}},{"type":"Feature","properties":{"id":"57","address":"단촌면 구계리 산124임","region":"단촌면","capacity":4.7,"source":"의성군 주소 자료","management":"미기재","lat":36.47667844110316,"lng":128.76465784859684},"geometry":{"type":"Point","coordinates":[128.76465784859684,36.47667844110316]}},{"type":"Feature","properties":{"id":"58","address":"단촌면 구계리 산220 임","region":"단촌면","capacity":2.0,"source":"의성군 주소 자료","management":"미기재","lat":36.45812056789035,"lng":128.74788550139763},"geometry":{"type":"Point","coordinates":[128.74788550139763,36.45812056789035]}},{"type":"Feature","properties":{"id":"59","address":"단촌면 구계리 291유","region":"단촌면","capacity":9.5,"source":"의성군 주소 자료","management":"미기재","lat":36.4666165801663,"lng":128.73371903772926},"geometry":{"type":"Point","coordinates":[128.73371903772926,36.4666165801663]}},{"type":"Feature","properties":{"id":"60","address":"단촌면 구계리 937유","region":"단촌면","capacity":8.1,"source":"의성군 주소 자료","management":"미기재","lat":36.47317210515399,"lng":128.7152783643003},"geometry":{"type":"Point","coordinates":[128.7152783643003,36.47317210515399]}},{"type":"Feature","properties":{"id":"61","address":"단촌면 구계리 733유","region":"단촌면","capacity":3.5,"source":"의성군 주소 자료","management":"미기재","lat":36.450260401147325,"lng":128.72017223502422},"geometry":{"type":"Point","coordinates":[128.72017223502422,36.450260401147325]}},{"type":"Feature","properties":{"id":"62","address":"단촌면 구계리 905유","region":"단촌면","capacity":0.3,"source":"의성군 주소 자료","management":"미기재","lat":36.47181780626755,"lng":128.72173030820304},"geometry":{"type":"Point","coordinates":[128.72173030820304,36.47181780626755]}},{"type":"Feature","properties":{"id":"63","address":"단촌면 방하리 1225유","region":"단촌면","capacity":22.3,"source":"의성군 주소 자료","management":"미기재","lat":36.39919974973746,"lng":128.65498049458589},"geometry":{"type":"Point","coordinates":[128.65498049458589,36.39919974973746]}},{"type":"Feature","properties":{"id":"64","address":"단촌면 방하리 730 유","region":"단촌면","capacity":10.2,"source":"의성군 주소 자료","management":"미기재","lat":36.38470986699165,"lng":128.66089186477262},"geometry":{"type":"Point","coordinates":[128.66089186477262,36.38470986699165]}},{"type":"Feature","properties":{"id":"65","address":"단촌면 방하리 896유","region":"단촌면","capacity":2.4,"source":"의성군 주소 자료","management":"미기재","lat":36.38518775543463,"lng":128.6530678411308},"geometry":{"type":"Point","coordinates":[128.6530678411308,36.38518775543463]}},{"type":"Feature","properties":{"id":"66","address":"단촌면 방하리 1249-1","region":"단촌면","capacity":3.3,"source":"의성군 주소 자료","management":"미기재","lat":36.40354068758605,"lng":128.65253106592417},"geometry":{"type":"Point","coordinates":[128.65253106592417,36.40354068758605]}},{"type":"Feature","properties":{"id":"67","address":"단촌면 방하리 298유","region":"단촌면","capacity":27.1,"source":"의성군 주소 자료","management":"미기재","lat":36.39930761289833,"lng":128.66084554559754},"geometry":{"type":"Point","coordinates":[128.66084554559754,36.39930761289833]}},{"type":"Feature","properties":{"id":"68","address":"단촌면 방하리 1273답","region":"단촌면","capacity":0.3,"source":"의성군 주소 자료","management":"미기재","lat":36.395962424597485,"lng":128.64340977358157},"geometry":{"type":"Point","coordinates":[128.64340977358157,36.395962424597485]}},{"type":"Feature","properties":{"id":"69","address":"단촌면 방하리 828-2유","region":"단촌면","capacity":1.9,"source":"의성군 주소 자료","management":"미기재","lat":36.38119249981973,"lng":128.66242176045748},"geometry":{"type":"Point","coordinates":[128.66242176045748,36.38119249981973]}},{"type":"Feature","properties":{"id":"70","address":"단촌면 방하리 110임","region":"단촌면","capacity":2.8,"source":"의성군 주소 자료","management":"미기재","lat":36.40392506245426,"lng":128.67089764283142},"geometry":{"type":"Point","coordinates":[128.67089764283142,36.40392506245426]}},{"type":"Feature","properties":{"id":"71","address":"단촌면 방하리 1337 유","region":"단촌면","capacity":2.0,"source":"의성군 주소 자료","management":"미기재","lat":36.38885468921363,"lng":128.6478740834622},"geometry":{"type":"Point","coordinates":[128.6478740834622,36.38885468921363]}},{"type":"Feature","properties":{"id":"72","address":"단촌면 장림리 169유","region":"단촌면","capacity":17.0,"source":"의성군 주소 자료","management":"미기재","lat":36.400106579047154,"lng":128.6428059067476},"geometry":{"type":"Point","coordinates":[128.6428059067476,36.400106579047154]}},{"type":"Feature","properties":{"id":"73","address":"단촌면 장림리 산10임","region":"단촌면","capacity":9.3,"source":"의성군 주소 자료","management":"미기재","lat":36.40863894167308,"lng":128.65069933052484},"geometry":{"type":"Point","coordinates":[128.65069933052484,36.40863894167308]}},{"type":"Feature","properties":{"id":"74","address":"단촌면 장림리 616유","region":"단촌면","capacity":13.8,"source":"의성군 주소 자료","management":"미기재","lat":36.41865457339306,"lng":128.63724277225126},"geometry":{"type":"Point","coordinates":[128.63724277225126,36.41865457339306]}},{"type":"Feature","properties":{"id":"75","address":"단촌면 장림리 103유","region":"단촌면","capacity":7.0,"source":"의성군 주소 자료","management":"미기재","lat":36.409064278127886,"lng":128.64599299204232},"geometry":{"type":"Point","coordinates":[128.64599299204232,36.409064278127886]}},{"type":"Feature","properties":{"id":"76","address":"단촌면 장림리 821유","region":"단촌면","capacity":2.0,"source":"의성군 주소 자료","management":"미기재","lat":36.40538140067926,"lng":128.6313575861617},"geometry":{"type":"Point","coordinates":[128.6313575861617,36.40538140067926]}},{"type":"Feature","properties":{"id":"77","address":"단촌면 장림리 1010-1유","region":"단촌면","capacity":14.8,"source":"의성군 주소 자료","management":"미기재","lat":36.41560302437504,"lng":128.6145030751025},"geometry":{"type":"Point","coordinates":[128.6145030751025,36.41560302437504]}},{"type":"Feature","properties":{"id":"78","address":"단촌면 장림리 982유","region":"단촌면","capacity":1.5,"source":"의성군 주소 자료","management":"미기재","lat":36.41596400423503,"lng":128.61646150973306},"geometry":{"type":"Point","coordinates":[128.61646150973306,36.41596400423503]}},{"type":"Feature","properties":{"id":"79","address":"점곡면 황룡리 107유","region":"점곡면","capacity":23.3,"source":"의성군 주소 자료","management":"미기재","lat":36.34348934576621,"lng":128.75960054995855},"geometry":{"type":"Point","coordinates":[128.75960054995855,36.34348934576621]}},{"type":"Feature","properties":{"id":"80","address":"점곡면 황룡리 412유","region":"점곡면","capacity":7.4,"source":"의성군 주소 자료","management":"미기재","lat":36.355455036863894,"lng":128.75532474075408},"geometry":{"type":"Point","coordinates":[128.75532474075408,36.355455036863894]}},{"type":"Feature","properties":{"id":"81","address":"점곡면 황룡리 493답","region":"점곡면","capacity":6.6,"source":"의성군 주소 자료","management":"미기재","lat":36.36308940237216,"lng":128.75023771179744},"geometry":{"type":"Point","coordinates":[128.75023771179744,36.36308940237216]}},{"type":"Feature","properties":{"id":"82","address":"점곡면 황룡리 384유","region":"점곡면","capacity":14.27,"source":"의성군 주소 자료","management":"미기재","lat":36.358141751235166,"lng":128.75644332084175},"geometry":{"type":"Point","coordinates":[128.75644332084175,36.358141751235166]}},{"type":"Feature","properties":{"id":"83","address":"점곡면 황룡리 371유","region":"점곡면","capacity":1.1,"source":"의성군 주소 자료","management":"미기재","lat":36.35266206959333,"lng":128.7559192824583},"geometry":{"type":"Point","coordinates":[128.7559192824583,36.35266206959333]}},{"type":"Feature","properties":{"id":"84","address":"점곡면 황룡리 산32임","region":"점곡면","capacity":356.0,"source":"의성군 주소 자료","management":"미기재","lat":36.350172725856936,"lng":128.75608619040975},"geometry":{"type":"Point","coordinates":[128.75608619040975,36.350172725856936]}},{"type":"Feature","properties":{"id":"85","address":"점곡면 구암리 271유","region":"점곡면","capacity":4.0,"source":"의성군 주소 자료","management":"미기재","lat":36.37366885127632,"lng":128.75630186514934},"geometry":{"type":"Point","coordinates":[128.75630186514934,36.37366885127632]}},{"type":"Feature","properties":{"id":"86","address":"점곡면 구암리 78유","region":"점곡면","capacity":19.6,"source":"의성군 주소 자료","management":"미기재","lat":36.36836501681758,"lng":128.76951890910536},"geometry":{"type":"Point","coordinates":[128.76951890910536,36.36836501681758]}},{"type":"Feature","properties":{"id":"87","address":"점곡면 구암리 658-1","region":"점곡면","capacity":11.2,"source":"의성군 주소 자료","management":"미기재","lat":36.35472084708,"lng":128.77271913613114},"geometry":{"type":"Point","coordinates":[128.77271913613114,36.35472084708]}},{"type":"Feature","properties":{"id":"88","address":"점곡면 구암리 664유","region":"점곡면","capacity":18.4,"source":"의성군 주소 자료","management":"미기재","lat":36.3534882513399,"lng":128.76833577665212},"geometry":{"type":"Point","coordinates":[128.76833577665212,36.3534882513399]}},{"type":"Feature","properties":{"id":"89","address":"점곡면 구암리 120유","region":"점곡면","capacity":52.0,"source":"의성군 주소 자료","management":"미기재","lat":36.36750763903873,"lng":128.77629563839315},"geometry":{"type":"Point","coordinates":[128.77629563839315,36.36750763903873]}},{"type":"Feature","properties":{"id":"90","address":"점곡면 명고리 767유","region":"점곡면","capacity":32.0,"source":"의성군 주소 자료","management":"미기재","lat":36.376310690561866,"lng":128.74695695506324},"geometry":{"type":"Point","coordinates":[128.74695695506324,36.376310690561866]}},{"type":"Feature","properties":{"id":"91","address":"점곡면 명고리 757유","region":"점곡면","capacity":8.0,"source":"의성군 주소 자료","management":"미기재","lat":36.37963480818293,"lng":128.7439223588016},"geometry":{"type":"Point","coordinates":[128.7439223588016,36.37963480818293]}},{"type":"Feature","properties":{"id":"92","address":"점곡면 명고리 362유","region":"점곡면","capacity":78.4,"source":"의성군 주소 자료","management":"미기재","lat":36.395318316607494,"lng":128.74972244324545},"geometry":{"type":"Point","coordinates":[128.74972244324545,36.395318316607494]}},{"type":"Feature","properties":{"id":"93","address":"점곡면 명고리 363유","region":"점곡면","capacity":96.9,"source":"의성군 주소 자료","management":"미기재","lat":36.395980580113566,"lng":128.74695095016102},"geometry":{"type":"Point","coordinates":[128.74695095016102,36.395980580113566]}},{"type":"Feature","properties":{"id":"94","address":"점곡면 동변리 702유","region":"점곡면","capacity":6.5,"source":"의성군 주소 자료","management":"미기재","lat":36.42571223001506,"lng":128.7933517249589},"geometry":{"type":"Point","coordinates":[128.7933517249589,36.42571223001506]}},{"type":"Feature","properties":{"id":"95","address":"점곡면 동변리 118-1유","region":"점곡면","capacity":3.4,"source":"의성군 주소 자료","management":"미기재","lat":36.45648844553747,"lng":128.7911484743316},"geometry":{"type":"Point","coordinates":[128.7911484743316,36.45648844553747]}},{"type":"Feature","properties":{"id":"96","address":"점곡면 동변리 299유","region":"점곡면","capacity":5.0,"source":"의성군 주소 자료","management":"미기재","lat":36.440552490616184,"lng":128.80589279376832},"geometry":{"type":"Point","coordinates":[128.80589279376832,36.440552490616184]}},{"type":"Feature","properties":{"id":"97","address":"점곡면 사촌리 32답","region":"점곡면","capacity":4.0,"source":"의성군 주소 자료","management":"미기재","lat":36.45931791822707,"lng":128.76632820873385},"geometry":{"type":"Point","coordinates":[128.76632820873385,36.45931791822707]}},{"type":"Feature","properties":{"id":"98","address":"점곡면 송내리 456유","region":"점곡면","capacity":6.1,"source":"의성군 주소 자료","management":"미기재","lat":36.43591994072105,"lng":128.73484295088898},"geometry":{"type":"Point","coordinates":[128.73484295088898,36.43591994072105]}},{"type":"Feature","properties":{"id":"99","address":"점곡면 윤암리 808","region":"점곡면","capacity":0.6,"source":"의성군 주소 자료","management":"미기재","lat":36.391288200569605,"lng":128.7797894974921},"geometry":{"type":"Point","coordinates":[128.7797894974921,36.391288200569605]}},{"type":"Feature","properties":{"id":"100","address":"점곡면 윤암리 916유","region":"점곡면","capacity":5.8,"source":"의성군 주소 자료","management":"미기재","lat":36.38121365040768,"lng":128.76648911589214},"geometry":{"type":"Point","coordinates":[128.76648911589214,36.38121365040768]}},{"type":"Feature","properties":{"id":"101","address":"점곡면 윤암리 289유","region":"점곡면","capacity":4.4,"source":"의성군 주소 자료","management":"미기재","lat":36.41403656970412,"lng":128.77695253629278},"geometry":{"type":"Point","coordinates":[128.77695253629278,36.41403656970412]}},{"type":"Feature","properties":{"id":"102","address":"점곡면 윤암리 678유","region":"점곡면","capacity":17.4,"source":"의성군 주소 자료","management":"미기재","lat":36.39439253668493,"lng":128.78188861973794},"geometry":{"type":"Point","coordinates":[128.78188861973794,36.39439253668493]}},{"type":"Feature","properties":{"id":"103","address":"점곡면 윤암리 1022유","region":"점곡면","capacity":21.3,"source":"의성군 주소 자료","management":"미기재","lat":36.38287931809722,"lng":128.77751415560166},"geometry":{"type":"Point","coordinates":[128.77751415560166,36.38287931809722]}},{"type":"Feature","properties":{"id":"188","address":"춘산면 옥정리 895유","region":"춘산면","capacity":26.7,"source":"의성군 주소 자료","management":"미기재","lat":36.2230111324301,"lng":128.81380407728702},"geometry":{"type":"Point","coordinates":[128.81380407728702,36.2230111324301]}},{"type":"Feature","properties":{"id":"189","address":"춘산면 옥정리 1186","region":"춘산면","capacity":6.6,"source":"의성군 주소 자료","management":"미기재","lat":36.214613732675446,"lng":128.81079714347314},"geometry":{"type":"Point","coordinates":[128.81079714347314,36.214613732675446]}},{"type":"Feature","properties":{"id":"190","address":"춘산면 옥정리 480유","region":"춘산면","capacity":13.2,"source":"의성군 주소 자료","management":"미기재","lat":36.23144655659063,"lng":128.80893835746588},"geometry":{"type":"Point","coordinates":[128.80893835746588,36.23144655659063]}},{"type":"Feature","properties":{"id":"191","address":"춘산면 옥정리 875유","region":"춘산면","capacity":12.3,"source":"의성군 주소 자료","management":"미기재","lat":36.22316048846964,"lng":128.80929256049933},"geometry":{"type":"Point","coordinates":[128.80929256049933,36.22316048846964]}},{"type":"Feature","properties":{"id":"192","address":"춘산면 옥정리 253유","region":"춘산면","capacity":3.8,"source":"의성군 주소 자료","management":"미기재","lat":36.24061846908746,"lng":128.80899382004142},"geometry":{"type":"Point","coordinates":[128.80899382004142,36.24061846908746]}},{"type":"Feature","properties":{"id":"193","address":"춘산면 옥정리 568","region":"춘산면","capacity":2.0,"source":"의성군 주소 자료","management":"미기재","lat":36.230483581631596,"lng":128.81422121111936},"geometry":{"type":"Point","coordinates":[128.81422121111936,36.230483581631596]}},{"type":"Feature","properties":{"id":"194","address":"춘산면 금오리 37유","region":"춘산면","capacity":10.8,"source":"의성군 주소 자료","management":"미기재","lat":36.207160135332316,"lng":128.89135519035435},"geometry":{"type":"Point","coordinates":[128.89135519035435,36.207160135332316]}},{"type":"Feature","properties":{"id":"195","address":"춘산면 금오리 산61임","region":"춘산면","capacity":8.0,"source":"의성군 주소 자료","management":"미기재","lat":36.21014522293913,"lng":128.87687271461047},"geometry":{"type":"Point","coordinates":[128.87687271461047,36.21014522293913]}},{"type":"Feature","properties":{"id":"196","address":"춘산면 금오리 382-1유","region":"춘산면","capacity":6.4,"source":"의성군 주소 자료","management":"미기재","lat":36.21758492564037,"lng":128.87245788056936},"geometry":{"type":"Point","coordinates":[128.87245788056936,36.21758492564037]}},{"type":"Feature","properties":{"id":"197","address":"춘산면 신흥리 782답","region":"춘산면","capacity":5.4,"source":"의성군 주소 자료","management":"미기재","lat":36.23321391001522,"lng":128.8437019168094},"geometry":{"type":"Point","coordinates":[128.8437019168094,36.23321391001522]}},{"type":"Feature","properties":{"id":"198","address":"춘산면 신흥리 535 유","region":"춘산면","capacity":11.3,"source":"의성군 주소 자료","management":"미기재","lat":36.225591321180595,"lng":128.84075398874518},"geometry":{"type":"Point","coordinates":[128.84075398874518,36.225591321180595]}},{"type":"Feature","properties":{"id":"199","address":"춘산면 신흥리 480답","region":"춘산면","capacity":5.0,"source":"의성군 주소 자료","management":"미기재","lat":36.23248875417486,"lng":128.84748857684576},"geometry":{"type":"Point","coordinates":[128.84748857684576,36.23248875417486]}},{"type":"Feature","properties":{"id":"200","address":"춘산면 신흥리 126유","region":"춘산면","capacity":33.0,"source":"의성군 주소 자료","management":"미기재","lat":36.249537707429965,"lng":128.8688921923402},"geometry":{"type":"Point","coordinates":[128.8688921923402,36.249537707429965]}},{"type":"Feature","properties":{"id":"201","address":"춘산면 신흥리 144","region":"춘산면","capacity":3.0,"source":"의성군 주소 자료","management":"미기재","lat":36.24808869490542,"lng":128.87339630798581},"geometry":{"type":"Point","coordinates":[128.87339630798581,36.24808869490542]}},{"type":"Feature","properties":{"id":"202","address":"춘산면 대사리 516유","region":"춘산면","capacity":8.4,"source":"의성군 주소 자료","management":"미기재","lat":36.25788501049746,"lng":128.82190781897356},"geometry":{"type":"Point","coordinates":[128.82190781897356,36.25788501049746]}},{"type":"Feature","properties":{"id":"203","address":"춘산면 대사리 186유","region":"춘산면","capacity":3.8,"source":"의성군 주소 자료","management":"미기재","lat":36.24580820693607,"lng":128.83388603203952},"geometry":{"type":"Point","coordinates":[128.83388603203952,36.24580820693607]}},{"type":"Feature","properties":{"id":"204","address":"춘산면 대사리 147 유","region":"춘산면","capacity":3.7,"source":"의성군 주소 자료","management":"미기재","lat":36.25785030162476,"lng":128.8330325034658},"geometry":{"type":"Point","coordinates":[128.8330325034658,36.25785030162476]}},{"type":"Feature","properties":{"id":"213","address":"춘산면 빙계리 142유","region":"춘산면","capacity":58.3,"source":"의성군 주소 자료","management":"미기재","lat":36.246183281428706,"lng":128.7785757672171},"geometry":{"type":"Point","coordinates":[128.7785757672171,36.246183281428706]}},{"type":"Feature","properties":{"id":"214","address":"춘산면 빙계리 109유","region":"춘산면","capacity":28.3,"source":"의성군 주소 자료","management":"미기재","lat":36.24863667114185,"lng":128.77537191569488},"geometry":{"type":"Point","coordinates":[128.77537191569488,36.24863667114185]}},{"type":"Feature","properties":{"id":"215","address":"춘산면 사미리 645-1답","region":"춘산면","capacity":17.3,"source":"의성군 주소 자료","management":"미기재","lat":36.25769695850701,"lng":128.75489432475038},"geometry":{"type":"Point","coordinates":[128.75489432475038,36.25769695850701]}},{"type":"Feature","properties":{"id":"216","address":"춘산면 사미리 292유","region":"춘산면","capacity":3.2,"source":"의성군 주소 자료","management":"미기재","lat":36.25033276416914,"lng":128.75445163033285},"geometry":{"type":"Point","coordinates":[128.75445163033285,36.25033276416914]}},{"type":"Feature","properties":{"id":"217","address":"춘산면 사미리 618답","region":"춘산면","capacity":15.8,"source":"의성군 주소 자료","management":"미기재","lat":36.25766448333085,"lng":128.75034322806877},"geometry":{"type":"Point","coordinates":[128.75034322806877,36.25766448333085]}},{"type":"Feature","properties":{"id":"218","address":"춘산면 사미리 921유","region":"춘산면","capacity":6.0,"source":"의성군 주소 자료","management":"미기재","lat":36.261455634016876,"lng":128.7554233949144},"geometry":{"type":"Point","coordinates":[128.7554233949144,36.261455634016876]}},{"type":"Feature","properties":{"id":"219","address":"춘산면 효선리 62유","region":"춘산면","capacity":23.9,"source":"의성군 주소 자료","management":"미기재","lat":36.26688321723248,"lng":128.80248901745372},"geometry":{"type":"Point","coordinates":[128.80248901745372,36.26688321723248]}},{"type":"Feature","properties":{"id":"220","address":"춘산면 효선리 1011유","region":"춘산면","capacity":0.8,"source":"의성군 주소 자료","management":"미기재","lat":36.26502313771375,"lng":128.7591527178008},"geometry":{"type":"Point","coordinates":[128.7591527178008,36.26502313771375]}},{"type":"Feature","properties":{"id":"221","address":"춘산면 효선리 1213답","region":"춘산면","capacity":0.7,"source":"의성군 주소 자료","management":"미기재","lat":36.26911858566003,"lng":128.75699682108828},"geometry":{"type":"Point","coordinates":[128.75699682108828,36.26911858566003]}},{"type":"Feature","properties":{"id":"222","address":"춘산면 효선리 342유","region":"춘산면","capacity":2.2,"source":"의성군 주소 자료","management":"미기재","lat":36.27131085409235,"lng":128.77816592383914},"geometry":{"type":"Point","coordinates":[128.77816592383914,36.27131085409235]}},{"type":"Feature","properties":{"id":"223","address":"춘산면 효선리 356유","region":"춘산면","capacity":16.0,"source":"의성군 주소 자료","management":"미기재","lat":36.271455677765196,"lng":128.78115137851216},"geometry":{"type":"Point","coordinates":[128.78115137851216,36.271455677765196]}},{"type":"Feature","properties":{"id":"224","address":"춘산면 효선리 1029유","region":"춘산면","capacity":15.4,"source":"의성군 주소 자료","management":"미기재","lat":36.26231676167841,"lng":128.75937021966087},"geometry":{"type":"Point","coordinates":[128.75937021966087,36.26231676167841]}},{"type":"Feature","properties":{"id":"225","address":"가음면 장리 499유","region":"가음면","capacity":4.8,"source":"의성군 주소 자료","management":"미기재","lat":36.24638358726684,"lng":128.7385673143196},"geometry":{"type":"Point","coordinates":[128.7385673143196,36.24638358726684]}},{"type":"Feature","properties":{"id":"226","address":"가음면 장리 176유","region":"가음면","capacity":18.9,"source":"의성군 주소 자료","management":"미기재","lat":36.239268233053984,"lng":128.73525090378226},"geometry":{"type":"Point","coordinates":[128.73525090378226,36.239268233053984]}},{"type":"Feature","properties":{"id":"227","address":"가음면 장리 828유","region":"가음면","capacity":5.7,"source":"의성군 주소 자료","management":"미기재","lat":36.24473288713276,"lng":128.72748484279523},"geometry":{"type":"Point","coordinates":[128.72748484279523,36.24473288713276]}},{"type":"Feature","properties":{"id":"228","address":"가음면 장리 738유","region":"가음면","capacity":11.0,"source":"의성군 주소 자료","management":"미기재","lat":36.24585026941093,"lng":128.72310432444675},"geometry":{"type":"Point","coordinates":[128.72310432444675,36.24585026941093]}},{"type":"Feature","properties":{"id":"229","address":"가음면 장리 1271유","region":"가음면","capacity":59.4,"source":"의성군 주소 자료","management":"미기재","lat":36.238239856329365,"lng":128.724105304556},"geometry":{"type":"Point","coordinates":[128.724105304556,36.238239856329365]}},{"type":"Feature","properties":{"id":"230","address":"가음면 장리 436유","region":"가음면","capacity":6.6,"source":"의성군 주소 자료","management":"미기재","lat":36.24366357742312,"lng":128.73413551820735},"geometry":{"type":"Point","coordinates":[128.73413551820735,36.24366357742312]}},{"type":"Feature","properties":{"id":"231","address":"가음면 장리 393유","region":"가음면","capacity":3.3,"source":"의성군 주소 자료","management":"미기재","lat":36.24564159973002,"lng":128.7294515174079},"geometry":{"type":"Point","coordinates":[128.7294515174079,36.24564159973002]}},{"type":"Feature","properties":{"id":"232","address":"가음면 장리 624유","region":"가음면","capacity":4.1,"source":"의성군 주소 자료","management":"미기재","lat":36.247801936057314,"lng":128.72648441693806},"geometry":{"type":"Point","coordinates":[128.72648441693806,36.247801936057314]}},{"type":"Feature","properties":{"id":"233","address":"가음면 장리 산45-8임","region":"가음면","capacity":1.5,"source":"의성군 주소 자료","management":"미기재","lat":36.2512101920608,"lng":128.73256669703613},"geometry":{"type":"Point","coordinates":[128.73256669703613,36.2512101920608]}},{"type":"Feature","properties":{"id":"234","address":"가음면 이리 690유","region":"가음면","capacity":7.6,"source":"의성군 주소 자료","management":"미기재","lat":36.2544034242906,"lng":128.74782299771766},"geometry":{"type":"Point","coordinates":[128.74782299771766,36.2544034242906]}},{"type":"Feature","properties":{"id":"235","address":"가음면 이리 1033-2유","region":"가음면","capacity":6.3,"source":"의성군 주소 자료","management":"미기재","lat":36.25168119026326,"lng":128.74356836900955},"geometry":{"type":"Point","coordinates":[128.74356836900955,36.25168119026326]}},{"type":"Feature","properties":{"id":"236","address":"가음면 이리 1089유","region":"가음면","capacity":4.2,"source":"의성군 주소 자료","management":"미기재","lat":36.25055307923619,"lng":128.74245311010367},"geometry":{"type":"Point","coordinates":[128.74245311010367,36.25055307923619]}},{"type":"Feature","properties":{"id":"237","address":"가음면 이리 1104유","region":"가음면","capacity":12.0,"source":"의성군 주소 자료","management":"미기재","lat":36.247771738627875,"lng":128.74101199829985},"geometry":{"type":"Point","coordinates":[128.74101199829985,36.247771738627875]}},{"type":"Feature","properties":{"id":"238","address":"가음면 이리 802-2임","region":"가음면","capacity":5.6,"source":"의성군 주소 자료","management":"미기재","lat":36.25682089212624,"lng":128.74517331900327},"geometry":{"type":"Point","coordinates":[128.74517331900327,36.25682089212624]}},{"type":"Feature","properties":{"id":"239","address":"가음면 이리 651유","region":"가음면","capacity":6.3,"source":"의성군 주소 자료","management":"미기재","lat":36.249086462814276,"lng":128.75095297981912},"geometry":{"type":"Point","coordinates":[128.75095297981912,36.249086462814276]}},{"type":"Feature","properties":{"id":"240","address":"가음면 가산리 169유","region":"가음면","capacity":3.08,"source":"의성군 주소 자료","management":"미기재","lat":36.218469706672714,"lng":128.72602913201516},"geometry":{"type":"Point","coordinates":[128.72602913201516,36.218469706672714]}},{"type":"Feature","properties":{"id":"241","address":"가음면 순호리 1134유","region":"가음면","capacity":9.7,"source":"의성군 주소 자료","management":"미기재","lat":36.20411616917324,"lng":128.70079852468254},"geometry":{"type":"Point","coordinates":[128.70079852468254,36.20411616917324]}},{"type":"Feature","properties":{"id":"242","address":"가음면 순호리 495유","region":"가음면","capacity":140.5,"source":"의성군 주소 자료","management":"미기재","lat":36.20874425665946,"lng":128.72560442516297},"geometry":{"type":"Point","coordinates":[128.72560442516297,36.20874425665946]}},{"type":"Feature","properties":{"id":"243","address":"가음면 순호리 1003유","region":"가음면","capacity":3.1,"source":"의성군 주소 자료","management":"미기재","lat":36.207228137546,"lng":128.70690317668817},"geometry":{"type":"Point","coordinates":[128.70690317668817,36.207228137546]}},{"type":"Feature","properties":{"id":"244","address":"가음면 순호리 975유","region":"가음면","capacity":12.8,"source":"의성군 주소 자료","management":"미기재","lat":36.2117982151982,"lng":128.7118392011965},"geometry":{"type":"Point","coordinates":[128.7118392011965,36.2117982151982]}},{"type":"Feature","properties":{"id":"245","address":"가음면 순호리 132유","region":"가음면","capacity":11.5,"source":"의성군 주소 자료","management":"미기재","lat":36.20277859602571,"lng":128.74368460148037},"geometry":{"type":"Point","coordinates":[128.74368460148037,36.20277859602571]}},{"type":"Feature","properties":{"id":"246","address":"가음면 순호리 16유","region":"가음면","capacity":14.2,"source":"의성군 주소 자료","management":"미기재","lat":36.208110658718354,"lng":128.74878392940337},"geometry":{"type":"Point","coordinates":[128.74878392940337,36.208110658718354]}},{"type":"Feature","properties":{"id":"247","address":"가음면 현리리 487유","region":"가음면","capacity":6.8,"source":"의성군 주소 자료","management":"미기재","lat":36.204182831670096,"lng":128.76163797355952},"geometry":{"type":"Point","coordinates":[128.76163797355952,36.204182831670096]}},{"type":"Feature","properties":{"id":"248","address":"가음면 현리리 249-2유","region":"가음면","capacity":21.0,"source":"의성군 주소 자료","management":"미기재","lat":36.21463767187116,"lng":128.76269500986152},"geometry":{"type":"Point","coordinates":[128.76269500986152,36.21463767187116]}},{"type":"Feature","properties":{"id":"249","address":"가음면 현리리 67유","region":"가음면","capacity":6.0,"source":"의성군 주소 자료","management":"미기재","lat":36.21536450614774,"lng":128.78600678765105},"geometry":{"type":"Point","coordinates":[128.78600678765105,36.21536450614774]}},{"type":"Feature","properties":{"id":"250","address":"가음면 현리리 584유","region":"가음면","capacity":7.4,"source":"의성군 주소 자료","management":"미기재","lat":36.197419722107966,"lng":128.76626686795507},"geometry":{"type":"Point","coordinates":[128.76626686795507,36.197419722107966]}},{"type":"Feature","properties":{"id":"251","address":"가음면 현리리 450답","region":"가음면","capacity":2.2,"source":"의성군 주소 자료","management":"미기재","lat":36.2066334419607,"lng":128.76288252108426},"geometry":{"type":"Point","coordinates":[128.76288252108426,36.2066334419607]}},{"type":"Feature","properties":{"id":"380","address":"비안면 옥연리 630유","region":"비안면","capacity":8.8,"source":"의성군 주소 자료","management":"미기재","lat":36.31507389375803,"lng":128.47689361380353},"geometry":{"type":"Point","coordinates":[128.47689361380353,36.31507389375803]}},{"type":"Feature","properties":{"id":"381","address":"비안면 옥연리 777-1","region":"비안면","capacity":15.4,"source":"의성군 주소 자료","management":"미기재","lat":36.32786513368836,"lng":128.46256881300184},"geometry":{"type":"Point","coordinates":[128.46256881300184,36.32786513368836]}},{"type":"Feature","properties":{"id":"382","address":"비안면 용남리 570답","region":"비안면","capacity":10.6,"source":"의성군 주소 자료","management":"미기재","lat":36.354327244884544,"lng":128.47088340334741},"geometry":{"type":"Point","coordinates":[128.47088340334741,36.354327244884544]}},{"type":"Feature","properties":{"id":"383","address":"비안면 용남리 105유","region":"비안면","capacity":34.5,"source":"의성군 주소 자료","management":"미기재","lat":36.34945661202907,"lng":128.47857810386537},"geometry":{"type":"Point","coordinates":[128.47857810386537,36.34945661202907]}},{"type":"Feature","properties":{"id":"384","address":"비안면 용남리 8답","region":"비안면","capacity":5.5,"source":"의성군 주소 자료","management":"미기재","lat":36.35423931130094,"lng":128.48383733146798},"geometry":{"type":"Point","coordinates":[128.48383733146798,36.35423931130094]}},{"type":"Feature","properties":{"id":"385","address":"비안면 이두리 401-1유","region":"비안면","capacity":6.1,"source":"의성군 주소 자료","management":"미기재","lat":36.34350196500233,"lng":128.4907956708952},"geometry":{"type":"Point","coordinates":[128.4907956708952,36.34350196500233]}},{"type":"Feature","properties":{"id":"386","address":"비안면 이두리 561유","region":"비안면","capacity":12.5,"source":"의성군 주소 자료","management":"미기재","lat":36.34652549436558,"lng":128.48388044247235},"geometry":{"type":"Point","coordinates":[128.48388044247235,36.34652549436558]}},{"type":"Feature","properties":{"id":"387","address":"비안면 이두리 16답","region":"비안면","capacity":5.3,"source":"의성군 주소 자료","management":"미기재","lat":36.33833308465734,"lng":128.50491982898836},"geometry":{"type":"Point","coordinates":[128.50491982898836,36.33833308465734]}},{"type":"Feature","properties":{"id":"388","address":"비안면 외곡리 7-1유","region":"비안면","capacity":7.8,"source":"의성군 주소 자료","management":"미기재","lat":36.354496671732576,"lng":128.51505592517438},"geometry":{"type":"Point","coordinates":[128.51505592517438,36.354496671732576]}},{"type":"Feature","properties":{"id":"389","address":"비안면 외곡리 67유","region":"비안면","capacity":11.0,"source":"의성군 주소 자료","management":"미기재","lat":36.34972398850921,"lng":128.5126800109804},"geometry":{"type":"Point","coordinates":[128.5126800109804,36.34972398850921]}},{"type":"Feature","properties":{"id":"390","address":"비안면 외곡리 498-1유","region":"비안면","capacity":5.5,"source":"의성군 주소 자료","management":"미기재","lat":36.35535606980717,"lng":128.49617927653696},"geometry":{"type":"Point","coordinates":[128.49617927653696,36.35535606980717]}},{"type":"Feature","properties":{"id":"391","address":"비안면 외곡리 521유","region":"비안면","capacity":11.0,"source":"의성군 주소 자료","management":"미기재","lat":36.34947244503101,"lng":128.4932597393834},"geometry":{"type":"Point","coordinates":[128.4932597393834,36.34947244503101]}},{"type":"Feature","properties":{"id":"392","address":"비안면 자락리 78유","region":"비안면","capacity":13.8,"source":"의성군 주소 자료","management":"미기재","lat":36.37228513634102,"lng":128.52135049563464},"geometry":{"type":"Point","coordinates":[128.52135049563464,36.37228513634102]}},{"type":"Feature","properties":{"id":"393","address":"비안면 자락리 14유","region":"비안면","capacity":11.0,"source":"의성군 주소 자료","management":"미기재","lat":36.3786304027253,"lng":128.5212176723778},"geometry":{"type":"Point","coordinates":[128.5212176723778,36.3786304027253]}},{"type":"Feature","properties":{"id":"394","address":"비안면 자락리 448-1유","region":"비안면","capacity":4.5,"source":"의성군 주소 자료","management":"미기재","lat":36.37002331048683,"lng":128.5049834747649},"geometry":{"type":"Point","coordinates":[128.5049834747649,36.37002331048683]}},{"type":"Feature","properties":{"id":"395","address":"비안면 자락리 453답","region":"비안면","capacity":2.0,"source":"의성군 주소 자료","management":"미기재","lat":36.36825299607582,"lng":128.50531708537144},"geometry":{"type":"Point","coordinates":[128.50531708537144,36.36825299607582]}},{"type":"Feature","properties":{"id":"396","address":"비안면 자락리 603구","region":"비안면","capacity":13.5,"source":"의성군 주소 자료","management":"미기재","lat":36.36909909339015,"lng":128.51110485830418},"geometry":{"type":"Point","coordinates":[128.51110485830418,36.36909909339015]}},{"type":"Feature","properties":{"id":"397","address":"비안면 자락리 172유","region":"비안면","capacity":34.5,"source":"의성군 주소 자료","management":"미기재","lat":36.362215166019375,"lng":128.51606324948466},"geometry":{"type":"Point","coordinates":[128.51606324948466,36.362215166019375]}},{"type":"Feature","properties":{"id":"398","address":"비안면 자락리 150유","region":"비안면","capacity":3.8,"source":"의성군 주소 자료","management":"미기재","lat":36.36789307491847,"lng":128.51668582455375},"geometry":{"type":"Point","coordinates":[128.51668582455375,36.36789307491847]}},{"type":"Feature","properties":{"id":"399","address":"비안면 자락리 116유","region":"비안면","capacity":4.6,"source":"의성군 주소 자료","management":"미기재","lat":36.370825402201405,"lng":128.51851428843565},"geometry":{"type":"Point","coordinates":[128.51851428843565,36.370825402201405]}},{"type":"Feature","properties":{"id":"400","address":"비안면 현산리 26유","region":"비안면","capacity":41.3,"source":"의성군 주소 자료","management":"미기재","lat":36.35100268791538,"lng":128.52551488717583},"geometry":{"type":"Point","coordinates":[128.52551488717583,36.35100268791538]}},{"type":"Feature","properties":{"id":"401","address":"비안면 현산리 124-3유","region":"비안면","capacity":26.4,"source":"의성군 주소 자료","management":"미기재","lat":36.3383765184167,"lng":128.5249681211495},"geometry":{"type":"Point","coordinates":[128.5249681211495,36.3383765184167]}},{"type":"Feature","properties":{"id":"402","address":"비안면 산제리 1379유","region":"비안면","capacity":164.0,"source":"의성군 주소 자료","management":"미기재","lat":36.36026871046514,"lng":128.54354274632368},"geometry":{"type":"Point","coordinates":[128.54354274632368,36.36026871046514]}},{"type":"Feature","properties":{"id":"403","address":"비안면 산제리 1506구","region":"비안면","capacity":18.0,"source":"의성군 주소 자료","management":"미기재","lat":36.3808081335537,"lng":128.53834304423006},"geometry":{"type":"Point","coordinates":[128.53834304423006,36.3808081335537]}},{"type":"Feature","properties":{"id":"404","address":"비안면 산제리 554-2유","region":"비안면","capacity":1.7,"source":"의성군 주소 자료","management":"미기재","lat":36.37953128799822,"lng":128.5402345665711},"geometry":{"type":"Point","coordinates":[128.5402345665711,36.37953128799822]}},{"type":"Feature","properties":{"id":"405","address":"비안면 산제리 1212유","region":"비안면","capacity":9.0,"source":"의성군 주소 자료","management":"미기재","lat":36.3413939900523,"lng":128.54471866274966},"geometry":{"type":"Point","coordinates":[128.54471866274966,36.3413939900523]}},{"type":"Feature","properties":{"id":"406","address":"비안면 산제리 185유","region":"비안면","capacity":3.0,"source":"의성군 주소 자료","management":"미기재","lat":36.34869969730114,"lng":128.55183579772185},"geometry":{"type":"Point","coordinates":[128.55183579772185,36.34869969730114]}},{"type":"Feature","properties":{"id":"407","address":"비안면 산제리 1297유","region":"비안면","capacity":12.8,"source":"의성군 주소 자료","management":"미기재","lat":36.34892167361085,"lng":128.53884106562572},"geometry":{"type":"Point","coordinates":[128.53884106562572,36.34892167361085]}},{"type":"Feature","properties":{"id":"408","address":"비안면 산제리 1231-1답","region":"비안면","capacity":21.0,"source":"의성군 주소 자료","management":"미기재","lat":36.34552184042875,"lng":128.5432518796157},"geometry":{"type":"Point","coordinates":[128.5432518796157,36.34552184042875]}},{"type":"Feature","properties":{"id":"409","address":"비안면 산제리 323유","region":"비안면","capacity":31.0,"source":"의성군 주소 자료","management":"미기재","lat":36.35261330992027,"lng":128.55230328857124},"geometry":{"type":"Point","coordinates":[128.55230328857124,36.35261330992027]}},{"type":"Feature","properties":{"id":"410","address":"비안면 산제리 1450-1유","region":"비안면","capacity":1.4,"source":"의성군 주소 자료","management":"미기재","lat":36.35515055891207,"lng":128.53233535970674},"geometry":{"type":"Point","coordinates":[128.53233535970674,36.35515055891207]}},{"type":"Feature","properties":{"id":"411","address":"비안면 산제리 50유","region":"비안면","capacity":30.0,"source":"의성군 주소 자료","management":"미기재","lat":36.345626571491074,"lng":128.55533916941602},"geometry":{"type":"Point","coordinates":[128.55533916941602,36.345626571491074]}},{"type":"Feature","properties":{"id":"412","address":"비안면 산제리 137유","region":"비안면","capacity":8.0,"source":"의성군 주소 자료","management":"미기재","lat":36.345425893151,"lng":128.5548339528305},"geometry":{"type":"Point","coordinates":[128.5548339528305,36.345425893151]}},{"type":"Feature","properties":{"id":"413","address":"비안면 산제리 600유","region":"비안면","capacity":13.0,"source":"의성군 주소 자료","management":"미기재","lat":36.37144493879182,"lng":128.53702232483207},"geometry":{"type":"Point","coordinates":[128.53702232483207,36.37144493879182]}},{"type":"Feature","properties":{"id":"414","address":"비안면 산제리 549유","region":"비안면","capacity":39.6,"source":"의성군 주소 자료","management":"미기재","lat":36.37882073404516,"lng":128.54083344327188},"geometry":{"type":"Point","coordinates":[128.54083344327188,36.37882073404516]}},{"type":"Feature","properties":{"id":"415","address":"비안면 산제리 185유","region":"비안면","capacity":7.4,"source":"의성군 주소 자료","management":"미기재","lat":36.34869969730114,"lng":128.55183579772185},"geometry":{"type":"Point","coordinates":[128.55183579772185,36.34869969730114]}},{"type":"Feature","properties":{"id":"416","address":"비안면 산제리 1127유","region":"비안면","capacity":2.2,"source":"의성군 주소 자료","management":"미기재","lat":36.34611017162455,"lng":128.5444441643335},"geometry":{"type":"Point","coordinates":[128.5444441643335,36.34611017162455]}},{"type":"Feature","properties":{"id":"417","address":"비안면 화신리 56-1유","region":"비안면","capacity":17.0,"source":"의성군 주소 자료","management":"미기재","lat":36.33795077776041,"lng":128.5593854495962},"geometry":{"type":"Point","coordinates":[128.5593854495962,36.33795077776041]}},{"type":"Feature","properties":{"id":"418","address":"비안면 화신리 572유","region":"비안면","capacity":16.0,"source":"의성군 주소 자료","management":"미기재","lat":36.32827716954284,"lng":128.55908146028747},"geometry":{"type":"Point","coordinates":[128.55908146028747,36.32827716954284]}},{"type":"Feature","properties":{"id":"419","address":"비안면 화신리 66-1유","region":"비안면","capacity":17.0,"source":"의성군 주소 자료","management":"미기재","lat":36.338896784068474,"lng":128.5580121070151},"geometry":{"type":"Point","coordinates":[128.5580121070151,36.338896784068474]}},{"type":"Feature","properties":{"id":"420","address":"비안면 화신리 890유","region":"비안면","capacity":53.0,"source":"의성군 주소 자료","management":"미기재","lat":36.33467129794093,"lng":128.54057674296627},"geometry":{"type":"Point","coordinates":[128.54057674296627,36.33467129794093]}},{"type":"Feature","properties":{"id":"421","address":"비안면 화신리 26","region":"비안면","capacity":17.7,"source":"의성군 주소 자료","management":"미기재","lat":36.3341172369496,"lng":128.5583067895632},"geometry":{"type":"Point","coordinates":[128.5583067895632,36.3341172369496]}},{"type":"Feature","properties":{"id":"422","address":"비안면 화신리 907유","region":"비안면","capacity":4.8,"source":"의성군 주소 자료","management":"미기재","lat":36.324668516672816,"lng":128.54133764131998},"geometry":{"type":"Point","coordinates":[128.54133764131998,36.324668516672816]}},{"type":"Feature","properties":{"id":"423","address":"비안면 화신리 674답","region":"비안면","capacity":4.2,"source":"의성군 주소 자료","management":"미기재","lat":36.32569864488783,"lng":128.55365163603236},"geometry":{"type":"Point","coordinates":[128.55365163603236,36.32569864488783]}},{"type":"Feature","properties":{"id":"424","address":"비안면 쌍계리 663유","region":"비안면","capacity":11.5,"source":"의성군 주소 자료","management":"미기재","lat":36.32489923216182,"lng":128.5339036529198},"geometry":{"type":"Point","coordinates":[128.5339036529198,36.32489923216182]}},{"type":"Feature","properties":{"id":"425","address":"비안면 산제리 1476","region":"비안면","capacity":0.45,"source":"의성군 주소 자료","management":"미기재","lat":36.36955728897523,"lng":128.5436592115373},"geometry":{"type":"Point","coordinates":[128.5436592115373,36.36955728897523]}},{"type":"Feature","properties":{"id":"426","address":"비안면 쌍계리 692답","region":"비안면","capacity":28.5,"source":"의성군 주소 자료","management":"미기재","lat":36.3299839324059,"lng":128.53510572462105},"geometry":{"type":"Point","coordinates":[128.53510572462105,36.3299839324059]}},{"type":"Feature","properties":{"id":"427","address":"비안면 도암리 209-1유","region":"비안면","capacity":190.1,"source":"의성군 주소 자료","management":"미기재","lat":36.30301660279769,"lng":128.54334981520532},"geometry":{"type":"Point","coordinates":[128.54334981520532,36.30301660279769]}},{"type":"Feature","properties":{"id":"428","address":"비안면 도암리 289답","region":"비안면","capacity":16.2,"source":"의성군 주소 자료","management":"미기재","lat":36.299394330638926,"lng":128.53212435326844},"geometry":{"type":"Point","coordinates":[128.53212435326844,36.299394330638926]}},{"type":"Feature","properties":{"id":"429","address":"비안면 도암리 543-2유","region":"비안면","capacity":13.8,"source":"의성군 주소 자료","management":"미기재","lat":36.30562528563199,"lng":128.51265240199137},"geometry":{"type":"Point","coordinates":[128.51265240199137,36.30562528563199]}},{"type":"Feature","properties":{"id":"430","address":"비안면 화신리 823","region":"비안면","capacity":6.6,"source":"의성군 주소 자료","management":"미기재","lat":36.33593963016892,"lng":128.54563566038073},"geometry":{"type":"Point","coordinates":[128.54563566038073,36.33593963016892]}},{"type":"Feature","properties":{"id":"431","address":"구천면 위성리 223","region":"구천면","capacity":1.0,"source":"의성군 주소 자료","management":"미기재","lat":36.3308021524756,"lng":128.4544828894988},"geometry":{"type":"Point","coordinates":[128.4544828894988,36.3308021524756]}},{"type":"Feature","properties":{"id":"432","address":"구천면 모흥리 307","region":"구천면","capacity":36.0,"source":"의성군 주소 자료","management":"미기재","lat":36.33655372051568,"lng":128.44609194670815},"geometry":{"type":"Point","coordinates":[128.44609194670815,36.33655372051568]}},{"type":"Feature","properties":{"id":"433","address":"구천면 위성리 18","region":"구천면","capacity":1.0,"source":"의성군 주소 자료","management":"미기재","lat":36.36027104217658,"lng":128.4616035591495},"geometry":{"type":"Point","coordinates":[128.4616035591495,36.36027104217658]}},{"type":"Feature","properties":{"id":"434","address":"구천면 위성리 224-2","region":"구천면","capacity":1.0,"source":"의성군 주소 자료","management":"미기재","lat":36.334016269824104,"lng":128.4532284239467},"geometry":{"type":"Point","coordinates":[128.4532284239467,36.334016269824104]}},{"type":"Feature","properties":{"id":"435","address":"구천면 모흥리 464-1","region":"구천면","capacity":0.5,"source":"의성군 주소 자료","management":"미기재","lat":36.317879122411036,"lng":128.44119315232518},"geometry":{"type":"Point","coordinates":[128.44119315232518,36.317879122411036]}},{"type":"Feature","properties":{"id":"436","address":"구천면 장국리 393","region":"구천면","capacity":26.4,"source":"의성군 주소 자료","management":"미기재","lat":36.32856746592404,"lng":128.39392720180638},"geometry":{"type":"Point","coordinates":[128.39392720180638,36.32856746592404]}},{"type":"Feature","properties":{"id":"437","address":"구천면 청산리 산182","region":"구천면","capacity":5.0,"source":"의성군 주소 자료","management":"미기재","lat":36.31914809562166,"lng":128.40879174420323},"geometry":{"type":"Point","coordinates":[128.40879174420323,36.31914809562166]}},{"type":"Feature","properties":{"id":"438","address":"구천면 장국리 433","region":"구천면","capacity":19.0,"source":"의성군 주소 자료","management":"미기재","lat":36.320045324315046,"lng":128.38830827079386},"geometry":{"type":"Point","coordinates":[128.38830827079386,36.320045324315046]}},{"type":"Feature","properties":{"id":"439","address":"구천면 소호리 500-1","region":"구천면","capacity":1.0,"source":"의성군 주소 자료","management":"미기재","lat":36.336848711929214,"lng":128.41387693764568},"geometry":{"type":"Point","coordinates":[128.41387693764568,36.336848711929214]}},{"type":"Feature","properties":{"id":"440","address":"구천면 소호리 562-1","region":"구천면","capacity":13.0,"source":"의성군 주소 자료","management":"미기재","lat":36.3377473681224,"lng":128.41103081643914},"geometry":{"type":"Point","coordinates":[128.41103081643914,36.3377473681224]}},{"type":"Feature","properties":{"id":"441","address":"구천면 소호리 1106","region":"구천면","capacity":49.5,"source":"의성군 주소 자료","management":"미기재","lat":36.3390276388998,"lng":128.39792250057022},"geometry":{"type":"Point","coordinates":[128.39792250057022,36.3390276388998]}},{"type":"Feature","properties":{"id":"442","address":"구천면 소호리 1089","region":"구천면","capacity":9.0,"source":"의성군 주소 자료","management":"미기재","lat":36.340680761643696,"lng":128.3937084446569},"geometry":{"type":"Point","coordinates":[128.3937084446569,36.340680761643696]}},{"type":"Feature","properties":{"id":"443","address":"구천면 소호리 1141","region":"구천면","capacity":5.0,"source":"의성군 주소 자료","management":"미기재","lat":36.33769616213967,"lng":128.3923299519289},"geometry":{"type":"Point","coordinates":[128.3923299519289,36.33769616213967]}},{"type":"Feature","properties":{"id":"444","address":"구천면 용사리 152-2","region":"구천면","capacity":50.0,"source":"의성군 주소 자료","management":"미기재","lat":36.352522690275805,"lng":128.4203871116763},"geometry":{"type":"Point","coordinates":[128.4203871116763,36.352522690275805]}},{"type":"Feature","properties":{"id":"445","address":"구천면 내산리 845","region":"구천면","capacity":7.4,"source":"의성군 주소 자료","management":"미기재","lat":36.35736625558642,"lng":128.4177122297084},"geometry":{"type":"Point","coordinates":[128.4177122297084,36.35736625558642]}},{"type":"Feature","properties":{"id":"446","address":"구천면 청산리 산98-1","region":"구천면","capacity":40.0,"source":"의성군 주소 자료","management":"미기재","lat":36.30565097793856,"lng":128.41020797198132},"geometry":{"type":"Point","coordinates":[128.41020797198132,36.30565097793856]}},{"type":"Feature","properties":{"id":"447","address":"구천면 조성리 26","region":"구천면","capacity":24.96,"source":"의성군 주소 자료","management":"미기재","lat":36.316476420042065,"lng":128.43193687414376},"geometry":{"type":"Point","coordinates":[128.43193687414376,36.316476420042065]}},{"type":"Feature","properties":{"id":"448","address":"구천면 청산리 산50-2","region":"구천면","capacity":20.0,"source":"의성군 주소 자료","management":"미기재","lat":36.302340169542,"lng":128.41434537325384},"geometry":{"type":"Point","coordinates":[128.41434537325384,36.302340169542]}},{"type":"Feature","properties":{"id":"449","address":"단밀면 용곡리 산64임","region":"단밀면","capacity":6.6,"source":"의성군 주소 자료","management":"미기재","lat":36.33580189797985,"lng":128.38551365897973},"geometry":{"type":"Point","coordinates":[128.38551365897973,36.33580189797985]}},{"type":"Feature","properties":{"id":"450","address":"단밀면 용곡리 1544유","region":"단밀면","capacity":10.0,"source":"의성군 주소 자료","management":"미기재","lat":36.33520072783547,"lng":128.379834178696},"geometry":{"type":"Point","coordinates":[128.379834178696,36.33520072783547]}},{"type":"Feature","properties":{"id":"451","address":"단밀면 위중리 1459유","region":"단밀면","capacity":15.8,"source":"의성군 주소 자료","management":"미기재","lat":36.36209705346345,"lng":128.36661602177375},"geometry":{"type":"Point","coordinates":[128.36661602177375,36.36209705346345]}},{"type":"Feature","properties":{"id":"452","address":"단밀면 위중리 1332답","region":"단밀면","capacity":4.0,"source":"의성군 주소 자료","management":"미기재","lat":36.34659342229179,"lng":128.3654542054099},"geometry":{"type":"Point","coordinates":[128.3654542054099,36.34659342229179]}},{"type":"Feature","properties":{"id":"453","address":"단밀면 위중리 산27-1","region":"단밀면","capacity":25.4,"source":"의성군 주소 자료","management":"미기재","lat":36.3472167092025,"lng":128.36532027102913},"geometry":{"type":"Point","coordinates":[128.36532027102913,36.3472167092025]}},{"type":"Feature","properties":{"id":"454","address":"단밀면 주선리 748유","region":"단밀면","capacity":8.3,"source":"의성군 주소 자료","management":"미기재","lat":36.3763469521026,"lng":128.36787904346795},"geometry":{"type":"Point","coordinates":[128.36787904346795,36.3763469521026]}},{"type":"Feature","properties":{"id":"455","address":"단밀면 서제리 1068-1답","region":"단밀면","capacity":4.8,"source":"의성군 주소 자료","management":"미기재","lat":36.37789712817292,"lng":128.36548805910445},"geometry":{"type":"Point","coordinates":[128.36548805910445,36.37789712817292]}},{"type":"Feature","properties":{"id":"456","address":"단밀면 팔등리 179유","region":"단밀면","capacity":61.0,"source":"의성군 주소 자료","management":"미기재","lat":36.39746279026289,"lng":128.34695949343308},"geometry":{"type":"Point","coordinates":[128.34695949343308,36.39746279026289]}},{"type":"Feature","properties":{"id":"457","address":"단밀면 팔등리 988답","region":"단밀면","capacity":4.4,"source":"의성군 주소 자료","management":"미기재","lat":36.39210610208959,"lng":128.33608957072974},"geometry":{"type":"Point","coordinates":[128.33608957072974,36.39210610208959]}},{"type":"Feature","properties":{"id":"458","address":"단밀면 서제리 340-2답","region":"단밀면","capacity":7.6,"source":"의성군 주소 자료","management":"미기재","lat":36.380763944282236,"lng":128.365370970474},"geometry":{"type":"Point","coordinates":[128.365370970474,36.380763944282236]}},{"type":"Feature","properties":{"id":"459","address":"단밀면 생송리 544","region":"단밀면","capacity":4.4,"source":"의성군 주소 자료","management":"미기재","lat":36.36646471634898,"lng":128.33332286900688},"geometry":{"type":"Point","coordinates":[128.33332286900688,36.36646471634898]}},{"type":"Feature","properties":{"id":"460","address":"단밀면 생송리 산1-3구","region":"단밀면","capacity":6.5,"source":"의성군 주소 자료","management":"미기재","lat":36.385140058587716,"lng":128.3337193322062},"geometry":{"type":"Point","coordinates":[128.3337193322062,36.385140058587716]}},{"type":"Feature","properties":{"id":"461","address":"단밀면 생송리 445-1","region":"단밀면","capacity":2.0,"source":"의성군 주소 자료","management":"미기재","lat":36.36548911022182,"lng":128.34079339570113},"geometry":{"type":"Point","coordinates":[128.34079339570113,36.36548911022182]}},{"type":"Feature","properties":{"id":"462","address":"단밀면 생송리 447","region":"단밀면","capacity":46.0,"source":"의성군 주소 자료","management":"미기재","lat":36.35896386001108,"lng":128.33930013393473},"geometry":{"type":"Point","coordinates":[128.33930013393473,36.35896386001108]}},{"type":"Feature","properties":{"id":"463","address":"단밀면 생송리 296답","region":"단밀면","capacity":18.6,"source":"의성군 주소 자료","management":"미기재","lat":36.3669698422824,"lng":128.35014446091134},"geometry":{"type":"Point","coordinates":[128.35014446091134,36.3669698422824]}},{"type":"Feature","properties":{"id":"464","address":"단밀면 생송리 484","region":"단밀면","capacity":71.4,"source":"의성군 주소 자료","management":"미기재","lat":36.35832951498987,"lng":128.33559060494005},"geometry":{"type":"Point","coordinates":[128.33559060494005,36.35832951498987]}},{"type":"Feature","properties":{"id":"465","address":"단밀면 생송리 64유","region":"단밀면","capacity":54.4,"source":"의성군 주소 자료","management":"미기재","lat":36.36745520567131,"lng":128.35741732898452},"geometry":{"type":"Point","coordinates":[128.35741732898452,36.36745520567131]}},{"type":"Feature","properties":{"id":"466","address":"단밀면 생송리 산51임","region":"단밀면","capacity":4.8,"source":"의성군 주소 자료","management":"미기재","lat":36.362369622430855,"lng":128.3585100480575},"geometry":{"type":"Point","coordinates":[128.3585100480575,36.362369622430855]}},{"type":"Feature","properties":{"id":"467","address":"단밀면 생송리 132답","region":"단밀면","capacity":3.6,"source":"의성군 주소 자료","management":"미기재","lat":36.38132838135088,"lng":128.3505818200302},"geometry":{"type":"Point","coordinates":[128.3505818200302,36.38132838135088]}},{"type":"Feature","properties":{"id":"468","address":"단밀면 생송리 1172","region":"단밀면","capacity":1.7,"source":"의성군 주소 자료","management":"미기재","lat":36.37566547507927,"lng":128.32598044363687},"geometry":{"type":"Point","coordinates":[128.32598044363687,36.37566547507927]}},{"type":"Feature","properties":{"id":"469","address":"단밀면 생송리 550","region":"단밀면","capacity":7.3,"source":"의성군 주소 자료","management":"미기재","lat":36.37188449266935,"lng":128.3361786005175},"geometry":{"type":"Point","coordinates":[128.3361786005175,36.37188449266935]}},{"type":"Feature","properties":{"id":"470","address":"단밀면 생송리 산67-15임","region":"단밀면","capacity":5.8,"source":"의성군 주소 자료","management":"미기재","lat":36.36401816074588,"lng":128.34819948573727},"geometry":{"type":"Point","coordinates":[128.34819948573727,36.36401816074588]}},{"type":"Feature","properties":{"id":"471","address":"단밀면 생송리 1425","region":"단밀면","capacity":6.2,"source":"의성군 주소 자료","management":"미기재","lat":36.35867429512609,"lng":128.31995503153502},"geometry":{"type":"Point","coordinates":[128.31995503153502,36.35867429512609]}},{"type":"Feature","properties":{"id":"472","address":"단밀면 생송리 377답","region":"단밀면","capacity":2.6,"source":"의성군 주소 자료","management":"미기재","lat":36.38216761043516,"lng":128.34327473192423},"geometry":{"type":"Point","coordinates":[128.34327473192423,36.38216761043516]}},{"type":"Feature","properties":{"id":"473","address":"단밀면 서제리 871답","region":"단밀면","capacity":25.5,"source":"의성군 주소 자료","management":"미기재","lat":36.387231171379334,"lng":128.36165016430485},"geometry":{"type":"Point","coordinates":[128.36165016430485,36.387231171379334]}},{"type":"Feature","properties":{"id":"474","address":"단북면 노연리 348-2유","region":"단북면","capacity":11.0,"source":"의성군 주소 자료","management":"미기재","lat":36.387096111272065,"lng":128.42731181642733},"geometry":{"type":"Point","coordinates":[128.42731181642733,36.387096111272065]}},{"type":"Feature","properties":{"id":"475","address":"안계면 용기리 80유","region":"안계면","capacity":66.2,"source":"의성군 주소 자료","management":"미기재","lat":36.40404654063811,"lng":128.45117501150648},"geometry":{"type":"Point","coordinates":[128.45117501150648,36.40404654063811]}},{"type":"Feature","properties":{"id":"476","address":"안계면 용기리 306-1유","region":"안계면","capacity":28.0,"source":"의성군 주소 자료","management":"미기재","lat":36.402063187837214,"lng":128.443067978862},"geometry":{"type":"Point","coordinates":[128.443067978862,36.402063187837214]}},{"type":"Feature","properties":{"id":"477","address":"안계면 토매리 57답","region":"안계면","capacity":9.0,"source":"의성군 주소 자료","management":"미기재","lat":36.386791465577076,"lng":128.45112204169519},"geometry":{"type":"Point","coordinates":[128.45112204169519,36.386791465577076]}},{"type":"Feature","properties":{"id":"478","address":"안계면 위양리 19-2유","region":"안계면","capacity":9.0,"source":"의성군 주소 자료","management":"미기재","lat":36.37780848697959,"lng":128.45993671069087},"geometry":{"type":"Point","coordinates":[128.45993671069087,36.37780848697959]}},{"type":"Feature","properties":{"id":"479","address":"안계면 교촌리 134-2유","region":"안계면","capacity":14.7,"source":"의성군 주소 자료","management":"미기재","lat":36.36181750257255,"lng":128.4750906452168},"geometry":{"type":"Point","coordinates":[128.4750906452168,36.36181750257255]}},{"type":"Feature","properties":{"id":"480","address":"안계면 교촌리 294유","region":"안계면","capacity":1.5,"source":"의성군 주소 자료","management":"미기재","lat":36.374427475475805,"lng":128.47258739333844},"geometry":{"type":"Point","coordinates":[128.47258739333844,36.374427475475805]}},{"type":"Feature","properties":{"id":"481","address":"안계면 안정리 337유","region":"안계면","capacity":192.0,"source":"의성군 주소 자료","management":"미기재","lat":36.36605102425454,"lng":128.48613369145025},"geometry":{"type":"Point","coordinates":[128.48613369145025,36.36605102425454]}},{"type":"Feature","properties":{"id":"482","address":"안계면 안정리 174-1유","region":"안계면","capacity":14.1,"source":"의성군 주소 자료","management":"미기재","lat":36.37176077154388,"lng":128.4972173318995},"geometry":{"type":"Point","coordinates":[128.4972173318995,36.37176077154388]}},{"type":"Feature","properties":{"id":"483","address":"안계면 안정리 145유","region":"안계면","capacity":9.6,"source":"의성군 주소 자료","management":"미기재","lat":36.38175470141138,"lng":128.4985788123309},"geometry":{"type":"Point","coordinates":[128.4985788123309,36.38175470141138]}},{"type":"Feature","properties":{"id":"484","address":"안계면 안정리 483-2유","region":"안계면","capacity":6.0,"source":"의성군 주소 자료","management":"미기재","lat":36.37869681404506,"lng":128.4807578296175},"geometry":{"type":"Point","coordinates":[128.4807578296175,36.37869681404506]}},{"type":"Feature","properties":{"id":"485","address":"안계면 안정리 313유","region":"안계면","capacity":14.1,"source":"의성군 주소 자료","management":"미기재","lat":36.360667193364826,"lng":128.4828563111122},"geometry":{"type":"Point","coordinates":[128.4828563111122,36.360667193364826]}},{"type":"Feature","properties":{"id":"486","address":"안계면 안정리 산2임","region":"안계면","capacity":2.0,"source":"의성군 주소 자료","management":"미기재","lat":36.388768022091156,"lng":128.50408502425975},"geometry":{"type":"Point","coordinates":[128.50408502425975,36.388768022091156]}},{"type":"Feature","properties":{"id":"487","address":"안계면 안정리 24-1유","region":"안계면","capacity":21.0,"source":"의성군 주소 자료","management":"미기재","lat":36.38969794768763,"lng":128.4953208028127},"geometry":{"type":"Point","coordinates":[128.4953208028127,36.38969794768763]}},{"type":"Feature","properties":{"id":"488","address":"안계면 봉양리 472유","region":"안계면","capacity":21.39,"source":"의성군 주소 자료","management":"미기재","lat":36.37545798771927,"lng":128.46498510226436},"geometry":{"type":"Point","coordinates":[128.46498510226436,36.37545798771927]}},{"type":"Feature","properties":{"id":"489","address":"안계면 봉양리 37유","region":"안계면","capacity":18.0,"source":"의성군 주소 자료","management":"미기재","lat":36.388675363503985,"lng":128.48046764993853},"geometry":{"type":"Point","coordinates":[128.48046764993853,36.388675363503985]}},{"type":"Feature","properties":{"id":"490","address":"안계면 도덕리 17-1유","region":"안계면","capacity":48.0,"source":"의성군 주소 자료","management":"미기재","lat":36.406215434635754,"lng":128.47932863130163},"geometry":{"type":"Point","coordinates":[128.47932863130163,36.406215434635754]}},{"type":"Feature","properties":{"id":"491","address":"안계면 도덕리 172-1유","region":"안계면","capacity":10.6,"source":"의성군 주소 자료","management":"미기재","lat":36.3963813282325,"lng":128.47595470717755},"geometry":{"type":"Point","coordinates":[128.47595470717755,36.3963813282325]}},{"type":"Feature","properties":{"id":"492","address":"안계면 도덕리 1011-1유","region":"안계면","capacity":32.5,"source":"의성군 주소 자료","management":"미기재","lat":36.42489471148514,"lng":128.46028177629077},"geometry":{"type":"Point","coordinates":[128.46028177629077,36.42489471148514]}},{"type":"Feature","properties":{"id":"493","address":"안계면 도덕리 882유","region":"안계면","capacity":16.0,"source":"의성군 주소 자료","management":"미기재","lat":36.41084347675779,"lng":128.4657155512135},"geometry":{"type":"Point","coordinates":[128.4657155512135,36.41084347675779]}},{"type":"Feature","properties":{"id":"494","address":"안계면 도덕리 313-2유","region":"안계면","capacity":11.5,"source":"의성군 주소 자료","management":"미기재","lat":36.4050565725596,"lng":128.46734589097963},"geometry":{"type":"Point","coordinates":[128.46734589097963,36.4050565725596]}},{"type":"Feature","properties":{"id":"495","address":"안계면 도덕리 46-1유","region":"안계면","capacity":19.2,"source":"의성군 주소 자료","management":"미기재","lat":36.40207025099447,"lng":128.48007497525967},"geometry":{"type":"Point","coordinates":[128.48007497525967,36.40207025099447]}},{"type":"Feature","properties":{"id":"496","address":"안계면 양곡리 885-1유","region":"안계면","capacity":34.1,"source":"의성군 주소 자료","management":"미기재","lat":36.426947736975514,"lng":128.43510953162897},"geometry":{"type":"Point","coordinates":[128.43510953162897,36.426947736975514]}},{"type":"Feature","properties":{"id":"497","address":"안계면 양곡리 296유","region":"안계면","capacity":44.7,"source":"의성군 주소 자료","management":"미기재","lat":36.41828400426348,"lng":128.44071428993155},"geometry":{"type":"Point","coordinates":[128.44071428993155,36.41828400426348]}},{"type":"Feature","properties":{"id":"498","address":"안계면 양곡리 901유","region":"안계면","capacity":87.9,"source":"의성군 주소 자료","management":"미기재","lat":36.42856749835636,"lng":128.42776884967125},"geometry":{"type":"Point","coordinates":[128.42776884967125,36.42856749835636]}},{"type":"Feature","properties":{"id":"499","address":"안계면 양곡리 123유","region":"안계면","capacity":34.0,"source":"의성군 주소 자료","management":"미기재","lat":36.422748126664054,"lng":128.44860141980817},"geometry":{"type":"Point","coordinates":[128.44860141980817,36.422748126664054]}},{"type":"Feature","properties":{"id":"500","address":"안계면 양곡리 59-1유","region":"안계면","capacity":16.4,"source":"의성군 주소 자료","management":"미기재","lat":36.41521981034553,"lng":128.44746951281147},"geometry":{"type":"Point","coordinates":[128.44746951281147,36.41521981034553]}},{"type":"Feature","properties":{"id":"501","address":"다인면 송호리 662-2대","region":"다인면","capacity":13.9,"source":"의성군 주소 자료","management":"미기재","lat":36.460332832103006,"lng":128.38080755028042},"geometry":{"type":"Point","coordinates":[128.38080755028042,36.460332832103006]}},{"type":"Feature","properties":{"id":"502","address":"다인면 평림리 117유","region":"다인면","capacity":11.4,"source":"의성군 주소 자료","management":"미기재","lat":36.46908040034859,"lng":128.368445088262},"geometry":{"type":"Point","coordinates":[128.368445088262,36.46908040034859]}},{"type":"Feature","properties":{"id":"503","address":"다인면 평림리 716유","region":"다인면","capacity":12.5,"source":"의성군 주소 자료","management":"미기재","lat":36.47732491465487,"lng":128.35742116902514},"geometry":{"type":"Point","coordinates":[128.35742116902514,36.47732491465487]}},{"type":"Feature","properties":{"id":"504","address":"다인면 평림리 747-1유","region":"다인면","capacity":5.3,"source":"의성군 주소 자료","management":"미기재","lat":36.47600490146246,"lng":128.3601875154699},"geometry":{"type":"Point","coordinates":[128.3601875154699,36.47600490146246]}},{"type":"Feature","properties":{"id":"505","address":"다인면 평림리 169-1유","region":"다인면","capacity":23.5,"source":"의성군 주소 자료","management":"미기재","lat":36.47236243694846,"lng":128.36511104348074},"geometry":{"type":"Point","coordinates":[128.36511104348074,36.47236243694846]}},{"type":"Feature","properties":{"id":"506","address":"다인면 덕지리 1158-1유","region":"다인면","capacity":14.6,"source":"의성군 주소 자료","management":"미기재","lat":36.467413950175185,"lng":128.3268591254019},"geometry":{"type":"Point","coordinates":[128.3268591254019,36.467413950175185]}},{"type":"Feature","properties":{"id":"507","address":"다인면 덕지리 324유","region":"다인면","capacity":20.5,"source":"의성군 주소 자료","management":"미기재","lat":36.472027381168445,"lng":128.33092066928452},"geometry":{"type":"Point","coordinates":[128.33092066928452,36.472027381168445]}},{"type":"Feature","properties":{"id":"508","address":"다인면 덕미리 458-1유","region":"다인면","capacity":8.9,"source":"의성군 주소 자료","management":"미기재","lat":36.48805463725117,"lng":128.3408583257008},"geometry":{"type":"Point","coordinates":[128.3408583257008,36.48805463725117]}},{"type":"Feature","properties":{"id":"509","address":"다인면 덕미리 389유","region":"다인면","capacity":20.0,"source":"의성군 주소 자료","management":"미기재","lat":36.49792994927701,"lng":128.34491226174725},"geometry":{"type":"Point","coordinates":[128.34491226174725,36.49792994927701]}},{"type":"Feature","properties":{"id":"510","address":"다인면 덕미리 313-1유","region":"다인면","capacity":6.3,"source":"의성군 주소 자료","management":"미기재","lat":36.499703059415985,"lng":128.35306795169993},"geometry":{"type":"Point","coordinates":[128.35306795169993,36.499703059415985]}},{"type":"Feature","properties":{"id":"511","address":"다인면 덕미리 686유","region":"다인면","capacity":14.8,"source":"의성군 주소 자료","management":"미기재","lat":36.477429071595324,"lng":128.34502689790864},"geometry":{"type":"Point","coordinates":[128.34502689790864,36.477429071595324]}},{"type":"Feature","properties":{"id":"512","address":"다인면 덕미리 546-2유","region":"다인면","capacity":12.2,"source":"의성군 주소 자료","management":"미기재","lat":36.48175405206829,"lng":128.34504578125507},"geometry":{"type":"Point","coordinates":[128.34504578125507,36.48175405206829]}},{"type":"Feature","properties":{"id":"513","address":"다인면 용곡리 690-1유","region":"다인면","capacity":18.6,"source":"의성군 주소 자료","management":"미기재","lat":36.52351765532042,"lng":128.34596861365506},"geometry":{"type":"Point","coordinates":[128.34596861365506,36.52351765532042]}},{"type":"Feature","properties":{"id":"514","address":"다인면 봉정리 15유","region":"다인면","capacity":15.7,"source":"의성군 주소 자료","management":"미기재","lat":36.47888269158817,"lng":128.40887441693113},"geometry":{"type":"Point","coordinates":[128.40887441693113,36.47888269158817]}},{"type":"Feature","properties":{"id":"515","address":"다인면 달제리 17유","region":"다인면","capacity":9.5,"source":"의성군 주소 자료","management":"미기재","lat":36.456657300491905,"lng":128.4191810228275},"geometry":{"type":"Point","coordinates":[128.4191810228275,36.456657300491905]}},{"type":"Feature","properties":{"id":"516","address":"다인면 달제리 1643-1유","region":"다인면","capacity":12.8,"source":"의성군 주소 자료","management":"미기재","lat":36.47218619945819,"lng":128.37888661969362},"geometry":{"type":"Point","coordinates":[128.37888661969362,36.47218619945819]}},{"type":"Feature","properties":{"id":"517","address":"다인면 달제리 1165유","region":"다인면","capacity":8.8,"source":"의성군 주소 자료","management":"미기재","lat":36.47273682334376,"lng":128.40739098998398},"geometry":{"type":"Point","coordinates":[128.40739098998398,36.47273682334376]}},{"type":"Feature","properties":{"id":"518","address":"다인면 삼분리 450-1유","region":"다인면","capacity":24.5,"source":"의성군 주소 자료","management":"미기재","lat":36.43420207422013,"lng":128.41693252307084},"geometry":{"type":"Point","coordinates":[128.41693252307084,36.43420207422013]}},{"type":"Feature","properties":{"id":"519","address":"다인면 삼분리 393유","region":"다인면","capacity":74.5,"source":"의성군 주소 자료","management":"미기재","lat":36.43141440236453,"lng":128.41949121577136},"geometry":{"type":"Point","coordinates":[128.41949121577136,36.43141440236453]}},{"type":"Feature","properties":{"id":"543","address":"안평면 창길리 1453유","region":"안평면","capacity":67.0,"source":"의성군 주소 자료","management":"미기재","lat":36.38990527849014,"lng":128.56981661654063},"geometry":{"type":"Point","coordinates":[128.56981661654063,36.38990527849014]}},{"type":"Feature","properties":{"id":"544","address":"안평면 창길리 762유","region":"안평면","capacity":7.7,"source":"의성군 주소 자료","management":"미기재","lat":36.39810773854362,"lng":128.57029351731927},"geometry":{"type":"Point","coordinates":[128.57029351731927,36.39810773854362]}},{"type":"Feature","properties":{"id":"545","address":"안평면 창길리 317-1유","region":"안평면","capacity":27.3,"source":"의성군 주소 자료","management":"미기재","lat":36.40562391790192,"lng":128.5919917257598},"geometry":{"type":"Point","coordinates":[128.5919917257598,36.40562391790192]}},{"type":"Feature","properties":{"id":"546","address":"안평면 창길리 1496","region":"안평면","capacity":5.2,"source":"의성군 주소 자료","management":"미기재","lat":36.38940563443856,"lng":128.56187156896684},"geometry":{"type":"Point","coordinates":[128.56187156896684,36.38940563443856]}},{"type":"Feature","properties":{"id":"547","address":"안평면 창길리 598답","region":"안평면","capacity":3.0,"source":"의성군 주소 자료","management":"미기재","lat":36.396012758057935,"lng":128.57269229643092},"geometry":{"type":"Point","coordinates":[128.57269229643092,36.396012758057935]}},{"type":"Feature","properties":{"id":"548","address":"안평면 평팔리 산186","region":"안평면","capacity":4.2,"source":"의성군 주소 자료","management":"미기재","lat":36.37821357881473,"lng":128.60076005443335},"geometry":{"type":"Point","coordinates":[128.60076005443335,36.37821357881473]}},{"type":"Feature","properties":{"id":"549","address":"안평면 창길리 1","region":"안평면","capacity":2.4,"source":"의성군 주소 자료","management":"미기재","lat":36.40736409297341,"lng":128.60067742460856},"geometry":{"type":"Point","coordinates":[128.60067742460856,36.40736409297341]}},{"type":"Feature","properties":{"id":"550","address":"안평면 창길리 1305유","region":"안평면","capacity":19.0,"source":"의성군 주소 자료","management":"미기재","lat":36.384896965232265,"lng":128.58199672250205},"geometry":{"type":"Point","coordinates":[128.58199672250205,36.384896965232265]}},{"type":"Feature","properties":{"id":"551","address":"안평면 창길리 92","region":"안평면","capacity":29.0,"source":"의성군 주소 자료","management":"미기재","lat":36.40998219302963,"lng":128.59288320527378},"geometry":{"type":"Point","coordinates":[128.59288320527378,36.40998219302963]}},{"type":"Feature","properties":{"id":"556","address":"안평면 박곡리 128유","region":"안평면","capacity":23.8,"source":"의성군 주소 자료","management":"미기재","lat":36.40008291090373,"lng":128.610782650375},"geometry":{"type":"Point","coordinates":[128.610782650375,36.40008291090373]}},{"type":"Feature","properties":{"id":"557","address":"안평면 박곡리 566유","region":"안평면","capacity":44.0,"source":"의성군 주소 자료","management":"미기재","lat":36.38246633633577,"lng":128.60078028597349},"geometry":{"type":"Point","coordinates":[128.60078028597349,36.38246633633577]}},{"type":"Feature","properties":{"id":"558","address":"안평면 박곡리 135유","region":"안평면","capacity":1.6,"source":"의성군 주소 자료","management":"미기재","lat":36.40163290617049,"lng":128.61077003022265},"geometry":{"type":"Point","coordinates":[128.61077003022265,36.40163290617049]}},{"type":"Feature","properties":{"id":"559","address":"안평면 창길리 1079","region":"안평면","capacity":4.4,"source":"의성군 주소 자료","management":"미기재","lat":36.3882831505516,"lng":128.5807725092834},"geometry":{"type":"Point","coordinates":[128.5807725092834,36.3882831505516]}},{"type":"Feature","properties":{"id":"560","address":"안평면 석탑리 17","region":"안평면","capacity":19.8,"source":"의성군 주소 자료","management":"미기재","lat":36.375439456985816,"lng":128.65168057929603},"geometry":{"type":"Point","coordinates":[128.65168057929603,36.375439456985816]}},{"type":"Feature","properties":{"id":"561","address":"안평면 석탑리 780","region":"안평면","capacity":7.7,"source":"의성군 주소 자료","management":"미기재","lat":36.386694081033184,"lng":128.63197036739405},"geometry":{"type":"Point","coordinates":[128.63197036739405,36.386694081033184]}},{"type":"Feature","properties":{"id":"562","address":"안평면 석탑리 890","region":"안평면","capacity":4.6,"source":"의성군 주소 자료","management":"미기재","lat":36.392829215195654,"lng":128.63336904607584},"geometry":{"type":"Point","coordinates":[128.63336904607584,36.392829215195654]}},{"type":"Feature","properties":{"id":"563","address":"안평면 석탑리 815","region":"안평면","capacity":9.9,"source":"의성군 주소 자료","management":"미기재","lat":36.384512763307725,"lng":128.63992611141614},"geometry":{"type":"Point","coordinates":[128.63992611141614,36.384512763307725]}},{"type":"Feature","properties":{"id":"564","address":"안평면 석탑리 1242","region":"안평면","capacity":8.1,"source":"의성군 주소 자료","management":"미기재","lat":36.403431664557615,"lng":128.6249967468907},"geometry":{"type":"Point","coordinates":[128.6249967468907,36.403431664557615]}},{"type":"Feature","properties":{"id":"565","address":"안평면 석탑리 619","region":"안평면","capacity":11.6,"source":"의성군 주소 자료","management":"미기재","lat":36.38350683600392,"lng":128.6205260563935},"geometry":{"type":"Point","coordinates":[128.6205260563935,36.38350683600392]}},{"type":"Feature","properties":{"id":"566","address":"안평면 신월리 317-1유","region":"안평면","capacity":5.4,"source":"의성군 주소 자료","management":"미기재","lat":36.35750914695844,"lng":128.63852435342815},"geometry":{"type":"Point","coordinates":[128.63852435342815,36.35750914695844]}},{"type":"Feature","properties":{"id":"567","address":"안평면 신월리 512","region":"안평면","capacity":2.2,"source":"의성군 주소 자료","management":"미기재","lat":36.3601451359648,"lng":128.6375100910562},"geometry":{"type":"Point","coordinates":[128.6375100910562,36.3601451359648]}},{"type":"Feature","properties":{"id":"568","address":"안평면 신월리 27","region":"안평면","capacity":8.1,"source":"의성군 주소 자료","management":"미기재","lat":36.3685473825021,"lng":128.6489947171807},"geometry":{"type":"Point","coordinates":[128.6489947171807,36.3685473825021]}},{"type":"Feature","properties":{"id":"569","address":"안평면 신월리 813","region":"안평면","capacity":6.8,"source":"의성군 주소 자료","management":"미기재","lat":36.3672180298569,"lng":128.62896788921736},"geometry":{"type":"Point","coordinates":[128.62896788921736,36.3672180298569]}},{"type":"Feature","properties":{"id":"570","address":"안평면 신월리 250-1","region":"안평면","capacity":8.0,"source":"의성군 주소 자료","management":"미기재","lat":36.35313715400528,"lng":128.64849164692745},"geometry":{"type":"Point","coordinates":[128.64849164692745,36.35313715400528]}},{"type":"Feature","properties":{"id":"571","address":"안평면 신월리 1055","region":"안평면","capacity":24.7,"source":"의성군 주소 자료","management":"미기재","lat":36.37599769490223,"lng":128.6274014121537},"geometry":{"type":"Point","coordinates":[128.6274014121537,36.37599769490223]}},{"type":"Feature","properties":{"id":"572","address":"안평면 신월리 49-2","region":"안평면","capacity":16.4,"source":"의성군 주소 자료","management":"미기재","lat":36.36561773182165,"lng":128.6497351048916},"geometry":{"type":"Point","coordinates":[128.6497351048916,36.36561773182165]}},{"type":"Feature","properties":{"id":"573","address":"안평면 신월리 988","region":"안평면","capacity":2.9,"source":"의성군 주소 자료","management":"미기재","lat":36.37119129427242,"lng":128.6283375743664},"geometry":{"type":"Point","coordinates":[128.6283375743664,36.37119129427242]}},{"type":"Feature","properties":{"id":"574","address":"안평면 신월리 613-1","region":"안평면","capacity":5.3,"source":"의성군 주소 자료","management":"미기재","lat":36.359877248437485,"lng":128.6313995709634},"geometry":{"type":"Point","coordinates":[128.6313995709634,36.359877248437485]}},{"type":"Feature","properties":{"id":"575","address":"안평면 신월리 1181","region":"안평면","capacity":1.3,"source":"의성군 주소 자료","management":"미기재","lat":36.37000544024012,"lng":128.62675302661174},"geometry":{"type":"Point","coordinates":[128.62675302661174,36.37000544024012]}},{"type":"Feature","properties":{"id":"576","address":"안평면 신월리 1150","region":"안평면","capacity":5.8,"source":"의성군 주소 자료","management":"미기재","lat":36.373765285804,"lng":128.62259716060785},"geometry":{"type":"Point","coordinates":[128.62259716060785,36.373765285804]}},{"type":"Feature","properties":{"id":"587","address":"안평면 대사리 1159-1","region":"안평면","capacity":5.0,"source":"의성군 주소 자료","management":"미기재","lat":36.3506910855534,"lng":128.56428431567028},"geometry":{"type":"Point","coordinates":[128.56428431567028,36.3506910855534]}},{"type":"Feature","properties":{"id":"588","address":"안평면 대사리 319","region":"안평면","capacity":4.8,"source":"의성군 주소 자료","management":"미기재","lat":36.33631651775588,"lng":128.5870397092934},"geometry":{"type":"Point","coordinates":[128.5870397092934,36.33631651775588]}},{"type":"Feature","properties":{"id":"589","address":"안평면 대사리 1101","region":"안평면","capacity":13.5,"source":"의성군 주소 자료","management":"미기재","lat":36.355970554178136,"lng":128.5650359788252},"geometry":{"type":"Point","coordinates":[128.5650359788252,36.355970554178136]}},{"type":"Feature","properties":{"id":"590","address":"안평면 대사리 895","region":"안평면","capacity":24.8,"source":"의성군 주소 자료","management":"미기재","lat":36.347489152213655,"lng":128.56796291669852},"geometry":{"type":"Point","coordinates":[128.56796291669852,36.347489152213655]}},{"type":"Feature","properties":{"id":"591","address":"안평면 대사리 780","region":"안평면","capacity":6.1,"source":"의성군 주소 자료","management":"미기재","lat":36.34208204526688,"lng":128.57213156364685},"geometry":{"type":"Point","coordinates":[128.57213156364685,36.34208204526688]}},{"type":"Feature","properties":{"id":"592","address":"안평면 도옥리 829유","region":"안평면","capacity":3.2,"source":"의성군 주소 자료","management":"미기재","lat":36.35977704178739,"lng":128.58253576807428},"geometry":{"type":"Point","coordinates":[128.58253576807428,36.35977704178739]}},{"type":"Feature","properties":{"id":"593","address":"안평면 도옥리 838","region":"안평면","capacity":4.1,"source":"의성군 주소 자료","management":"미기재","lat":36.3611165855239,"lng":128.58140424414415},"geometry":{"type":"Point","coordinates":[128.58140424414415,36.3611165855239]}},{"type":"Feature","properties":{"id":"594","address":"안평면 도옥리 507유","region":"안평면","capacity":38.5,"source":"의성군 주소 자료","management":"미기재","lat":36.35008858125537,"lng":128.58744149604593},"geometry":{"type":"Point","coordinates":[128.58744149604593,36.35008858125537]}},{"type":"Feature","properties":{"id":"595","address":"안평면 도옥리 310답","region":"안평면","capacity":4.0,"source":"의성군 주소 자료","management":"미기재","lat":36.35871932497565,"lng":128.5902679947893},"geometry":{"type":"Point","coordinates":[128.5902679947893,36.35871932497565]}},{"type":"Feature","properties":{"id":"596","address":"안평면 마전리 459유","region":"안평면","capacity":2.8,"source":"의성군 주소 자료","management":"미기재","lat":36.36281309104425,"lng":128.56202000400808},"geometry":{"type":"Point","coordinates":[128.56202000400808,36.36281309104425]}},{"type":"Feature","properties":{"id":"597","address":"안평면 마전리 419유","region":"안평면","capacity":13.3,"source":"의성군 주소 자료","management":"미기재","lat":36.37047720042145,"lng":128.5698944699664},"geometry":{"type":"Point","coordinates":[128.5698944699664,36.37047720042145]}},{"type":"Feature","properties":{"id":"598","address":"안평면 마전리 616유","region":"안평면","capacity":3.6,"source":"의성군 주소 자료","management":"미기재","lat":36.35986155060244,"lng":128.56102526815732},"geometry":{"type":"Point","coordinates":[128.56102526815732,36.35986155060244]}},{"type":"Feature","properties":{"id":"599","address":"안평면 기도리 1235유","region":"안평면","capacity":93.8,"source":"의성군 주소 자료","management":"미기재","lat":36.37899750817124,"lng":128.5529384650663},"geometry":{"type":"Point","coordinates":[128.5529384650663,36.37899750817124]}},{"type":"Feature","properties":{"id":"600","address":"안평면 기도리 503유","region":"안평면","capacity":2.4,"source":"의성군 주소 자료","management":"미기재","lat":36.37343209791775,"lng":128.57268368179743},"geometry":{"type":"Point","coordinates":[128.57268368179743,36.37343209791775]}},{"type":"Feature","properties":{"id":"601","address":"안평면 기도리 1123유","region":"안평면","capacity":1.3,"source":"의성군 주소 자료","management":"미기재","lat":36.37519104232888,"lng":128.55739792083716},"geometry":{"type":"Point","coordinates":[128.55739792083716,36.37519104232888]}},{"type":"Feature","properties":{"id":"602","address":"안평면 금곡리 869-1유","region":"안평면","capacity":8.5,"source":"의성군 주소 자료","management":"미기재","lat":36.41929222331867,"lng":128.52432867993488},"geometry":{"type":"Point","coordinates":[128.52432867993488,36.41929222331867]}},{"type":"Feature","properties":{"id":"603","address":"안평면 금곡리 493-1","region":"안평면","capacity":6.8,"source":"의성군 주소 자료","management":"미기재","lat":36.396084795371905,"lng":128.52753154754913},"geometry":{"type":"Point","coordinates":[128.52753154754913,36.396084795371905]}},{"type":"Feature","properties":{"id":"604","address":"안평면 금곡리 379","region":"안평면","capacity":4.2,"source":"의성군 주소 자료","management":"미기재","lat":36.40577532475074,"lng":128.54195586283413},"geometry":{"type":"Point","coordinates":[128.54195586283413,36.40577532475074]}},{"type":"Feature","properties":{"id":"605","address":"안평면 금곡리 470","region":"안평면","capacity":25.9,"source":"의성군 주소 자료","management":"미기재","lat":36.3943876986557,"lng":128.53901160718513},"geometry":{"type":"Point","coordinates":[128.53901160718513,36.3943876986557]}},{"type":"Feature","properties":{"id":"606","address":"안평면 금곡리 306유","region":"안평면","capacity":6.6,"source":"의성군 주소 자료","management":"미기재","lat":36.39614582619041,"lng":128.54869839423466},"geometry":{"type":"Point","coordinates":[128.54869839423466,36.39614582619041]}},{"type":"Feature","properties":{"id":"607","address":"안평면 금곡리 148유","region":"안평면","capacity":1.3,"source":"의성군 주소 자료","management":"미기재","lat":36.401690644651076,"lng":128.5540025736003},"geometry":{"type":"Point","coordinates":[128.5540025736003,36.401690644651076]}},{"type":"Feature","properties":{"id":"608","address":"안평면 금곡리 626답","region":"안평면","capacity":2.8,"source":"의성군 주소 자료","management":"미기재","lat":36.40782825393061,"lng":128.53366932387866},"geometry":{"type":"Point","coordinates":[128.53366932387866,36.40782825393061]}},{"type":"Feature","properties":{"id":"609","address":"안평면 하령리 50-1","region":"안평면","capacity":12.5,"source":"의성군 주소 자료","management":"미기재","lat":36.40683265665591,"lng":128.5721521598129},"geometry":{"type":"Point","coordinates":[128.5721521598129,36.40683265665591]}},{"type":"Feature","properties":{"id":"610","address":"안평면 하령리 131유","region":"안평면","capacity":3.8,"source":"의성군 주소 자료","management":"미기재","lat":36.40389617232487,"lng":128.57276185187305},"geometry":{"type":"Point","coordinates":[128.57276185187305,36.40389617232487]}},{"type":"Feature","properties":{"id":"611","address":"안평면 삼춘리 131-2","region":"안평면","capacity":5.4,"source":"의성군 주소 자료","management":"미기재","lat":36.43426138939394,"lng":128.58032090664244},"geometry":{"type":"Point","coordinates":[128.58032090664244,36.43426138939394]}},{"type":"Feature","properties":{"id":"612","address":"안평면 삼춘리 468유","region":"안평면","capacity":4.3,"source":"의성군 주소 자료","management":"미기재","lat":36.44262492197193,"lng":128.56856857696965},"geometry":{"type":"Point","coordinates":[128.56856857696965,36.44262492197193]}},{"type":"Feature","properties":{"id":"613","address":"안평면 삼춘리 1077유","region":"안평면","capacity":17.4,"source":"의성군 주소 자료","management":"미기재","lat":36.43316841580591,"lng":128.54190606971443},"geometry":{"type":"Point","coordinates":[128.54190606971443,36.43316841580591]}},{"type":"Feature","properties":{"id":"614","address":"안평면 삼춘리 998유","region":"안평면","capacity":49.2,"source":"의성군 주소 자료","management":"미기재","lat":36.41880948372674,"lng":128.55272671055644},"geometry":{"type":"Point","coordinates":[128.55272671055644,36.41880948372674]}},{"type":"Feature","properties":{"id":"615","address":"안평면 삼춘리 508유","region":"안평면","capacity":2.0,"source":"의성군 주소 자료","management":"미기재","lat":36.440735090597876,"lng":128.5621962228671},"geometry":{"type":"Point","coordinates":[128.5621962228671,36.440735090597876]}},{"type":"Feature","properties":{"id":"616","address":"안사면 중하리 502유","region":"안사면","capacity":11.0,"source":"의성군 주소 자료","management":"미기재","lat":36.42283511507527,"lng":128.49782851169078},"geometry":{"type":"Point","coordinates":[128.49782851169078,36.42283511507527]}},{"type":"Feature","properties":{"id":"617","address":"안사면 중하리 3유","region":"안사면","capacity":11.8,"source":"의성군 주소 자료","management":"미기재","lat":36.392616921483295,"lng":128.51255146243344},"geometry":{"type":"Point","coordinates":[128.51255146243344,36.392616921483295]}},{"type":"Feature","properties":{"id":"618","address":"안사면 중하리 883유","region":"안사면","capacity":27.0,"source":"의성군 주소 자료","management":"미기재","lat":36.426512292143705,"lng":128.482589996303},"geometry":{"type":"Point","coordinates":[128.482589996303,36.426512292143705]}},{"type":"Feature","properties":{"id":"619","address":"안사면 중하리 642유","region":"안사면","capacity":13.2,"source":"의성군 주소 자료","management":"미기재","lat":36.40269997982811,"lng":128.49103296746873},"geometry":{"type":"Point","coordinates":[128.49103296746873,36.40269997982811]}},{"type":"Feature","properties":{"id":"620","address":"안사면 중하리 1100유","region":"안사면","capacity":9.4,"source":"의성군 주소 자료","management":"미기재","lat":36.416322625293276,"lng":128.48028937681775},"geometry":{"type":"Point","coordinates":[128.48028937681775,36.416322625293276]}},{"type":"Feature","properties":{"id":"621","address":"안사면 안사리 391유","region":"안사면","capacity":7.0,"source":"의성군 주소 자료","management":"미기재","lat":36.433762110420645,"lng":128.46977009979852},"geometry":{"type":"Point","coordinates":[128.46977009979852,36.433762110420645]}},{"type":"Feature","properties":{"id":"622","address":"안사면 안사리 407유","region":"안사면","capacity":4.0,"source":"의성군 주소 자료","management":"미기재","lat":36.43322806817831,"lng":128.4743542880928},"geometry":{"type":"Point","coordinates":[128.4743542880928,36.43322806817831]}},{"type":"Feature","properties":{"id":"623","address":"안사면 안사리 303유","region":"안사면","capacity":31.7,"source":"의성군 주소 자료","management":"미기재","lat":36.44247850316003,"lng":128.4702577497309},"geometry":{"type":"Point","coordinates":[128.4702577497309,36.44247850316003]}},{"type":"Feature","properties":{"id":"624","address":"안사면 안사리 25유","region":"안사면","capacity":4.5,"source":"의성군 주소 자료","management":"미기재","lat":36.44256970860667,"lng":128.48980964972523},"geometry":{"type":"Point","coordinates":[128.48980964972523,36.44256970860667]}},{"type":"Feature","properties":{"id":"625","address":"안사면 안사리 507유","region":"안사면","capacity":8.0,"source":"의성군 주소 자료","management":"미기재","lat":36.42841772898904,"lng":128.47424110239388},"geometry":{"type":"Point","coordinates":[128.47424110239388,36.42841772898904]}},{"type":"Feature","properties":{"id":"626","address":"안사면 안사리 329 유","region":"안사면","capacity":7.7,"source":"의성군 주소 자료","management":"미기재","lat":36.44384896654302,"lng":128.47311634614826},"geometry":{"type":"Point","coordinates":[128.47311634614826,36.44384896654302]}},{"type":"Feature","properties":{"id":"627","address":"안사면 만리리 595-2답","region":"안사면","capacity":2.1,"source":"의성군 주소 자료","management":"미기재","lat":36.44387600351705,"lng":128.45620947985884},"geometry":{"type":"Point","coordinates":[128.45620947985884,36.44387600351705]}},{"type":"Feature","properties":{"id":"628","address":"안사면 만리리 546유","region":"안사면","capacity":5.1,"source":"의성군 주소 자료","management":"미기재","lat":36.44242201569998,"lng":128.4535169037991},"geometry":{"type":"Point","coordinates":[128.4535169037991,36.44242201569998]}},{"type":"Feature","properties":{"id":"629","address":"안사면 만리리 16임","region":"안사면","capacity":15.0,"source":"의성군 주소 자료","management":"미기재","lat":36.457533577149746,"lng":128.46233187017225},"geometry":{"type":"Point","coordinates":[128.46233187017225,36.457533577149746]}},{"type":"Feature","properties":{"id":"630","address":"안사면 만리리 1002-1유","region":"안사면","capacity":13.8,"source":"의성군 주소 자료","management":"미기재","lat":36.45069489315422,"lng":128.4355464503793},"geometry":{"type":"Point","coordinates":[128.4355464503793,36.45069489315422]}},{"type":"Feature","properties":{"id":"631","address":"안사면 만리리 943유","region":"안사면","capacity":21.0,"source":"의성군 주소 자료","management":"미기재","lat":36.439491202001825,"lng":128.44180843158856},"geometry":{"type":"Point","coordinates":[128.44180843158856,36.439491202001825]}},{"type":"Feature","properties":{"id":"632","address":"안사면 만리리 580-1","region":"안사면","capacity":25.0,"source":"의성군 주소 자료","management":"미기재","lat":36.44173690185602,"lng":128.45724016785655},"geometry":{"type":"Point","coordinates":[128.45724016785655,36.44173690185602]}},{"type":"Feature","properties":{"id":"633","address":"안사면 신수리 산120임","region":"안사면","capacity":5.9,"source":"의성군 주소 자료","management":"미기재","lat":36.4608640631656,"lng":128.43662611561203},"geometry":{"type":"Point","coordinates":[128.43662611561203,36.4608640631656]}},{"type":"Feature","properties":{"id":"634","address":"안사면 신수리 33유","region":"안사면","capacity":9.2,"source":"의성군 주소 자료","management":"미기재","lat":36.47799105534306,"lng":128.45838669399132},"geometry":{"type":"Point","coordinates":[128.45838669399132,36.47799105534306]}},{"type":"Feature","properties":{"id":"635","address":"안사면 신수리 84답","region":"안사면","capacity":2.2,"source":"의성군 주소 자료","management":"미기재","lat":36.4796617281936,"lng":128.4469701001508},"geometry":{"type":"Point","coordinates":[128.4469701001508,36.4796617281936]}},{"type":"Feature","properties":{"id":"636","address":"안사면 월소리 251-3유","region":"안사면","capacity":2.6,"source":"의성군 주소 자료","management":"미기재","lat":36.496575270950146,"lng":128.43273149454947},"geometry":{"type":"Point","coordinates":[128.43273149454947,36.496575270950146]}},{"type":"Feature","properties":{"id":"637","address":"안사면 월소리 136-1유","region":"안사면","capacity":12.3,"source":"의성군 주소 자료","management":"미기재","lat":36.49317200304702,"lng":128.43625114031656},"geometry":{"type":"Point","coordinates":[128.43625114031656,36.49317200304702]}},{"type":"Feature","properties":{"id":"638","address":"안사면 월소리 1000유","region":"안사면","capacity":16.5,"source":"의성군 주소 자료","management":"미기재","lat":36.49961504753622,"lng":128.41203974228304},"geometry":{"type":"Point","coordinates":[128.41203974228304,36.49961504753622]}},{"type":"Feature","properties":{"id":"639","address":"안사면 월소리 366유","region":"안사면","capacity":15.0,"source":"의성군 주소 자료","management":"미기재","lat":36.4910648673475,"lng":128.42711732964418},"geometry":{"type":"Point","coordinates":[128.42711732964418,36.4910648673475]}},{"type":"Feature","properties":{"id":"640","address":"안사면 월소리 541","region":"안사면","capacity":7.2,"source":"의성군 주소 자료","management":"미기재","lat":36.47379460279585,"lng":128.43436534807935},"geometry":{"type":"Point","coordinates":[128.43436534807935,36.47379460279585]}},{"type":"Feature","properties":{"id":"641","address":"안사면 월소리 521구","region":"안사면","capacity":15.0,"source":"의성군 주소 자료","management":"미기재","lat":36.47571646380349,"lng":128.43264904567934},"geometry":{"type":"Point","coordinates":[128.43264904567934,36.47571646380349]}},{"type":"Feature","properties":{"id":"642","address":"안사면 쌍호리 368유","region":"안사면","capacity":10.0,"source":"의성군 주소 자료","management":"미기재","lat":36.5075733215551,"lng":128.424026834381},"geometry":{"type":"Point","coordinates":[128.424026834381,36.5075733215551]}},{"type":"Feature","properties":{"id":"643","address":"단촌면 후평리 188-01","region":"단촌면","capacity":35.0,"source":"의성군 주소 자료","management":"미기재","lat":36.44017004658488,"lng":128.72070796032853},"geometry":{"type":"Point","coordinates":[128.72070796032853,36.44017004658488]}},{"type":"Feature","properties":{"id":"644","address":"점곡면 동변리 524","region":"점곡면","capacity":798.5,"source":"의성군 주소 자료","management":"미기재","lat":36.44087851869835,"lng":128.78901674905714},"geometry":{"type":"Point","coordinates":[128.78901674905714,36.44087851869835]}},{"type":"Feature","properties":{"id":"645","address":"점곡면 사촌리 496","region":"점곡면","capacity":6.7,"source":"의성군 주소 자료","management":"미기재","lat":36.431071556826225,"lng":128.7527986759378},"geometry":{"type":"Point","coordinates":[128.7527986759378,36.431071556826225]}},{"type":"Feature","properties":{"id":"646","address":"점곡면 송내리 66","region":"점곡면","capacity":20.5,"source":"의성군 주소 자료","management":"미기재","lat":36.432063763263734,"lng":128.74718998237265},"geometry":{"type":"Point","coordinates":[128.74718998237265,36.432063763263734]}},{"type":"Feature","properties":{"id":"647","address":"점곡면 윤암리 112","region":"점곡면","capacity":4.0,"source":"의성군 주소 자료","management":"미기재","lat":36.41339091672739,"lng":128.78641341874837},"geometry":{"type":"Point","coordinates":[128.78641341874837,36.41339091672739]}},{"type":"Feature","properties":{"id":"656","address":"가음면 양지리 164","region":"가음면","capacity":4703.87,"source":"의성군 주소 자료","management":"미기재","lat":36.23147715137333,"lng":128.74124039204702},"geometry":{"type":"Point","coordinates":[128.74124039204702,36.23147715137333]}},{"type":"Feature","properties":{"id":"657","address":"구천면 위성리 210","region":"구천면","capacity":159.0,"source":"의성군 주소 자료","management":"미기재","lat":36.338800563117594,"lng":128.4584516629637},"geometry":{"type":"Point","coordinates":[128.4584516629637,36.338800563117594]}},{"type":"Feature","properties":{"id":"658","address":"구천면 노연리 185","region":"구천면","capacity":3597.0,"source":"의성군 주소 자료","management":"미기재","lat":36.341327468708606,"lng":128.43578835561908},"geometry":{"type":"Point","coordinates":[128.43578835561908,36.341327468708606]}},{"type":"Feature","properties":{"id":"659","address":"단밀면 위중리 1219","region":"단밀면","capacity":828.0,"source":"의성군 주소 자료","management":"미기재","lat":36.3619187238998,"lng":128.37588225456048},"geometry":{"type":"Point","coordinates":[128.37588225456048,36.3619187238998]}},{"type":"Feature","properties":{"id":"660","address":"단북면 노연리 396","region":"단북면","capacity":8.0,"source":"의성군 주소 자료","management":"미기재","lat":36.39116816539203,"lng":128.4266283152434},"geometry":{"type":"Point","coordinates":[128.4266283152434,36.39116816539203]}},{"type":"Feature","properties":{"id":"661","address":"단북면 정안리 478","region":"단북면","capacity":49.0,"source":"의성군 주소 자료","management":"미기재","lat":36.402881705123875,"lng":128.4206222861686},"geometry":{"type":"Point","coordinates":[128.4206222861686,36.402881705123875]}},{"type":"Feature","properties":{"id":"662","address":"단북면 정안리 935-01","region":"단북면","capacity":20.0,"source":"의성군 주소 자료","management":"미기재","lat":36.38735878103263,"lng":128.41125723579302},"geometry":{"type":"Point","coordinates":[128.41125723579302,36.38735878103263]}},{"type":"Feature","properties":{"id":"666","address":"단북면 효제리 485","region":"단북면","capacity":6.0,"source":"의성군 주소 자료","management":"미기재","lat":36.40424206544172,"lng":128.38377260962156},"geometry":{"type":"Point","coordinates":[128.38377260962156,36.40424206544172]}},{"type":"Feature","properties":{"id":"667","address":"단북면 성암리 843","region":"단북면","capacity":8.0,"source":"의성군 주소 자료","management":"미기재","lat":36.40372360370206,"lng":128.37560382129388},"geometry":{"type":"Point","coordinates":[128.37560382129388,36.40372360370206]}},{"type":"Feature","properties":{"id":"668","address":"안계면 용기리 169","region":"안계면","capacity":32.0,"source":"의성군 주소 자료","management":"미기재","lat":36.39403450972693,"lng":128.44679833436777},"geometry":{"type":"Point","coordinates":[128.44679833436777,36.39403450972693]}},{"type":"Feature","properties":{"id":"669","address":"안계면 봉양리 851","region":"안계면","capacity":1271.0,"source":"의성군 주소 자료","management":"미기재","lat":36.383921300056,"lng":128.45891417818675},"geometry":{"type":"Point","coordinates":[128.45891417818675,36.383921300056]}},{"type":"Feature","properties":{"id":"670","address":"안계면 시안리 357","region":"안계면","capacity":20.0,"source":"의성군 주소 자료","management":"미기재","lat":36.394771330867336,"lng":128.42899010209575},"geometry":{"type":"Point","coordinates":[128.42899010209575,36.394771330867336]}},{"type":"Feature","properties":{"id":"671","address":"안계면 시안리 185","region":"안계면","capacity":23.9,"source":"의성군 주소 자료","management":"미기재","lat":36.40790022906773,"lng":128.42822700243428},"geometry":{"type":"Point","coordinates":[128.42822700243428,36.40790022906773]}},{"type":"Feature","properties":{"id":"672","address":"안계면 양곡리 413","region":"안계면","capacity":32.0,"source":"의성군 주소 자료","management":"미기재","lat":36.40663838524833,"lng":128.43802473534336},"geometry":{"type":"Point","coordinates":[128.43802473534336,36.40663838524833]}},{"type":"Feature","properties":{"id":"673","address":"안계면 시안리 295","region":"안계면","capacity":23.0,"source":"의성군 주소 자료","management":"미기재","lat":36.39939143924987,"lng":128.4307019650277},"geometry":{"type":"Point","coordinates":[128.4307019650277,36.39939143924987]}},{"type":"Feature","properties":{"id":"674","address":"다인면 산내리 167","region":"다인면","capacity":27.0,"source":"의성군 주소 자료","management":"미기재","lat":36.429825794594365,"lng":128.3377051329773},"geometry":{"type":"Point","coordinates":[128.3377051329773,36.429825794594365]}},{"type":"Feature","properties":{"id":"675","address":"다인면 가원리 1279-1","region":"다인면","capacity":18.0,"source":"의성군 주소 자료","management":"미기재","lat":36.42747744067815,"lng":128.3438199333226},"geometry":{"type":"Point","coordinates":[128.3438199333226,36.42747744067815]}},{"type":"Feature","properties":{"id":"676","address":"다인면 송호리 24","region":"다인면","capacity":9.1,"source":"의성군 주소 자료","management":"미기재","lat":36.45079013997401,"lng":128.38705195625863},"geometry":{"type":"Point","coordinates":[128.38705195625863,36.45079013997401]}},{"type":"Feature","properties":{"id":"677","address":"다인면 도암리 999","region":"다인면","capacity":15.0,"source":"의성군 주소 자료","management":"미기재","lat":36.455485748886424,"lng":128.34839617017812},"geometry":{"type":"Point","coordinates":[128.34839617017812,36.455485748886424]}},{"type":"Feature","properties":{"id":"678","address":"다인면 도암리 539-01","region":"다인면","capacity":21.0,"source":"의성군 주소 자료","management":"미기재","lat":36.46034123085993,"lng":128.36123047079033},"geometry":{"type":"Point","coordinates":[128.36123047079033,36.46034123085993]}},{"type":"Feature","properties":{"id":"679","address":"다인면 도암리 61","region":"다인면","capacity":615.0,"source":"의성군 주소 자료","management":"미기재","lat":36.46054502829467,"lng":128.3670570200263},"geometry":{"type":"Point","coordinates":[128.3670570200263,36.46054502829467]}},{"type":"Feature","properties":{"id":"680","address":"다인면 덕지리 521","region":"다인면","capacity":3.3,"source":"의성군 주소 자료","management":"미기재","lat":36.44680112303413,"lng":128.33378029355035},"geometry":{"type":"Point","coordinates":[128.33378029355035,36.44680112303413]}},{"type":"Feature","properties":{"id":"681","address":"다인면 삼분리 650","region":"다인면","capacity":97.5,"source":"의성군 주소 자료","management":"미기재","lat":36.422714348753395,"lng":128.41227525315443},"geometry":{"type":"Point","coordinates":[128.41227525315443,36.422714348753395]}},{"type":"Feature","properties":{"id":"682","address":"다인면 삼분리 1073","region":"다인면","capacity":25.0,"source":"의성군 주소 자료","management":"미기재","lat":36.4213635294153,"lng":128.40532698659334},"geometry":{"type":"Point","coordinates":[128.40532698659334,36.4213635294153]}},{"type":"Feature","properties":{"id":"683","address":"다인면 삼분리 1814","region":"다인면","capacity":35.0,"source":"의성군 주소 자료","management":"미기재","lat":36.42020146700119,"lng":128.3898865424606},"geometry":{"type":"Point","coordinates":[128.3898865424606,36.42020146700119]}},{"type":"Feature","properties":{"id":"684","address":"다인면 삼분리 1351","region":"다인면","capacity":9.8,"source":"의성군 주소 자료","management":"미기재","lat":36.42936359435605,"lng":128.39931588267655},"geometry":{"type":"Point","coordinates":[128.39931588267655,36.42936359435605]}},{"type":"Feature","properties":{"id":"685","address":"다인면 삼분리 1310-01","region":"다인면","capacity":35.0,"source":"의성군 주소 자료","management":"미기재","lat":36.43055070507012,"lng":128.40718733461298},"geometry":{"type":"Point","coordinates":[128.40718733461298,36.43055070507012]}},{"type":"Feature","properties":{"id":"686","address":"다인면 외정리 496","region":"다인면","capacity":38.0,"source":"의성군 주소 자료","management":"미기재","lat":36.43540400937311,"lng":128.38356675042039},"geometry":{"type":"Point","coordinates":[128.38356675042039,36.43540400937311]}},{"type":"Feature","properties":{"id":"687","address":"다인면 외정리 107-01","region":"다인면","capacity":9.0,"source":"의성군 주소 자료","management":"미기재","lat":36.437786535024024,"lng":128.39719196310875},"geometry":{"type":"Point","coordinates":[128.39719196310875,36.437786535024024]}},{"type":"Feature","properties":{"id":"688","address":"다인면 외정리 232","region":"다인면","capacity":12.0,"source":"의성군 주소 자료","management":"미기재","lat":36.44294889996663,"lng":128.3864329503481},"geometry":{"type":"Point","coordinates":[128.3864329503481,36.44294889996663]}},{"type":"Feature","properties":{"id":"689","address":"다인면 달제리 484","region":"다인면","capacity":53.0,"source":"의성군 주소 자료","management":"미기재","lat":36.443356058435434,"lng":128.4040390667984},"geometry":{"type":"Point","coordinates":[128.4040390667984,36.443356058435434]}},{"type":"Feature","properties":{"id":"690","address":"다인면 외정리 295","region":"다인면","capacity":9.0,"source":"의성군 주소 자료","management":"미기재","lat":36.442975601552234,"lng":128.39188704766755},"geometry":{"type":"Point","coordinates":[128.39188704766755,36.442975601552234]}},{"type":"Feature","properties":{"id":"691","address":"다인면 신락리 137","region":"다인면","capacity":41.0,"source":"의성군 주소 자료","management":"미기재","lat":36.42405682992456,"lng":128.38144781391756},"geometry":{"type":"Point","coordinates":[128.38144781391756,36.42405682992456]}},{"type":"Feature","properties":{"id":"692","address":"다인면 신락리 63","region":"다인면","capacity":3.2,"source":"의성군 주소 자료","management":"미기재","lat":36.41714240974989,"lng":128.38093525439163},"geometry":{"type":"Point","coordinates":[128.38093525439163,36.41714240974989]}},{"type":"Feature","properties":{"id":"693","address":"안평면 삼춘리 147-1","region":"안평면","capacity":223.0,"source":"의성군 주소 자료","management":"미기재","lat":36.42502934737549,"lng":128.58207399344482},"geometry":{"type":"Point","coordinates":[128.58207399344482,36.42502934737549]}},{"type":"Feature","properties":{"id":"695","address":"안사면 중하리 126","region":"안사면","capacity":913.2,"source":"의성군 주소 자료","management":"미기재","lat":36.40112029253525,"lng":128.50777822798813},"geometry":{"type":"Point","coordinates":[128.50777822798813,36.40112029253525]}},{"type":"Feature","properties":{"id":"696","address":"비안면 현산리 250-1","region":"비안면","capacity":372.87,"source":"의성군 주소 자료","management":"미기재","lat":36.34520996128531,"lng":128.52612597954675},"geometry":{"type":"Point","coordinates":[128.52612597954675,36.34520996128531]}}]}