{
"type": "FeatureCollection",
"name": "ponds_accessibility",
"crs": { "type": "name", "properties": { "name": "urn:ogc:def:crs:OGC:1.3:CRS84" } },
"features": [
{ "type": "Feature", "properties": { "id": "1", "address": "의성읍 중리리 82유", "region": "의성읍", "capacity": 12.4, "source": "의성군 주소 자료", "management": "미기재", "lat": 36.352717425473422, "lng": 128.69717253065059, "pond_id": "1", "nearest_road_m": 36.658639573716691, "distance_to_road_m": 36.658639573716691, "road_access_status": "AVAILABLE", "road_source_year": null, "accessibility_class": "0–100m" }, "geometry": { "type": "Point", "coordinates": [ 128.69717256022372, 36.352717386064384 ] } },
{ "type": "Feature", "properties": { "id": "2", "address": "의성읍 중리리 237-1유", "region": "의성읍", "capacity": 4.3, "source": "의성군 주소 자료", "management": "미기재", "lat": 36.352717425473422, "lng": 128.69717253065059, "pond_id": "2", "nearest_road_m": 36.658639573716691, "distance_to_road_m": 36.658639573716691, "road_access_status": "AVAILABLE", "road_source_year": null, "accessibility_class": "0–100m" }, "geometry": { "type": "Point", "coordinates": [ 128.69717256022372, 36.352717386064384 ] } },
{ "type": "Feature", "properties": { "id": "3", "address": "의성읍 중리리 산 46-2 임", "region": "의성읍", "capacity": 2.2, "source": "의성군 주소 자료", "management": "미기재", "lat": 36.352717425473422, "lng": 128.69717253065059, "pond_id": "3", "nearest_road_m": 36.658639573716691, "distance_to_road_m": 36.658639573716691, "road_access_status": "AVAILABLE", "road_source_year": null, "accessibility_class": "0–100m" }, "geometry": { "type": "Point", "coordinates": [ 128.69717256022372, 36.352717386064384 ] } },
{ "type": "Feature", "properties": { "id": "4", "address": "의성읍 중리리 산60-5구", "region": "의성읍", "capacity": 2.0, "source": "의성군 주소 자료", "management": "미기재", "lat": 36.352717425473422, "lng": 128.69717253065059, "pond_id": "4", "nearest_road_m": 36.658639573716691, "distance_to_road_m": 36.658639573716691, "road_access_status": "AVAILABLE", "road_source_year": null, "accessibility_class": "0–100m" }, "geometry": { "type": "Point", "coordinates": [ 128.69717256022372, 36.352717386064384 ] } },
{ "type": "Feature", "properties": { "id": "5", "address": "의성읍 상리리 43유", "region": "의성읍", "capacity": 9.3, "source": "의성군 주소 자료", "management": "미기재", "lat": 36.352717425473422, "lng": 128.69717253065059, "pond_id": "5", "nearest_road_m": 36.658639573716691, "distance_to_road_m": 36.658639573716691, "road_access_status": "AVAILABLE", "road_source_year": null, "accessibility_class": "0–100m" }, "geometry": { "type": "Point", "coordinates": [ 128.69717256022372, 36.352717386064384 ] } },
{ "type": "Feature", "properties": { "id": "6", "address": "의성읍 상리리 50-3유", "region": "의성읍", "capacity": 1.1, "source": "의성군 주소 자료", "management": "미기재", "lat": 36.352717425473422, "lng": 128.69717253065059, "pond_id": "6", "nearest_road_m": 36.658639573716691, "distance_to_road_m": 36.658639573716691, "road_access_status": "AVAILABLE", "road_source_year": null, "accessibility_class": "0–100m" }, "geometry": { "type": "Point", "coordinates": [ 128.69717256022372, 36.352717386064384 ] } },
{ "type": "Feature", "properties": { "id": "7", "address": "의성읍 상리리 16-1유", "region": "의성읍", "capacity": 15.6, "source": "의성군 주소 자료", "management": "미기재", "lat": 36.352717425473422, "lng": 128.69717253065059, "pond_id": "7", "nearest_road_m": 36.658639573716691, "distance_to_road_m": 36.658639573716691, "road_access_status": "AVAILABLE", "road_source_year": null, "accessibility_class": "0–100m" }, "geometry": { "type": "Point", "coordinates": [ 128.69717256022372, 36.352717386064384 ] } },
{ "type": "Feature", "properties": { "id": "8", "address": "의성읍 상리리 296답", "region": "의성읍", "capacity": 1.0, "source": "의성군 주소 자료", "management": "미기재", "lat": 36.352717425473422, "lng": 128.69717253065059, "pond_id": "8", "nearest_road_m": 36.658639573716691, "distance_to_road_m": 36.658639573716691, "road_access_status": "AVAILABLE", "road_source_year": null, "accessibility_class": "0–100m" }, "geometry": { "type": "Point", "coordinates": [ 128.69717256022372, 36.352717386064384 ] } },
{ "type": "Feature", "properties": { "id": "9", "address": "의성읍 도동리 27유", "region": "의성읍", "capacity": 13.5, "source": "의성군 주소 자료", "management": "미기재", "lat": 36.352717425473422, "lng": 128.69717253065059, "pond_id": "9", "nearest_road_m": 36.658639573716691, "distance_to_road_m": 36.658639573716691, "road_access_status": "AVAILABLE", "road_source_year": null, "accessibility_class": "0–100m" }, "geometry": { "type": "Point", "coordinates": [ 128.69717256022372, 36.352717386064384 ] } },
{ "type": "Feature", "properties": { "id": "10", "address": "의성읍 오로리 716-1유", "region": "의성읍", "capacity": 165.0, "source": "의성군 주소 자료", "management": "미기재", "lat": 36.352717425473422, "lng": 128.69717253065059, "pond_id": "10", "nearest_road_m": 36.658639573716691, "distance_to_road_m": 36.658639573716691, "road_access_status": "AVAILABLE", "road_source_year": null, "accessibility_class": "0–100m" }, "geometry": { "type": "Point", "coordinates": [ 128.69717256022372, 36.352717386064384 ] } },
{ "type": "Feature", "properties": { "id": "11", "address": "의성읍 오로리 895유", "region": "의성읍", "capacity": 15.0, "source": "의성군 주소 자료", "management": "미기재", "lat": 36.352717425473422, "lng": 128.69717253065059, "pond_id": "11", "nearest_road_m": 36.658639573716691, "distance_to_road_m": 36.658639573716691, "road_access_status": "AVAILABLE", "road_source_year": null, "accessibility_class": "0–100m" }, "geometry": { "type": "Point", "coordinates": [ 128.69717256022372, 36.352717386064384 ] } },
{ "type": "Feature", "properties": { "id": "12", "address": "의성읍 비봉리 570-1유", "region": "의성읍", "capacity": 40.0, "source": "의성군 주소 자료", "management": "미기재", "lat": 36.352717425473422, "lng": 128.69717253065059, "pond_id": "12", "nearest_road_m": 36.658639573716691, "distance_to_road_m": 36.658639573716691, "road_access_status": "AVAILABLE", "road_source_year": null, "accessibility_class": "0–100m" }, "geometry": { "type": "Point", "coordinates": [ 128.69717256022372, 36.352717386064384 ] } },
{ "type": "Feature", "properties": { "id": "13", "address": "의성읍 비봉리 1009유", "region": "의성읍", "capacity": 19.0, "source": "의성군 주소 자료", "management": "미기재", "lat": 36.352717425473422, "lng": 128.69717253065059, "pond_id": "13", "nearest_road_m": 36.658639573716691, "distance_to_road_m": 36.658639573716691, "road_access_status": "AVAILABLE", "road_source_year": null, "accessibility_class": "0–100m" }, "geometry": { "type": "Point", "coordinates": [ 128.69717256022372, 36.352717386064384 ] } },
{ "type": "Feature", "properties": { "id": "14", "address": "의성읍 비봉리 105-1유", "region": "의성읍", "capacity": 9.9, "source": "의성군 주소 자료", "management": "미기재", "lat": 36.352717425473422, "lng": 128.69717253065059, "pond_id": "14", "nearest_road_m": 36.658639573716691, "distance_to_road_m": 36.658639573716691, "road_access_status": "AVAILABLE", "road_source_year": null, "accessibility_class": "0–100m" }, "geometry": { "type": "Point", "coordinates": [ 128.69717256022372, 36.352717386064384 ] } },
{ "type": "Feature", "properties": { "id": "15", "address": "의성읍 비봉리 360유", "region": "의성읍", "capacity": 7.0, "source": "의성군 주소 자료", "management": "미기재", "lat": 36.352717425473422, "lng": 128.69717253065059, "pond_id": "15", "nearest_road_m": 36.658639573716691, "distance_to_road_m": 36.658639573716691, "road_access_status": "AVAILABLE", "road_source_year": null, "accessibility_class": "0–100m" }, "geometry": { "type": "Point", "coordinates": [ 128.69717256022372, 36.352717386064384 ] } },
{ "type": "Feature", "properties": { "id": "16", "address": "의성읍 비봉리 697유", "region": "의성읍", "capacity": 0.44, "source": "의성군 주소 자료", "management": "미기재", "lat": 36.352717425473422, "lng": 128.69717253065059, "pond_id": "16", "nearest_road_m": 36.658639573716691, "distance_to_road_m": 36.658639573716691, "road_access_status": "AVAILABLE", "road_source_year": null, "accessibility_class": "0–100m" }, "geometry": { "type": "Point", "coordinates": [ 128.69717256022372, 36.352717386064384 ] } },
{ "type": "Feature", "properties": { "id": "17", "address": "의성읍 비봉리 535유", "region": "의성읍", "capacity": 0.56, "source": "의성군 주소 자료", "management": "미기재", "lat": 36.352717425473422, "lng": 128.69717253065059, "pond_id": "17", "nearest_road_m": 36.658639573716691, "distance_to_road_m": 36.658639573716691, "road_access_status": "AVAILABLE", "road_source_year": null, "accessibility_class": "0–100m" }, "geometry": { "type": "Point", "coordinates": [ 128.69717256022372, 36.352717386064384 ] } },
{ "type": "Feature", "properties": { "id": "18", "address": "의성읍 비봉리 894-3유", "region": "의성읍", "capacity": 0.4, "source": "의성군 주소 자료", "management": "미기재", "lat": 36.352717425473422, "lng": 128.69717253065059, "pond_id": "18", "nearest_road_m": 36.658639573716691, "distance_to_road_m": 36.658639573716691, "road_access_status": "AVAILABLE", "road_source_year": null, "accessibility_class": "0–100m" }, "geometry": { "type": "Point", "coordinates": [ 128.69717256022372, 36.352717386064384 ] } },
{ "type": "Feature", "properties": { "id": "19", "address": "의성읍 팔성리 449", "region": "의성읍", "capacity": 2.0, "source": "의성군 주소 자료", "management": "미기재", "lat": 36.352717425473422, "lng": 128.69717253065059, "pond_id": "19", "nearest_road_m": 36.658639573716691, "distance_to_road_m": 36.658639573716691, "road_access_status": "AVAILABLE", "road_source_year": null, "accessibility_class": "0–100m" }, "geometry": { "type": "Point", "coordinates": [ 128.69717256022372, 36.352717386064384 ] } },
{ "type": "Feature", "properties": { "id": "20", "address": "의성읍 팔성리 560유", "region": "의성읍", "capacity": 20.3, "source": "의성군 주소 자료", "management": "미기재", "lat": 36.352717425473422, "lng": 128.69717253065059, "pond_id": "20", "nearest_road_m": 36.658639573716691, "distance_to_road_m": 36.658639573716691, "road_access_status": "AVAILABLE", "road_source_year": null, "accessibility_class": "0–100m" }, "geometry": { "type": "Point", "coordinates": [ 128.69717256022372, 36.352717386064384 ] } },
{ "type": "Feature", "properties": { "id": "21", "address": "의성읍 팔성리 321유", "region": "의성읍", "capacity": 42.0, "source": "의성군 주소 자료", "management": "미기재", "lat": 36.352717425473422, "lng": 128.69717253065059, "pond_id": "21", "nearest_road_m": 36.658639573716691, "distance_to_road_m": 36.658639573716691, "road_access_status": "AVAILABLE", "road_source_year": null, "accessibility_class": "0–100m" }, "geometry": { "type": "Point", "coordinates": [ 128.69717256022372, 36.352717386064384 ] } },
{ "type": "Feature", "properties": { "id": "22", "address": "의성읍 팔성리 395유", "region": "의성읍", "capacity": 5.8, "source": "의성군 주소 자료", "management": "미기재", "lat": 36.352717425473422, "lng": 128.69717253065059, "pond_id": "22", "nearest_road_m": 36.658639573716691, "distance_to_road_m": 36.658639573716691, "road_access_status": "AVAILABLE", "road_source_year": null, "accessibility_class": "0–100m" }, "geometry": { "type": "Point", "coordinates": [ 128.69717256022372, 36.352717386064384 ] } },
{ "type": "Feature", "properties": { "id": "23", "address": "의성읍 오로리 847-4", "region": "의성읍", "capacity": 2.0, "source": "의성군 주소 자료", "management": "미기재", "lat": 36.352717425473422, "lng": 128.69717253065059, "pond_id": "23", "nearest_road_m": 36.658639573716691, "distance_to_road_m": 36.658639573716691, "road_access_status": "AVAILABLE", "road_source_year": null, "accessibility_class": "0–100m" }, "geometry": { "type": "Point", "coordinates": [ 128.69717256022372, 36.352717386064384 ] } },
{ "type": "Feature", "properties": { "id": "24", "address": "의성읍 팔성리 730", "region": "의성읍", "capacity": 11.4, "source": "의성군 주소 자료", "management": "미기재", "lat": 36.352717425473422, "lng": 128.69717253065059, "pond_id": "24", "nearest_road_m": 36.658639573716691, "distance_to_road_m": 36.658639573716691, "road_access_status": "AVAILABLE", "road_source_year": null, "accessibility_class": "0–100m" }, "geometry": { "type": "Point", "coordinates": [ 128.69717256022372, 36.352717386064384 ] } },
{ "type": "Feature", "properties": { "id": "25", "address": "의성읍 팔성리 846답", "region": "의성읍", "capacity": 0.4, "source": "의성군 주소 자료", "management": "미기재", "lat": 36.352717425473422, "lng": 128.69717253065059, "pond_id": "25", "nearest_road_m": 36.658639573716691, "distance_to_road_m": 36.658639573716691, "road_access_status": "AVAILABLE", "road_source_year": null, "accessibility_class": "0–100m" }, "geometry": { "type": "Point", "coordinates": [ 128.69717256022372, 36.352717386064384 ] } },
{ "type": "Feature", "properties": { "id": "26", "address": "의성읍 용연리 512유", "region": "의성읍", "capacity": 93.4, "source": "의성군 주소 자료", "management": "미기재", "lat": 36.352717425473422, "lng": 128.69717253065059, "pond_id": "26", "nearest_road_m": 36.658639573716691, "distance_to_road_m": 36.658639573716691, "road_access_status": "AVAILABLE", "road_source_year": null, "accessibility_class": "0–100m" }, "geometry": { "type": "Point", "coordinates": [ 128.69717256022372, 36.352717386064384 ] } },
{ "type": "Feature", "properties": { "id": "27", "address": "의성읍 용연리 151유", "region": "의성읍", "capacity": 17.6, "source": "의성군 주소 자료", "management": "미기재", "lat": 36.352717425473422, "lng": 128.69717253065059, "pond_id": "27", "nearest_road_m": 36.658639573716691, "distance_to_road_m": 36.658639573716691, "road_access_status": "AVAILABLE", "road_source_year": null, "accessibility_class": "0–100m" }, "geometry": { "type": "Point", "coordinates": [ 128.69717256022372, 36.352717386064384 ] } },
{ "type": "Feature", "properties": { "id": "28", "address": "의성읍 용연리 296답", "region": "의성읍", "capacity": 2.2, "source": "의성군 주소 자료", "management": "미기재", "lat": 36.352717425473422, "lng": 128.69717253065059, "pond_id": "28", "nearest_road_m": 36.658639573716691, "distance_to_road_m": 36.658639573716691, "road_access_status": "AVAILABLE", "road_source_year": null, "accessibility_class": "0–100m" }, "geometry": { "type": "Point", "coordinates": [ 128.69717256022372, 36.352717386064384 ] } },
{ "type": "Feature", "properties": { "id": "29", "address": "의성읍 상리리 210", "region": "의성읍", "capacity": 3.6, "source": "의성군 주소 자료", "management": "미기재", "lat": 36.352717425473422, "lng": 128.69717253065059, "pond_id": "29", "nearest_road_m": 36.658639573716691, "distance_to_road_m": 36.658639573716691, "road_access_status": "AVAILABLE", "road_source_year": null, "accessibility_class": "0–100m" }, "geometry": { "type": "Point", "coordinates": [ 128.69717256022372, 36.352717386064384 ] } },
{ "type": "Feature", "properties": { "id": "30", "address": "의성읍 철파리 502유", "region": "의성읍", "capacity": 18.5, "source": "의성군 주소 자료", "management": "미기재", "lat": 36.352717425473422, "lng": 128.69717253065059, "pond_id": "30", "nearest_road_m": 36.658639573716691, "distance_to_road_m": 36.658639573716691, "road_access_status": "AVAILABLE", "road_source_year": null, "accessibility_class": "0–100m" }, "geometry": { "type": "Point", "coordinates": [ 128.69717256022372, 36.352717386064384 ] } },
{ "type": "Feature", "properties": { "id": "31", "address": "의성읍 철파리 36유", "region": "의성읍", "capacity": 7.0, "source": "의성군 주소 자료", "management": "미기재", "lat": 36.352717425473422, "lng": 128.69717253065059, "pond_id": "31", "nearest_road_m": 36.658639573716691, "distance_to_road_m": 36.658639573716691, "road_access_status": "AVAILABLE", "road_source_year": null, "accessibility_class": "0–100m" }, "geometry": { "type": "Point", "coordinates": [ 128.69717256022372, 36.352717386064384 ] } },
{ "type": "Feature", "properties": { "id": "32", "address": "의성읍 업리 202유", "region": "의성읍", "capacity": 4.0, "source": "의성군 주소 자료", "management": "미기재", "lat": 36.352717425473422, "lng": 128.69717253065059, "pond_id": "32", "nearest_road_m": 36.658639573716691, "distance_to_road_m": 36.658639573716691, "road_access_status": "AVAILABLE", "road_source_year": null, "accessibility_class": "0–100m" }, "geometry": { "type": "Point", "coordinates": [ 128.69717256022372, 36.352717386064384 ] } },
{ "type": "Feature", "properties": { "id": "33", "address": "의성읍 업리 470유", "region": "의성읍", "capacity": 19.0, "source": "의성군 주소 자료", "management": "미기재", "lat": 36.352717425473422, "lng": 128.69717253065059, "pond_id": "33", "nearest_road_m": 36.658639573716691, "distance_to_road_m": 36.658639573716691, "road_access_status": "AVAILABLE", "road_source_year": null, "accessibility_class": "0–100m" }, "geometry": { "type": "Point", "coordinates": [ 128.69717256022372, 36.352717386064384 ] } },
{ "type": "Feature", "properties": { "id": "34", "address": "의성읍 업리 850유", "region": "의성읍", "capacity": 3.0, "source": "의성군 주소 자료", "management": "미기재", "lat": 36.352717425473422, "lng": 128.69717253065059, "pond_id": "34", "nearest_road_m": 36.658639573716691, "distance_to_road_m": 36.658639573716691, "road_access_status": "AVAILABLE", "road_source_year": null, "accessibility_class": "0–100m" }, "geometry": { "type": "Point", "coordinates": [ 128.69717256022372, 36.352717386064384 ] } },
{ "type": "Feature", "properties": { "id": "35", "address": "의성읍 업리 244유", "region": "의성읍", "capacity": 6.0, "source": "의성군 주소 자료", "management": "미기재", "lat": 36.352717425473422, "lng": 128.69717253065059, "pond_id": "35", "nearest_road_m": 36.658639573716691, "distance_to_road_m": 36.658639573716691, "road_access_status": "AVAILABLE", "road_source_year": null, "accessibility_class": "0–100m" }, "geometry": { "type": "Point", "coordinates": [ 128.69717256022372, 36.352717386064384 ] } },
{ "type": "Feature", "properties": { "id": "36", "address": "의성읍 업리 306답", "region": "의성읍", "capacity": 9.2, "source": "의성군 주소 자료", "management": "미기재", "lat": 36.352717425473422, "lng": 128.69717253065059, "pond_id": "36", "nearest_road_m": 36.658639573716691, "distance_to_road_m": 36.658639573716691, "road_access_status": "AVAILABLE", "road_source_year": null, "accessibility_class": "0–100m" }, "geometry": { "type": "Point", "coordinates": [ 128.69717256022372, 36.352717386064384 ] } },
{ "type": "Feature", "properties": { "id": "37", "address": "의성읍 업리 922-1유", "region": "의성읍", "capacity": 0.5, "source": "의성군 주소 자료", "management": "미기재", "lat": 36.352717425473422, "lng": 128.69717253065059, "pond_id": "37", "nearest_road_m": 36.658639573716691, "distance_to_road_m": 36.658639573716691, "road_access_status": "AVAILABLE", "road_source_year": null, "accessibility_class": "0–100m" }, "geometry": { "type": "Point", "coordinates": [ 128.69717256022372, 36.352717386064384 ] } },
{ "type": "Feature", "properties": { "id": "38", "address": "의성읍 업리 871유", "region": "의성읍", "capacity": 1.5, "source": "의성군 주소 자료", "management": "미기재", "lat": 36.352717425473422, "lng": 128.69717253065059, "pond_id": "38", "nearest_road_m": 36.658639573716691, "distance_to_road_m": 36.658639573716691, "road_access_status": "AVAILABLE", "road_source_year": null, "accessibility_class": "0–100m" }, "geometry": { "type": "Point", "coordinates": [ 128.69717256022372, 36.352717386064384 ] } },
{ "type": "Feature", "properties": { "id": "39", "address": "의성읍 업리 148유", "region": "의성읍", "capacity": 11.7, "source": "의성군 주소 자료", "management": "미기재", "lat": 36.352717425473422, "lng": 128.69717253065059, "pond_id": "39", "nearest_road_m": 36.658639573716691, "distance_to_road_m": 36.658639573716691, "road_access_status": "AVAILABLE", "road_source_year": null, "accessibility_class": "0–100m" }, "geometry": { "type": "Point", "coordinates": [ 128.69717256022372, 36.352717386064384 ] } },
{ "type": "Feature", "properties": { "id": "40", "address": "의성읍 업리 1141유", "region": "의성읍", "capacity": 19.3, "source": "의성군 주소 자료", "management": "미기재", "lat": 36.352717425473422, "lng": 128.69717253065059, "pond_id": "40", "nearest_road_m": 36.658639573716691, "distance_to_road_m": 36.658639573716691, "road_access_status": "AVAILABLE", "road_source_year": null, "accessibility_class": "0–100m" }, "geometry": { "type": "Point", "coordinates": [ 128.69717256022372, 36.352717386064384 ] } },
{ "type": "Feature", "properties": { "id": "41", "address": "의성읍 업리 393", "region": "의성읍", "capacity": 2.9, "source": "의성군 주소 자료", "management": "미기재", "lat": 36.352717425473422, "lng": 128.69717253065059, "pond_id": "41", "nearest_road_m": 36.658639573716691, "distance_to_road_m": 36.658639573716691, "road_access_status": "AVAILABLE", "road_source_year": null, "accessibility_class": "0–100m" }, "geometry": { "type": "Point", "coordinates": [ 128.69717256022372, 36.352717386064384 ] } },
{ "type": "Feature", "properties": { "id": "42", "address": "단촌면 세촌리 1319유", "region": "단촌면", "capacity": 4.6, "source": "의성군 주소 자료", "management": "미기재", "lat": 36.424815287909965, "lng": 128.64987073392859, "pond_id": "42", "nearest_road_m": 60.850544685213805, "distance_to_road_m": 60.850544685213805, "road_access_status": "AVAILABLE", "road_source_year": null, "accessibility_class": "0–100m" }, "geometry": { "type": "Point", "coordinates": [ 128.649870763674471, 36.424815248355088 ] } },
{ "type": "Feature", "properties": { "id": "43", "address": "단촌면 하화리 117유", "region": "단촌면", "capacity": 52.5, "source": "의성군 주소 자료", "management": "미기재", "lat": 36.408033712484034, "lng": 128.70345717918033, "pond_id": "43", "nearest_road_m": 1147.8111522861113, "distance_to_road_m": 1147.8111522861113, "road_access_status": "AVAILABLE", "road_source_year": null, "accessibility_class": "500m 이상" }, "geometry": { "type": "Point", "coordinates": [ 128.703457208896538, 36.408033673012845 ] } },
{ "type": "Feature", "properties": { "id": "44", "address": "단촌면 하화리 209유", "region": "단촌면", "capacity": 10.6, "source": "의성군 주소 자료", "management": "미기재", "lat": 36.411128069852204, "lng": 128.69749386270163, "pond_id": "44", "nearest_road_m": 804.29203663806231, "distance_to_road_m": 804.29203663806231, "road_access_status": "AVAILABLE", "road_source_year": null, "accessibility_class": "500m 이상" }, "geometry": { "type": "Point", "coordinates": [ 128.697493892424291, 36.411128030370143 ] } },
{ "type": "Feature", "properties": { "id": "45", "address": "단촌면 하화리 223유", "region": "단촌면", "capacity": 0.9, "source": "의성군 주소 자료", "management": "미기재", "lat": 36.414314447508175, "lng": 128.69645949409821, "pond_id": "45", "nearest_road_m": 456.55785859335583, "distance_to_road_m": 456.55785859335583, "road_access_status": "AVAILABLE", "road_source_year": null, "accessibility_class": "300–500m" }, "geometry": { "type": "Point", "coordinates": [ 128.696459523828793, 36.414314408020935 ] } },
{ "type": "Feature", "properties": { "id": "46", "address": "단촌면 하화리 1213임", "region": "단촌면", "capacity": 0.8, "source": "의성군 주소 자료", "management": "미기재", "lat": 36.411119457549972, "lng": 128.66221154013158, "pond_id": "46", "nearest_road_m": 988.44842976475115, "distance_to_road_m": 988.44842976475115, "road_access_status": "AVAILABLE", "road_source_year": null, "accessibility_class": "500m 이상" }, "geometry": { "type": "Point", "coordinates": [ 128.662211569845567, 36.411119418026544 ] } },
{ "type": "Feature", "properties": { "id": "47", "address": "단촌면 상화리 32유", "region": "단촌면", "capacity": 47.0, "source": "의성군 주소 자료", "management": "미기재", "lat": 36.392627635925258, "lng": 128.72219011284776, "pond_id": "47", "nearest_road_m": 2690.8154924628975, "distance_to_road_m": 2690.8154924628975, "road_access_status": "AVAILABLE", "road_source_year": null, "accessibility_class": "500m 이상" }, "geometry": { "type": "Point", "coordinates": [ 128.722190142529001, 36.39262759649538 ] } },
{ "type": "Feature", "properties": { "id": "48", "address": "단촌면 상화리 산56임", "region": "단촌면", "capacity": 4.3, "source": "의성군 주소 자료", "management": "미기재", "lat": 36.398310755511325, "lng": 128.7211116770228, "pond_id": "48", "nearest_road_m": 2550.480945401086, "distance_to_road_m": 2550.480945401086, "road_access_status": "AVAILABLE", "road_source_year": null, "accessibility_class": "500m 이상" }, "geometry": { "type": "Point", "coordinates": [ 128.721111706718347, 36.398310716073055 ] } },
{ "type": "Feature", "properties": { "id": "49", "address": "단촌면 상화리 569-1유", "region": "단촌면", "capacity": 16.5, "source": "의성군 주소 자료", "management": "미기재", "lat": 36.404061132579798, "lng": 128.71535304381334, "pond_id": "49", "nearest_road_m": 1807.7988471754461, "distance_to_road_m": 1807.7988471754461, "road_access_status": "AVAILABLE", "road_source_year": null, "accessibility_class": "500m 이상" }, "geometry": { "type": "Point", "coordinates": [ 128.715353073522266, 36.404061093127545 ] } },
{ "type": "Feature", "properties": { "id": "50", "address": "단촌면 상화리 632답", "region": "단촌면", "capacity": 4.4, "source": "의성군 주소 자료", "management": "미기재", "lat": 36.406610957510992, "lng": 128.71222104589756, "pond_id": "50", "nearest_road_m": 1456.7451906438848, "distance_to_road_m": 1456.7451906438848, "road_access_status": "AVAILABLE", "road_source_year": null, "accessibility_class": "500m 이상" }, "geometry": { "type": "Point", "coordinates": [ 128.712221075612263, 36.406610918051882 ] } },
{ "type": "Feature", "properties": { "id": "51", "address": "단촌면 관덕리 624 유", "region": "단촌면", "capacity": 9.1, "source": "의성군 주소 자료", "management": "미기재", "lat": 36.421071616633391, "lng": 128.70347413835549, "pond_id": "51", "nearest_road_m": 252.0325025424774, "distance_to_road_m": 252.0325025424774, "road_access_status": "AVAILABLE", "road_source_year": null, "accessibility_class": "100–300m" }, "geometry": { "type": "Point", "coordinates": [ 128.703474168105032, 36.421071577145959 ] } },
{ "type": "Feature", "properties": { "id": "52", "address": "단촌면 병방리 산55임", "region": "단촌면", "capacity": 5.5, "source": "의성군 주소 자료", "management": "미기재", "lat": 36.408814631408191, "lng": 128.73560043650559, "pond_id": "52", "nearest_road_m": 1111.7062073892171, "distance_to_road_m": 1111.7062073892171, "road_access_status": "AVAILABLE", "road_source_year": null, "accessibility_class": "500m 이상" }, "geometry": { "type": "Point", "coordinates": [ 128.735600466231517, 36.408814591973808 ] } },
{ "type": "Feature", "properties": { "id": "53", "address": "단촌면 병방리 641유", "region": "단촌면", "capacity": 21.2, "source": "의성군 주소 자료", "management": "미기재", "lat": 36.4113419488977, "lng": 128.73281400034753, "pond_id": "53", "nearest_road_m": 911.63362328053745, "distance_to_road_m": 911.63362328053745, "road_access_status": "AVAILABLE", "road_source_year": null, "accessibility_class": "500m 이상" }, "geometry": { "type": "Point", "coordinates": [ 128.732814030079254, 36.411341909456873 ] } },
{ "type": "Feature", "properties": { "id": "54", "address": "단촌면 병방리 705유", "region": "단촌면", "capacity": 21.9, "source": "의성군 주소 자료", "management": "미기재", "lat": 36.419079548232233, "lng": 128.71360940753203, "pond_id": "54", "nearest_road_m": 164.74482170605643, "distance_to_road_m": 164.74482170605643, "road_access_status": "AVAILABLE", "road_source_year": null, "accessibility_class": "100–300m" }, "geometry": { "type": "Point", "coordinates": [ 128.713609437278961, 36.419079508759161 ] } },
{ "type": "Feature", "properties": { "id": "55", "address": "단촌면 병방리 889유", "region": "단촌면", "capacity": 0.8, "source": "의성군 주소 자료", "management": "미기재", "lat": 36.42961289487684, "lng": 128.71485540137914, "pond_id": "55", "nearest_road_m": 478.44164816047231, "distance_to_road_m": 478.44164816047231, "road_access_status": "AVAILABLE", "road_source_year": null, "accessibility_class": "300–500m" }, "geometry": { "type": "Point", "coordinates": [ 128.714855431153353, 36.429612855392143 ] } },
{ "type": "Feature", "properties": { "id": "56", "address": "단촌면 병방리 375유", "region": "단촌면", "capacity": 0.8, "source": "의성군 주소 자료", "management": "미기재", "lat": 36.42607243622259, "lng": 128.72107715097428, "pond_id": "56", "nearest_road_m": 433.00621146512299, "distance_to_road_m": 433.00621146512299, "road_access_status": "AVAILABLE", "road_source_year": null, "accessibility_class": "300–500m" }, "geometry": { "type": "Point", "coordinates": [ 128.721077180740934, 36.426072396749618 ] } },
{ "type": "Feature", "properties": { "id": "57", "address": "단촌면 구계리 산124임", "region": "단촌면", "capacity": 4.7, "source": "의성군 주소 자료", "management": "미기재", "lat": 36.476678441103161, "lng": 128.76465784859684, "pond_id": "57", "nearest_road_m": 3350.5635399411917, "distance_to_road_m": 3350.5635399411917, "road_access_status": "AVAILABLE", "road_source_year": null, "accessibility_class": "500m 이상" }, "geometry": { "type": "Point", "coordinates": [ 128.764657878503726, 36.47667840161867 ] } },
{ "type": "Feature", "properties": { "id": "58", "address": "단촌면 구계리 산220 임", "region": "단촌면", "capacity": 2.0, "source": "의성군 주소 자료", "management": "미기재", "lat": 36.458120567890347, "lng": 128.74788550139763, "pond_id": "58", "nearest_road_m": 1021.3723198032562, "distance_to_road_m": 1021.3723198032562, "road_access_status": "AVAILABLE", "road_source_year": null, "accessibility_class": "500m 이상" }, "geometry": { "type": "Point", "coordinates": [ 128.747885531252876, 36.45812052840909 ] } },
{ "type": "Feature", "properties": { "id": "59", "address": "단촌면 구계리 291유", "region": "단촌면", "capacity": 9.5, "source": "의성군 주소 자료", "management": "미기재", "lat": 36.466616580166303, "lng": 128.73371903772926, "pond_id": "59", "nearest_road_m": 976.42418233794433, "distance_to_road_m": 976.42418233794433, "road_access_status": "AVAILABLE", "road_source_year": null, "accessibility_class": "500m 이상" }, "geometry": { "type": "Point", "coordinates": [ 128.733719067602834, 36.466616540657959 ] } },
{ "type": "Feature", "properties": { "id": "60", "address": "단촌면 구계리 937유", "region": "단촌면", "capacity": 8.1, "source": "의성군 주소 자료", "management": "미기재", "lat": 36.473172105153992, "lng": 128.7152783643003, "pond_id": "60", "nearest_road_m": 1317.3497192150921, "distance_to_road_m": 1317.3497192150921, "road_access_status": "AVAILABLE", "road_source_year": null, "accessibility_class": "500m 이상" }, "geometry": { "type": "Point", "coordinates": [ 128.715278394186157, 36.473172065615998 ] } },
{ "type": "Feature", "properties": { "id": "61", "address": "단촌면 구계리 733유", "region": "단촌면", "capacity": 3.5, "source": "의성군 주소 자료", "management": "미기재", "lat": 36.450260401147325, "lng": 128.72017223502422, "pond_id": "61", "nearest_road_m": 603.83411891000026, "distance_to_road_m": 603.83411891000026, "road_access_status": "AVAILABLE", "road_source_year": null, "accessibility_class": "500m 이상" }, "geometry": { "type": "Point", "coordinates": [ 128.720172264852607, 36.450260361643288 ] } },
{ "type": "Feature", "properties": { "id": "62", "address": "단촌면 구계리 905유", "region": "단촌면", "capacity": 0.3, "source": "의성군 주소 자료", "management": "미기재", "lat": 36.471817806267552, "lng": 128.72173030820304, "pond_id": "62", "nearest_road_m": 1355.4587107309871, "distance_to_road_m": 1355.4587107309871, "road_access_status": "AVAILABLE", "road_source_year": null, "accessibility_class": "500m 이상" }, "geometry": { "type": "Point", "coordinates": [ 128.721730338086985, 36.471817766738774 ] } },
{ "type": "Feature", "properties": { "id": "63", "address": "단촌면 방하리 1225유", "region": "단촌면", "capacity": 22.3, "source": "의성군 주소 자료", "management": "미기재", "lat": 36.399199749737463, "lng": 128.65498049458589, "pond_id": "63", "nearest_road_m": 1967.4847738110918, "distance_to_road_m": 1967.4847738110918, "road_access_status": "AVAILABLE", "road_source_year": null, "accessibility_class": "500m 이상" }, "geometry": { "type": "Point", "coordinates": [ 128.654980524267614, 36.399199710220394 ] } },
{ "type": "Feature", "properties": { "id": "64", "address": "단촌면 방하리 730 유", "region": "단촌면", "capacity": 10.2, "source": "의성군 주소 자료", "management": "미기재", "lat": 36.384709866991649, "lng": 128.66089186477262, "pond_id": "64", "nearest_road_m": 1280.9408861989421, "distance_to_road_m": 1280.9408861989421, "road_access_status": "AVAILABLE", "road_source_year": null, "accessibility_class": "500m 이상" }, "geometry": { "type": "Point", "coordinates": [ 128.660891894418796, 36.38470982749962 ] } },
{ "type": "Feature", "properties": { "id": "65", "address": "단촌면 방하리 896유", "region": "단촌면", "capacity": 2.4, "source": "의성군 주소 자료", "management": "미기재", "lat": 36.385187755434629, "lng": 128.65306784113079, "pond_id": "65", "nearest_road_m": 1961.8134076022156, "distance_to_road_m": 1961.8134076022156, "road_access_status": "AVAILABLE", "road_source_year": null, "accessibility_class": "500m 이상" }, "geometry": { "type": "Point", "coordinates": [ 128.653067870776255, 36.385187715932823 ] } },
{ "type": "Feature", "properties": { "id": "66", "address": "단촌면 방하리 1249-1", "region": "단촌면", "capacity": 3.3, "source": "의성군 주소 자료", "management": "미기재", "lat": 36.403540687586052, "lng": 128.65253106592417, "pond_id": "66", "nearest_road_m": 1978.4033602131694, "distance_to_road_m": 1978.4033602131694, "road_access_status": "AVAILABLE", "road_source_year": null, "accessibility_class": "500m 이상" }, "geometry": { "type": "Point", "coordinates": [ 128.652531095616382, 36.403540648060698 ] } },
{ "type": "Feature", "properties": { "id": "67", "address": "단촌면 방하리 298유", "region": "단촌면", "capacity": 27.1, "source": "의성군 주소 자료", "management": "미기재", "lat": 36.399307612898333, "lng": 128.66084554559754, "pond_id": "67", "nearest_road_m": 1453.7998732154513, "distance_to_road_m": 1453.7998732154513, "road_access_status": "AVAILABLE", "road_source_year": null, "accessibility_class": "500m 이상" }, "geometry": { "type": "Point", "coordinates": [ 128.660845575281002, 36.399307573388008 ] } },
{ "type": "Feature", "properties": { "id": "68", "address": "단촌면 방하리 1273답", "region": "단촌면", "capacity": 0.3, "source": "의성군 주소 자료", "management": "미기재", "lat": 36.395962424597485, "lng": 128.64340977358157, "pond_id": "68", "nearest_road_m": 2339.1929201445432, "distance_to_road_m": 2339.1929201445432, "road_access_status": "AVAILABLE", "road_source_year": null, "accessibility_class": "500m 이상" }, "geometry": { "type": "Point", "coordinates": [ 128.643409803252155, 36.395962385070888 ] } },
{ "type": "Feature", "properties": { "id": "69", "address": "단촌면 방하리 828-2유", "region": "단촌면", "capacity": 1.9, "source": "의성군 주소 자료", "management": "미기재", "lat": 36.381192499819733, "lng": 128.66242176045748, "pond_id": "69", "nearest_road_m": 1287.2417842515715, "distance_to_road_m": 1287.2417842515715, "road_access_status": "AVAILABLE", "road_source_year": null, "accessibility_class": "500m 이상" }, "geometry": { "type": "Point", "coordinates": [ 128.662421790095038, 36.381192460333921 ] } },
{ "type": "Feature", "properties": { "id": "70", "address": "단촌면 방하리 110임", "region": "단촌면", "capacity": 2.8, "source": "의성군 주소 자료", "management": "미기재", "lat": 36.403925062454263, "lng": 128.67089764283142, "pond_id": "70", "nearest_road_m": 476.13981224016493, "distance_to_road_m": 476.13981224016493, "road_access_status": "AVAILABLE", "road_source_year": null, "accessibility_class": "300–500m" }, "geometry": { "type": "Point", "coordinates": [ 128.670897672529151, 36.403925022949977 ] } },
{ "type": "Feature", "properties": { "id": "71", "address": "단촌면 방하리 1337 유", "region": "단촌면", "capacity": 2.0, "source": "의성군 주소 자료", "management": "미기재", "lat": 36.38885468921363, "lng": 128.6478740834622, "pond_id": "71", "nearest_road_m": 2021.2330116874809, "distance_to_road_m": 2021.2330116874809, "road_access_status": "AVAILABLE", "road_source_year": null, "accessibility_class": "500m 이상" }, "geometry": { "type": "Point", "coordinates": [ 128.647874113115762, 36.388854649701145 ] } },
{ "type": "Feature", "properties": { "id": "72", "address": "단촌면 장림리 169유", "region": "단촌면", "capacity": 17.0, "source": "의성군 주소 자료", "management": "미기재", "lat": 36.400106579047154, "lng": 128.64280590674761, "pond_id": "72", "nearest_road_m": 2645.913848562664, "distance_to_road_m": 2645.913848562664, "road_access_status": "AVAILABLE", "road_source_year": null, "accessibility_class": "500m 이상" }, "geometry": { "type": "Point", "coordinates": [ 128.642805936428601, 36.400106539514688 ] } },
{ "type": "Feature", "properties": { "id": "73", "address": "단촌면 장림리 산10임", "region": "단촌면", "capacity": 9.3, "source": "의성군 주소 자료", "management": "미기재", "lat": 36.408638941673082, "lng": 128.65069933052484, "pond_id": "73", "nearest_road_m": 1495.1941299486919, "distance_to_road_m": 1495.1941299486919, "road_access_status": "AVAILABLE", "road_source_year": null, "accessibility_class": "500m 이상" }, "geometry": { "type": "Point", "coordinates": [ 128.650699360229623, 36.408638902139238 ] } },
{ "type": "Feature", "properties": { "id": "74", "address": "단촌면 장림리 616유", "region": "단촌면", "capacity": 13.8, "source": "의성군 주소 자료", "management": "미기재", "lat": 36.418654573393063, "lng": 128.63724277225126, "pond_id": "74", "nearest_road_m": 1014.6245308820247, "distance_to_road_m": 1014.6245308820247, "road_access_status": "AVAILABLE", "road_source_year": null, "accessibility_class": "500m 이상" }, "geometry": { "type": "Point", "coordinates": [ 128.637242801978232, 36.418654533831059 ] } },
{ "type": "Feature", "properties": { "id": "75", "address": "단촌면 장림리 103유", "region": "단촌면", "capacity": 7.0, "source": "의성군 주소 자료", "management": "미기재", "lat": 36.409064278127886, "lng": 128.64599299204232, "pond_id": "75", "nearest_road_m": 1628.3660036993638, "distance_to_road_m": 1628.3660036993638, "road_access_status": "AVAILABLE", "road_source_year": null, "accessibility_class": "500m 이상" }, "geometry": { "type": "Point", "coordinates": [ 128.645993021747017, 36.409064238588009 ] } },
{ "type": "Feature", "properties": { "id": "76", "address": "단촌면 장림리 821유", "region": "단촌면", "capacity": 2.0, "source": "의성군 주소 자료", "management": "미기재", "lat": 36.405381400679261, "lng": 128.6313575861617, "pond_id": "76", "nearest_road_m": 2572.9489401228038, "distance_to_road_m": 2572.9489401228038, "road_access_status": "AVAILABLE", "road_source_year": null, "accessibility_class": "500m 이상" }, "geometry": { "type": "Point", "coordinates": [ 128.631357615853346, 36.405381361126835 ] } },
{ "type": "Feature", "properties": { "id": "77", "address": "단촌면 장림리 1010-1유", "region": "단촌면", "capacity": 14.8, "source": "의성군 주소 자료", "management": "미기재", "lat": 36.415603024375038, "lng": 128.6145030751025, "pond_id": "77", "nearest_road_m": 1615.4541001114201, "distance_to_road_m": 1615.4541001114201, "road_access_status": "AVAILABLE", "road_source_year": null, "accessibility_class": "500m 이상" }, "geometry": { "type": "Point", "coordinates": [ 128.614503104815924, 36.415602984790226 ] } },
{ "type": "Feature", "properties": { "id": "78", "address": "단촌면 장림리 982유", "region": "단촌면", "capacity": 1.5, "source": "의성군 주소 자료", "management": "미기재", "lat": 36.415964004235029, "lng": 128.61646150973306, "pond_id": "78", "nearest_road_m": 1789.4638349890442, "distance_to_road_m": 1789.4638349890442, "road_access_status": "AVAILABLE", "road_source_year": null, "accessibility_class": "500m 이상" }, "geometry": { "type": "Point", "coordinates": [ 128.616461539447926, 36.415963964652036 ] } },
{ "type": "Feature", "properties": { "id": "79", "address": "점곡면 황룡리 107유", "region": "점곡면", "capacity": 23.3, "source": "의성군 주소 자료", "management": "미기재", "lat": 36.343489345766208, "lng": 128.75960054995855, "pond_id": "79", "nearest_road_m": 954.73997516200075, "distance_to_road_m": 954.73997516200075, "road_access_status": "AVAILABLE", "road_source_year": null, "accessibility_class": "500m 이상" }, "geometry": { "type": "Point", "coordinates": [ 128.759600579522584, 36.343489306442692 ] } },
{ "type": "Feature", "properties": { "id": "80", "address": "점곡면 황룡리 412유", "region": "점곡면", "capacity": 7.4, "source": "의성군 주소 자료", "management": "미기재", "lat": 36.355455036863894, "lng": 128.75532474075408, "pond_id": "80", "nearest_road_m": 1523.2822987613279, "distance_to_road_m": 1523.2822987613279, "road_access_status": "AVAILABLE", "road_source_year": null, "accessibility_class": "500m 이상" }, "geometry": { "type": "Point", "coordinates": [ 128.755324770347841, 36.355454997520077 ] } },
{ "type": "Feature", "properties": { "id": "81", "address": "점곡면 황룡리 493답", "region": "점곡면", "capacity": 6.6, "source": "의성군 주소 자료", "management": "미기재", "lat": 36.363089402372161, "lng": 128.75023771179744, "pond_id": "81", "nearest_road_m": 591.28832025532586, "distance_to_road_m": 591.28832025532586, "road_access_status": "AVAILABLE", "road_source_year": null, "accessibility_class": "500m 이상" }, "geometry": { "type": "Point", "coordinates": [ 128.75023774140962, 36.363089363012627 ] } },
{ "type": "Feature", "properties": { "id": "82", "address": "점곡면 황룡리 384유", "region": "점곡면", "capacity": 14.27, "source": "의성군 주소 자료", "management": "미기재", "lat": 36.358141751235166, "lng": 128.75644332084175, "pond_id": "82", "nearest_road_m": 1278.1837115248634, "distance_to_road_m": 1278.1837115248634, "road_access_status": "AVAILABLE", "road_source_year": null, "accessibility_class": "500m 이상" }, "geometry": { "type": "Point", "coordinates": [ 128.756443350442623, 36.358141711889246 ] } },
{ "type": "Feature", "properties": { "id": "83", "address": "점곡면 황룡리 371유", "region": "점곡면", "capacity": 1.1, "source": "의성군 주소 자료", "management": "미기재", "lat": 36.352662069593329, "lng": 128.75591928245831, "pond_id": "83", "nearest_road_m": 1653.0870149263435, "distance_to_road_m": 1653.0870149263435, "road_access_status": "AVAILABLE", "road_source_year": null, "accessibility_class": "500m 이상" }, "geometry": { "type": "Point", "coordinates": [ 128.755919312045023, 36.352662030253768 ] } },
{ "type": "Feature", "properties": { "id": "84", "address": "점곡면 황룡리 산32임", "region": "점곡면", "capacity": 356.0, "source": "의성군 주소 자료", "management": "미기재", "lat": 36.350172725856936, "lng": 128.75608619040975, "pond_id": "84", "nearest_road_m": 1424.3714302878009, "distance_to_road_m": 1424.3714302878009, "road_access_status": "AVAILABLE", "road_source_year": null, "accessibility_class": "500m 이상" }, "geometry": { "type": "Point", "coordinates": [ 128.756086219990152, 36.350172686520743 ] } },
{ "type": "Feature", "properties": { "id": "85", "address": "점곡면 구암리 271유", "region": "점곡면", "capacity": 4.0, "source": "의성군 주소 자료", "management": "미기재", "lat": 36.373668851276321, "lng": 128.75630186514934, "pond_id": "85", "nearest_road_m": 356.31168868592198, "distance_to_road_m": 356.31168868592198, "road_access_status": "AVAILABLE", "road_source_year": null, "accessibility_class": "300–500m" }, "geometry": { "type": "Point", "coordinates": [ 128.756301894790028, 36.373668811910555 ] } },
{ "type": "Feature", "properties": { "id": "86", "address": "점곡면 구암리 78유", "region": "점곡면", "capacity": 19.6, "source": "의성군 주소 자료", "management": "미기재", "lat": 36.368365016817577, "lng": 128.76951890910536, "pond_id": "86", "nearest_road_m": 780.57986646470818, "distance_to_road_m": 780.57986646470818, "road_access_status": "AVAILABLE", "road_source_year": null, "accessibility_class": "500m 이상" }, "geometry": { "type": "Point", "coordinates": [ 128.769518938735501, 36.368364977474151 ] } },
{ "type": "Feature", "properties": { "id": "87", "address": "점곡면 구암리 658-1", "region": "점곡면", "capacity": 11.2, "source": "의성군 주소 자료", "management": "미기재", "lat": 36.354720847080003, "lng": 128.77271913613114, "pond_id": "87", "nearest_road_m": 1731.9536080526857, "distance_to_road_m": 1731.9536080526857, "road_access_status": "AVAILABLE", "road_source_year": null, "accessibility_class": "500m 이상" }, "geometry": { "type": "Point", "coordinates": [ 128.772719165727011, 36.354720807757722 ] } },
{ "type": "Feature", "properties": { "id": "88", "address": "점곡면 구암리 664유", "region": "점곡면", "capacity": 18.4, "source": "의성군 주소 자료", "management": "미기재", "lat": 36.353488251339897, "lng": 128.76833577665212, "pond_id": "88", "nearest_road_m": 1873.1851047270693, "distance_to_road_m": 1873.1851047270693, "road_access_status": "AVAILABLE", "road_source_year": null, "accessibility_class": "500m 이상" }, "geometry": { "type": "Point", "coordinates": [ 128.76833580624384, 36.353488212013957 ] } },
{ "type": "Feature", "properties": { "id": "89", "address": "점곡면 구암리 120유", "region": "점곡면", "capacity": 52.0, "source": "의성군 주소 자료", "management": "미기재", "lat": 36.367507639038728, "lng": 128.77629563839315, "pond_id": "89", "nearest_road_m": 1362.4906872666481, "distance_to_road_m": 1362.4906872666481, "road_access_status": "AVAILABLE", "road_source_year": null, "accessibility_class": "500m 이상" }, "geometry": { "type": "Point", "coordinates": [ 128.776295668022669, 36.367507599704417 ] } },
{ "type": "Feature", "properties": { "id": "90", "address": "점곡면 명고리 767유", "region": "점곡면", "capacity": 32.0, "source": "의성군 주소 자료", "management": "미기재", "lat": 36.376310690561866, "lng": 128.74695695506324, "pond_id": "90", "nearest_road_m": 880.56046442114859, "distance_to_road_m": 880.56046442114859, "road_access_status": "AVAILABLE", "road_source_year": null, "accessibility_class": "500m 이상" }, "geometry": { "type": "Point", "coordinates": [ 128.746956984708561, 36.376310651181747 ] } },
{ "type": "Feature", "properties": { "id": "91", "address": "점곡면 명고리 757유", "region": "점곡면", "capacity": 8.0, "source": "의성군 주소 자료", "management": "미기재", "lat": 36.379634808182928, "lng": 128.7439223588016, "pond_id": "91", "nearest_road_m": 1272.8387070356043, "distance_to_road_m": 1272.8387070356043, "road_access_status": "AVAILABLE", "road_source_year": null, "accessibility_class": "500m 이상" }, "geometry": { "type": "Point", "coordinates": [ 128.743922388454735, 36.379634768795022 ] } },
{ "type": "Feature", "properties": { "id": "92", "address": "점곡면 명고리 362유", "region": "점곡면", "capacity": 78.4, "source": "의성군 주소 자료", "management": "미기재", "lat": 36.395318316607494, "lng": 128.74972244324545, "pond_id": "92", "nearest_road_m": 2022.6584699523175, "distance_to_road_m": 2022.6584699523175, "road_access_status": "AVAILABLE", "road_source_year": null, "accessibility_class": "500m 이상" }, "geometry": { "type": "Point", "coordinates": [ 128.749722472940135, 36.395318277206677 ] } },
{ "type": "Feature", "properties": { "id": "93", "address": "점곡면 명고리 363유", "region": "점곡면", "capacity": 96.9, "source": "의성군 주소 자료", "management": "미기재", "lat": 36.395980580113566, "lng": 128.74695095016102, "pond_id": "93", "nearest_road_m": 2251.0237533116538, "distance_to_road_m": 2251.0237533116538, "road_access_status": "AVAILABLE", "road_source_year": null, "accessibility_class": "500m 이상" }, "geometry": { "type": "Point", "coordinates": [ 128.746950979856734, 36.395980540708628 ] } },
{ "type": "Feature", "properties": { "id": "94", "address": "점곡면 동변리 702유", "region": "점곡면", "capacity": 6.5, "source": "의성군 주소 자료", "management": "미기재", "lat": 36.425712230015058, "lng": 128.79335172495891, "pond_id": "94", "nearest_road_m": 823.89979752540614, "distance_to_road_m": 823.89979752540614, "road_access_status": "AVAILABLE", "road_source_year": null, "accessibility_class": "500m 이상" }, "geometry": { "type": "Point", "coordinates": [ 128.793351754741792, 36.425712190627529 ] } },
{ "type": "Feature", "properties": { "id": "95", "address": "점곡면 동변리 118-1유", "region": "점곡면", "capacity": 3.4, "source": "의성군 주소 자료", "management": "미기재", "lat": 36.456488445537467, "lng": 128.79114847433161, "pond_id": "95", "nearest_road_m": 403.04684932651827, "distance_to_road_m": 403.04684932651827, "road_access_status": "AVAILABLE", "road_source_year": null, "accessibility_class": "300–500m" }, "geometry": { "type": "Point", "coordinates": [ 128.791148504192989, 36.456488406108996 ] } },
{ "type": "Feature", "properties": { "id": "96", "address": "점곡면 동변리 299유", "region": "점곡면", "capacity": 5.0, "source": "의성군 주소 자료", "management": "미기재", "lat": 36.440552490616184, "lng": 128.80589279376832, "pond_id": "96", "nearest_road_m": 1458.9021544339969, "distance_to_road_m": 1458.9021544339969, "road_access_status": "AVAILABLE", "road_source_year": null, "accessibility_class": "500m 이상" }, "geometry": { "type": "Point", "coordinates": [ 128.805892823592245, 36.440552451224882 ] } },
{ "type": "Feature", "properties": { "id": "97", "address": "점곡면 사촌리 32답", "region": "점곡면", "capacity": 4.0, "source": "의성군 주소 자료", "management": "미기재", "lat": 36.459317918227072, "lng": 128.76632820873385, "pond_id": "97", "nearest_road_m": 2604.0236042655711, "distance_to_road_m": 2604.0236042655711, "road_access_status": "AVAILABLE", "road_source_year": null, "accessibility_class": "500m 이상" }, "geometry": { "type": "Point", "coordinates": [ 128.766328238596628, 36.459317878765958 ] } },
{ "type": "Feature", "properties": { "id": "98", "address": "점곡면 송내리 456유", "region": "점곡면", "capacity": 6.1, "source": "의성군 주소 자료", "management": "미기재", "lat": 36.43591994072105, "lng": 128.73484295088898, "pond_id": "98", "nearest_road_m": 391.52918216887252, "distance_to_road_m": 391.52918216887252, "road_access_status": "AVAILABLE", "road_source_year": null, "accessibility_class": "300–500m" }, "geometry": { "type": "Point", "coordinates": [ 128.734842980684164, 36.435919901251978 ] } },
{ "type": "Feature", "properties": { "id": "99", "address": "점곡면 윤암리 808", "region": "점곡면", "capacity": 0.6, "source": "의성군 주소 자료", "management": "미기재", "lat": 36.391288200569605, "lng": 128.77978949749209, "pond_id": "99", "nearest_road_m": 617.38889663664952, "distance_to_road_m": 617.38889663664952, "road_access_status": "AVAILABLE", "road_source_year": null, "accessibility_class": "500m 이상" }, "geometry": { "type": "Point", "coordinates": [ 128.779789527183425, 36.391288161209317 ] } },
{ "type": "Feature", "properties": { "id": "100", "address": "점곡면 윤암리 916유", "region": "점곡면", "capacity": 5.8, "source": "의성군 주소 자료", "management": "미기재", "lat": 36.38121365040768, "lng": 128.76648911589214, "pond_id": "100", "nearest_road_m": 28.675081942093126, "distance_to_road_m": 28.675081942093126, "road_access_status": "AVAILABLE", "road_source_year": null, "accessibility_class": "0–100m" }, "geometry": { "type": "Point", "coordinates": [ 128.766489145554573, 36.38121361104443 ] } },
{ "type": "Feature", "properties": { "id": "101", "address": "점곡면 윤암리 289유", "region": "점곡면", "capacity": 4.4, "source": "의성군 주소 자료", "management": "미기재", "lat": 36.414036569704123, "lng": 128.77695253629278, "pond_id": "101", "nearest_road_m": 178.03715089179803, "distance_to_road_m": 178.03715089179803, "road_access_status": "AVAILABLE", "road_source_year": null, "accessibility_class": "100–300m" }, "geometry": { "type": "Point", "coordinates": [ 128.776952566041842, 36.414036530311904 ] } },
{ "type": "Feature", "properties": { "id": "102", "address": "점곡면 윤암리 678유", "region": "점곡면", "capacity": 17.4, "source": "의성군 주소 자료", "management": "미기재", "lat": 36.394392536684933, "lng": 128.78188861973794, "pond_id": "102", "nearest_road_m": 776.31443138053703, "distance_to_road_m": 776.31443138053703, "road_access_status": "AVAILABLE", "road_source_year": null, "accessibility_class": "500m 이상" }, "geometry": { "type": "Point", "coordinates": [ 128.781888649437718, 36.39439249732321 ] } },
{ "type": "Feature", "properties": { "id": "103", "address": "점곡면 윤암리 1022유", "region": "점곡면", "capacity": 21.3, "source": "의성군 주소 자료", "management": "미기재", "lat": 36.382879318097217, "lng": 128.77751415560166, "pond_id": "103", "nearest_road_m": 683.43424870027911, "distance_to_road_m": 683.43424870027911, "road_access_status": "AVAILABLE", "road_source_year": null, "accessibility_class": "500m 이상" }, "geometry": { "type": "Point", "coordinates": [ 128.777514185270888, 36.382879278744852 ] } },
{ "type": "Feature", "properties": { "id": "188", "address": "춘산면 옥정리 895유", "region": "춘산면", "capacity": 26.7, "source": "의성군 주소 자료", "management": "미기재", "lat": 36.223011132430102, "lng": 128.81380407728702, "pond_id": "188", "nearest_road_m": 42.62628747753454, "distance_to_road_m": 42.62628747753454, "road_access_status": "AVAILABLE", "road_source_year": null, "accessibility_class": "0–100m" }, "geometry": { "type": "Point", "coordinates": [ 128.813804106553562, 36.223011093327621 ] } },
{ "type": "Feature", "properties": { "id": "189", "address": "춘산면 옥정리 1186", "region": "춘산면", "capacity": 6.6, "source": "의성군 주소 자료", "management": "미기재", "lat": 36.214613732675446, "lng": 128.81079714347314, "pond_id": "189", "nearest_road_m": 154.90156089521199, "distance_to_road_m": 154.90156089521199, "road_access_status": "AVAILABLE", "road_source_year": null, "accessibility_class": "100–300m" }, "geometry": { "type": "Point", "coordinates": [ 128.810797172717457, 36.214613693580489 ] } },
{ "type": "Feature", "properties": { "id": "190", "address": "춘산면 옥정리 480유", "region": "춘산면", "capacity": 13.2, "source": "의성군 주소 자료", "management": "미기재", "lat": 36.231446556590633, "lng": 128.80893835746588, "pond_id": "190", "nearest_road_m": 386.18757302239101, "distance_to_road_m": 386.18757302239101, "road_access_status": "AVAILABLE", "road_source_year": null, "accessibility_class": "300–500m" }, "geometry": { "type": "Point", "coordinates": [ 128.808938386753056, 36.231446517471198 ] } },
{ "type": "Feature", "properties": { "id": "191", "address": "춘산면 옥정리 875유", "region": "춘산면", "capacity": 12.3, "source": "의성군 주소 자료", "management": "미기재", "lat": 36.223160488469638, "lng": 128.80929256049933, "pond_id": "191", "nearest_road_m": 448.21539336341891, "distance_to_road_m": 448.21539336341891, "road_access_status": "AVAILABLE", "road_source_year": null, "accessibility_class": "300–500m" }, "geometry": { "type": "Point", "coordinates": [ 128.809292589765306, 36.223160449361572 ] } },
{ "type": "Feature", "properties": { "id": "192", "address": "춘산면 옥정리 253유", "region": "춘산면", "capacity": 3.8, "source": "의성군 주소 자료", "management": "미기재", "lat": 36.240618469087458, "lng": 128.80899382004142, "pond_id": "192", "nearest_road_m": 327.16935414066376, "distance_to_road_m": 327.16935414066376, "road_access_status": "AVAILABLE", "road_source_year": null, "accessibility_class": "300–500m" }, "geometry": { "type": "Point", "coordinates": [ 128.80899384935222, 36.240618429956015 ] } },
{ "type": "Feature", "properties": { "id": "193", "address": "춘산면 옥정리 568", "region": "춘산면", "capacity": 2.0, "source": "의성군 주소 자료", "management": "미기재", "lat": 36.230483581631596, "lng": 128.81422121111936, "pond_id": "193", "nearest_road_m": 13.43949373329985, "distance_to_road_m": 13.43949373329985, "road_access_status": "AVAILABLE", "road_source_year": null, "accessibility_class": "0–100m" }, "geometry": { "type": "Point", "coordinates": [ 128.814221240405203, 36.230483542519778 ] } },
{ "type": "Feature", "properties": { "id": "194", "address": "춘산면 금오리 37유", "region": "춘산면", "capacity": 10.8, "source": "의성군 주소 자료", "management": "미기재", "lat": 36.207160135332316, "lng": 128.89135519035435, "pond_id": "194", "nearest_road_m": 54.245554493952845, "distance_to_road_m": 54.245554493952845, "road_access_status": "AVAILABLE", "road_source_year": null, "accessibility_class": "0–100m" }, "geometry": { "type": "Point", "coordinates": [ 128.891355219595908, 36.207160096344111 ] } },
{ "type": "Feature", "properties": { "id": "195", "address": "춘산면 금오리 산61임", "region": "춘산면", "capacity": 8.0, "source": "의성군 주소 자료", "management": "미기재", "lat": 36.210145222939133, "lng": 128.87687271461047, "pond_id": "195", "nearest_road_m": 480.14625872131495, "distance_to_road_m": 480.14625872131495, "road_access_status": "AVAILABLE", "road_source_year": null, "accessibility_class": "300–500m" }, "geometry": { "type": "Point", "coordinates": [ 128.876872743856865, 36.210145183929505 ] } },
{ "type": "Feature", "properties": { "id": "196", "address": "춘산면 금오리 382-1유", "region": "춘산면", "capacity": 6.4, "source": "의성군 주소 자료", "management": "미기재", "lat": 36.217584925640367, "lng": 128.87245788056936, "pond_id": "196", "nearest_road_m": 202.97908870804415, "distance_to_road_m": 202.97908870804415, "road_access_status": "AVAILABLE", "road_source_year": null, "accessibility_class": "100–300m" }, "geometry": { "type": "Point", "coordinates": [ 128.872457909834026, 36.217584886615533 ] } },
{ "type": "Feature", "properties": { "id": "197", "address": "춘산면 신흥리 782답", "region": "춘산면", "capacity": 5.4, "source": "의성군 주소 자료", "management": "미기재", "lat": 36.233213910015223, "lng": 128.84370191680941, "pond_id": "197", "nearest_road_m": 120.77689343453829, "distance_to_road_m": 120.77689343453829, "road_access_status": "AVAILABLE", "road_source_year": null, "accessibility_class": "100–300m" }, "geometry": { "type": "Point", "coordinates": [ 128.843701946108439, 36.233213870935138 ] } },
{ "type": "Feature", "properties": { "id": "198", "address": "춘산면 신흥리 535 유", "region": "춘산면", "capacity": 11.3, "source": "의성군 주소 자료", "management": "미기재", "lat": 36.225591321180595, "lng": 128.84075398874518, "pond_id": "198", "nearest_road_m": 888.35730434635593, "distance_to_road_m": 888.35730434635593, "road_access_status": "AVAILABLE", "road_source_year": null, "accessibility_class": "500m 이상" }, "geometry": { "type": "Point", "coordinates": [ 128.840754018023944, 36.22559128210704 ] } },
{ "type": "Feature", "properties": { "id": "199", "address": "춘산면 신흥리 480답", "region": "춘산면", "capacity": 5.0, "source": "의성군 주소 자료", "management": "미기재", "lat": 36.232488754174859, "lng": 128.84748857684576, "pond_id": "199", "nearest_road_m": 79.693039787923837, "distance_to_road_m": 79.693039787923837, "road_access_status": "AVAILABLE", "road_source_year": null, "accessibility_class": "0–100m" }, "geometry": { "type": "Point", "coordinates": [ 128.847488606143685, 36.232488715100267 ] } },
{ "type": "Feature", "properties": { "id": "200", "address": "춘산면 신흥리 126유", "region": "춘산면", "capacity": 33.0, "source": "의성군 주소 자료", "management": "미기재", "lat": 36.249537707429965, "lng": 128.86889219234021, "pond_id": "200", "nearest_road_m": 100.71962928601708, "distance_to_road_m": 100.71962928601708, "road_access_status": "AVAILABLE", "road_source_year": null, "accessibility_class": "100–300m" }, "geometry": { "type": "Point", "coordinates": [ 128.868892221686451, 36.249537668358549 ] } },
{ "type": "Feature", "properties": { "id": "201", "address": "춘산면 신흥리 144", "region": "춘산면", "capacity": 3.0, "source": "의성군 주소 자료", "management": "미기재", "lat": 36.24808869490542, "lng": 128.87339630798581, "pond_id": "201", "nearest_road_m": 452.0707496930915, "distance_to_road_m": 452.0707496930915, "road_access_status": "AVAILABLE", "road_source_year": null, "accessibility_class": "300–500m" }, "geometry": { "type": "Point", "coordinates": [ 128.873396337329268, 36.248088655841322 ] } },
{ "type": "Feature", "properties": { "id": "202", "address": "춘산면 대사리 516유", "region": "춘산면", "capacity": 8.4, "source": "의성군 주소 자료", "management": "미기재", "lat": 36.257885010497461, "lng": 128.82190781897356, "pond_id": "202", "nearest_road_m": 39.83773760368063, "distance_to_road_m": 39.83773760368063, "road_access_status": "AVAILABLE", "road_source_year": null, "accessibility_class": "0–100m" }, "geometry": { "type": "Point", "coordinates": [ 128.821907848331506, 36.257884971358806 ] } },
{ "type": "Feature", "properties": { "id": "203", "address": "춘산면 대사리 186유", "region": "춘산면", "capacity": 3.8, "source": "의성군 주소 자료", "management": "미기재", "lat": 36.245808206936069, "lng": 128.83388603203952, "pond_id": "203", "nearest_road_m": 739.07521364695901, "distance_to_road_m": 739.07521364695901, "road_access_status": "AVAILABLE", "road_source_year": null, "accessibility_class": "500m 이상" }, "geometry": { "type": "Point", "coordinates": [ 128.833886061368872, 36.245808167827597 ] } },
{ "type": "Feature", "properties": { "id": "204", "address": "춘산면 대사리 147 유", "region": "춘산면", "capacity": 3.7, "source": "의성군 주소 자료", "management": "미기재", "lat": 36.257850301624757, "lng": 128.8330325034658, "pond_id": "204", "nearest_road_m": 1032.9768443068692, "distance_to_road_m": 1032.9768443068692, "road_access_status": "AVAILABLE", "road_source_year": null, "accessibility_class": "500m 이상" }, "geometry": { "type": "Point", "coordinates": [ 128.833032532825996, 36.257850262499439 ] } },
{ "type": "Feature", "properties": { "id": "213", "address": "춘산면 빙계리 142유", "region": "춘산면", "capacity": 58.3, "source": "의성군 주소 자료", "management": "미기재", "lat": 36.246183281428706, "lng": 128.77857576721709, "pond_id": "213", "nearest_road_m": 935.43822992918672, "distance_to_road_m": 935.43822992918672, "road_access_status": "AVAILABLE", "road_source_year": null, "accessibility_class": "500m 이상" }, "geometry": { "type": "Point", "coordinates": [ 128.778575796535648, 36.246183242253579 ] } },
{ "type": "Feature", "properties": { "id": "214", "address": "춘산면 빙계리 109유", "region": "춘산면", "capacity": 28.3, "source": "의성군 주소 자료", "management": "미기재", "lat": 36.248636671141853, "lng": 128.77537191569488, "pond_id": "214", "nearest_road_m": 1060.6557949305306, "distance_to_road_m": 1060.6557949305306, "road_access_status": "AVAILABLE", "road_source_year": null, "accessibility_class": "500m 이상" }, "geometry": { "type": "Point", "coordinates": [ 128.775371945019032, 36.248636631959684 ] } },
{ "type": "Feature", "properties": { "id": "215", "address": "춘산면 사미리 645-1답", "region": "춘산면", "capacity": 17.3, "source": "의성군 주소 자료", "management": "미기재", "lat": 36.257696958507012, "lng": 128.75489432475038, "pond_id": "215", "nearest_road_m": 402.77805479544139, "distance_to_road_m": 402.77805479544139, "road_access_status": "AVAILABLE", "road_source_year": null, "accessibility_class": "300–500m" }, "geometry": { "type": "Point", "coordinates": [ 128.754894354093295, 36.257696919288577 ] } },
{ "type": "Feature", "properties": { "id": "216", "address": "춘산면 사미리 292유", "region": "춘산면", "capacity": 3.2, "source": "의성군 주소 자료", "management": "미기재", "lat": 36.250332764169137, "lng": 128.75445163033285, "pond_id": "216", "nearest_road_m": 211.53425256324959, "distance_to_road_m": 211.53425256324959, "road_access_status": "AVAILABLE", "road_source_year": null, "accessibility_class": "100–300m" }, "geometry": { "type": "Point", "coordinates": [ 128.75445165965678, 36.250332724959762 ] } },
{ "type": "Feature", "properties": { "id": "217", "address": "춘산면 사미리 618답", "region": "춘산면", "capacity": 15.8, "source": "의성군 주소 자료", "management": "미기재", "lat": 36.257664483330849, "lng": 128.75034322806877, "pond_id": "217", "nearest_road_m": 811.91022142502584, "distance_to_road_m": 811.91022142502584, "road_access_status": "AVAILABLE", "road_source_year": null, "accessibility_class": "500m 이상" }, "geometry": { "type": "Point", "coordinates": [ 128.750343257410634, 36.257664444107029 ] } },
{ "type": "Feature", "properties": { "id": "218", "address": "춘산면 사미리 921유", "region": "춘산면", "capacity": 6.0, "source": "의성군 주소 자료", "management": "미기재", "lat": 36.261455634016876, "lng": 128.7554233949144, "pond_id": "218", "nearest_road_m": 408.51611459426704, "distance_to_road_m": 408.51611459426704, "road_access_status": "AVAILABLE", "road_source_year": null, "accessibility_class": "300–500m" }, "geometry": { "type": "Point", "coordinates": [ 128.755423424267065, 36.261455594794178 ] } },
{ "type": "Feature", "properties": { "id": "219", "address": "춘산면 효선리 62유", "region": "춘산면", "capacity": 23.9, "source": "의성군 주소 자료", "management": "미기재", "lat": 36.266883217232483, "lng": 128.80248901745372, "pond_id": "219", "nearest_road_m": 1182.2915483358443, "distance_to_road_m": 1182.2915483358443, "road_access_status": "AVAILABLE", "road_source_year": null, "accessibility_class": "500m 이상" }, "geometry": { "type": "Point", "coordinates": [ 128.80248904683063, 36.266883178058833 ] } },
{ "type": "Feature", "properties": { "id": "220", "address": "춘산면 효선리 1011유", "region": "춘산면", "capacity": 0.8, "source": "의성군 주소 자료", "management": "미기재", "lat": 36.265023137713747, "lng": 128.75915271780079, "pond_id": "220", "nearest_road_m": 184.67595244778846, "distance_to_road_m": 184.67595244778846, "road_access_status": "AVAILABLE", "road_source_year": null, "accessibility_class": "100–300m" }, "geometry": { "type": "Point", "coordinates": [ 128.759152747163427, 36.26502309849085 ] } },
{ "type": "Feature", "properties": { "id": "221", "address": "춘산면 효선리 1213답", "region": "춘산면", "capacity": 0.7, "source": "의성군 주소 자료", "management": "미기재", "lat": 36.269118585660031, "lng": 128.75699682108828, "pond_id": "221", "nearest_road_m": 563.99187657225787, "distance_to_road_m": 563.99187657225787, "road_access_status": "AVAILABLE", "road_source_year": null, "accessibility_class": "500m 이상" }, "geometry": { "type": "Point", "coordinates": [ 128.756996850460979, 36.269118546429219 ] } },
{ "type": "Feature", "properties": { "id": "222", "address": "춘산면 효선리 342유", "region": "춘산면", "capacity": 2.2, "source": "의성군 주소 자료", "management": "미기재", "lat": 36.271310854092349, "lng": 128.77816592383914, "pond_id": "222", "nearest_road_m": 858.52510228713402, "distance_to_road_m": 858.52510228713402, "road_access_status": "AVAILABLE", "road_source_year": null, "accessibility_class": "500m 이상" }, "geometry": { "type": "Point", "coordinates": [ 128.778165953222128, 36.271310814883911 ] } },
{ "type": "Feature", "properties": { "id": "223", "address": "춘산면 효선리 356유", "region": "춘산면", "capacity": 16.0, "source": "의성군 주소 자료", "management": "미기재", "lat": 36.271455677765196, "lng": 128.78115137851216, "pond_id": "223", "nearest_road_m": 1121.9975701784749, "distance_to_road_m": 1121.9975701784749, "road_access_status": "AVAILABLE", "road_source_year": null, "accessibility_class": "500m 이상" }, "geometry": { "type": "Point", "coordinates": [ 128.781151407896175, 36.271455638560134 ] } },
{ "type": "Feature", "properties": { "id": "224", "address": "춘산면 효선리 1029유", "region": "춘산면", "capacity": 15.4, "source": "의성군 주소 자료", "management": "미기재", "lat": 36.262316761678413, "lng": 128.75937021966087, "pond_id": "224", "nearest_road_m": 97.373001100999602, "distance_to_road_m": 97.373001100999602, "road_access_status": "AVAILABLE", "road_source_year": null, "accessibility_class": "0–100m" }, "geometry": { "type": "Point", "coordinates": [ 128.759370249016627, 36.262316722459289 ] } },
{ "type": "Feature", "properties": { "id": "225", "address": "가음면 장리 499유", "region": "가음면", "capacity": 4.8, "source": "의성군 주소 자료", "management": "미기재", "lat": 36.246383587266841, "lng": 128.7385673143196, "pond_id": "225", "nearest_road_m": 999.96605348034689, "distance_to_road_m": 999.96605348034689, "road_access_status": "AVAILABLE", "road_source_year": null, "accessibility_class": "500m 이상" }, "geometry": { "type": "Point", "coordinates": [ 128.738567343629882, 36.246383548043703 ] } },
{ "type": "Feature", "properties": { "id": "226", "address": "가음면 장리 176유", "region": "가음면", "capacity": 18.9, "source": "의성군 주소 자료", "management": "미기재", "lat": 36.239268233053984, "lng": 128.73525090378226, "pond_id": "226", "nearest_road_m": 753.71283876544874, "distance_to_road_m": 753.71283876544874, "road_access_status": "AVAILABLE", "road_source_year": null, "accessibility_class": "500m 이상" }, "geometry": { "type": "Point", "coordinates": [ 128.735250933073559, 36.239268193836196 ] } },
{ "type": "Feature", "properties": { "id": "227", "address": "가음면 장리 828유", "region": "가음면", "capacity": 5.7, "source": "의성군 주소 자료", "management": "미기재", "lat": 36.244732887132763, "lng": 128.72748484279523, "pond_id": "227", "nearest_road_m": 1000.1432678590285, "distance_to_road_m": 1000.1432678590285, "road_access_status": "AVAILABLE", "road_source_year": null, "accessibility_class": "500m 이상" }, "geometry": { "type": "Point", "coordinates": [ 128.727484872098842, 36.244732847898561 ] } },
{ "type": "Feature", "properties": { "id": "228", "address": "가음면 장리 738유", "region": "가음면", "capacity": 11.0, "source": "의성군 주소 자료", "management": "미기재", "lat": 36.24585026941093, "lng": 128.72310432444675, "pond_id": "228", "nearest_road_m": 1073.0263944576268, "distance_to_road_m": 1073.0263944576268, "road_access_status": "AVAILABLE", "road_source_year": null, "accessibility_class": "500m 이상" }, "geometry": { "type": "Point", "coordinates": [ 128.723104353752205, 36.245850230170063 ] } },
{ "type": "Feature", "properties": { "id": "229", "address": "가음면 장리 1271유", "region": "가음면", "capacity": 59.4, "source": "의성군 주소 자료", "management": "미기재", "lat": 36.238239856329365, "lng": 128.72410530455599, "pond_id": "229", "nearest_road_m": 227.21221761283263, "distance_to_road_m": 227.21221761283263, "road_access_status": "AVAILABLE", "road_source_year": null, "accessibility_class": "100–300m" }, "geometry": { "type": "Point", "coordinates": [ 128.724105333842203, 36.238239817099647 ] } },
{ "type": "Feature", "properties": { "id": "230", "address": "가음면 장리 436유", "region": "가음면", "capacity": 6.6, "source": "의성군 주소 자료", "management": "미기재", "lat": 36.243663577423121, "lng": 128.73413551820735, "pond_id": "230", "nearest_road_m": 1128.1812095106197, "distance_to_road_m": 1128.1812095106197, "road_access_status": "AVAILABLE", "road_source_year": null, "accessibility_class": "500m 이상" }, "geometry": { "type": "Point", "coordinates": [ 128.73413554750968, 36.243663538198248 ] } },
{ "type": "Feature", "properties": { "id": "231", "address": "가음면 장리 393유", "region": "가음면", "capacity": 3.3, "source": "의성군 주소 자료", "management": "미기재", "lat": 36.245641599730021, "lng": 128.72945151740791, "pond_id": "231", "nearest_road_m": 1155.6550553405004, "distance_to_road_m": 1155.6550553405004, "road_access_status": "AVAILABLE", "road_source_year": null, "accessibility_class": "500m 이상" }, "geometry": { "type": "Point", "coordinates": [ 128.729451546714245, 36.245641560496999 ] } },
{ "type": "Feature", "properties": { "id": "232", "address": "가음면 장리 624유", "region": "가음면", "capacity": 4.1, "source": "의성군 주소 자료", "management": "미기재", "lat": 36.247801936057314, "lng": 128.72648441693806, "pond_id": "232", "nearest_road_m": 1308.9470878043694, "distance_to_road_m": 1308.9470878043694, "road_access_status": "AVAILABLE", "road_source_year": null, "accessibility_class": "500m 이상" }, "geometry": { "type": "Point", "coordinates": [ 128.726484446249287, 36.247801896817926 ] } },
{ "type": "Feature", "properties": { "id": "233", "address": "가음면 장리 산45-8임", "region": "가음면", "capacity": 1.5, "source": "의성군 주소 자료", "management": "미기재", "lat": 36.251210192060803, "lng": 128.73256669703613, "pond_id": "233", "nearest_road_m": 1760.2519970535063, "distance_to_road_m": 1760.2519970535063, "road_access_status": "AVAILABLE", "road_source_year": null, "accessibility_class": "500m 이상" }, "geometry": { "type": "Point", "coordinates": [ 128.732566726357447, 36.251210152824214 ] } },
{ "type": "Feature", "properties": { "id": "234", "address": "가음면 이리 690유", "region": "가음면", "capacity": 7.6, "source": "의성군 주소 자료", "management": "미기재", "lat": 36.254403424290601, "lng": 128.74782299771766, "pond_id": "234", "nearest_road_m": 935.93523552271552, "distance_to_road_m": 935.93523552271552, "road_access_status": "AVAILABLE", "road_source_year": null, "accessibility_class": "500m 이상" }, "geometry": { "type": "Point", "coordinates": [ 128.747823027050543, 36.254403385068031 ] } },
{ "type": "Feature", "properties": { "id": "235", "address": "가음면 이리 1033-2유", "region": "가음면", "capacity": 6.3, "source": "의성군 주소 자료", "management": "미기재", "lat": 36.251681190263263, "lng": 128.74356836900955, "pond_id": "235", "nearest_road_m": 1063.7157296832588, "distance_to_road_m": 1063.7157296832588, "road_access_status": "AVAILABLE", "road_source_year": null, "accessibility_class": "500m 이상" }, "geometry": { "type": "Point", "coordinates": [ 128.743568398334531, 36.251681151039172 ] } },
{ "type": "Feature", "properties": { "id": "236", "address": "가음면 이리 1089유", "region": "가음면", "capacity": 4.2, "source": "의성군 주소 자료", "management": "미기재", "lat": 36.250553079236191, "lng": 128.74245311010367, "pond_id": "236", "nearest_road_m": 1052.9710677938533, "distance_to_road_m": 1052.9710677938533, "road_access_status": "AVAILABLE", "road_source_year": null, "accessibility_class": "500m 이상" }, "geometry": { "type": "Point", "coordinates": [ 128.742453139425493, 36.25055304001225 ] } },
{ "type": "Feature", "properties": { "id": "237", "address": "가음면 이리 1104유", "region": "가음면", "capacity": 12.0, "source": "의성군 주소 자료", "management": "미기재", "lat": 36.247771738627875, "lng": 128.74101199829985, "pond_id": "237", "nearest_road_m": 976.28657321248249, "distance_to_road_m": 976.28657321248249, "road_access_status": "AVAILABLE", "road_source_year": null, "accessibility_class": "500m 이상" }, "geometry": { "type": "Point", "coordinates": [ 128.741012027614232, 36.247771699405824 ] } },
{ "type": "Feature", "properties": { "id": "238", "address": "가음면 이리 802-2임", "region": "가음면", "capacity": 5.6, "source": "의성군 주소 자료", "management": "미기재", "lat": 36.256820892126242, "lng": 128.74517331900327, "pond_id": "238", "nearest_road_m": 1261.5921732226004, "distance_to_road_m": 1261.5921732226004, "road_access_status": "AVAILABLE", "road_source_year": null, "accessibility_class": "500m 이상" }, "geometry": { "type": "Point", "coordinates": [ 128.74517334834178, 36.256820852897349 ] } },
{ "type": "Feature", "properties": { "id": "239", "address": "가음면 이리 651유", "region": "가음면", "capacity": 6.3, "source": "의성군 주소 자료", "management": "미기재", "lat": 36.249086462814276, "lng": 128.75095297981912, "pond_id": "239", "nearest_road_m": 358.94559377403652, "distance_to_road_m": 358.94559377403652, "road_access_status": "AVAILABLE", "road_source_year": null, "accessibility_class": "300–500m" }, "geometry": { "type": "Point", "coordinates": [ 128.750953009139067, 36.249086423602378 ] } },
{ "type": "Feature", "properties": { "id": "240", "address": "가음면 가산리 169유", "region": "가음면", "capacity": 3.08, "source": "의성군 주소 자료", "management": "미기재", "lat": 36.218469706672714, "lng": 128.72602913201516, "pond_id": "240", "nearest_road_m": 348.98458176138604, "distance_to_road_m": 348.98458176138604, "road_access_status": "AVAILABLE", "road_source_year": null, "accessibility_class": "300–500m" }, "geometry": { "type": "Point", "coordinates": [ 128.72602916125112, 36.218469667471197 ] } },
{ "type": "Feature", "properties": { "id": "241", "address": "가음면 순호리 1134유", "region": "가음면", "capacity": 9.7, "source": "의성군 주소 자료", "management": "미기재", "lat": 36.20411616917324, "lng": 128.70079852468254, "pond_id": "241", "nearest_road_m": 425.23586859280414, "distance_to_road_m": 425.23586859280414, "road_access_status": "AVAILABLE", "road_source_year": null, "accessibility_class": "300–500m" }, "geometry": { "type": "Point", "coordinates": [ 128.700798553876126, 36.204116129960504 ] } },
{ "type": "Feature", "properties": { "id": "242", "address": "가음면 순호리 495유", "region": "가음면", "capacity": 140.5, "source": "의성군 주소 자료", "management": "미기재", "lat": 36.208744256659458, "lng": 128.72560442516297, "pond_id": "242", "nearest_road_m": 476.0344241665311, "distance_to_road_m": 476.0344241665311, "road_access_status": "AVAILABLE", "road_source_year": null, "accessibility_class": "300–500m" }, "geometry": { "type": "Point", "coordinates": [ 128.725604454373894, 36.208744217470255 ] } },
{ "type": "Feature", "properties": { "id": "243", "address": "가음면 순호리 1003유", "region": "가음면", "capacity": 3.1, "source": "의성군 주소 자료", "management": "미기재", "lat": 36.207228137545997, "lng": 128.70690317668817, "pond_id": "243", "nearest_road_m": 517.16229737252286, "distance_to_road_m": 517.16229737252286, "road_access_status": "AVAILABLE", "road_source_year": null, "accessibility_class": "500m 이상" }, "geometry": { "type": "Point", "coordinates": [ 128.706903205891081, 36.207228098336437 ] } },
{ "type": "Feature", "properties": { "id": "244", "address": "가음면 순호리 975유", "region": "가음면", "capacity": 12.8, "source": "의성군 주소 자료", "management": "미기재", "lat": 36.211798215198201, "lng": 128.71183920119651, "pond_id": "244", "nearest_road_m": 684.83893098405576, "distance_to_road_m": 684.83893098405576, "road_access_status": "AVAILABLE", "road_source_year": null, "accessibility_class": "500m 이상" }, "geometry": { "type": "Point", "coordinates": [ 128.711839230412238, 36.211798175988513 ] } },
{ "type": "Feature", "properties": { "id": "245", "address": "가음면 순호리 132유", "region": "가음면", "capacity": 11.5, "source": "의성군 주소 자료", "management": "미기재", "lat": 36.202778596025709, "lng": 128.74368460148037, "pond_id": "245", "nearest_road_m": 2205.5205919116211, "distance_to_road_m": 2205.5205919116211, "road_access_status": "AVAILABLE", "road_source_year": null, "accessibility_class": "500m 이상" }, "geometry": { "type": "Point", "coordinates": [ 128.743684630679951, 36.202778556865994 ] } },
{ "type": "Feature", "properties": { "id": "246", "address": "가음면 순호리 16유", "region": "가음면", "capacity": 14.2, "source": "의성군 주소 자료", "management": "미기재", "lat": 36.208110658718354, "lng": 128.74878392940337, "pond_id": "246", "nearest_road_m": 1472.8209247243615, "distance_to_road_m": 1472.8209247243615, "road_access_status": "AVAILABLE", "road_source_year": null, "accessibility_class": "500m 이상" }, "geometry": { "type": "Point", "coordinates": [ 128.748783958617764, 36.208110619557708 ] } },
{ "type": "Feature", "properties": { "id": "247", "address": "가음면 현리리 487유", "region": "가음면", "capacity": 6.8, "source": "의성군 주소 자료", "management": "미기재", "lat": 36.204182831670096, "lng": 128.76163797355952, "pond_id": "247", "nearest_road_m": 1233.0289921552194, "distance_to_road_m": 1233.0289921552194, "road_access_status": "AVAILABLE", "road_source_year": null, "accessibility_class": "500m 이상" }, "geometry": { "type": "Point", "coordinates": [ 128.761638002766574, 36.204182792530013 ] } },
{ "type": "Feature", "properties": { "id": "248", "address": "가음면 현리리 249-2유", "region": "가음면", "capacity": 21.0, "source": "의성군 주소 자료", "management": "미기재", "lat": 36.214637671871159, "lng": 128.76269500986152, "pond_id": "248", "nearest_road_m": 101.27498708633438, "distance_to_road_m": 101.27498708633438, "road_access_status": "AVAILABLE", "road_source_year": null, "accessibility_class": "100–300m" }, "geometry": { "type": "Point", "coordinates": [ 128.762695039095661, 36.214637632718535 ] } },
{ "type": "Feature", "properties": { "id": "249", "address": "가음면 현리리 67유", "region": "가음면", "capacity": 6.0, "source": "의성군 주소 자료", "management": "미기재", "lat": 36.215364506147743, "lng": 128.78600678765105, "pond_id": "249", "nearest_road_m": 339.95273542730069, "distance_to_road_m": 339.95273542730069, "road_access_status": "AVAILABLE", "road_source_year": null, "accessibility_class": "300–500m" }, "geometry": { "type": "Point", "coordinates": [ 128.786006816892041, 36.21536446702207 ] } },
{ "type": "Feature", "properties": { "id": "250", "address": "가음면 현리리 584유", "region": "가음면", "capacity": 7.4, "source": "의성군 주소 자료", "management": "미기재", "lat": 36.197419722107966, "lng": 128.76626686795507, "pond_id": "250", "nearest_road_m": 1889.3980841413547, "distance_to_road_m": 1889.3980841413547, "road_access_status": "AVAILABLE", "road_source_year": null, "accessibility_class": "500m 이상" }, "geometry": { "type": "Point", "coordinates": [ 128.766266897145812, 36.197419682982392 ] } },
{ "type": "Feature", "properties": { "id": "251", "address": "가음면 현리리 450답", "region": "가음면", "capacity": 2.2, "source": "의성군 주소 자료", "management": "미기재", "lat": 36.206633441960697, "lng": 128.76288252108426, "pond_id": "251", "nearest_road_m": 947.65789758058577, "distance_to_road_m": 947.65789758058577, "road_access_status": "AVAILABLE", "road_source_year": null, "accessibility_class": "500m 이상" }, "geometry": { "type": "Point", "coordinates": [ 128.762882550297917, 36.206633402818873 ] } },
{ "type": "Feature", "properties": { "id": "380", "address": "비안면 옥연리 630유", "region": "비안면", "capacity": 8.8, "source": "의성군 주소 자료", "management": "미기재", "lat": 36.315073893758033, "lng": 128.47689361380353, "pond_id": "380", "nearest_road_m": 313.64899655306942, "distance_to_road_m": 313.64899655306942, "road_access_status": "AVAILABLE", "road_source_year": null, "accessibility_class": "300–500m" }, "geometry": { "type": "Point", "coordinates": [ 128.476893643225594, 36.315073854137758 ] } },
{ "type": "Feature", "properties": { "id": "381", "address": "비안면 옥연리 777-1", "region": "비안면", "capacity": 15.4, "source": "의성군 주소 자료", "management": "미기재", "lat": 36.327865133688363, "lng": 128.46256881300184, "pond_id": "381", "nearest_road_m": 1296.0448074153589, "distance_to_road_m": 1296.0448074153589, "road_access_status": "AVAILABLE", "road_source_year": null, "accessibility_class": "500m 이상" }, "geometry": { "type": "Point", "coordinates": [ 128.462568842452583, 36.327865094035275 ] } },
{ "type": "Feature", "properties": { "id": "382", "address": "비안면 용남리 570답", "region": "비안면", "capacity": 10.6, "source": "의성군 주소 자료", "management": "미기재", "lat": 36.354327244884544, "lng": 128.47088340334741, "pond_id": "382", "nearest_road_m": 339.96968959626133, "distance_to_road_m": 339.96968959626133, "road_access_status": "AVAILABLE", "road_source_year": null, "accessibility_class": "300–500m" }, "geometry": { "type": "Point", "coordinates": [ 128.470883432867481, 36.354327205208115 ] } },
{ "type": "Feature", "properties": { "id": "383", "address": "비안면 용남리 105유", "region": "비안면", "capacity": 34.5, "source": "의성군 주소 자료", "management": "미기재", "lat": 36.349456612029073, "lng": 128.47857810386537, "pond_id": "383", "nearest_road_m": 747.28890838309542, "distance_to_road_m": 747.28890838309542, "road_access_status": "AVAILABLE", "road_source_year": null, "accessibility_class": "500m 이상" }, "geometry": { "type": "Point", "coordinates": [ 128.478578133375152, 36.3494565723677 ] } },
{ "type": "Feature", "properties": { "id": "384", "address": "비안면 용남리 8답", "region": "비안면", "capacity": 5.5, "source": "의성군 주소 자료", "management": "미기재", "lat": 36.354239311300937, "lng": 128.48383733146798, "pond_id": "384", "nearest_road_m": 1393.8239394881984, "distance_to_road_m": 1393.8239394881984, "road_access_status": "AVAILABLE", "road_source_year": null, "accessibility_class": "500m 이상" }, "geometry": { "type": "Point", "coordinates": [ 128.483837360991288, 36.354239271639749 ] } },
{ "type": "Feature", "properties": { "id": "385", "address": "비안면 이두리 401-1유", "region": "비안면", "capacity": 6.1, "source": "의성군 주소 자료", "management": "미기재", "lat": 36.343501965002332, "lng": 128.49079567089521, "pond_id": "385", "nearest_road_m": 519.01936904920854, "distance_to_road_m": 519.01936904920854, "road_access_status": "AVAILABLE", "road_source_year": null, "accessibility_class": "500m 이상" }, "geometry": { "type": "Point", "coordinates": [ 128.490795700393079, 36.343501925362652 ] } },
{ "type": "Feature", "properties": { "id": "386", "address": "비안면 이두리 561유", "region": "비안면", "capacity": 12.5, "source": "의성군 주소 자료", "management": "미기재", "lat": 36.346525494365579, "lng": 128.48388044247235, "pond_id": "386", "nearest_road_m": 633.36427389519963, "distance_to_road_m": 633.36427389519963, "road_access_status": "AVAILABLE", "road_source_year": null, "accessibility_class": "500m 이상" }, "geometry": { "type": "Point", "coordinates": [ 128.483880471976079, 36.346525454714047 ] } },
{ "type": "Feature", "properties": { "id": "387", "address": "비안면 이두리 16답", "region": "비안면", "capacity": 5.3, "source": "의성군 주소 자료", "management": "미기재", "lat": 36.338333084657343, "lng": 128.50491982898836, "pond_id": "387", "nearest_road_m": 255.23491836935051, "distance_to_road_m": 255.23491836935051, "road_access_status": "AVAILABLE", "road_source_year": null, "accessibility_class": "100–300m" }, "geometry": { "type": "Point", "coordinates": [ 128.504919858476825, 36.338333045040649 ] } },
{ "type": "Feature", "properties": { "id": "388", "address": "비안면 외곡리 7-1유", "region": "비안면", "capacity": 7.8, "source": "의성군 주소 자료", "management": "미기재", "lat": 36.354496671732576, "lng": 128.51505592517438, "pond_id": "388", "nearest_road_m": 792.99545433357594, "distance_to_road_m": 792.99545433357594, "road_access_status": "AVAILABLE", "road_source_year": null, "accessibility_class": "500m 이상" }, "geometry": { "type": "Point", "coordinates": [ 128.515055954706582, 36.354496632107519 ] } },
{ "type": "Feature", "properties": { "id": "389", "address": "비안면 외곡리 67유", "region": "비안면", "capacity": 11.0, "source": "의성군 주소 자료", "management": "미기재", "lat": 36.349723988509211, "lng": 128.5126800109804, "pond_id": "389", "nearest_road_m": 783.02983951524368, "distance_to_road_m": 783.02983951524368, "road_access_status": "AVAILABLE", "road_source_year": null, "accessibility_class": "500m 이상" }, "geometry": { "type": "Point", "coordinates": [ 128.512680040499845, 36.349723948887338 ] } },
{ "type": "Feature", "properties": { "id": "390", "address": "비안면 외곡리 498-1유", "region": "비안면", "capacity": 5.5, "source": "의성군 주소 자료", "management": "미기재", "lat": 36.355356069807172, "lng": 128.49617927653696, "pond_id": "390", "nearest_road_m": 799.4207251174056, "distance_to_road_m": 799.4207251174056, "road_access_status": "AVAILABLE", "road_source_year": null, "accessibility_class": "500m 이상" }, "geometry": { "type": "Point", "coordinates": [ 128.496179306066381, 36.355356030158973 ] } },
{ "type": "Feature", "properties": { "id": "391", "address": "비안면 외곡리 521유", "region": "비안면", "capacity": 11.0, "source": "의성군 주소 자료", "management": "미기재", "lat": 36.349472445031012, "lng": 128.4932597393834, "pond_id": "391", "nearest_road_m": 815.89243580860727, "distance_to_road_m": 815.89243580860727, "road_access_status": "AVAILABLE", "road_source_year": null, "accessibility_class": "500m 이상" }, "geometry": { "type": "Point", "coordinates": [ 128.493259768897104, 36.349472405386763 ] } },
{ "type": "Feature", "properties": { "id": "392", "address": "비안면 자락리 78유", "region": "비안면", "capacity": 13.8, "source": "의성군 주소 자료", "management": "미기재", "lat": 36.37228513634102, "lng": 128.52135049563464, "pond_id": "392", "nearest_road_m": 1024.2577421031035, "distance_to_road_m": 1024.2577421031035, "road_access_status": "AVAILABLE", "road_source_year": null, "accessibility_class": "500m 이상" }, "geometry": { "type": "Point", "coordinates": [ 128.521350525213677, 36.372285096701134 ] } },
{ "type": "Feature", "properties": { "id": "393", "address": "비안면 자락리 14유", "region": "비안면", "capacity": 11.0, "source": "의성군 주소 자료", "management": "미기재", "lat": 36.3786304027253, "lng": 128.52121767237779, "pond_id": "393", "nearest_road_m": 1621.8881336881752, "distance_to_road_m": 1621.8881336881752, "road_access_status": "AVAILABLE", "road_source_year": null, "accessibility_class": "500m 이상" }, "geometry": { "type": "Point", "coordinates": [ 128.521217701972915, 36.378630363077384 ] } },
{ "type": "Feature", "properties": { "id": "394", "address": "비안면 자락리 448-1유", "region": "비안면", "capacity": 4.5, "source": "의성군 주소 자료", "management": "미기재", "lat": 36.370023310486829, "lng": 128.50498347476491, "pond_id": "394", "nearest_road_m": 63.854125643389317, "distance_to_road_m": 63.854125643389317, "road_access_status": "AVAILABLE", "road_source_year": null, "accessibility_class": "0–100m" }, "geometry": { "type": "Point", "coordinates": [ 128.504983504333893, 36.370023270830657 ] } },
{ "type": "Feature", "properties": { "id": "395", "address": "비안면 자락리 453답", "region": "비안면", "capacity": 2.0, "source": "의성군 주소 자료", "management": "미기재", "lat": 36.368252996075817, "lng": 128.50531708537144, "pond_id": "395", "nearest_road_m": 77.519158276883758, "distance_to_road_m": 77.519158276883758, "road_access_status": "AVAILABLE", "road_source_year": null, "accessibility_class": "0–100m" }, "geometry": { "type": "Point", "coordinates": [ 128.505317114936048, 36.368252956422246 ] } },
{ "type": "Feature", "properties": { "id": "396", "address": "비안면 자락리 603구", "region": "비안면", "capacity": 13.5, "source": "의성군 주소 자료", "management": "미기재", "lat": 36.369099093390147, "lng": 128.51110485830418, "pond_id": "396", "nearest_road_m": 297.75988432683113, "distance_to_road_m": 297.75988432683113, "road_access_status": "AVAILABLE", "road_source_year": null, "accessibility_class": "100–300m" }, "geometry": { "type": "Point", "coordinates": [ 128.51110488787242, 36.369099053742261 ] } },
{ "type": "Feature", "properties": { "id": "397", "address": "비안면 자락리 172유", "region": "비안면", "capacity": 34.5, "source": "의성군 주소 자료", "management": "미기재", "lat": 36.362215166019375, "lng": 128.51606324948466, "pond_id": "397", "nearest_road_m": 80.450026538325019, "distance_to_road_m": 80.450026538325019, "road_access_status": "AVAILABLE", "road_source_year": null, "accessibility_class": "0–100m" }, "geometry": { "type": "Point", "coordinates": [ 128.516063279036729, 36.362215126385841 ] } },
{ "type": "Feature", "properties": { "id": "398", "address": "비안면 자락리 150유", "region": "비안면", "capacity": 3.8, "source": "의성군 주소 자료", "management": "미기재", "lat": 36.36789307491847, "lng": 128.51668582455375, "pond_id": "398", "nearest_road_m": 382.95022793371953, "distance_to_road_m": 382.95022793371953, "road_access_status": "AVAILABLE", "road_source_year": null, "accessibility_class": "300–500m" }, "geometry": { "type": "Point", "coordinates": [ 128.516685854120396, 36.367893035278605 ] } },
{ "type": "Feature", "properties": { "id": "399", "address": "비안면 자락리 116유", "region": "비안면", "capacity": 4.6, "source": "의성군 주소 자료", "management": "미기재", "lat": 36.370825402201405, "lng": 128.51851428843565, "pond_id": "399", "nearest_road_m": 743.51655237581451, "distance_to_road_m": 743.51655237581451, "road_access_status": "AVAILABLE", "road_source_year": null, "accessibility_class": "500m 이상" }, "geometry": { "type": "Point", "coordinates": [ 128.518514318010233, 36.370825362560041 ] } },
{ "type": "Feature", "properties": { "id": "400", "address": "비안면 현산리 26유", "region": "비안면", "capacity": 41.3, "source": "의성군 주소 자료", "management": "미기재", "lat": 36.351002687915383, "lng": 128.52551488717583, "pond_id": "400", "nearest_road_m": 643.87371146174189, "distance_to_road_m": 643.87371146174189, "road_access_status": "AVAILABLE", "road_source_year": null, "accessibility_class": "500m 이상" }, "geometry": { "type": "Point", "coordinates": [ 128.525514916701866, 36.351002648306917 ] } },
{ "type": "Feature", "properties": { "id": "401", "address": "비안면 현산리 124-3유", "region": "비안면", "capacity": 26.4, "source": "의성군 주소 자료", "management": "미기재", "lat": 36.338376518416702, "lng": 128.5249681211495, "pond_id": "401", "nearest_road_m": 846.62760461738253, "distance_to_road_m": 846.62760461738253, "road_access_status": "AVAILABLE", "road_source_year": null, "accessibility_class": "500m 이상" }, "geometry": { "type": "Point", "coordinates": [ 128.524968150643303, 36.338376478823392 ] } },
{ "type": "Feature", "properties": { "id": "402", "address": "비안면 산제리 1379유", "region": "비안면", "capacity": 164.0, "source": "의성군 주소 자료", "management": "미기재", "lat": 36.360268710465142, "lng": 128.54354274632368, "pond_id": "402", "nearest_road_m": 930.20043366362097, "distance_to_road_m": 930.20043366362097, "road_access_status": "AVAILABLE", "road_source_year": null, "accessibility_class": "500m 이상" }, "geometry": { "type": "Point", "coordinates": [ 128.543542775877938, 36.360268670866162 ] } },
{ "type": "Feature", "properties": { "id": "403", "address": "비안면 산제리 1506구", "region": "비안면", "capacity": 18.0, "source": "의성군 주소 자료", "management": "미기재", "lat": 36.3808081335537, "lng": 128.53834304423006, "pond_id": "403", "nearest_road_m": 2281.8454754122199, "distance_to_road_m": 2281.8454754122199, "road_access_status": "AVAILABLE", "road_source_year": null, "accessibility_class": "500m 이상" }, "geometry": { "type": "Point", "coordinates": [ 128.538343073835222, 36.380808093923058 ] } },
{ "type": "Feature", "properties": { "id": "404", "address": "비안면 산제리 554-2유", "region": "비안면", "capacity": 1.7, "source": "의성군 주소 자료", "management": "미기재", "lat": 36.379531287998219, "lng": 128.54023456657109, "pond_id": "404", "nearest_road_m": 2372.3078002778389, "distance_to_road_m": 2372.3078002778389, "road_access_status": "AVAILABLE", "road_source_year": null, "accessibility_class": "500m 이상" }, "geometry": { "type": "Point", "coordinates": [ 128.540234596173491, 36.379531248371386 ] } },
{ "type": "Feature", "properties": { "id": "405", "address": "비안면 산제리 1212유", "region": "비안면", "capacity": 9.0, "source": "의성군 주소 자료", "management": "미기재", "lat": 36.341393990052303, "lng": 128.54471866274966, "pond_id": "405", "nearest_road_m": 524.9515694343072, "distance_to_road_m": 524.9515694343072, "road_access_status": "AVAILABLE", "road_source_year": null, "accessibility_class": "500m 이상" }, "geometry": { "type": "Point", "coordinates": [ 128.544718692256225, 36.341393950478334 ] } },
{ "type": "Feature", "properties": { "id": "406", "address": "비안면 산제리 185유", "region": "비안면", "capacity": 3.0, "source": "의성군 주소 자료", "management": "미기재", "lat": 36.348699697301143, "lng": 128.55183579772185, "pond_id": "406", "nearest_road_m": 478.76236435570348, "distance_to_road_m": 478.76236435570348, "road_access_status": "AVAILABLE", "road_source_year": null, "accessibility_class": "300–500m" }, "geometry": { "type": "Point", "coordinates": [ 128.551835827248823, 36.348699657726357 ] } },
{ "type": "Feature", "properties": { "id": "407", "address": "비안면 산제리 1297유", "region": "비안면", "capacity": 12.8, "source": "의성군 주소 자료", "management": "미기재", "lat": 36.348921673610853, "lng": 128.53884106562572, "pond_id": "407", "nearest_road_m": 314.44570660126345, "distance_to_road_m": 314.44570660126345, "road_access_status": "AVAILABLE", "road_source_year": null, "accessibility_class": "300–500m" }, "geometry": { "type": "Point", "coordinates": [ 128.538841095149934, 36.348921634020577 ] } },
{ "type": "Feature", "properties": { "id": "408", "address": "비안면 산제리 1231-1답", "region": "비안면", "capacity": 21.0, "source": "의성군 주소 자료", "management": "미기재", "lat": 36.345521840428752, "lng": 128.5432518796157, "pond_id": "408", "nearest_road_m": 336.60297974830388, "distance_to_road_m": 336.60297974830388, "road_access_status": "AVAILABLE", "road_source_year": null, "accessibility_class": "300–500m" }, "geometry": { "type": "Point", "coordinates": [ 128.54325190913238, 36.345521800847905 ] } },
{ "type": "Feature", "properties": { "id": "409", "address": "비안면 산제리 323유", "region": "비안면", "capacity": 31.0, "source": "의성군 주소 자료", "management": "미기재", "lat": 36.352613309920272, "lng": 128.55230328857124, "pond_id": "409", "nearest_road_m": 720.08787962723659, "distance_to_road_m": 720.08787962723659, "road_access_status": "AVAILABLE", "road_source_year": null, "accessibility_class": "500m 이상" }, "geometry": { "type": "Point", "coordinates": [ 128.552303318108272, 36.352613270341131 ] } },
{ "type": "Feature", "properties": { "id": "410", "address": "비안면 산제리 1450-1유", "region": "비안면", "capacity": 1.4, "source": "의성군 주소 자료", "management": "미기재", "lat": 36.355150558912072, "lng": 128.53233535970674, "pond_id": "410", "nearest_road_m": 62.004664095314013, "distance_to_road_m": 62.004664095314013, "road_access_status": "AVAILABLE", "road_source_year": null, "accessibility_class": "0–100m" }, "geometry": { "type": "Point", "coordinates": [ 128.532335389245105, 36.355150519306378 ] } },
{ "type": "Feature", "properties": { "id": "411", "address": "비안면 산제리 50유", "region": "비안면", "capacity": 30.0, "source": "의성군 주소 자료", "management": "미기재", "lat": 36.345626571491074, "lng": 128.55533916941602, "pond_id": "411", "nearest_road_m": 495.30433018975265, "distance_to_road_m": 495.30433018975265, "road_access_status": "AVAILABLE", "road_source_year": null, "accessibility_class": "300–500m" }, "geometry": { "type": "Point", "coordinates": [ 128.555339198936082, 36.345626531924239 ] } },
{ "type": "Feature", "properties": { "id": "412", "address": "비안면 산제리 137유", "region": "비안면", "capacity": 8.0, "source": "의성군 주소 자료", "management": "미기재", "lat": 36.345425893151003, "lng": 128.55483395283051, "pond_id": "412", "nearest_road_m": 445.91325568154792, "distance_to_road_m": 445.91325568154792, "road_access_status": "AVAILABLE", "road_source_year": null, "accessibility_class": "300–500m" }, "geometry": { "type": "Point", "coordinates": [ 128.554833982349891, 36.345425853583841 ] } },
{ "type": "Feature", "properties": { "id": "413", "address": "비안면 산제리 600유", "region": "비안면", "capacity": 13.0, "source": "의성군 주소 자료", "management": "미기재", "lat": 36.371444938791818, "lng": 128.53702232483207, "pond_id": "413", "nearest_road_m": 1684.7988196649808, "distance_to_road_m": 1684.7988196649808, "road_access_status": "AVAILABLE", "road_source_year": null, "accessibility_class": "500m 이상" }, "geometry": { "type": "Point", "coordinates": [ 128.53702235441304, 36.371444899171287 ] } },
{ "type": "Feature", "properties": { "id": "414", "address": "비안면 산제리 549유", "region": "비안면", "capacity": 39.6, "source": "의성군 주소 자료", "management": "미기재", "lat": 36.378820734045163, "lng": 128.54083344327188, "pond_id": "414", "nearest_road_m": 2434.6839978235389, "distance_to_road_m": 2434.6839978235389, "road_access_status": "AVAILABLE", "road_source_year": null, "accessibility_class": "500m 이상" }, "geometry": { "type": "Point", "coordinates": [ 128.540833472872635, 36.378820694419908 ] } },
{ "type": "Feature", "properties": { "id": "415", "address": "비안면 산제리 185유", "region": "비안면", "capacity": 7.4, "source": "의성군 주소 자료", "management": "미기재", "lat": 36.348699697301143, "lng": 128.55183579772185, "pond_id": "415", "nearest_road_m": 478.76236435570348, "distance_to_road_m": 478.76236435570348, "road_access_status": "AVAILABLE", "road_source_year": null, "accessibility_class": "300–500m" }, "geometry": { "type": "Point", "coordinates": [ 128.551835827248823, 36.348699657726357 ] } },
{ "type": "Feature", "properties": { "id": "416", "address": "비안면 산제리 1127유", "region": "비안면", "capacity": 2.2, "source": "의성군 주소 자료", "management": "미기재", "lat": 36.346110171624552, "lng": 128.5444441643335, "pond_id": "416", "nearest_road_m": 211.20574137876827, "distance_to_road_m": 211.20574137876827, "road_access_status": "AVAILABLE", "road_source_year": null, "accessibility_class": "100–300m" }, "geometry": { "type": "Point", "coordinates": [ 128.544444193851973, 36.346110132044352 ] } },
{ "type": "Feature", "properties": { "id": "417", "address": "비안면 화신리 56-1유", "region": "비안면", "capacity": 17.0, "source": "의성군 주소 자료", "management": "미기재", "lat": 36.337950777760412, "lng": 128.55938544959619, "pond_id": "417", "nearest_road_m": 606.1890868079895, "distance_to_road_m": 606.1890868079895, "road_access_status": "AVAILABLE", "road_source_year": null, "accessibility_class": "500m 이상" }, "geometry": { "type": "Point", "coordinates": [ 128.559385479097756, 36.337950738207979 ] } },
{ "type": "Feature", "properties": { "id": "418", "address": "비안면 화신리 572유", "region": "비안면", "capacity": 16.0, "source": "의성군 주소 자료", "management": "미기재", "lat": 36.328277169542837, "lng": 128.55908146028747, "pond_id": "418", "nearest_road_m": 811.21016289022293, "distance_to_road_m": 811.21016289022293, "road_access_status": "AVAILABLE", "road_source_year": null, "accessibility_class": "500m 이상" }, "geometry": { "type": "Point", "coordinates": [ 128.55908148976431, 36.32827713000222 ] } },
{ "type": "Feature", "properties": { "id": "419", "address": "비안면 화신리 66-1유", "region": "비안면", "capacity": 17.0, "source": "의성군 주소 자료", "management": "미기재", "lat": 36.338896784068474, "lng": 128.55801210701509, "pond_id": "419", "nearest_road_m": 481.44299007595663, "distance_to_road_m": 481.44299007595663, "road_access_status": "AVAILABLE", "road_source_year": null, "accessibility_class": "300–500m" }, "geometry": { "type": "Point", "coordinates": [ 128.558012136518698, 36.338896744513221 ] } },
{ "type": "Feature", "properties": { "id": "420", "address": "비안면 화신리 890유", "region": "비안면", "capacity": 53.0, "source": "의성군 주소 자료", "management": "미기재", "lat": 36.334671297940929, "lng": 128.54057674296627, "pond_id": "420", "nearest_road_m": 925.16959561521185, "distance_to_road_m": 925.16959561521185, "road_access_status": "AVAILABLE", "road_source_year": null, "accessibility_class": "500m 이상" }, "geometry": { "type": "Point", "coordinates": [ 128.540576772454642, 36.33467125837057 ] } },
{ "type": "Feature", "properties": { "id": "421", "address": "비안면 화신리 26", "region": "비안면", "capacity": 17.7, "source": "의성군 주소 자료", "management": "미기재", "lat": 36.334117236949602, "lng": 128.5583067895632, "pond_id": "421", "nearest_road_m": 550.14840486015055, "distance_to_road_m": 550.14840486015055, "road_access_status": "AVAILABLE", "road_source_year": null, "accessibility_class": "500m 이상" }, "geometry": { "type": "Point", "coordinates": [ 128.558306819054678, 36.334117197400722 ] } },
{ "type": "Feature", "properties": { "id": "422", "address": "비안면 화신리 907유", "region": "비안면", "capacity": 4.8, "source": "의성군 주소 자료", "management": "미기재", "lat": 36.324668516672816, "lng": 128.54133764131998, "pond_id": "422", "nearest_road_m": 517.29669704565072, "distance_to_road_m": 517.29669704565072, "road_access_status": "AVAILABLE", "road_source_year": null, "accessibility_class": "500m 이상" }, "geometry": { "type": "Point", "coordinates": [ 128.541337670783093, 36.324668477115942 ] } },
{ "type": "Feature", "properties": { "id": "423", "address": "비안면 화신리 674답", "region": "비안면", "capacity": 4.2, "source": "의성군 주소 자료", "management": "미기재", "lat": 36.325698644887829, "lng": 128.55365163603236, "pond_id": "423", "nearest_road_m": 433.42767918598281, "distance_to_road_m": 433.42767918598281, "road_access_status": "AVAILABLE", "road_source_year": null, "accessibility_class": "300–500m" }, "geometry": { "type": "Point", "coordinates": [ 128.553651665501235, 36.325698605344087 ] } },
{ "type": "Feature", "properties": { "id": "424", "address": "비안면 쌍계리 663유", "region": "비안면", "capacity": 11.5, "source": "의성군 주소 자료", "management": "미기재", "lat": 36.324899232161819, "lng": 128.5339036529198, "pond_id": "424", "nearest_road_m": 369.32935808011911, "distance_to_road_m": 369.32935808011911, "road_access_status": "AVAILABLE", "road_source_year": null, "accessibility_class": "300–500m" }, "geometry": { "type": "Point", "coordinates": [ 128.533903682381606, 36.324899192595929 ] } },
{ "type": "Feature", "properties": { "id": "425", "address": "비안면 산제리 1476", "region": "비안면", "capacity": 0.45, "source": "의성군 주소 자료", "management": "미기재", "lat": 36.36955728897523, "lng": 128.54365921153729, "pond_id": "425", "nearest_road_m": 1913.7965637421528, "distance_to_road_m": 1913.7965637421528, "road_access_status": "AVAILABLE", "road_source_year": null, "accessibility_class": "500m 이상" }, "geometry": { "type": "Point", "coordinates": [ 128.54365924111525, 36.369557249364789 ] } },
{ "type": "Feature", "properties": { "id": "426", "address": "비안면 쌍계리 692답", "region": "비안면", "capacity": 28.5, "source": "의성군 주소 자료", "management": "미기재", "lat": 36.329983932405902, "lng": 128.53510572462105, "pond_id": "426", "nearest_road_m": 884.95492212566228, "distance_to_road_m": 884.95492212566228, "road_access_status": "AVAILABLE", "road_source_year": null, "accessibility_class": "500m 이상" }, "geometry": { "type": "Point", "coordinates": [ 128.535105754096094, 36.329983892835024 ] } },
{ "type": "Feature", "properties": { "id": "427", "address": "비안면 도암리 209-1유", "region": "비안면", "capacity": 190.1, "source": "의성군 주소 자료", "management": "미기재", "lat": 36.30301660279769, "lng": 128.54334981520532, "pond_id": "427", "nearest_road_m": 719.93635899562594, "distance_to_road_m": 719.93635899562594, "road_access_status": "AVAILABLE", "road_source_year": null, "accessibility_class": "500m 이상" }, "geometry": { "type": "Point", "coordinates": [ 128.543349844613886, 36.303016563270582 ] } },
{ "type": "Feature", "properties": { "id": "428", "address": "비안면 도암리 289답", "region": "비안면", "capacity": 16.2, "source": "의성군 주소 자료", "management": "미기재", "lat": 36.299394330638926, "lng": 128.53212435326844, "pond_id": "428", "nearest_road_m": 1521.4380146916612, "distance_to_road_m": 1521.4380146916612, "road_access_status": "AVAILABLE", "road_source_year": null, "accessibility_class": "500m 이상" }, "geometry": { "type": "Point", "coordinates": [ 128.532124382664961, 36.299394291103205 ] } },
{ "type": "Feature", "properties": { "id": "429", "address": "비안면 도암리 543-2유", "region": "비안면", "capacity": 13.8, "source": "의성군 주소 자료", "management": "미기재", "lat": 36.30562528563199, "lng": 128.51265240199137, "pond_id": "429", "nearest_road_m": 1917.1474024177842, "distance_to_road_m": 1917.1474024177842, "road_access_status": "AVAILABLE", "road_source_year": null, "accessibility_class": "500m 이상" }, "geometry": { "type": "Point", "coordinates": [ 128.51265243139872, 36.305625246065532 ] } },
{ "type": "Feature", "properties": { "id": "430", "address": "비안면 화신리 823", "region": "비안면", "capacity": 6.6, "source": "의성군 주소 자료", "management": "미기재", "lat": 36.335939630168923, "lng": 128.54563566038073, "pond_id": "430", "nearest_road_m": 594.74627718622344, "distance_to_road_m": 594.74627718622344, "road_access_status": "AVAILABLE", "road_source_year": null, "accessibility_class": "500m 이상" }, "geometry": { "type": "Point", "coordinates": [ 128.54563568987362, 36.335939590602898 ] } },
{ "type": "Feature", "properties": { "id": "431", "address": "구천면 위성리 223", "region": "구천면", "capacity": 1.0, "source": "의성군 주소 자료", "management": "미기재", "lat": 36.330802152475599, "lng": 128.45448288949879, "pond_id": "431", "nearest_road_m": 1236.879338626987, "distance_to_road_m": 1236.879338626987, "road_access_status": "AVAILABLE", "road_source_year": null, "accessibility_class": "500m 이상" }, "geometry": { "type": "Point", "coordinates": [ 128.454482918954795, 36.330802112809408 ] } },
{ "type": "Feature", "properties": { "id": "432", "address": "구천면 모흥리 307", "region": "구천면", "capacity": 36.0, "source": "의성군 주소 자료", "management": "미기재", "lat": 36.336553720515681, "lng": 128.44609194670815, "pond_id": "432", "nearest_road_m": 650.33787674280472, "distance_to_road_m": 650.33787674280472, "road_access_status": "AVAILABLE", "road_source_year": null, "accessibility_class": "500m 이상" }, "geometry": { "type": "Point", "coordinates": [ 128.44609197617649, 36.336553680832509 ] } },
{ "type": "Feature", "properties": { "id": "433", "address": "구천면 위성리 18", "region": "구천면", "capacity": 1.0, "source": "의성군 주소 자료", "management": "미기재", "lat": 36.360271042176578, "lng": 128.46160355914949, "pond_id": "433", "nearest_road_m": 527.36891228045897, "distance_to_road_m": 527.36891228045897, "road_access_status": "AVAILABLE", "road_source_year": null, "accessibility_class": "500m 이상" }, "geometry": { "type": "Point", "coordinates": [ 128.461603588682181, 36.360271002481959 ] } },
{ "type": "Feature", "properties": { "id": "434", "address": "구천면 위성리 224-2", "region": "구천면", "capacity": 1.0, "source": "의성군 주소 자료", "management": "미기재", "lat": 36.334016269824104, "lng": 128.45322842394671, "pond_id": "434", "nearest_road_m": 1142.3793499176311, "distance_to_road_m": 1142.3793499176311, "road_access_status": "AVAILABLE", "road_source_year": null, "accessibility_class": "500m 이상" }, "geometry": { "type": "Point", "coordinates": [ 128.453228453410588, 36.334016230152422 ] } },
{ "type": "Feature", "properties": { "id": "435", "address": "구천면 모흥리 464-1", "region": "구천면", "capacity": 0.5, "source": "의성군 주소 자료", "management": "미기재", "lat": 36.317879122411036, "lng": 128.44119315232518, "pond_id": "435", "nearest_road_m": 782.14569454335344, "distance_to_road_m": 782.14569454335344, "road_access_status": "AVAILABLE", "road_source_year": null, "accessibility_class": "500m 이상" }, "geometry": { "type": "Point", "coordinates": [ 128.441193181744922, 36.317879082745513 ] } },
{ "type": "Feature", "properties": { "id": "436", "address": "구천면 장국리 393", "region": "구천면", "capacity": 26.4, "source": "의성군 주소 자료", "management": "미기재", "lat": 36.328567465924039, "lng": 128.39392720180638, "pond_id": "436", "nearest_road_m": 1128.3549653582943, "distance_to_road_m": 1128.3549653582943, "road_access_status": "AVAILABLE", "road_source_year": null, "accessibility_class": "500m 이상" }, "geometry": { "type": "Point", "coordinates": [ 128.393927231240355, 36.328567426190055 ] } },
{ "type": "Feature", "properties": { "id": "437", "address": "구천면 청산리 산182", "region": "구천면", "capacity": 5.0, "source": "의성군 주소 자료", "management": "미기재", "lat": 36.319148095621657, "lng": 128.40879174420323, "pond_id": "437", "nearest_road_m": 199.69010087205092, "distance_to_road_m": 199.69010087205092, "road_access_status": "AVAILABLE", "road_source_year": null, "accessibility_class": "100–300m" }, "geometry": { "type": "Point", "coordinates": [ 128.408791773617423, 36.319148055916763 ] } },
{ "type": "Feature", "properties": { "id": "438", "address": "구천면 장국리 433", "region": "구천면", "capacity": 19.0, "source": "의성군 주소 자료", "management": "미기재", "lat": 36.320045324315046, "lng": 128.38830827079386, "pond_id": "438", "nearest_road_m": 484.59578146931455, "distance_to_road_m": 484.59578146931455, "road_access_status": "AVAILABLE", "road_source_year": null, "accessibility_class": "300–500m" }, "geometry": { "type": "Point", "coordinates": [ 128.388308300204727, 36.320045284585156 ] } },
{ "type": "Feature", "properties": { "id": "439", "address": "구천면 소호리 500-1", "region": "구천면", "capacity": 1.0, "source": "의성군 주소 자료", "management": "미기재", "lat": 36.336848711929214, "lng": 128.41387693764568, "pond_id": "439", "nearest_road_m": 424.40506495519907, "distance_to_road_m": 424.40506495519907, "road_access_status": "AVAILABLE", "road_source_year": null, "accessibility_class": "300–500m" }, "geometry": { "type": "Point", "coordinates": [ 128.413876967106063, 36.336848672208156 ] } },
{ "type": "Feature", "properties": { "id": "440", "address": "구천면 소호리 562-1", "region": "구천면", "capacity": 13.0, "source": "의성군 주소 자료", "management": "미기재", "lat": 36.3377473681224, "lng": 128.41103081643914, "pond_id": "440", "nearest_road_m": 643.72436078531257, "distance_to_road_m": 643.72436078531257, "road_access_status": "AVAILABLE", "road_source_year": null, "accessibility_class": "500m 이상" }, "geometry": { "type": "Point", "coordinates": [ 128.411030845901024, 36.337747328396894 ] } },
{ "type": "Feature", "properties": { "id": "441", "address": "구천면 소호리 1106", "region": "구천면", "capacity": 49.5, "source": "의성군 주소 자료", "management": "미기재", "lat": 36.3390276388998, "lng": 128.39792250057022, "pond_id": "441", "nearest_road_m": 1295.7967840153233, "distance_to_road_m": 1295.7967840153233, "road_access_status": "AVAILABLE", "road_source_year": null, "accessibility_class": "500m 이상" }, "geometry": { "type": "Point", "coordinates": [ 128.397922530031764, 36.339027599157454 ] } },
{ "type": "Feature", "properties": { "id": "442", "address": "구천면 소호리 1089", "region": "구천면", "capacity": 9.0, "source": "의성군 주소 자료", "management": "미기재", "lat": 36.340680761643696, "lng": 128.39370844465691, "pond_id": "442", "nearest_road_m": 1459.186706248204, "distance_to_road_m": 1459.186706248204, "road_access_status": "AVAILABLE", "road_source_year": null, "accessibility_class": "500m 이상" }, "geometry": { "type": "Point", "coordinates": [ 128.393708474121468, 36.340680721894401 ] } },
{ "type": "Feature", "properties": { "id": "443", "address": "구천면 소호리 1141", "region": "구천면", "capacity": 5.0, "source": "의성군 주소 자료", "management": "미기재", "lat": 36.337696162139672, "lng": 128.3923299519289, "pond_id": "443", "nearest_road_m": 1648.407998152481, "distance_to_road_m": 1648.407998152481, "road_access_status": "AVAILABLE", "road_source_year": null, "accessibility_class": "500m 이상" }, "geometry": { "type": "Point", "coordinates": [ 128.392329981385529, 36.337696122392465 ] } },
{ "type": "Feature", "properties": { "id": "444", "address": "구천면 용사리 152-2", "region": "구천면", "capacity": 50.0, "source": "의성군 주소 자료", "management": "미기재", "lat": 36.352522690275805, "lng": 128.42038711167629, "pond_id": "444", "nearest_road_m": 49.274261285319668, "distance_to_road_m": 49.274261285319668, "road_access_status": "AVAILABLE", "road_source_year": null, "accessibility_class": "0–100m" }, "geometry": { "type": "Point", "coordinates": [ 128.420387141178168, 36.352522650542817 ] } },
{ "type": "Feature", "properties": { "id": "445", "address": "구천면 내산리 845", "region": "구천면", "capacity": 7.4, "source": "의성군 주소 자료", "management": "미기재", "lat": 36.35736625558642, "lng": 128.4177122297084, "pond_id": "445", "nearest_road_m": 444.14693073262686, "distance_to_road_m": 444.14693073262686, "road_access_status": "AVAILABLE", "road_source_year": null, "accessibility_class": "300–500m" }, "geometry": { "type": "Point", "coordinates": [ 128.417712259221787, 36.357366215844351 ] } },
{ "type": "Feature", "properties": { "id": "446", "address": "구천면 청산리 산98-1", "region": "구천면", "capacity": 40.0, "source": "의성군 주소 자료", "management": "미기재", "lat": 36.305650977938562, "lng": 128.41020797198132, "pond_id": "446", "nearest_road_m": 1366.978454847304, "distance_to_road_m": 1366.978454847304, "road_access_status": "AVAILABLE", "road_source_year": null, "accessibility_class": "500m 이상" }, "geometry": { "type": "Point", "coordinates": [ 128.410208001361752, 36.305650938252207 ] } },
{ "type": "Feature", "properties": { "id": "447", "address": "구천면 조성리 26", "region": "구천면", "capacity": 24.96, "source": "의성군 주소 자료", "management": "미기재", "lat": 36.316476420042065, "lng": 128.43193687414376, "pond_id": "447", "nearest_road_m": 528.22331875617613, "distance_to_road_m": 528.22331875617613, "road_access_status": "AVAILABLE", "road_source_year": null, "accessibility_class": "500m 이상" }, "geometry": { "type": "Point", "coordinates": [ 128.431936903557443, 36.316476380367497 ] } },
{ "type": "Feature", "properties": { "id": "448", "address": "구천면 청산리 산50-2", "region": "구천면", "capacity": 20.0, "source": "의성군 주소 자료", "management": "미기재", "lat": 36.302340169541999, "lng": 128.41434537325384, "pond_id": "448", "nearest_road_m": 1099.4535667876899, "distance_to_road_m": 1099.4535667876899, "road_access_status": "AVAILABLE", "road_source_year": null, "accessibility_class": "500m 이상" }, "geometry": { "type": "Point", "coordinates": [ 128.414345402626992, 36.302340129864639 ] } },
{ "type": "Feature", "properties": { "id": "449", "address": "단밀면 용곡리 산64임", "region": "단밀면", "capacity": 6.6, "source": "의성군 주소 자료", "management": "미기재", "lat": 36.335801897979849, "lng": 128.38551365897973, "pond_id": "449", "nearest_road_m": 2143.1311931956402, "distance_to_road_m": 2143.1311931956402, "road_access_status": "AVAILABLE", "road_source_year": null, "accessibility_class": "500m 이상" }, "geometry": { "type": "Point", "coordinates": [ 128.385513688429683, 36.335801858227079 ] } },
{ "type": "Feature", "properties": { "id": "450", "address": "단밀면 용곡리 1544유", "region": "단밀면", "capacity": 10.0, "source": "의성군 주소 자료", "management": "미기재", "lat": 36.335200727835471, "lng": 128.379834178696, "pond_id": "450", "nearest_road_m": 2251.8954578267362, "distance_to_road_m": 2251.8954578267362, "road_access_status": "AVAILABLE", "road_source_year": null, "accessibility_class": "500m 이상" }, "geometry": { "type": "Point", "coordinates": [ 128.379834208142853, 36.335200688076853 ] } },
{ "type": "Feature", "properties": { "id": "451", "address": "단밀면 위중리 1459유", "region": "단밀면", "capacity": 15.8, "source": "의성군 주소 자료", "management": "미기재", "lat": 36.362097053463451, "lng": 128.36661602177375, "pond_id": "451", "nearest_road_m": 825.13740061215003, "distance_to_road_m": 825.13740061215003, "road_access_status": "AVAILABLE", "road_source_year": null, "accessibility_class": "500m 이상" }, "geometry": { "type": "Point", "coordinates": [ 128.366616051284893, 36.362097013656204 ] } },
{ "type": "Feature", "properties": { "id": "452", "address": "단밀면 위중리 1332답", "region": "단밀면", "capacity": 4.0, "source": "의성군 주소 자료", "management": "미기재", "lat": 36.346593422291789, "lng": 128.36545420540989, "pond_id": "452", "nearest_road_m": 2538.2868659563137, "distance_to_road_m": 2538.2868659563137, "road_access_status": "AVAILABLE", "road_source_year": null, "accessibility_class": "500m 이상" }, "geometry": { "type": "Point", "coordinates": [ 128.365454234881526, 36.346593382502355 ] } },
{ "type": "Feature", "properties": { "id": "453", "address": "단밀면 위중리 산27-1", "region": "단밀면", "capacity": 25.4, "source": "의성군 주소 자료", "management": "미기재", "lat": 36.347216709202499, "lng": 128.36532027102913, "pond_id": "453", "nearest_road_m": 2474.106614365377, "distance_to_road_m": 2474.106614365377, "road_access_status": "AVAILABLE", "road_source_year": null, "accessibility_class": "500m 이상" }, "geometry": { "type": "Point", "coordinates": [ 128.365320300502304, 36.347216669412113 ] } },
{ "type": "Feature", "properties": { "id": "454", "address": "단밀면 주선리 748유", "region": "단밀면", "capacity": 8.3, "source": "의성군 주소 자료", "management": "미기재", "lat": 36.376346952102601, "lng": 128.36787904346795, "pond_id": "454", "nearest_road_m": 693.42661943737244, "distance_to_road_m": 693.42661943737244, "road_access_status": "AVAILABLE", "road_source_year": null, "accessibility_class": "500m 이상" }, "geometry": { "type": "Point", "coordinates": [ 128.367879073015473, 36.376346912279296 ] } },
{ "type": "Feature", "properties": { "id": "455", "address": "단밀면 서제리 1068-1답", "region": "단밀면", "capacity": 4.8, "source": "의성군 주소 자료", "management": "미기재", "lat": 36.377897128172918, "lng": 128.36548805910445, "pond_id": "455", "nearest_road_m": 598.6910064333, "distance_to_road_m": 598.6910064333, "road_access_status": "AVAILABLE", "road_source_year": null, "accessibility_class": "500m 이상" }, "geometry": { "type": "Point", "coordinates": [ 128.365488088655212, 36.377897088344945 ] } },
{ "type": "Feature", "properties": { "id": "456", "address": "단밀면 팔등리 179유", "region": "단밀면", "capacity": 61.0, "source": "의성군 주소 자료", "management": "미기재", "lat": 36.397462790262892, "lng": 128.34695949343308, "pond_id": "456", "nearest_road_m": 640.46943805047579, "distance_to_road_m": 640.46943805047579, "road_access_status": "AVAILABLE", "road_source_year": null, "accessibility_class": "500m 이상" }, "geometry": { "type": "Point", "coordinates": [ 128.346959523027948, 36.397462750389593 ] } },
{ "type": "Feature", "properties": { "id": "457", "address": "단밀면 팔등리 988답", "region": "단밀면", "capacity": 4.4, "source": "의성군 주소 자료", "management": "미기재", "lat": 36.392106102089592, "lng": 128.33608957072974, "pond_id": "457", "nearest_road_m": 1408.4675086605232, "distance_to_road_m": 1408.4675086605232, "road_access_status": "AVAILABLE", "road_source_year": null, "accessibility_class": "500m 이상" }, "geometry": { "type": "Point", "coordinates": [ 128.336089600307957, 36.392106062210253 ] } },
{ "type": "Feature", "properties": { "id": "458", "address": "단밀면 서제리 340-2답", "region": "단밀면", "capacity": 7.6, "source": "의성군 주소 자료", "management": "미기재", "lat": 36.380763944282236, "lng": 128.365370970474, "pond_id": "458", "nearest_road_m": 339.86470272152474, "distance_to_road_m": 339.86470272152474, "road_access_status": "AVAILABLE", "road_source_year": null, "accessibility_class": "300–500m" }, "geometry": { "type": "Point", "coordinates": [ 128.365371000031985, 36.380763904450617 ] } },
{ "type": "Feature", "properties": { "id": "459", "address": "단밀면 생송리 544", "region": "단밀면", "capacity": 4.4, "source": "의성군 주소 자료", "management": "미기재", "lat": 36.366464716348979, "lng": 128.33332286900688, "pond_id": "459", "nearest_road_m": 704.20898289212516, "distance_to_road_m": 704.20898289212516, "road_access_status": "AVAILABLE", "road_source_year": null, "accessibility_class": "500m 이상" }, "geometry": { "type": "Point", "coordinates": [ 128.333322898519611, 36.366464676497827 ] } },
{ "type": "Feature", "properties": { "id": "460", "address": "단밀면 생송리 산1-3구", "region": "단밀면", "capacity": 6.5, "source": "의성군 주소 자료", "management": "미기재", "lat": 36.385140058587716, "lng": 128.33371933220619, "pond_id": "460", "nearest_road_m": 1051.7447238611737, "distance_to_road_m": 1051.7447238611737, "road_access_status": "AVAILABLE", "road_source_year": null, "accessibility_class": "500m 이상" }, "geometry": { "type": "Point", "coordinates": [ 128.333719361766157, 36.385140018714139 ] } },
{ "type": "Feature", "properties": { "id": "461", "address": "단밀면 생송리 445-1", "region": "단밀면", "capacity": 2.0, "source": "의성군 주소 자료", "management": "미기재", "lat": 36.365489110221823, "lng": 128.34079339570113, "pond_id": "461", "nearest_road_m": 923.67564258443213, "distance_to_road_m": 923.67564258443213, "road_access_status": "AVAILABLE", "road_source_year": null, "accessibility_class": "500m 이상" }, "geometry": { "type": "Point", "coordinates": [ 128.340793425213519, 36.365489070380491 ] } },
{ "type": "Feature", "properties": { "id": "462", "address": "단밀면 생송리 447", "region": "단밀면", "capacity": 46.0, "source": "의성군 주소 자료", "management": "미기재", "lat": 36.35896386001108, "lng": 128.33930013393473, "pond_id": "462", "nearest_road_m": 1656.4569965319781, "distance_to_road_m": 1656.4569965319781, "road_access_status": "AVAILABLE", "road_source_year": null, "accessibility_class": "500m 이상" }, "geometry": { "type": "Point", "coordinates": [ 128.33930016343021, 36.358963820176058 ] } },
{ "type": "Feature", "properties": { "id": "463", "address": "단밀면 생송리 296답", "region": "단밀면", "capacity": 18.6, "source": "의성군 주소 자료", "management": "미기재", "lat": 36.366969842282401, "lng": 128.35014446091134, "pond_id": "463", "nearest_road_m": 713.09644913906493, "distance_to_road_m": 713.09644913906493, "road_access_status": "AVAILABLE", "road_source_year": null, "accessibility_class": "500m 이상" }, "geometry": { "type": "Point", "coordinates": [ 128.350144490430154, 36.366969802450093 ] } },
{ "type": "Feature", "properties": { "id": "464", "address": "단밀면 생송리 484", "region": "단밀면", "capacity": 71.4, "source": "의성군 주소 자료", "management": "미기재", "lat": 36.358329514989869, "lng": 128.33559060494005, "pond_id": "464", "nearest_road_m": 1553.5232823841829, "distance_to_road_m": 1553.5232823841829, "road_access_status": "AVAILABLE", "road_source_year": null, "accessibility_class": "500m 이상" }, "geometry": { "type": "Point", "coordinates": [ 128.33559063443289, 36.358329475151344 ] } },
{ "type": "Feature", "properties": { "id": "465", "address": "단밀면 생송리 64유", "region": "단밀면", "capacity": 54.4, "source": "의성군 주소 자료", "management": "미기재", "lat": 36.367455205671313, "lng": 128.35741732898452, "pond_id": "465", "nearest_road_m": 410.54593303140081, "distance_to_road_m": 410.54593303140081, "road_access_status": "AVAILABLE", "road_source_year": null, "accessibility_class": "300–500m" }, "geometry": { "type": "Point", "coordinates": [ 128.357417358506609, 36.36745516584682 ] } },
{ "type": "Feature", "properties": { "id": "466", "address": "단밀면 생송리 산51임", "region": "단밀면", "capacity": 4.8, "source": "의성군 주소 자료", "management": "미기재", "lat": 36.362369622430855, "lng": 128.3585100480575, "pond_id": "466", "nearest_road_m": 902.98225299383319, "distance_to_road_m": 902.98225299383319, "road_access_status": "AVAILABLE", "road_source_year": null, "accessibility_class": "500m 이상" }, "geometry": { "type": "Point", "coordinates": [ 128.358510077567047, 36.36236958261388 ] } },
{ "type": "Feature", "properties": { "id": "467", "address": "단밀면 생송리 132답", "region": "단밀면", "capacity": 3.6, "source": "의성군 주소 자료", "management": "미기재", "lat": 36.381328381350883, "lng": 128.35058182003019, "pond_id": "467", "nearest_road_m": 70.933746861063995, "distance_to_road_m": 70.933746861063995, "road_access_status": "AVAILABLE", "road_source_year": null, "accessibility_class": "0–100m" }, "geometry": { "type": "Point", "coordinates": [ 128.350581849585382, 36.381328341501458 ] } },
{ "type": "Feature", "properties": { "id": "468", "address": "단밀면 생송리 1172", "region": "단밀면", "capacity": 1.7, "source": "의성군 주소 자료", "management": "미기재", "lat": 36.375665475079273, "lng": 128.32598044363687, "pond_id": "468", "nearest_road_m": 41.850470339970634, "distance_to_road_m": 41.850470339970634, "road_access_status": "AVAILABLE", "road_source_year": null, "accessibility_class": "0–100m" }, "geometry": { "type": "Point", "coordinates": [ 128.325980473170716, 36.375665435208347 ] } },
{ "type": "Feature", "properties": { "id": "469", "address": "단밀면 생송리 550", "region": "단밀면", "capacity": 7.3, "source": "의성군 주소 자료", "management": "미기재", "lat": 36.371884492669352, "lng": 128.33617860051751, "pond_id": "469", "nearest_road_m": 272.51182261249909, "distance_to_road_m": 272.51182261249909, "road_access_status": "AVAILABLE", "road_source_year": null, "accessibility_class": "100–300m" }, "geometry": { "type": "Point", "coordinates": [ 128.336178630044742, 36.371884452814825 ] } },
{ "type": "Feature", "properties": { "id": "470", "address": "단밀면 생송리 산67-15임", "region": "단밀면", "capacity": 5.8, "source": "의성군 주소 자료", "management": "미기재", "lat": 36.364018160745879, "lng": 128.34819948573727, "pond_id": "470", "nearest_road_m": 1083.6153775612645, "distance_to_road_m": 1083.6153775612645, "road_access_status": "AVAILABLE", "road_source_year": null, "accessibility_class": "500m 이상" }, "geometry": { "type": "Point", "coordinates": [ 128.348199515248069, 36.364018120914942 ] } },
{ "type": "Feature", "properties": { "id": "471", "address": "단밀면 생송리 1425", "region": "단밀면", "capacity": 6.2, "source": "의성군 주소 자료", "management": "미기재", "lat": 36.358674295126093, "lng": 128.31995503153502, "pond_id": "471", "nearest_road_m": 587.4146742006734, "distance_to_road_m": 587.4146742006734, "road_access_status": "AVAILABLE", "road_source_year": null, "accessibility_class": "500m 이상" }, "geometry": { "type": "Point", "coordinates": [ 128.319955061024274, 36.35867425526903 ] } },
{ "type": "Feature", "properties": { "id": "472", "address": "단밀면 생송리 377답", "region": "단밀면", "capacity": 2.6, "source": "의성군 주소 자료", "management": "미기재", "lat": 36.382167610435161, "lng": 128.34327473192423, "pond_id": "472", "nearest_road_m": 467.49015928459079, "distance_to_road_m": 467.49015928459079, "road_access_status": "AVAILABLE", "road_source_year": null, "accessibility_class": "300–500m" }, "geometry": { "type": "Point", "coordinates": [ 128.343274761479449, 36.382167570576279 ] } },
{ "type": "Feature", "properties": { "id": "473", "address": "단밀면 서제리 871답", "region": "단밀면", "capacity": 25.5, "source": "의성군 주소 자료", "management": "미기재", "lat": 36.387231171379334, "lng": 128.36165016430485, "pond_id": "473", "nearest_road_m": 170.11697125960052, "distance_to_road_m": 170.11697125960052, "road_access_status": "AVAILABLE", "road_source_year": null, "accessibility_class": "100–300m" }, "geometry": { "type": "Point", "coordinates": [ 128.361650193878091, 36.387231131535479 ] } },
{ "type": "Feature", "properties": { "id": "474", "address": "단북면 노연리 348-2유", "region": "단북면", "capacity": 11.0, "source": "의성군 주소 자료", "management": "미기재", "lat": 36.387096111272065, "lng": 128.42731181642733, "pond_id": "474", "nearest_road_m": 65.968338340488131, "distance_to_road_m": 65.968338340488131, "road_access_status": "AVAILABLE", "road_source_year": null, "accessibility_class": "0–100m" }, "geometry": { "type": "Point", "coordinates": [ 128.427311846018654, 36.387096071504452 ] } },
{ "type": "Feature", "properties": { "id": "475", "address": "안계면 용기리 80유", "region": "안계면", "capacity": 66.2, "source": "의성군 주소 자료", "management": "미기재", "lat": 36.404046540638113, "lng": 128.45117501150648, "pond_id": "475", "nearest_road_m": 103.46944347886766, "distance_to_road_m": 103.46944347886766, "road_access_status": "AVAILABLE", "road_source_year": null, "accessibility_class": "100–300m" }, "geometry": { "type": "Point", "coordinates": [ 128.45117504114728, 36.40404650087735 ] } },
{ "type": "Feature", "properties": { "id": "476", "address": "안계면 용기리 306-1유", "region": "안계면", "capacity": 28.0, "source": "의성군 주소 자료", "management": "미기재", "lat": 36.402063187837214, "lng": 128.44306797886199, "pond_id": "476", "nearest_road_m": 220.74156318492888, "distance_to_road_m": 220.74156318492888, "road_access_status": "AVAILABLE", "road_source_year": null, "accessibility_class": "100–300m" }, "geometry": { "type": "Point", "coordinates": [ 128.443068008495572, 36.402063148069466 ] } },
{ "type": "Feature", "properties": { "id": "477", "address": "안계면 토매리 57답", "region": "안계면", "capacity": 9.0, "source": "의성군 주소 자료", "management": "미기재", "lat": 36.386791465577076, "lng": 128.45112204169519, "pond_id": "477", "nearest_road_m": 79.840769674261566, "distance_to_road_m": 79.840769674261566, "road_access_status": "AVAILABLE", "road_source_year": null, "accessibility_class": "0–100m" }, "geometry": { "type": "Point", "coordinates": [ 128.451122071292247, 36.386791425837465 ] } },
{ "type": "Feature", "properties": { "id": "478", "address": "안계면 위양리 19-2유", "region": "안계면", "capacity": 9.0, "source": "의성군 주소 자료", "management": "미기재", "lat": 36.377808486979589, "lng": 128.45993671069087, "pond_id": "478", "nearest_road_m": 216.13678596053902, "distance_to_road_m": 216.13678596053902, "road_access_status": "AVAILABLE", "road_source_year": null, "accessibility_class": "100–300m" }, "geometry": { "type": "Point", "coordinates": [ 128.459936740267551, 36.377808447261295 ] } },
{ "type": "Feature", "properties": { "id": "479", "address": "안계면 교촌리 134-2유", "region": "안계면", "capacity": 14.7, "source": "의성군 주소 자료", "management": "미기재", "lat": 36.361817502572549, "lng": 128.4750906452168, "pond_id": "479", "nearest_road_m": 574.54776564020267, "distance_to_road_m": 574.54776564020267, "road_access_status": "AVAILABLE", "road_source_year": null, "accessibility_class": "500m 이상" }, "geometry": { "type": "Point", "coordinates": [ 128.475090674757013, 36.361817462891715 ] } },
{ "type": "Feature", "properties": { "id": "480", "address": "안계면 교촌리 294유", "region": "안계면", "capacity": 1.5, "source": "의성군 주소 자료", "management": "미기재", "lat": 36.374427475475805, "lng": 128.47258739333844, "pond_id": "480", "nearest_road_m": 600.7274344160893, "distance_to_road_m": 600.7274344160893, "road_access_status": "AVAILABLE", "road_source_year": null, "accessibility_class": "500m 이상" }, "geometry": { "type": "Point", "coordinates": [ 128.472587422909982, 36.374427435776425 ] } },
{ "type": "Feature", "properties": { "id": "481", "address": "안계면 안정리 337유", "region": "안계면", "capacity": 192.0, "source": "의성군 주소 자료", "management": "미기재", "lat": 36.366051024254539, "lng": 128.48613369145025, "pond_id": "481", "nearest_road_m": 684.28465525974445, "distance_to_road_m": 684.28465525974445, "road_access_status": "AVAILABLE", "road_source_year": null, "accessibility_class": "500m 이상" }, "geometry": { "type": "Point", "coordinates": [ 128.486133721004137, 36.366050984581321 ] } },
{ "type": "Feature", "properties": { "id": "482", "address": "안계면 안정리 174-1유", "region": "안계면", "capacity": 14.1, "source": "의성군 주소 자료", "management": "미기재", "lat": 36.371760771543883, "lng": 128.49721733189949, "pond_id": "482", "nearest_road_m": 48.135914695640949, "distance_to_road_m": 48.135914695640949, "road_access_status": "AVAILABLE", "road_source_year": null, "accessibility_class": "0–100m" }, "geometry": { "type": "Point", "coordinates": [ 128.497217361470831, 36.371760731876506 ] } },
{ "type": "Feature", "properties": { "id": "483", "address": "안계면 안정리 145유", "region": "안계면", "capacity": 9.6, "source": "의성군 주소 자료", "management": "미기재", "lat": 36.381754701411381, "lng": 128.49857881233089, "pond_id": "483", "nearest_road_m": 1076.9523854750926, "distance_to_road_m": 1076.9523854750926, "road_access_status": "AVAILABLE", "road_source_year": null, "accessibility_class": "500m 이상" }, "geometry": { "type": "Point", "coordinates": [ 128.49857884192798, 36.381754661733197 ] } },
{ "type": "Feature", "properties": { "id": "484", "address": "안계면 안정리 483-2유", "region": "안계면", "capacity": 6.0, "source": "의성군 주소 자료", "management": "미기재", "lat": 36.378696814045057, "lng": 128.48075782961749, "pond_id": "484", "nearest_road_m": 786.7498133115547, "distance_to_road_m": 786.7498133115547, "road_access_status": "AVAILABLE", "road_source_year": null, "accessibility_class": "500m 이상" }, "geometry": { "type": "Point", "coordinates": [ 128.480757859202043, 36.378696774349891 ] } },
{ "type": "Feature", "properties": { "id": "485", "address": "안계면 안정리 313유", "region": "안계면", "capacity": 14.1, "source": "의성군 주소 자료", "management": "미기재", "lat": 36.360667193364826, "lng": 128.48285631111219, "pond_id": "485", "nearest_road_m": 1078.0036218727023, "distance_to_road_m": 1078.0036218727023, "road_access_status": "AVAILABLE", "road_source_year": null, "accessibility_class": "500m 이상" }, "geometry": { "type": "Point", "coordinates": [ 128.482856340651523, 36.360667153694479 ] } },
{ "type": "Feature", "properties": { "id": "486", "address": "안계면 안정리 산2임", "region": "안계면", "capacity": 2.0, "source": "의성군 주소 자료", "management": "미기재", "lat": 36.388768022091156, "lng": 128.50408502425975, "pond_id": "486", "nearest_road_m": 1969.1782366017508, "distance_to_road_m": 1969.1782366017508, "road_access_status": "AVAILABLE", "road_source_year": null, "accessibility_class": "500m 이상" }, "geometry": { "type": "Point", "coordinates": [ 128.504085053876139, 36.388767982410698 ] } },
{ "type": "Feature", "properties": { "id": "487", "address": "안계면 안정리 24-1유", "region": "안계면", "capacity": 21.0, "source": "의성군 주소 자료", "management": "미기재", "lat": 36.38969794768763, "lng": 128.4953208028127, "pond_id": "487", "nearest_road_m": 1817.8891207049082, "distance_to_road_m": 1817.8891207049082, "road_access_status": "AVAILABLE", "road_source_year": null, "accessibility_class": "500m 이상" }, "geometry": { "type": "Point", "coordinates": [ 128.495320832429087, 36.389697907995824 ] } },
{ "type": "Feature", "properties": { "id": "488", "address": "안계면 봉양리 472유", "region": "안계면", "capacity": 21.39, "source": "의성군 주소 자료", "management": "미기재", "lat": 36.375457987719273, "lng": 128.46498510226436, "pond_id": "488", "nearest_road_m": 61.181556256564548, "distance_to_road_m": 61.181556256564548, "road_access_status": "AVAILABLE", "road_source_year": null, "accessibility_class": "0–100m" }, "geometry": { "type": "Point", "coordinates": [ 128.464985131836443, 36.375457948009753 ] } },
{ "type": "Feature", "properties": { "id": "489", "address": "안계면 봉양리 37유", "region": "안계면", "capacity": 18.0, "source": "의성군 주소 자료", "management": "미기재", "lat": 36.388675363503985, "lng": 128.48046764993853, "pond_id": "489", "nearest_road_m": 1188.5952810853187, "distance_to_road_m": 1188.5952810853187, "road_access_status": "AVAILABLE", "road_source_year": null, "accessibility_class": "500m 이상" }, "geometry": { "type": "Point", "coordinates": [ 128.480467679548354, 36.388675323796164 ] } },
{ "type": "Feature", "properties": { "id": "490", "address": "안계면 도덕리 17-1유", "region": "안계면", "capacity": 48.0, "source": "의성군 주소 자료", "management": "미기재", "lat": 36.406215434635754, "lng": 128.47932863130163, "pond_id": "490", "nearest_road_m": 181.30713641213924, "distance_to_road_m": 181.30713641213924, "road_access_status": "AVAILABLE", "road_source_year": null, "accessibility_class": "100–300m" }, "geometry": { "type": "Point", "coordinates": [ 128.479328660955616, 36.406215394905018 ] } },
{ "type": "Feature", "properties": { "id": "491", "address": "안계면 도덕리 172-1유", "region": "안계면", "capacity": 10.6, "source": "의성군 주소 자료", "management": "미기재", "lat": 36.396381328232501, "lng": 128.47595470717755, "pond_id": "491", "nearest_road_m": 865.87499686315005, "distance_to_road_m": 865.87499686315005, "road_access_status": "AVAILABLE", "road_source_year": null, "accessibility_class": "500m 이상" }, "geometry": { "type": "Point", "coordinates": [ 128.475954736805704, 36.39638128850995 ] } },
{ "type": "Feature", "properties": { "id": "492", "address": "안계면 도덕리 1011-1유", "region": "안계면", "capacity": 32.5, "source": "의성군 주소 자료", "management": "미기재", "lat": 36.424894711485138, "lng": 128.46028177629077, "pond_id": "492", "nearest_road_m": 145.41342997323576, "distance_to_road_m": 145.41342997323576, "road_access_status": "AVAILABLE", "road_source_year": null, "accessibility_class": "100–300m" }, "geometry": { "type": "Point", "coordinates": [ 128.460281805986909, 36.424894671709446 ] } },
{ "type": "Feature", "properties": { "id": "493", "address": "안계면 도덕리 882유", "region": "안계면", "capacity": 16.0, "source": "의성군 주소 자료", "management": "미기재", "lat": 36.41084347675779, "lng": 128.46571555121349, "pond_id": "493", "nearest_road_m": 379.92689883339426, "distance_to_road_m": 379.92689883339426, "road_access_status": "AVAILABLE", "road_source_year": null, "accessibility_class": "300–500m" }, "geometry": { "type": "Point", "coordinates": [ 128.465715580875525, 36.410843437005575 ] } },
{ "type": "Feature", "properties": { "id": "494", "address": "안계면 도덕리 313-2유", "region": "안계면", "capacity": 11.5, "source": "의성군 주소 자료", "management": "미기재", "lat": 36.405056572559602, "lng": 128.46734589097963, "pond_id": "494", "nearest_road_m": 104.92602667148468, "distance_to_road_m": 104.92602667148468, "road_access_status": "AVAILABLE", "road_source_year": null, "accessibility_class": "100–300m" }, "geometry": { "type": "Point", "coordinates": [ 128.467345920627423, 36.405056532816367 ] } },
{ "type": "Feature", "properties": { "id": "495", "address": "안계면 도덕리 46-1유", "region": "안계면", "capacity": 19.2, "source": "의성군 주소 자료", "management": "미기재", "lat": 36.40207025099447, "lng": 128.48007497525967, "pond_id": "495", "nearest_road_m": 242.49962051410245, "distance_to_road_m": 242.49962051410245, "road_access_status": "AVAILABLE", "road_source_year": null, "accessibility_class": "100–300m" }, "geometry": { "type": "Point", "coordinates": [ 128.48007500490337, 36.402070211269702 ] } },
{ "type": "Feature", "properties": { "id": "496", "address": "안계면 양곡리 885-1유", "region": "안계면", "capacity": 34.1, "source": "의성군 주소 자료", "management": "미기재", "lat": 36.426947736975514, "lng": 128.43510953162897, "pond_id": "496", "nearest_road_m": 1816.4613800604836, "distance_to_road_m": 1816.4613800604836, "road_access_status": "AVAILABLE", "road_source_year": null, "accessibility_class": "500m 이상" }, "geometry": { "type": "Point", "coordinates": [ 128.435109561323401, 36.426947697168188 ] } },
{ "type": "Feature", "properties": { "id": "497", "address": "안계면 양곡리 296유", "region": "안계면", "capacity": 44.7, "source": "의성군 주소 자료", "management": "미기재", "lat": 36.418284004263477, "lng": 128.44071428993155, "pond_id": "497", "nearest_road_m": 837.87199428964243, "distance_to_road_m": 837.87199428964243, "road_access_status": "AVAILABLE", "road_source_year": null, "accessibility_class": "500m 이상" }, "geometry": { "type": "Point", "coordinates": [ 128.440714319605576, 36.41828396447319 ] } },
{ "type": "Feature", "properties": { "id": "498", "address": "안계면 양곡리 901유", "region": "안계면", "capacity": 87.9, "source": "의성군 주소 자료", "management": "미기재", "lat": 36.428567498356358, "lng": 128.42776884967125, "pond_id": "498", "nearest_road_m": 1472.3229421595549, "distance_to_road_m": 1472.3229421595549, "road_access_status": "AVAILABLE", "road_source_year": null, "accessibility_class": "500m 이상" }, "geometry": { "type": "Point", "coordinates": [ 128.427768879367704, 36.428567458538581 ] } },
{ "type": "Feature", "properties": { "id": "499", "address": "안계면 양곡리 123유", "region": "안계면", "capacity": 34.0, "source": "의성군 주소 자료", "management": "미기재", "lat": 36.422748126664054, "lng": 128.44860141980817, "pond_id": "499", "nearest_road_m": 1186.3037362046587, "distance_to_road_m": 1186.3037362046587, "road_access_status": "AVAILABLE", "road_source_year": null, "accessibility_class": "500m 이상" }, "geometry": { "type": "Point", "coordinates": [ 128.448601449495698, 36.422748086877455 ] } },
{ "type": "Feature", "properties": { "id": "500", "address": "안계면 양곡리 59-1유", "region": "안계면", "capacity": 16.4, "source": "의성군 주소 자료", "management": "미기재", "lat": 36.415219810345533, "lng": 128.44746951281147, "pond_id": "500", "nearest_road_m": 455.16940792926391, "distance_to_road_m": 455.16940792926391, "road_access_status": "AVAILABLE", "road_source_year": null, "accessibility_class": "300–500m" }, "geometry": { "type": "Point", "coordinates": [ 128.44746954247961, 36.415219770566814 ] } },
{ "type": "Feature", "properties": { "id": "501", "address": "다인면 송호리 662-2대", "region": "다인면", "capacity": 13.9, "source": "의성군 주소 자료", "management": "미기재", "lat": 36.460332832103006, "lng": 128.38080755028042, "pond_id": "501", "nearest_road_m": 521.00620259248603, "distance_to_road_m": 521.00620259248603, "road_access_status": "AVAILABLE", "road_source_year": null, "accessibility_class": "500m 이상" }, "geometry": { "type": "Point", "coordinates": [ 128.380807580043893, 36.460332792192688 ] } },
{ "type": "Feature", "properties": { "id": "502", "address": "다인면 평림리 117유", "region": "다인면", "capacity": 11.4, "source": "의성군 주소 자료", "management": "미기재", "lat": 36.469080400348588, "lng": 128.36844508826201, "pond_id": "502", "nearest_road_m": 822.69597796517462, "distance_to_road_m": 822.69597796517462, "road_access_status": "AVAILABLE", "road_source_year": null, "accessibility_class": "500m 이상" }, "geometry": { "type": "Point", "coordinates": [ 128.368445118044008, 36.469080360413571 ] } },
{ "type": "Feature", "properties": { "id": "503", "address": "다인면 평림리 716유", "region": "다인면", "capacity": 12.5, "source": "의성군 주소 자료", "management": "미기재", "lat": 36.477324914654872, "lng": 128.35742116902514, "pond_id": "503", "nearest_road_m": 1553.0173934487179, "distance_to_road_m": 1553.0173934487179, "road_access_status": "AVAILABLE", "road_source_year": null, "accessibility_class": "500m 이상" }, "geometry": { "type": "Point", "coordinates": [ 128.35742119882471, 36.477324874697359 ] } },
{ "type": "Feature", "properties": { "id": "504", "address": "다인면 평림리 747-1유", "region": "다인면", "capacity": 5.3, "source": "의성군 주소 자료", "management": "미기재", "lat": 36.47600490146246, "lng": 128.3601875154699, "pond_id": "504", "nearest_road_m": 1782.7235090053978, "distance_to_road_m": 1782.7235090053978, "road_access_status": "AVAILABLE", "road_source_year": null, "accessibility_class": "500m 이상" }, "geometry": { "type": "Point", "coordinates": [ 128.360187545266939, 36.476004861509686 ] } },
{ "type": "Feature", "properties": { "id": "505", "address": "다인면 평림리 169-1유", "region": "다인면", "capacity": 23.5, "source": "의성군 주소 자료", "management": "미기재", "lat": 36.472362436948458, "lng": 128.36511104348074, "pond_id": "505", "nearest_road_m": 1257.3322662898381, "distance_to_road_m": 1257.3322662898381, "road_access_status": "AVAILABLE", "road_source_year": null, "accessibility_class": "500m 이상" }, "geometry": { "type": "Point", "coordinates": [ 128.365111073270015, 36.472362397005682 ] } },
{ "type": "Feature", "properties": { "id": "506", "address": "다인면 덕지리 1158-1유", "region": "다인면", "capacity": 14.6, "source": "의성군 주소 자료", "management": "미기재", "lat": 36.467413950175185, "lng": 128.32685912540191, "pond_id": "506", "nearest_road_m": 968.47618334004653, "distance_to_road_m": 968.47618334004653, "road_access_status": "AVAILABLE", "road_source_year": null, "accessibility_class": "500m 이상" }, "geometry": { "type": "Point", "coordinates": [ 128.326859155167426, 36.467413910194416 ] } },
{ "type": "Feature", "properties": { "id": "507", "address": "다인면 덕지리 324유", "region": "다인면", "capacity": 20.5, "source": "의성군 주소 자료", "management": "미기재", "lat": 36.472027381168445, "lng": 128.33092066928452, "pond_id": "507", "nearest_road_m": 670.78862158353161, "distance_to_road_m": 670.78862158353161, "road_access_status": "AVAILABLE", "road_source_year": null, "accessibility_class": "500m 이상" }, "geometry": { "type": "Point", "coordinates": [ 128.330920699062915, 36.472027341186845 ] } },
{ "type": "Feature", "properties": { "id": "508", "address": "다인면 덕미리 458-1유", "region": "다인면", "capacity": 8.9, "source": "의성군 주소 자료", "management": "미기재", "lat": 36.488054637251167, "lng": 128.34085832570079, "pond_id": "508", "nearest_road_m": 48.015843830601021, "distance_to_road_m": 48.015843830601021, "road_access_status": "AVAILABLE", "road_source_year": null, "accessibility_class": "0–100m" }, "geometry": { "type": "Point", "coordinates": [ 128.340858355522556, 36.488054597261886 ] } },
{ "type": "Feature", "properties": { "id": "509", "address": "다인면 덕미리 389유", "region": "다인면", "capacity": 20.0, "source": "의성군 주소 자료", "management": "미기재", "lat": 36.497929949277008, "lng": 128.34491226174725, "pond_id": "509", "nearest_road_m": 891.64317099778248, "distance_to_road_m": 891.64317099778248, "road_access_status": "AVAILABLE", "road_source_year": null, "accessibility_class": "500m 이상" }, "geometry": { "type": "Point", "coordinates": [ 128.344912291595136, 36.49792990928065 ] } },
{ "type": "Feature", "properties": { "id": "510", "address": "다인면 덕미리 313-1유", "region": "다인면", "capacity": 6.3, "source": "의성군 주소 자료", "management": "미기재", "lat": 36.499703059415985, "lng": 128.35306795169993, "pond_id": "510", "nearest_road_m": 1413.1365715044401, "distance_to_road_m": 1413.1365715044401, "road_access_status": "AVAILABLE", "road_source_year": null, "accessibility_class": "500m 이상" }, "geometry": { "type": "Point", "coordinates": [ 128.353067981554716, 36.499703019426875 ] } },
{ "type": "Feature", "properties": { "id": "511", "address": "다인면 덕미리 686유", "region": "다인면", "capacity": 14.8, "source": "의성군 주소 자료", "management": "미기재", "lat": 36.477429071595324, "lng": 128.34502689790864, "pond_id": "511", "nearest_road_m": 518.41738879516765, "distance_to_road_m": 518.41738879516765, "road_access_status": "AVAILABLE", "road_source_year": null, "accessibility_class": "500m 이상" }, "geometry": { "type": "Point", "coordinates": [ 128.345026927704794, 36.477429031623458 ] } },
{ "type": "Feature", "properties": { "id": "512", "address": "다인면 덕미리 546-2유", "region": "다인면", "capacity": 12.2, "source": "의성군 주소 자료", "management": "미기재", "lat": 36.48175405206829, "lng": 128.34504578125507, "pond_id": "512", "nearest_road_m": 375.93004973563404, "distance_to_road_m": 375.93004973563404, "road_access_status": "AVAILABLE", "road_source_year": null, "accessibility_class": "300–500m" }, "geometry": { "type": "Point", "coordinates": [ 128.345045811062164, 36.481754012091315 ] } },
{ "type": "Feature", "properties": { "id": "513", "address": "다인면 용곡리 690-1유", "region": "다인면", "capacity": 18.6, "source": "의성군 주소 자료", "management": "미기재", "lat": 36.523517655320418, "lng": 128.34596861365506, "pond_id": "513", "nearest_road_m": 1148.80820337871, "distance_to_road_m": 1148.80820337871, "road_access_status": "AVAILABLE", "road_source_year": null, "accessibility_class": "500m 이상" }, "geometry": { "type": "Point", "coordinates": [ 128.345968643567858, 36.523517615295098 ] } },
{ "type": "Feature", "properties": { "id": "514", "address": "다인면 봉정리 15유", "region": "다인면", "capacity": 15.7, "source": "의성군 주소 자료", "management": "미기재", "lat": 36.478882691588169, "lng": 128.40887441693113, "pond_id": "514", "nearest_road_m": 1889.3922113014232, "distance_to_road_m": 1889.3922113014232, "road_access_status": "AVAILABLE", "road_source_year": null, "accessibility_class": "500m 이상" }, "geometry": { "type": "Point", "coordinates": [ 128.408874446749564, 36.478882651687911 ] } },
{ "type": "Feature", "properties": { "id": "515", "address": "다인면 달제리 17유", "region": "다인면", "capacity": 9.5, "source": "의성군 주소 자료", "management": "미기재", "lat": 36.456657300491905, "lng": 128.4191810228275, "pond_id": "515", "nearest_road_m": 1743.957110261545, "distance_to_road_m": 1743.957110261545, "road_access_status": "AVAILABLE", "road_source_year": null, "accessibility_class": "500m 이상" }, "geometry": { "type": "Point", "coordinates": [ 128.419181052592648, 36.456657260630209 ] } },
{ "type": "Feature", "properties": { "id": "516", "address": "다인면 달제리 1643-1유", "region": "다인면", "capacity": 12.8, "source": "의성군 주소 자료", "management": "미기재", "lat": 36.472186199458193, "lng": 128.37888661969362, "pond_id": "516", "nearest_road_m": 600.45145538215456, "distance_to_road_m": 600.45145538215456, "road_access_status": "AVAILABLE", "road_source_year": null, "accessibility_class": "500m 이상" }, "geometry": { "type": "Point", "coordinates": [ 128.378886649486503, 36.472186159531468 ] } },
{ "type": "Feature", "properties": { "id": "517", "address": "다인면 달제리 1165유", "region": "다인면", "capacity": 8.8, "source": "의성군 주소 자료", "management": "미기재", "lat": 36.472736823343759, "lng": 128.40739098998398, "pond_id": "517", "nearest_road_m": 1643.4383493170155, "distance_to_road_m": 1643.4383493170155, "road_access_status": "AVAILABLE", "road_source_year": null, "accessibility_class": "500m 이상" }, "geometry": { "type": "Point", "coordinates": [ 128.407391019786473, 36.472736783449164 ] } },
{ "type": "Feature", "properties": { "id": "518", "address": "다인면 삼분리 450-1유", "region": "다인면", "capacity": 24.5, "source": "의성군 주소 자료", "management": "미기재", "lat": 36.434202074220131, "lng": 128.41693252307084, "pond_id": "518", "nearest_road_m": 452.68264902867759, "distance_to_road_m": 452.68264902867759, "road_access_status": "AVAILABLE", "road_source_year": null, "accessibility_class": "300–500m" }, "geometry": { "type": "Point", "coordinates": [ 128.416932552778519, 36.434202034382977 ] } },
{ "type": "Feature", "properties": { "id": "519", "address": "다인면 삼분리 393유", "region": "다인면", "capacity": 74.5, "source": "의성군 주소 자료", "management": "미기재", "lat": 36.431414402364531, "lng": 128.41949121577136, "pond_id": "519", "nearest_road_m": 713.72734423449378, "distance_to_road_m": 713.72734423449378, "road_access_status": "AVAILABLE", "road_source_year": null, "accessibility_class": "500m 이상" }, "geometry": { "type": "Point", "coordinates": [ 128.419491245472727, 36.431414362533722 ] } },
{ "type": "Feature", "properties": { "id": "543", "address": "안평면 창길리 1453유", "region": "안평면", "capacity": 67.0, "source": "의성군 주소 자료", "management": "미기재", "lat": 36.38990527849014, "lng": 128.56981661654063, "pond_id": "543", "nearest_road_m": 287.88331810856471, "distance_to_road_m": 287.88331810856471, "road_access_status": "AVAILABLE", "road_source_year": null, "accessibility_class": "100–300m" }, "geometry": { "type": "Point", "coordinates": [ 128.569816646177117, 36.389905238884971 ] } },
{ "type": "Feature", "properties": { "id": "544", "address": "안평면 창길리 762유", "region": "안평면", "capacity": 7.7, "source": "의성군 주소 자료", "management": "미기재", "lat": 36.398107738543622, "lng": 128.57029351731927, "pond_id": "544", "nearest_road_m": 233.59749895462303, "distance_to_road_m": 233.59749895462303, "road_access_status": "AVAILABLE", "road_source_year": null, "accessibility_class": "100–300m" }, "geometry": { "type": "Point", "coordinates": [ 128.570293546976757, 36.398107698928818 ] } },
{ "type": "Feature", "properties": { "id": "545", "address": "안평면 창길리 317-1유", "region": "안평면", "capacity": 27.3, "source": "의성군 주소 자료", "management": "미기재", "lat": 36.40562391790192, "lng": 128.59199172575981, "pond_id": "545", "nearest_road_m": 116.60656866750787, "distance_to_road_m": 116.60656866750787, "road_access_status": "AVAILABLE", "road_source_year": null, "accessibility_class": "100–300m" }, "geometry": { "type": "Point", "coordinates": [ 128.591991755442052, 36.405623878303153 ] } },
{ "type": "Feature", "properties": { "id": "546", "address": "안평면 창길리 1496", "region": "안평면", "capacity": 5.2, "source": "의성군 주소 자료", "management": "미기재", "lat": 36.38940563443856, "lng": 128.56187156896684, "pond_id": "546", "nearest_road_m": 834.35475584587664, "distance_to_road_m": 834.35475584587664, "road_access_status": "AVAILABLE", "road_source_year": null, "accessibility_class": "500m 이상" }, "geometry": { "type": "Point", "coordinates": [ 128.561871598600021, 36.389405594824701 ] } },
{ "type": "Feature", "properties": { "id": "547", "address": "안평면 창길리 598답", "region": "안평면", "capacity": 3.0, "source": "의성군 주소 자료", "management": "미기재", "lat": 36.396012758057935, "lng": 128.57269229643092, "pond_id": "547", "nearest_road_m": 363.72839064000539, "distance_to_road_m": 363.72839064000539, "road_access_status": "AVAILABLE", "road_source_year": null, "accessibility_class": "300–500m" }, "geometry": { "type": "Point", "coordinates": [ 128.572692326083711, 36.396012718448517 ] } },
{ "type": "Feature", "properties": { "id": "548", "address": "안평면 평팔리 산186", "region": "안평면", "capacity": 4.2, "source": "의성군 주소 자료", "management": "미기재", "lat": 36.37821357881473, "lng": 128.60076005443335, "pond_id": "548", "nearest_road_m": 286.15352265452623, "distance_to_road_m": 286.15352265452623, "road_access_status": "AVAILABLE", "road_source_year": null, "accessibility_class": "100–300m" }, "geometry": { "type": "Point", "coordinates": [ 128.60076008404792, 36.378213539260301 ] } },
{ "type": "Feature", "properties": { "id": "549", "address": "안평면 창길리 1", "region": "안평면", "capacity": 2.4, "source": "의성군 주소 자료", "management": "미기재", "lat": 36.40736409297341, "lng": 128.60067742460856, "pond_id": "549", "nearest_road_m": 223.81298528788761, "distance_to_road_m": 223.81298528788761, "road_access_status": "AVAILABLE", "road_source_year": null, "accessibility_class": "100–300m" }, "geometry": { "type": "Point", "coordinates": [ 128.600677454297482, 36.407364053382615 ] } },
{ "type": "Feature", "properties": { "id": "550", "address": "안평면 창길리 1305유", "region": "안평면", "capacity": 19.0, "source": "의성군 주소 자료", "management": "미기재", "lat": 36.384896965232265, "lng": 128.58199672250205, "pond_id": "550", "nearest_road_m": 225.67989246585759, "distance_to_road_m": 225.67989246585759, "road_access_status": "AVAILABLE", "road_source_year": null, "accessibility_class": "100–300m" }, "geometry": { "type": "Point", "coordinates": [ 128.58199675212893, 36.384896925647553 ] } },
{ "type": "Feature", "properties": { "id": "551", "address": "안평면 창길리 92", "region": "안평면", "capacity": 29.0, "source": "의성군 주소 자료", "management": "미기재", "lat": 36.409982193029627, "lng": 128.59288320527378, "pond_id": "551", "nearest_road_m": 361.17181487906316, "distance_to_road_m": 361.17181487906316, "road_access_status": "AVAILABLE", "road_source_year": null, "accessibility_class": "300–500m" }, "geometry": { "type": "Point", "coordinates": [ 128.59288323496736, 36.409982153426505 ] } },
{ "type": "Feature", "properties": { "id": "556", "address": "안평면 박곡리 128유", "region": "안평면", "capacity": 23.8, "source": "의성군 주소 자료", "management": "미기재", "lat": 36.400082910903727, "lng": 128.610782650375, "pond_id": "556", "nearest_road_m": 1438.0282864503079, "distance_to_road_m": 1438.0282864503079, "road_access_status": "AVAILABLE", "road_source_year": null, "accessibility_class": "500m 이상" }, "geometry": { "type": "Point", "coordinates": [ 128.610782680047947, 36.400082871333801 ] } },
{ "type": "Feature", "properties": { "id": "557", "address": "안평면 박곡리 566유", "region": "안평면", "capacity": 44.0, "source": "의성군 주소 자료", "management": "미기재", "lat": 36.382466336335767, "lng": 128.60078028597349, "pond_id": "557", "nearest_road_m": 139.02976772004283, "distance_to_road_m": 139.02976772004283, "road_access_status": "AVAILABLE", "road_source_year": null, "accessibility_class": "100–300m" }, "geometry": { "type": "Point", "coordinates": [ 128.600780315598939, 36.382466296776059 ] } },
{ "type": "Feature", "properties": { "id": "558", "address": "안평면 박곡리 135유", "region": "안평면", "capacity": 1.6, "source": "의성군 주소 자료", "management": "미기재", "lat": 36.401632906170491, "lng": 128.61077003022265, "pond_id": "558", "nearest_road_m": 1330.2220688121427, "distance_to_road_m": 1330.2220688121427, "road_access_status": "AVAILABLE", "road_source_year": null, "accessibility_class": "500m 이상" }, "geometry": { "type": "Point", "coordinates": [ 128.610770059899494, 36.401632866598611 ] } },
{ "type": "Feature", "properties": { "id": "559", "address": "안평면 창길리 1079", "region": "안평면", "capacity": 4.4, "source": "의성군 주소 자료", "management": "미기재", "lat": 36.388283150551601, "lng": 128.58077250928341, "pond_id": "559", "nearest_road_m": 42.761088017953675, "distance_to_road_m": 42.761088017953675, "road_access_status": "AVAILABLE", "road_source_year": null, "accessibility_class": "0–100m" }, "geometry": { "type": "Point", "coordinates": [ 128.58077253891858, 36.38828311096124 ] } },
{ "type": "Feature", "properties": { "id": "560", "address": "안평면 석탑리 17", "region": "안평면", "capacity": 19.8, "source": "의성군 주소 자료", "management": "미기재", "lat": 36.375439456985816, "lng": 128.65168057929603, "pond_id": "560", "nearest_road_m": 1193.8713529163058, "distance_to_road_m": 1193.8713529163058, "road_access_status": "AVAILABLE", "road_source_year": null, "accessibility_class": "500m 이상" }, "geometry": { "type": "Point", "coordinates": [ 128.65168060891628, 36.375439417494597 ] } },
{ "type": "Feature", "properties": { "id": "561", "address": "안평면 석탑리 780", "region": "안평면", "capacity": 7.7, "source": "의성군 주소 자료", "management": "미기재", "lat": 36.386694081033184, "lng": 128.63197036739405, "pond_id": "561", "nearest_road_m": 935.27487387456006, "distance_to_road_m": 935.27487387456006, "road_access_status": "AVAILABLE", "road_source_year": null, "accessibility_class": "500m 이상" }, "geometry": { "type": "Point", "coordinates": [ 128.631970397038145, 36.38669404150474 ] } },
{ "type": "Feature", "properties": { "id": "562", "address": "안평면 석탑리 890", "region": "안평면", "capacity": 4.6, "source": "의성군 주소 자료", "management": "미기재", "lat": 36.392829215195654, "lng": 128.63336904607584, "pond_id": "562", "nearest_road_m": 1613.701897314126, "distance_to_road_m": 1613.701897314126, "road_access_status": "AVAILABLE", "road_source_year": null, "accessibility_class": "500m 이상" }, "geometry": { "type": "Point", "coordinates": [ 128.633369075735914, 36.392829175661184 ] } },
{ "type": "Feature", "properties": { "id": "563", "address": "안평면 석탑리 815", "region": "안평면", "capacity": 9.9, "source": "의성군 주소 자료", "management": "미기재", "lat": 36.384512763307725, "lng": 128.63992611141614, "pond_id": "563", "nearest_road_m": 1162.1048869208112, "distance_to_road_m": 1162.1048869208112, "road_access_status": "AVAILABLE", "road_source_year": null, "accessibility_class": "500m 이상" }, "geometry": { "type": "Point", "coordinates": [ 128.639926141056634, 36.384512723791339 ] } },
{ "type": "Feature", "properties": { "id": "564", "address": "안평면 석탑리 1242", "region": "안평면", "capacity": 8.1, "source": "의성군 주소 자료", "management": "미기재", "lat": 36.403431664557615, "lng": 128.6249967468907, "pond_id": "564", "nearest_road_m": 2427.1876531839607, "distance_to_road_m": 2427.1876531839607, "road_access_status": "AVAILABLE", "road_source_year": null, "accessibility_class": "500m 이상" }, "geometry": { "type": "Point", "coordinates": [ 128.624996776575756, 36.403431625000159 ] } },
{ "type": "Feature", "properties": { "id": "565", "address": "안평면 석탑리 619", "region": "안평면", "capacity": 11.6, "source": "의성군 주소 자료", "management": "미기재", "lat": 36.383506836003917, "lng": 128.62052605639349, "pond_id": "565", "nearest_road_m": 313.52732748808779, "distance_to_road_m": 313.52732748808779, "road_access_status": "AVAILABLE", "road_source_year": null, "accessibility_class": "300–500m" }, "geometry": { "type": "Point", "coordinates": [ 128.62052608602653, 36.383506796466044 ] } },
{ "type": "Feature", "properties": { "id": "566", "address": "안평면 신월리 317-1유", "region": "안평면", "capacity": 5.4, "source": "의성군 주소 자료", "management": "미기재", "lat": 36.357509146958442, "lng": 128.63852435342815, "pond_id": "566", "nearest_road_m": 1042.5820562038832, "distance_to_road_m": 1042.5820562038832, "road_access_status": "AVAILABLE", "road_source_year": null, "accessibility_class": "500m 이상" }, "geometry": { "type": "Point", "coordinates": [ 128.63852438299935, 36.357509107474314 ] } },
{ "type": "Feature", "properties": { "id": "567", "address": "안평면 신월리 512", "region": "안평면", "capacity": 2.2, "source": "의성군 주소 자료", "management": "미기재", "lat": 36.3601451359648, "lng": 128.63751009105621, "pond_id": "567", "nearest_road_m": 847.61262884175051, "distance_to_road_m": 847.61262884175051, "road_access_status": "AVAILABLE", "road_source_year": null, "accessibility_class": "500m 이상" }, "geometry": { "type": "Point", "coordinates": [ 128.637510120633863, 36.360145096476153 ] } },
{ "type": "Feature", "properties": { "id": "568", "address": "안평면 신월리 27", "region": "안평면", "capacity": 8.1, "source": "의성군 주소 자료", "management": "미기재", "lat": 36.368547382502101, "lng": 128.6489947171807, "pond_id": "568", "nearest_road_m": 399.52543198441612, "distance_to_road_m": 399.52543198441612, "road_access_status": "AVAILABLE", "road_source_year": null, "accessibility_class": "300–500m" }, "geometry": { "type": "Point", "coordinates": [ 128.648994746782677, 36.368547343016367 ] } },
{ "type": "Feature", "properties": { "id": "569", "address": "안평면 신월리 813", "region": "안평면", "capacity": 6.8, "source": "의성군 주소 자료", "management": "미기재", "lat": 36.3672180298569, "lng": 128.62896788921736, "pond_id": "569", "nearest_road_m": 609.05169573280205, "distance_to_road_m": 609.05169573280205, "road_access_status": "AVAILABLE", "road_source_year": null, "accessibility_class": "500m 이상" }, "geometry": { "type": "Point", "coordinates": [ 128.628967918810986, 36.367217990349324 ] } },
{ "type": "Feature", "properties": { "id": "570", "address": "안평면 신월리 250-1", "region": "안평면", "capacity": 8.0, "source": "의성군 주소 자료", "management": "미기재", "lat": 36.353137154005282, "lng": 128.64849164692745, "pond_id": "570", "nearest_road_m": 1270.952092035436, "distance_to_road_m": 1270.952092035436, "road_access_status": "AVAILABLE", "road_source_year": null, "accessibility_class": "500m 이상" }, "geometry": { "type": "Point", "coordinates": [ 128.648491676489925, 36.35313711453837 ] } },
{ "type": "Feature", "properties": { "id": "571", "address": "안평면 신월리 1055", "region": "안평면", "capacity": 24.7, "source": "의성군 주소 자료", "management": "미기재", "lat": 36.375997694902232, "lng": 128.62740141215369, "pond_id": "571", "nearest_road_m": 227.37745278939832, "distance_to_road_m": 227.37745278939832, "road_access_status": "AVAILABLE", "road_source_year": null, "accessibility_class": "100–300m" }, "geometry": { "type": "Point", "coordinates": [ 128.627401441769308, 36.375997655381802 ] } },
{ "type": "Feature", "properties": { "id": "572", "address": "안평면 신월리 49-2", "region": "안평면", "capacity": 16.4, "source": "의성군 주소 자료", "management": "미기재", "lat": 36.365617731821651, "lng": 128.64973510489159, "pond_id": "572", "nearest_road_m": 99.520313318639964, "distance_to_road_m": 99.520313318639964, "road_access_status": "AVAILABLE", "road_source_year": null, "accessibility_class": "0–100m" }, "geometry": { "type": "Point", "coordinates": [ 128.649735134486264, 36.3656176923405 ] } },
{ "type": "Feature", "properties": { "id": "573", "address": "안평면 신월리 988", "region": "안평면", "capacity": 2.9, "source": "의성군 주소 자료", "management": "미기재", "lat": 36.371191294272421, "lng": 128.62833757436641, "pond_id": "573", "nearest_road_m": 385.67348135316939, "distance_to_road_m": 385.67348135316939, "road_access_status": "AVAILABLE", "road_source_year": null, "accessibility_class": "300–500m" }, "geometry": { "type": "Point", "coordinates": [ 128.62833760397001, 36.371191254759118 ] } },
{ "type": "Feature", "properties": { "id": "574", "address": "안평면 신월리 613-1", "region": "안평면", "capacity": 5.3, "source": "의성군 주소 자료", "management": "미기재", "lat": 36.359877248437485, "lng": 128.6313995709634, "pond_id": "574", "nearest_road_m": 1193.6446741156687, "distance_to_road_m": 1193.6446741156687, "road_access_status": "AVAILABLE", "road_source_year": null, "accessibility_class": "500m 이상" }, "geometry": { "type": "Point", "coordinates": [ 128.631399600538884, 36.359877208941988 ] } },
{ "type": "Feature", "properties": { "id": "575", "address": "안평면 신월리 1181", "region": "안평면", "capacity": 1.3, "source": "의성군 주소 자료", "management": "미기재", "lat": 36.370005440240121, "lng": 128.62675302661174, "pond_id": "575", "nearest_road_m": 578.01395223914199, "distance_to_road_m": 578.01395223914199, "road_access_status": "AVAILABLE", "road_source_year": null, "accessibility_class": "500m 이상" }, "geometry": { "type": "Point", "coordinates": [ 128.626753056211925, 36.370005400726455 ] } },
{ "type": "Feature", "properties": { "id": "576", "address": "안평면 신월리 1150", "region": "안평면", "capacity": 5.8, "source": "의성군 주소 자료", "management": "미기재", "lat": 36.373765285803998, "lng": 128.62259716060785, "pond_id": "576", "nearest_road_m": 597.78188560665694, "distance_to_road_m": 597.78188560665694, "road_access_status": "AVAILABLE", "road_source_year": null, "accessibility_class": "500m 이상" }, "geometry": { "type": "Point", "coordinates": [ 128.622597190216624, 36.373765246280747 ] } },
{ "type": "Feature", "properties": { "id": "587", "address": "안평면 대사리 1159-1", "region": "안평면", "capacity": 5.0, "source": "의성군 주소 자료", "management": "미기재", "lat": 36.3506910855534, "lng": 128.56428431567028, "pond_id": "587", "nearest_road_m": 1355.682059449088, "distance_to_road_m": 1355.682059449088, "road_access_status": "AVAILABLE", "road_source_year": null, "accessibility_class": "500m 이상" }, "geometry": { "type": "Point", "coordinates": [ 128.564284345205522, 36.350691045990686 ] } },
{ "type": "Feature", "properties": { "id": "588", "address": "안평면 대사리 319", "region": "안평면", "capacity": 4.8, "source": "의성군 주소 자료", "management": "미기재", "lat": 36.336316517755883, "lng": 128.58703970929341, "pond_id": "588", "nearest_road_m": 41.352756962966772, "distance_to_road_m": 41.352756962966772, "road_access_status": "AVAILABLE", "road_source_year": null, "accessibility_class": "0–100m" }, "geometry": { "type": "Point", "coordinates": [ 128.587039738797728, 36.336316478237961 ] } },
{ "type": "Feature", "properties": { "id": "589", "address": "안평면 대사리 1101", "region": "안평면", "capacity": 13.5, "source": "의성군 주소 자료", "management": "미기재", "lat": 36.355970554178136, "lng": 128.56503597882519, "pond_id": "589", "nearest_road_m": 976.8888004546493, "distance_to_road_m": 976.8888004546493, "road_access_status": "AVAILABLE", "road_source_year": null, "accessibility_class": "500m 이상" }, "geometry": { "type": "Point", "coordinates": [ 128.565036008374051, 36.355970514609702 ] } },
{ "type": "Feature", "properties": { "id": "590", "address": "안평면 대사리 895", "region": "안평면", "capacity": 24.8, "source": "의성군 주소 자료", "management": "미기재", "lat": 36.347489152213655, "lng": 128.56796291669852, "pond_id": "590", "nearest_road_m": 1274.8511557343804, "distance_to_road_m": 1274.8511557343804, "road_access_status": "AVAILABLE", "road_source_year": null, "accessibility_class": "500m 이상" }, "geometry": { "type": "Point", "coordinates": [ 128.567962946226544, 36.347489112659275 ] } },
{ "type": "Feature", "properties": { "id": "591", "address": "안평면 대사리 780", "region": "안평면", "capacity": 6.1, "source": "의성군 주소 자료", "management": "미기재", "lat": 36.342082045266878, "lng": 128.57213156364685, "pond_id": "591", "nearest_road_m": 1145.828992486166, "distance_to_road_m": 1145.828992486166, "road_access_status": "AVAILABLE", "road_source_year": null, "accessibility_class": "500m 이상" }, "geometry": { "type": "Point", "coordinates": [ 128.572131593162112, 36.342082005724187 ] } },
{ "type": "Feature", "properties": { "id": "592", "address": "안평면 도옥리 829유", "region": "안평면", "capacity": 3.2, "source": "의성군 주소 자료", "management": "미기재", "lat": 36.359777041787389, "lng": 128.58253576807428, "pond_id": "592", "nearest_road_m": 330.7694064595313, "distance_to_road_m": 330.7694064595313, "road_access_status": "AVAILABLE", "road_source_year": null, "accessibility_class": "300–500m" }, "geometry": { "type": "Point", "coordinates": [ 128.582535797637291, 36.359777002234679 ] } },
{ "type": "Feature", "properties": { "id": "593", "address": "안평면 도옥리 838", "region": "안평면", "capacity": 4.1, "source": "의성군 주소 자료", "management": "미기재", "lat": 36.361116585523902, "lng": 128.58140424414415, "pond_id": "593", "nearest_road_m": 311.348315097762, "distance_to_road_m": 311.348315097762, "road_access_status": "AVAILABLE", "road_source_year": null, "accessibility_class": "300–500m" }, "geometry": { "type": "Point", "coordinates": [ 128.581404273710291, 36.361116545968194 ] } },
{ "type": "Feature", "properties": { "id": "594", "address": "안평면 도옥리 507유", "region": "안평면", "capacity": 38.5, "source": "의성군 주소 자료", "management": "미기재", "lat": 36.35008858125537, "lng": 128.58744149604593, "pond_id": "594", "nearest_road_m": 131.41693146537102, "distance_to_road_m": 131.41693146537102, "road_access_status": "AVAILABLE", "road_source_year": null, "accessibility_class": "100–300m" }, "geometry": { "type": "Point", "coordinates": [ 128.587441525585461, 36.350088541720567 ] } },
{ "type": "Feature", "properties": { "id": "595", "address": "안평면 도옥리 310답", "region": "안평면", "capacity": 4.0, "source": "의성군 주소 자료", "management": "미기재", "lat": 36.358719324975652, "lng": 128.59026799478929, "pond_id": "595", "nearest_road_m": 889.94449612532253, "distance_to_road_m": 889.94449612532253, "road_access_status": "AVAILABLE", "road_source_year": null, "accessibility_class": "500m 이상" }, "geometry": { "type": "Point", "coordinates": [ 128.590268024351559, 36.358719285433324 ] } },
{ "type": "Feature", "properties": { "id": "596", "address": "안평면 마전리 459유", "region": "안평면", "capacity": 2.8, "source": "의성군 주소 자료", "management": "미기재", "lat": 36.362813091044252, "lng": 128.56202000400808, "pond_id": "596", "nearest_road_m": 921.05831430367482, "distance_to_road_m": 921.05831430367482, "road_access_status": "AVAILABLE", "road_source_year": null, "accessibility_class": "500m 이상" }, "geometry": { "type": "Point", "coordinates": [ 128.56202003357356, 36.362813051463711 ] } },
{ "type": "Feature", "properties": { "id": "597", "address": "안평면 마전리 419유", "region": "안평면", "capacity": 13.3, "source": "의성군 주소 자료", "management": "미기재", "lat": 36.370477200421448, "lng": 128.56989446996641, "pond_id": "597", "nearest_road_m": 274.66988097510591, "distance_to_road_m": 274.66988097510591, "road_access_status": "AVAILABLE", "road_source_year": null, "accessibility_class": "100–300m" }, "geometry": { "type": "Point", "coordinates": [ 128.569894499553442, 36.370477160840551 ] } },
{ "type": "Feature", "properties": { "id": "598", "address": "안평면 마전리 616유", "region": "안평면", "capacity": 3.6, "source": "의성군 주소 자료", "management": "미기재", "lat": 36.359861550602439, "lng": 128.56102526815732, "pond_id": "598", "nearest_road_m": 1094.6256713436815, "distance_to_road_m": 1094.6256713436815, "road_access_status": "AVAILABLE", "road_source_year": null, "accessibility_class": "500m 이상" }, "geometry": { "type": "Point", "coordinates": [ 128.56102529771502, 36.359861511024427 ] } },
{ "type": "Feature", "properties": { "id": "599", "address": "안평면 기도리 1235유", "region": "안평면", "capacity": 93.8, "source": "의성군 주소 자료", "management": "미기재", "lat": 36.378997508171238, "lng": 128.55293846506629, "pond_id": "599", "nearest_road_m": 2041.2636122040594, "distance_to_road_m": 2041.2636122040594, "road_access_status": "AVAILABLE", "road_source_year": null, "accessibility_class": "500m 이상" }, "geometry": { "type": "Point", "coordinates": [ 128.552938494670627, 36.378997468559895 ] } },
{ "type": "Feature", "properties": { "id": "600", "address": "안평면 기도리 503유", "region": "안평면", "capacity": 2.4, "source": "의성군 주소 자료", "management": "미기재", "lat": 36.37343209791775, "lng": 128.57268368179743, "pond_id": "600", "nearest_road_m": 168.61769688705229, "distance_to_road_m": 168.61769688705229, "road_access_status": "AVAILABLE", "road_source_year": null, "accessibility_class": "100–300m" }, "geometry": { "type": "Point", "coordinates": [ 128.572683711392727, 36.373432058336427 ] } },
{ "type": "Feature", "properties": { "id": "601", "address": "안평면 기도리 1123유", "region": "안평면", "capacity": 1.3, "source": "의성군 주소 자료", "management": "미기재", "lat": 36.375191042328879, "lng": 128.55739792083716, "pond_id": "601", "nearest_road_m": 1509.9634833276218, "distance_to_road_m": 1509.9634833276218, "road_access_status": "AVAILABLE", "road_source_year": null, "accessibility_class": "500m 이상" }, "geometry": { "type": "Point", "coordinates": [ 128.557397950432971, 36.37519100272749 ] } },
{ "type": "Feature", "properties": { "id": "602", "address": "안평면 금곡리 869-1유", "region": "안평면", "capacity": 8.5, "source": "의성군 주소 자료", "management": "미기재", "lat": 36.419292223318671, "lng": 128.52432867993488, "pond_id": "602", "nearest_road_m": 49.549298835835799, "distance_to_road_m": 49.549298835835799, "road_access_status": "AVAILABLE", "road_source_year": null, "accessibility_class": "0–100m" }, "geometry": { "type": "Point", "coordinates": [ 128.524328709634233, 36.419292183624179 ] } },
{ "type": "Feature", "properties": { "id": "603", "address": "안평면 금곡리 493-1", "region": "안평면", "capacity": 6.8, "source": "의성군 주소 자료", "management": "미기재", "lat": 36.396084795371905, "lng": 128.52753154754913, "pond_id": "603", "nearest_road_m": 1057.4206375014396, "distance_to_road_m": 1057.4206375014396, "road_access_status": "AVAILABLE", "road_source_year": null, "accessibility_class": "500m 이상" }, "geometry": { "type": "Point", "coordinates": [ 128.527531577190331, 36.396084755709737 ] } },
{ "type": "Feature", "properties": { "id": "604", "address": "안평면 금곡리 379", "region": "안평면", "capacity": 4.2, "source": "의성군 주소 자료", "management": "미기재", "lat": 36.405775324750742, "lng": 128.54195586283413, "pond_id": "604", "nearest_road_m": 439.67125717266197, "distance_to_road_m": 439.67125717266197, "road_access_status": "AVAILABLE", "road_source_year": null, "accessibility_class": "300–500m" }, "geometry": { "type": "Point", "coordinates": [ 128.541955892503722, 36.405775285093398 ] } },
{ "type": "Feature", "properties": { "id": "605", "address": "안평면 금곡리 470", "region": "안평면", "capacity": 25.9, "source": "의성군 주소 자료", "management": "미기재", "lat": 36.394387698655699, "lng": 128.53901160718513, "pond_id": "605", "nearest_road_m": 796.48553417095059, "distance_to_road_m": 796.48553417095059, "road_access_status": "AVAILABLE", "road_source_year": null, "accessibility_class": "500m 이상" }, "geometry": { "type": "Point", "coordinates": [ 128.539011636825023, 36.394387659008991 ] } },
{ "type": "Feature", "properties": { "id": "606", "address": "안평면 금곡리 306유", "region": "안평면", "capacity": 6.6, "source": "의성군 주소 자료", "management": "미기재", "lat": 36.396145826190413, "lng": 128.54869839423466, "pond_id": "606", "nearest_road_m": 434.4387470291004, "distance_to_road_m": 434.4387470291004, "road_access_status": "AVAILABLE", "road_source_year": null, "accessibility_class": "300–500m" }, "geometry": { "type": "Point", "coordinates": [ 128.548698423881575, 36.396145786552843 ] } },
{ "type": "Feature", "properties": { "id": "607", "address": "안평면 금곡리 148유", "region": "안평면", "capacity": 1.3, "source": "의성군 주소 자료", "management": "미기재", "lat": 36.401690644651076, "lng": 128.55400257360029, "pond_id": "607", "nearest_road_m": 123.26296500134653, "distance_to_road_m": 123.26296500134653, "road_access_status": "AVAILABLE", "road_source_year": null, "accessibility_class": "100–300m" }, "geometry": { "type": "Point", "coordinates": [ 128.55400260326266, 36.40169060501286 ] } },
{ "type": "Feature", "properties": { "id": "608", "address": "안평면 금곡리 626답", "region": "안평면", "capacity": 2.8, "source": "의성군 주소 자료", "management": "미기재", "lat": 36.40782825393061, "lng": 128.53366932387866, "pond_id": "608", "nearest_road_m": 247.02211570501174, "distance_to_road_m": 247.02211570501174, "road_access_status": "AVAILABLE", "road_source_year": null, "accessibility_class": "100–300m" }, "geometry": { "type": "Point", "coordinates": [ 128.533669353551289, 36.407828214261095 ] } },
{ "type": "Feature", "properties": { "id": "609", "address": "안평면 하령리 50-1", "region": "안평면", "capacity": 12.5, "source": "의성군 주소 자료", "management": "미기재", "lat": 36.406832656655908, "lng": 128.5721521598129, "pond_id": "609", "nearest_road_m": 353.13305598019775, "distance_to_road_m": 353.13305598019775, "road_access_status": "AVAILABLE", "road_source_year": null, "accessibility_class": "300–500m" }, "geometry": { "type": "Point", "coordinates": [ 128.572152189493096, 36.406832617032471 ] } },
{ "type": "Feature", "properties": { "id": "610", "address": "안평면 하령리 131유", "region": "안평면", "capacity": 3.8, "source": "의성군 주소 자료", "management": "미기재", "lat": 36.40389617232487, "lng": 128.57276185187305, "pond_id": "610", "nearest_road_m": 404.16746735012526, "distance_to_road_m": 404.16746735012526, "road_access_status": "AVAILABLE", "road_source_year": null, "accessibility_class": "300–500m" }, "geometry": { "type": "Point", "coordinates": [ 128.572761881545972, 36.403896132705782 ] } },
{ "type": "Feature", "properties": { "id": "611", "address": "안평면 삼춘리 131-2", "region": "안평면", "capacity": 5.4, "source": "의성군 주소 자료", "management": "미기재", "lat": 36.434261389393939, "lng": 128.58032090664244, "pond_id": "611", "nearest_road_m": 1028.5390293747396, "distance_to_road_m": 1028.5390293747396, "road_access_status": "AVAILABLE", "road_source_year": null, "accessibility_class": "500m 이상" }, "geometry": { "type": "Point", "coordinates": [ 128.580320936394656, 36.434261349746222 ] } },
{ "type": "Feature", "properties": { "id": "612", "address": "안평면 삼춘리 468유", "region": "안평면", "capacity": 4.3, "source": "의성군 주소 자료", "management": "미기재", "lat": 36.442624921971927, "lng": 128.56856857696965, "pond_id": "612", "nearest_road_m": 458.32590078760506, "distance_to_road_m": 458.32590078760506, "road_access_status": "AVAILABLE", "road_source_year": null, "accessibility_class": "300–500m" }, "geometry": { "type": "Point", "coordinates": [ 128.568568606740058, 36.442624882300301 ] } },
{ "type": "Feature", "properties": { "id": "613", "address": "안평면 삼춘리 1077유", "region": "안평면", "capacity": 17.4, "source": "의성군 주소 자료", "management": "미기재", "lat": 36.433168415805909, "lng": 128.54190606971443, "pond_id": "613", "nearest_road_m": 1764.0981142173434, "distance_to_road_m": 1764.0981142173434, "road_access_status": "AVAILABLE", "road_source_year": null, "accessibility_class": "500m 이상" }, "geometry": { "type": "Point", "coordinates": [ 128.541906099453712, 36.433168376114857 ] } },
{ "type": "Feature", "properties": { "id": "614", "address": "안평면 삼춘리 998유", "region": "안평면", "capacity": 49.2, "source": "의성군 주소 자료", "management": "미기재", "lat": 36.41880948372674, "lng": 128.55272671055644, "pond_id": "614", "nearest_road_m": 160.21637781952427, "distance_to_road_m": 160.21637781952427, "road_access_status": "AVAILABLE", "road_source_year": null, "accessibility_class": "100–300m" }, "geometry": { "type": "Point", "coordinates": [ 128.552726740262017, 36.4188094440659 ] } },
{ "type": "Feature", "properties": { "id": "615", "address": "안평면 삼춘리 508유", "region": "안평면", "capacity": 2.0, "source": "의성군 주소 자료", "management": "미기재", "lat": 36.440735090597876, "lng": 128.5621962228671, "pond_id": "615", "nearest_road_m": 68.705364208693453, "distance_to_road_m": 68.705364208693453, "road_access_status": "AVAILABLE", "road_source_year": null, "accessibility_class": "0–100m" }, "geometry": { "type": "Point", "coordinates": [ 128.562196252631026, 36.440735050921141 ] } },
{ "type": "Feature", "properties": { "id": "616", "address": "안사면 중하리 502유", "region": "안사면", "capacity": 11.0, "source": "의성군 주소 자료", "management": "미기재", "lat": 36.422835115075273, "lng": 128.49782851169078, "pond_id": "616", "nearest_road_m": 1116.7945279883456, "distance_to_road_m": 1116.7945279883456, "road_access_status": "AVAILABLE", "road_source_year": null, "accessibility_class": "500m 이상" }, "geometry": { "type": "Point", "coordinates": [ 128.497828541391954, 36.42283507534566 ] } },
{ "type": "Feature", "properties": { "id": "617", "address": "안사면 중하리 3유", "region": "안사면", "capacity": 11.8, "source": "의성군 주소 자료", "management": "미기재", "lat": 36.392616921483295, "lng": 128.51255146243344, "pond_id": "617", "nearest_road_m": 2249.0553471535663, "distance_to_road_m": 2249.0553471535663, "road_access_status": "AVAILABLE", "road_source_year": null, "accessibility_class": "500m 이상" }, "geometry": { "type": "Point", "coordinates": [ 128.512551492061846, 36.392616881807953 ] } },
{ "type": "Feature", "properties": { "id": "618", "address": "안사면 중하리 883유", "region": "안사면", "capacity": 27.0, "source": "의성군 주소 자료", "management": "미기재", "lat": 36.426512292143705, "lng": 128.48258999630301, "pond_id": "618", "nearest_road_m": 1695.9839042631766, "distance_to_road_m": 1695.9839042631766, "road_access_status": "AVAILABLE", "road_source_year": null, "accessibility_class": "500m 이상" }, "geometry": { "type": "Point", "coordinates": [ 128.482590026009404, 36.426512252391895 ] } },
{ "type": "Feature", "properties": { "id": "619", "address": "안사면 중하리 642유", "region": "안사면", "capacity": 13.2, "source": "의성군 주소 자료", "management": "미기재", "lat": 36.402699979828107, "lng": 128.49103296746873, "pond_id": "619", "nearest_road_m": 516.8399083595034, "distance_to_road_m": 516.8399083595034, "road_access_status": "AVAILABLE", "road_source_year": null, "accessibility_class": "500m 이상" }, "geometry": { "type": "Point", "coordinates": [ 128.491032997117003, 36.402699940115291 ] } },
{ "type": "Feature", "properties": { "id": "620", "address": "안사면 중하리 1100유", "region": "안사면", "capacity": 9.4, "source": "의성군 주소 자료", "management": "미기재", "lat": 36.416322625293276, "lng": 128.48028937681775, "pond_id": "620", "nearest_road_m": 1229.3567451763138, "distance_to_road_m": 1229.3567451763138, "road_access_status": "AVAILABLE", "road_source_year": null, "accessibility_class": "500m 이상" }, "geometry": { "type": "Point", "coordinates": [ 128.48028940649769, 36.416322585551271 ] } },
{ "type": "Feature", "properties": { "id": "621", "address": "안사면 안사리 391유", "region": "안사면", "capacity": 7.0, "source": "의성군 주소 자료", "management": "미기재", "lat": 36.433762110420645, "lng": 128.46977009979852, "pond_id": "621", "nearest_road_m": 682.91071672492444, "distance_to_road_m": 682.91071672492444, "road_access_status": "AVAILABLE", "road_source_year": null, "accessibility_class": "500m 이상" }, "geometry": { "type": "Point", "coordinates": [ 128.469770129519787, 36.433762070645137 ] } },
{ "type": "Feature", "properties": { "id": "622", "address": "안사면 안사리 407유", "region": "안사면", "capacity": 4.0, "source": "의성군 주소 자료", "management": "미기재", "lat": 36.433228068178309, "lng": 128.4743542880928, "pond_id": "622", "nearest_road_m": 1062.9601277850136, "distance_to_road_m": 1062.9601277850136, "road_access_status": "AVAILABLE", "road_source_year": null, "accessibility_class": "500m 이상" }, "geometry": { "type": "Point", "coordinates": [ 128.474354317813976, 36.433228028408756 ] } },
{ "type": "Feature", "properties": { "id": "623", "address": "안사면 안사리 303유", "region": "안사면", "capacity": 31.7, "source": "의성군 주소 자료", "management": "미기재", "lat": 36.442478503160032, "lng": 128.47025774973091, "pond_id": "623", "nearest_road_m": 57.364698632639957, "distance_to_road_m": 57.364698632639957, "road_access_status": "AVAILABLE", "road_source_year": null, "accessibility_class": "0–100m" }, "geometry": { "type": "Point", "coordinates": [ 128.470257779474423, 36.442478463374492 ] } },
{ "type": "Feature", "properties": { "id": "624", "address": "안사면 안사리 25유", "region": "안사면", "capacity": 4.5, "source": "의성군 주소 자료", "management": "미기재", "lat": 36.442569708606669, "lng": 128.48980964972523, "pond_id": "624", "nearest_road_m": 48.096794085741195, "distance_to_road_m": 48.096794085741195, "road_access_status": "AVAILABLE", "road_source_year": null, "accessibility_class": "0–100m" }, "geometry": { "type": "Point", "coordinates": [ 128.489809679474376, 36.442569668843653 ] } },
{ "type": "Feature", "properties": { "id": "625", "address": "안사면 안사리 507유", "region": "안사면", "capacity": 8.0, "source": "의성군 주소 자료", "management": "미기재", "lat": 36.428417728989039, "lng": 128.47424110239388, "pond_id": "625", "nearest_road_m": 1046.349167657861, "distance_to_road_m": 1046.349167657861, "road_access_status": "AVAILABLE", "road_source_year": null, "accessibility_class": "500m 이상" }, "geometry": { "type": "Point", "coordinates": [ 128.474241132102833, 36.42841768922522 ] } },
{ "type": "Feature", "properties": { "id": "626", "address": "안사면 안사리 329 유", "region": "안사면", "capacity": 7.7, "source": "의성군 주소 자료", "management": "미기재", "lat": 36.443848966543023, "lng": 128.47311634614826, "pond_id": "626", "nearest_road_m": 74.333462830916631, "distance_to_road_m": 74.333462830916631, "road_access_status": "AVAILABLE", "road_source_year": null, "accessibility_class": "0–100m" }, "geometry": { "type": "Point", "coordinates": [ 128.473116375896069, 36.443848926759145 ] } },
{ "type": "Feature", "properties": { "id": "627", "address": "안사면 만리리 595-2답", "region": "안사면", "capacity": 2.1, "source": "의성군 주소 자료", "management": "미기재", "lat": 36.443876003517047, "lng": 128.45620947985884, "pond_id": "627", "nearest_road_m": 277.74404619289697, "distance_to_road_m": 277.74404619289697, "road_access_status": "AVAILABLE", "road_source_year": null, "accessibility_class": "100–300m" }, "geometry": { "type": "Point", "coordinates": [ 128.456209509602019, 36.443875963713573 ] } },
{ "type": "Feature", "properties": { "id": "628", "address": "안사면 만리리 546유", "region": "안사면", "capacity": 5.1, "source": "의성군 주소 자료", "management": "미기재", "lat": 36.442422015699982, "lng": 128.45351690379911, "pond_id": "628", "nearest_road_m": 530.1984682382805, "distance_to_road_m": 530.1984682382805, "road_access_status": "AVAILABLE", "road_source_year": null, "accessibility_class": "500m 이상" }, "geometry": { "type": "Point", "coordinates": [ 128.453516933537855, 36.442421975895137 ] } },
{ "type": "Feature", "properties": { "id": "629", "address": "안사면 만리리 16임", "region": "안사면", "capacity": 15.0, "source": "의성군 주소 자료", "management": "미기재", "lat": 36.457533577149746, "lng": 128.46233187017225, "pond_id": "629", "nearest_road_m": 906.55527015217467, "distance_to_road_m": 906.55527015217467, "road_access_status": "AVAILABLE", "road_source_year": null, "accessibility_class": "500m 이상" }, "geometry": { "type": "Point", "coordinates": [ 128.462331899951778, 36.457533537336815 ] } },
{ "type": "Feature", "properties": { "id": "630", "address": "안사면 만리리 1002-1유", "region": "안사면", "capacity": 13.8, "source": "의성군 주소 자료", "management": "미기재", "lat": 36.450694893154221, "lng": 128.43554645037929, "pond_id": "630", "nearest_road_m": 1483.9900064376397, "distance_to_road_m": 1483.9900064376397, "road_access_status": "AVAILABLE", "road_source_year": null, "accessibility_class": "500m 이상" }, "geometry": { "type": "Point", "coordinates": [ 128.435546480133979, 36.450694853318602 ] } },
{ "type": "Feature", "properties": { "id": "631", "address": "안사면 만리리 943유", "region": "안사면", "capacity": 21.0, "source": "의성군 주소 자료", "management": "미기재", "lat": 36.439491202001825, "lng": 128.44180843158856, "pond_id": "631", "nearest_road_m": 1550.982450884416, "distance_to_road_m": 1550.982450884416, "road_access_status": "AVAILABLE", "road_source_year": null, "accessibility_class": "500m 이상" }, "geometry": { "type": "Point", "coordinates": [ 128.441808461316583, 36.439491162186997 ] } },
{ "type": "Feature", "properties": { "id": "632", "address": "안사면 만리리 580-1", "region": "안사면", "capacity": 25.0, "source": "의성군 주소 자료", "management": "미기재", "lat": 36.441736901856018, "lng": 128.45724016785655, "pond_id": "632", "nearest_road_m": 187.78588902060528, "distance_to_road_m": 187.78588902060528, "road_access_status": "AVAILABLE", "road_source_year": null, "accessibility_class": "100–300m" }, "geometry": { "type": "Point", "coordinates": [ 128.457240197594615, 36.44173686205631 ] } },
{ "type": "Feature", "properties": { "id": "633", "address": "안사면 신수리 산120임", "region": "안사면", "capacity": 5.9, "source": "의성군 주소 자료", "management": "미기재", "lat": 36.460864063165602, "lng": 128.43662611561203, "pond_id": "633", "nearest_road_m": 1364.9741530516028, "distance_to_road_m": 1364.9741530516028, "road_access_status": "AVAILABLE", "road_source_year": null, "accessibility_class": "500m 이상" }, "geometry": { "type": "Point", "coordinates": [ 128.436626145392779, 36.46086402331894 ] } },
{ "type": "Feature", "properties": { "id": "634", "address": "안사면 신수리 33유", "region": "안사면", "capacity": 9.2, "source": "의성군 주소 자료", "management": "미기재", "lat": 36.477991055343061, "lng": 128.45838669399132, "pond_id": "634", "nearest_road_m": 822.69784717989603, "distance_to_road_m": 822.69784717989603, "road_access_status": "AVAILABLE", "road_source_year": null, "accessibility_class": "500m 이상" }, "geometry": { "type": "Point", "coordinates": [ 128.458386723821576, 36.477991015500898 ] } },
{ "type": "Feature", "properties": { "id": "635", "address": "안사면 신수리 84답", "region": "안사면", "capacity": 2.2, "source": "의성군 주소 자료", "management": "미기재", "lat": 36.479661728193598, "lng": 128.44697010015079, "pond_id": "635", "nearest_road_m": 266.00367888418975, "distance_to_road_m": 266.00367888418975, "road_access_status": "AVAILABLE", "road_source_year": null, "accessibility_class": "100–300m" }, "geometry": { "type": "Point", "coordinates": [ 128.446970129982077, 36.479661688336265 ] } },
{ "type": "Feature", "properties": { "id": "636", "address": "안사면 월소리 251-3유", "region": "안사면", "capacity": 2.6, "source": "의성군 주소 자료", "management": "미기재", "lat": 36.496575270950146, "lng": 128.43273149454947, "pond_id": "636", "nearest_road_m": 441.63669483338418, "distance_to_road_m": 441.63669483338418, "road_access_status": "AVAILABLE", "road_source_year": null, "accessibility_class": "300–500m" }, "geometry": { "type": "Point", "coordinates": [ 128.432731524419523, 36.496575231056191 ] } },
{ "type": "Feature", "properties": { "id": "637", "address": "안사면 월소리 136-1유", "region": "안사면", "capacity": 12.3, "source": "의성군 주소 자료", "management": "미기재", "lat": 36.493172003047022, "lng": 128.43625114031656, "pond_id": "637", "nearest_road_m": 312.19674946863313, "distance_to_road_m": 312.19674946863313, "road_access_status": "AVAILABLE", "road_source_year": null, "accessibility_class": "300–500m" }, "geometry": { "type": "Point", "coordinates": [ 128.436251170179048, 36.493171963161174 ] } },
{ "type": "Feature", "properties": { "id": "638", "address": "안사면 월소리 1000유", "region": "안사면", "capacity": 16.5, "source": "의성군 주소 자료", "management": "미기재", "lat": 36.499615047536217, "lng": 128.41203974228304, "pond_id": "638", "nearest_road_m": 819.35494511778006, "distance_to_road_m": 819.35494511778006, "road_access_status": "AVAILABLE", "road_source_year": null, "accessibility_class": "500m 이상" }, "geometry": { "type": "Point", "coordinates": [ 128.412039772154856, 36.499615007614857 ] } },
{ "type": "Feature", "properties": { "id": "639", "address": "안사면 월소리 366유", "region": "안사면", "capacity": 15.0, "source": "의성군 주소 자료", "management": "미기재", "lat": 36.491064867347497, "lng": 128.42711732964418, "pond_id": "639", "nearest_road_m": 312.55608074721658, "distance_to_road_m": 312.55608074721658, "road_access_status": "AVAILABLE", "road_source_year": null, "accessibility_class": "300–500m" }, "geometry": { "type": "Point", "coordinates": [ 128.427117359498737, 36.491064827453677 ] } },
{ "type": "Feature", "properties": { "id": "640", "address": "안사면 월소리 541", "region": "안사면", "capacity": 7.2, "source": "의성군 주소 자료", "management": "미기재", "lat": 36.473794602795849, "lng": 128.43436534807935, "pond_id": "640", "nearest_road_m": 394.14192044169192, "distance_to_road_m": 394.14192044169192, "road_access_status": "AVAILABLE", "road_source_year": null, "accessibility_class": "300–500m" }, "geometry": { "type": "Point", "coordinates": [ 128.43436537789222, 36.473794562931054 ] } },
{ "type": "Feature", "properties": { "id": "641", "address": "안사면 월소리 521구", "region": "안사면", "capacity": 15.0, "source": "의성군 주소 자료", "management": "미기재", "lat": 36.475716463803487, "lng": 128.43264904567934, "pond_id": "641", "nearest_road_m": 384.31157633399243, "distance_to_road_m": 384.31157633399243, "road_access_status": "AVAILABLE", "road_source_year": null, "accessibility_class": "300–500m" }, "geometry": { "type": "Point", "coordinates": [ 128.432649075496585, 36.475716423934401 ] } },
{ "type": "Feature", "properties": { "id": "642", "address": "안사면 쌍호리 368유", "region": "안사면", "capacity": 10.0, "source": "의성군 주소 자료", "management": "미기재", "lat": 36.5075733215551, "lng": 128.42402683438101, "pond_id": "642", "nearest_road_m": 278.09557342982828, "distance_to_road_m": 278.09557342982828, "road_access_status": "AVAILABLE", "road_source_year": null, "accessibility_class": "100–300m" }, "geometry": { "type": "Point", "coordinates": [ 128.424026864276442, 36.507573281638052 ] } },
{ "type": "Feature", "properties": { "id": "643", "address": "단촌면 후평리 188-01", "region": "단촌면", "capacity": 35.0, "source": "의성군 주소 자료", "management": "미기재", "lat": 36.440170046584882, "lng": 128.72070796032853, "pond_id": "643", "nearest_road_m": 215.5886349700572, "distance_to_road_m": 215.5886349700572, "road_access_status": "AVAILABLE", "road_source_year": null, "accessibility_class": "100–300m" }, "geometry": { "type": "Point", "coordinates": [ 128.720707990131189, 36.440170007093968 ] } },
{ "type": "Feature", "properties": { "id": "644", "address": "점곡면 동변리 524", "region": "점곡면", "capacity": 798.5, "source": "의성군 주소 자료", "management": "미기재", "lat": 36.440878518698348, "lng": 128.78901674905714, "pond_id": "644", "nearest_road_m": 60.467373388655439, "distance_to_road_m": 60.467373388655439, "road_access_status": "AVAILABLE", "road_source_year": null, "accessibility_class": "0–100m" }, "geometry": { "type": "Point", "coordinates": [ 128.789016778877965, 36.440878479286788 ] } },
{ "type": "Feature", "properties": { "id": "645", "address": "점곡면 사촌리 496", "region": "점곡면", "capacity": 6.7, "source": "의성군 주소 자료", "management": "미기재", "lat": 36.431071556826225, "lng": 128.75279867593781, "pond_id": "645", "nearest_road_m": 580.72936921904738, "distance_to_road_m": 580.72936921904738, "road_access_status": "AVAILABLE", "road_source_year": null, "accessibility_class": "500m 이상" }, "geometry": { "type": "Point", "coordinates": [ 128.752798705724871, 36.431071517384275 ] } },
{ "type": "Feature", "properties": { "id": "646", "address": "점곡면 송내리 66", "region": "점곡면", "capacity": 20.5, "source": "의성군 주소 자료", "management": "미기재", "lat": 36.432063763263734, "lng": 128.74718998237265, "pond_id": "646", "nearest_road_m": 564.95611522876231, "distance_to_road_m": 564.95611522876231, "road_access_status": "AVAILABLE", "road_source_year": null, "accessibility_class": "500m 이상" }, "geometry": { "type": "Point", "coordinates": [ 128.747190012160928, 36.432063723813989 ] } },
{ "type": "Feature", "properties": { "id": "647", "address": "점곡면 윤암리 112", "region": "점곡면", "capacity": 4.0, "source": "의성군 주소 자료", "management": "미기재", "lat": 36.413390916727387, "lng": 128.78641341874837, "pond_id": "647", "nearest_road_m": 177.55066721957144, "distance_to_road_m": 177.55066721957144, "road_access_status": "AVAILABLE", "road_source_year": null, "accessibility_class": "100–300m" }, "geometry": { "type": "Point", "coordinates": [ 128.786413448497967, 36.413390877347126 ] } },
{ "type": "Feature", "properties": { "id": "656", "address": "가음면 양지리 164", "region": "가음면", "capacity": 4703.87, "source": "의성군 주소 자료", "management": "미기재", "lat": 36.231477151373333, "lng": 128.74124039204702, "pond_id": "656", "nearest_road_m": 179.88998479318468, "distance_to_road_m": 179.88998479318468, "road_access_status": "AVAILABLE", "road_source_year": null, "accessibility_class": "100–300m" }, "geometry": { "type": "Point", "coordinates": [ 128.741240421319674, 36.23147711217289 ] } },
{ "type": "Feature", "properties": { "id": "657", "address": "구천면 위성리 210", "region": "구천면", "capacity": 159.0, "source": "의성군 주소 자료", "management": "미기재", "lat": 36.338800563117594, "lng": 128.45845166296371, "pond_id": "657", "nearest_road_m": 1174.7125051264547, "distance_to_road_m": 1174.7125051264547, "road_access_status": "AVAILABLE", "road_source_year": null, "accessibility_class": "500m 이상" }, "geometry": { "type": "Point", "coordinates": [ 128.458451692441088, 36.338800523446025 ] } },
{ "type": "Feature", "properties": { "id": "658", "address": "구천면 노연리 185", "region": "구천면", "capacity": 3597.0, "source": "의성군 주소 자료", "management": "미기재", "lat": 36.341327468708606, "lng": 128.43578835561908, "pond_id": "658", "nearest_road_m": 27.675065060069151, "distance_to_road_m": 27.675065060069151, "road_access_status": "AVAILABLE", "road_source_year": null, "accessibility_class": "0–100m" }, "geometry": { "type": "Point", "coordinates": [ 128.435788385096743, 36.341327429007457 ] } },
{ "type": "Feature", "properties": { "id": "659", "address": "단밀면 위중리 1219", "region": "단밀면", "capacity": 828.0, "source": "의성군 주소 자료", "management": "미기재", "lat": 36.361918723899798, "lng": 128.37588225456048, "pond_id": "659", "nearest_road_m": 761.66771838473289, "distance_to_road_m": 761.66771838473289, "road_access_status": "AVAILABLE", "road_source_year": null, "accessibility_class": "500m 이상" }, "geometry": { "type": "Point", "coordinates": [ 128.375882284073811, 36.361918684103514 ] } },
{ "type": "Feature", "properties": { "id": "660", "address": "단북면 노연리 396", "region": "단북면", "capacity": 8.0, "source": "의성군 주소 자료", "management": "미기재", "lat": 36.391168165392031, "lng": 128.42662831524339, "pond_id": "660", "nearest_road_m": 267.41774612767455, "distance_to_road_m": 267.41774612767455, "road_access_status": "AVAILABLE", "road_source_year": null, "accessibility_class": "100–300m" }, "geometry": { "type": "Point", "coordinates": [ 128.426628344844829, 36.391168125618627 ] } },
{ "type": "Feature", "properties": { "id": "661", "address": "단북면 정안리 478", "region": "단북면", "capacity": 49.0, "source": "의성군 주소 자료", "management": "미기재", "lat": 36.402881705123875, "lng": 128.42062228616859, "pond_id": "661", "nearest_road_m": 248.52694393939169, "distance_to_road_m": 248.52694393939169, "road_access_status": "AVAILABLE", "road_source_year": null, "accessibility_class": "100–300m" }, "geometry": { "type": "Point", "coordinates": [ 128.420622315797999, 36.402881665329133 ] } },
{ "type": "Feature", "properties": { "id": "662", "address": "단북면 정안리 935-01", "region": "단북면", "capacity": 20.0, "source": "의성군 주소 자료", "management": "미기재", "lat": 36.387358781032631, "lng": 128.41125723579302, "pond_id": "662", "nearest_road_m": 100.6462537342709, "distance_to_road_m": 100.6462537342709, "road_access_status": "AVAILABLE", "road_source_year": null, "accessibility_class": "100–300m" }, "geometry": { "type": "Point", "coordinates": [ 128.411257265380556, 36.387358741246068 ] } },
{ "type": "Feature", "properties": { "id": "666", "address": "단북면 효제리 485", "region": "단북면", "capacity": 6.0, "source": "의성군 주소 자료", "management": "미기재", "lat": 36.404242065441721, "lng": 128.38377260962156, "pond_id": "666", "nearest_road_m": 409.61271612858002, "distance_to_road_m": 409.61271612858002, "road_access_status": "AVAILABLE", "road_source_year": null, "accessibility_class": "300–500m" }, "geometry": { "type": "Point", "coordinates": [ 128.383772639244057, 36.404242025602677 ] } },
{ "type": "Feature", "properties": { "id": "667", "address": "단북면 성암리 843", "region": "단북면", "capacity": 8.0, "source": "의성군 주소 자료", "management": "미기재", "lat": 36.403723603702062, "lng": 128.37560382129388, "pond_id": "667", "nearest_road_m": 63.223620671316681, "distance_to_road_m": 63.223620671316681, "road_access_status": "AVAILABLE", "road_source_year": null, "accessibility_class": "0–100m" }, "geometry": { "type": "Point", "coordinates": [ 128.375603850912768, 36.403723563854221 ] } },
{ "type": "Feature", "properties": { "id": "668", "address": "안계면 용기리 169", "region": "안계면", "capacity": 32.0, "source": "의성군 주소 자료", "management": "미기재", "lat": 36.394034509726929, "lng": 128.44679833436777, "pond_id": "668", "nearest_road_m": 109.14366750893947, "distance_to_road_m": 109.14366750893947, "road_access_status": "AVAILABLE", "road_source_year": null, "accessibility_class": "100–300m" }, "geometry": { "type": "Point", "coordinates": [ 128.446798363981998, 36.394034469973391 ] } },
{ "type": "Feature", "properties": { "id": "669", "address": "안계면 봉양리 851", "region": "안계면", "capacity": 1271.0, "source": "의성군 주소 자료", "management": "미기재", "lat": 36.383921300056002, "lng": 128.45891417818675, "pond_id": "669", "nearest_road_m": 449.47394034994591, "distance_to_road_m": 449.47394034994591, "road_access_status": "AVAILABLE", "road_source_year": null, "accessibility_class": "300–500m" }, "geometry": { "type": "Point", "coordinates": [ 128.458914207778633, 36.383921260328982 ] } },
{ "type": "Feature", "properties": { "id": "670", "address": "안계면 시안리 357", "region": "안계면", "capacity": 20.0, "source": "의성군 주소 자료", "management": "미기재", "lat": 36.394771330867336, "lng": 128.42899010209575, "pond_id": "670", "nearest_road_m": 113.47076363788781, "distance_to_road_m": 113.47076363788781, "road_access_status": "AVAILABLE", "road_source_year": null, "accessibility_class": "100–300m" }, "geometry": { "type": "Point", "coordinates": [ 128.428990131706939, 36.394771291092233 ] } },
{ "type": "Feature", "properties": { "id": "671", "address": "안계면 시안리 185", "region": "안계면", "capacity": 23.9, "source": "의성군 주소 자료", "management": "미기재", "lat": 36.407900229067728, "lng": 128.42822700243428, "pond_id": "671", "nearest_road_m": 154.81049477428169, "distance_to_road_m": 154.81049477428169, "road_access_status": "AVAILABLE", "road_source_year": null, "accessibility_class": "100–300m" }, "geometry": { "type": "Point", "coordinates": [ 128.428227032078553, 36.407900189275665 ] } },
{ "type": "Feature", "properties": { "id": "672", "address": "안계면 양곡리 413", "region": "안계면", "capacity": 32.0, "source": "의성군 주소 자료", "management": "미기재", "lat": 36.406638385248328, "lng": 128.43802473534336, "pond_id": "672", "nearest_road_m": 410.81635716266823, "distance_to_road_m": 410.81635716266823, "road_access_status": "AVAILABLE", "road_source_year": null, "accessibility_class": "300–500m" }, "geometry": { "type": "Point", "coordinates": [ 128.438024764987148, 36.406638345469155 ] } },
{ "type": "Feature", "properties": { "id": "673", "address": "안계면 시안리 295", "region": "안계면", "capacity": 23.0, "source": "의성군 주소 자료", "management": "미기재", "lat": 36.399391439249868, "lng": 128.43070196502771, "pond_id": "673", "nearest_road_m": 88.185282522002879, "distance_to_road_m": 88.185282522002879, "road_access_status": "AVAILABLE", "road_source_year": null, "accessibility_class": "0–100m" }, "geometry": { "type": "Point", "coordinates": [ 128.430701994651088, 36.399391399471078 ] } },
{ "type": "Feature", "properties": { "id": "674", "address": "다인면 산내리 167", "region": "다인면", "capacity": 27.0, "source": "의성군 주소 자료", "management": "미기재", "lat": 36.429825794594365, "lng": 128.33770513297731, "pond_id": "674", "nearest_road_m": 841.12198803733179, "distance_to_road_m": 841.12198803733179, "road_access_status": "AVAILABLE", "road_source_year": null, "accessibility_class": "500m 이상" }, "geometry": { "type": "Point", "coordinates": [ 128.33770516265119, 36.429825754671143 ] } },
{ "type": "Feature", "properties": { "id": "675", "address": "다인면 가원리 1279-1", "region": "다인면", "capacity": 18.0, "source": "의성군 주소 자료", "management": "미기재", "lat": 36.427477440678153, "lng": 128.34381993332261, "pond_id": "675", "nearest_road_m": 351.93977220871221, "distance_to_road_m": 351.93977220871221, "road_access_status": "AVAILABLE", "road_source_year": null, "accessibility_class": "300–500m" }, "geometry": { "type": "Point", "coordinates": [ 128.34381996299237, 36.427477400764815 ] } },
{ "type": "Feature", "properties": { "id": "676", "address": "다인면 송호리 24", "region": "다인면", "capacity": 9.1, "source": "의성군 주소 자료", "management": "미기재", "lat": 36.450790139974011, "lng": 128.38705195625863, "pond_id": "676", "nearest_road_m": 1198.0014607717944, "distance_to_road_m": 1198.0014607717944, "road_access_status": "AVAILABLE", "road_source_year": null, "accessibility_class": "500m 이상" }, "geometry": { "type": "Point", "coordinates": [ 128.387051985999733, 36.450790100082337 ] } },
{ "type": "Feature", "properties": { "id": "677", "address": "다인면 도암리 999", "region": "다인면", "capacity": 15.0, "source": "의성군 주소 자료", "management": "미기재", "lat": 36.455485748886424, "lng": 128.34839617017812, "pond_id": "677", "nearest_road_m": 74.404734169660912, "distance_to_road_m": 74.404734169660912, "road_access_status": "AVAILABLE", "road_source_year": null, "accessibility_class": "0–100m" }, "geometry": { "type": "Point", "coordinates": [ 128.348396199919904, 36.455485708944643 ] } },
{ "type": "Feature", "properties": { "id": "678", "address": "다인면 도암리 539-01", "region": "다인면", "capacity": 21.0, "source": "의성군 주소 자료", "management": "미기재", "lat": 36.460341230859932, "lng": 128.36123047079033, "pond_id": "678", "nearest_road_m": 74.178850212925141, "distance_to_road_m": 74.178850212925141, "road_access_status": "AVAILABLE", "road_source_year": null, "accessibility_class": "0–100m" }, "geometry": { "type": "Point", "coordinates": [ 128.361230500548146, 36.460341190927089 ] } },
{ "type": "Feature", "properties": { "id": "679", "address": "다인면 도암리 61", "region": "다인면", "capacity": 615.0, "source": "의성군 주소 자료", "management": "미기재", "lat": 36.460545028294668, "lng": 128.36705702002629, "pond_id": "679", "nearest_road_m": 77.442266057693459, "distance_to_road_m": 77.442266057693459, "road_access_status": "AVAILABLE", "road_source_year": null, "accessibility_class": "0–100m" }, "geometry": { "type": "Point", "coordinates": [ 128.367057049786325, 36.460544988368255 ] } },
{ "type": "Feature", "properties": { "id": "680", "address": "다인면 덕지리 521", "region": "다인면", "capacity": 3.3, "source": "의성군 주소 자료", "management": "미기재", "lat": 36.446801123034128, "lng": 128.33378029355035, "pond_id": "680", "nearest_road_m": 59.380724867354623, "distance_to_road_m": 59.380724867354623, "road_access_status": "AVAILABLE", "road_source_year": null, "accessibility_class": "0–100m" }, "geometry": { "type": "Point", "coordinates": [ 128.333780323265927, 36.446801083085965 ] } },
{ "type": "Feature", "properties": { "id": "681", "address": "다인면 삼분리 650", "region": "다인면", "capacity": 97.5, "source": "의성군 주소 자료", "management": "미기재", "lat": 36.422714348753395, "lng": 128.41227525315443, "pond_id": "681", "nearest_road_m": 591.16327200185481, "distance_to_road_m": 591.16327200185481, "road_access_status": "AVAILABLE", "road_source_year": null, "accessibility_class": "500m 이상" }, "geometry": { "type": "Point", "coordinates": [ 128.412275282831729, 36.42271430892481 ] } },
{ "type": "Feature", "properties": { "id": "682", "address": "다인면 삼분리 1073", "region": "다인면", "capacity": 25.0, "source": "의성군 주소 자료", "management": "미기재", "lat": 36.421363529415302, "lng": 128.40532698659334, "pond_id": "682", "nearest_road_m": 257.53434939073958, "distance_to_road_m": 257.53434939073958, "road_access_status": "AVAILABLE", "road_source_year": null, "accessibility_class": "100–300m" }, "geometry": { "type": "Point", "coordinates": [ 128.405327016265261, 36.421363489580322 ] } },
{ "type": "Feature", "properties": { "id": "683", "address": "다인면 삼분리 1814", "region": "다인면", "capacity": 35.0, "source": "의성군 주소 자료", "management": "미기재", "lat": 36.420201467001192, "lng": 128.3898865424606, "pond_id": "683", "nearest_road_m": 103.134935331447, "distance_to_road_m": 103.134935331447, "road_access_status": "AVAILABLE", "road_source_year": null, "accessibility_class": "100–300m" }, "geometry": { "type": "Point", "coordinates": [ 128.389886572125221, 36.420201427149799 ] } },
{ "type": "Feature", "properties": { "id": "684", "address": "다인면 삼분리 1351", "region": "다인면", "capacity": 9.8, "source": "의성군 주소 자료", "management": "미기재", "lat": 36.429363594356047, "lng": 128.39931588267655, "pond_id": "684", "nearest_road_m": 709.532586143598, "distance_to_road_m": 709.532586143598, "road_access_status": "AVAILABLE", "road_source_year": null, "accessibility_class": "500m 이상" }, "geometry": { "type": "Point", "coordinates": [ 128.399315912367001, 36.429363554504398 ] } },
{ "type": "Feature", "properties": { "id": "685", "address": "다인면 삼분리 1310-01", "region": "다인면", "capacity": 35.0, "source": "의성군 주소 자료", "management": "미기재", "lat": 36.430550705070118, "lng": 128.40718733461298, "pond_id": "685", "nearest_road_m": 267.90350153717316, "distance_to_road_m": 267.90350153717316, "road_access_status": "AVAILABLE", "road_source_year": null, "accessibility_class": "100–300m" }, "geometry": { "type": "Point", "coordinates": [ 128.407187364308669, 36.430550665226129 ] } },
{ "type": "Feature", "properties": { "id": "686", "address": "다인면 외정리 496", "region": "다인면", "capacity": 38.0, "source": "의성군 주소 자료", "management": "미기재", "lat": 36.435404009373109, "lng": 128.38356675042039, "pond_id": "686", "nearest_road_m": 461.52333764004919, "distance_to_road_m": 461.52333764004919, "road_access_status": "AVAILABLE", "road_source_year": null, "accessibility_class": "300–500m" }, "geometry": { "type": "Point", "coordinates": [ 128.383566780121612, 36.435403969495994 ] } },
{ "type": "Feature", "properties": { "id": "687", "address": "다인면 외정리 107-01", "region": "다인면", "capacity": 9.0, "source": "의성군 주소 자료", "management": "미기재", "lat": 36.437786535024024, "lng": 128.39719196310875, "pond_id": "687", "nearest_road_m": 775.7416370077633, "distance_to_road_m": 775.7416370077633, "road_access_status": "AVAILABLE", "road_source_year": null, "accessibility_class": "500m 이상" }, "geometry": { "type": "Point", "coordinates": [ 128.397191992819899, 36.437786495159742 ] } },
{ "type": "Feature", "properties": { "id": "688", "address": "다인면 외정리 232", "region": "다인면", "capacity": 12.0, "source": "의성군 주소 자료", "management": "미기재", "lat": 36.44294889996663, "lng": 128.38643295034811, "pond_id": "688", "nearest_road_m": 932.39755164405813, "distance_to_road_m": 932.39755164405813, "road_access_status": "AVAILABLE", "road_source_year": null, "accessibility_class": "500m 이상" }, "geometry": { "type": "Point", "coordinates": [ 128.38643298006923, 36.442948860083703 ] } },
{ "type": "Feature", "properties": { "id": "689", "address": "다인면 달제리 484", "region": "다인면", "capacity": 53.0, "source": "의성군 주소 자료", "management": "미기재", "lat": 36.443356058435434, "lng": 128.40403906679839, "pond_id": "689", "nearest_road_m": 82.322144999889133, "distance_to_road_m": 82.322144999889133, "road_access_status": "AVAILABLE", "road_source_year": null, "accessibility_class": "0–100m" }, "geometry": { "type": "Point", "coordinates": [ 128.404039096525565, 36.44335601857231 ] } },
{ "type": "Feature", "properties": { "id": "690", "address": "다인면 외정리 295", "region": "다인면", "capacity": 9.0, "source": "의성군 주소 자료", "management": "미기재", "lat": 36.442975601552234, "lng": 128.39188704766755, "pond_id": "690", "nearest_road_m": 880.79611867238577, "distance_to_road_m": 880.79611867238577, "road_access_status": "AVAILABLE", "road_source_year": null, "accessibility_class": "500m 이상" }, "geometry": { "type": "Point", "coordinates": [ 128.391887077390322, 36.442975561675574 ] } },
{ "type": "Feature", "properties": { "id": "691", "address": "다인면 신락리 137", "region": "다인면", "capacity": 41.0, "source": "의성군 주소 자료", "management": "미기재", "lat": 36.42405682992456, "lng": 128.38144781391756, "pond_id": "691", "nearest_road_m": 239.7955125699464, "distance_to_road_m": 239.7955125699464, "road_access_status": "AVAILABLE", "road_source_year": null, "accessibility_class": "100–300m" }, "geometry": { "type": "Point", "coordinates": [ 128.381447843589513, 36.424056790058728 ] } },
{ "type": "Feature", "properties": { "id": "692", "address": "다인면 신락리 63", "region": "다인면", "capacity": 3.2, "source": "의성군 주소 자료", "management": "미기재", "lat": 36.417142409749893, "lng": 128.38093525439163, "pond_id": "692", "nearest_road_m": 719.34798642122257, "distance_to_road_m": 719.34798642122257, "road_access_status": "AVAILABLE", "road_source_year": null, "accessibility_class": "500m 이상" }, "geometry": { "type": "Point", "coordinates": [ 128.380935284045961, 36.41714236989187 ] } },
{ "type": "Feature", "properties": { "id": "693", "address": "안평면 삼춘리 147-1", "region": "안평면", "capacity": 223.0, "source": "의성군 주소 자료", "management": "미기재", "lat": 36.425029347375492, "lng": 128.58207399344482, "pond_id": "693", "nearest_road_m": 111.68004878375558, "distance_to_road_m": 111.68004878375558, "road_access_status": "AVAILABLE", "road_source_year": null, "accessibility_class": "100–300m" }, "geometry": { "type": "Point", "coordinates": [ 128.582074023173931, 36.42502930774117 ] } },
{ "type": "Feature", "properties": { "id": "695", "address": "안사면 중하리 126", "region": "안사면", "capacity": 913.2, "source": "의성군 주소 자료", "management": "미기재", "lat": 36.401120292535253, "lng": 128.50777822798813, "pond_id": "695", "nearest_road_m": 1411.4892531226328, "distance_to_road_m": 1411.4892531226328, "road_access_status": "AVAILABLE", "road_source_year": null, "accessibility_class": "500m 이상" }, "geometry": { "type": "Point", "coordinates": [ 128.507778257636858, 36.401120252843867 ] } },
{ "type": "Feature", "properties": { "id": "696", "address": "비안면 현산리 250-1", "region": "비안면", "capacity": 372.87, "source": "의성군 주소 자료", "management": "미기재", "lat": 36.345209961285313, "lng": 128.52612597954675, "pond_id": "696", "nearest_road_m": 1160.9057223785353, "distance_to_road_m": 1160.9057223785353, "road_access_status": "AVAILABLE", "road_source_year": null, "accessibility_class": "500m 이상" }, "geometry": { "type": "Point", "coordinates": [ 128.526126009058203, 36.345209921684798 ] } }
]
}
