{"type":"FeatureCollection","features":[{"type":"Feature","properties":{"spatial_region":"의성읍","facility_count":41,"total_capacity":622.0,"area_km2":68.28,"facilities_per_km2":0.6},"geometry":{"type":"Polygon","coordinates":[[[128.69729,36.40226],[128.69786,36.40193],[128.69873,36.4008],[128.70032,36.40031],[128.70095,36.39963],[128.70168,36.39934],[128.70223,36.39886],[128.70298,36.39856],[128.7033,36.39809],[128.70382,36.39769],[128.70485,36.39796],[128.70543,36.39791],[128.70576,36.3977],[128.70575,36.39696],[128.70593,36.39636],[128.70611,36.39605],[128.70662,36.39556],[128.70665,36.39529],[128.70653,36.39494],[128.70671,36.39468],[128.70736,36.39417],[128.70807,36.39393],[128.70696,36.39284],[128.70681,36.39257],[128.70717,36.39221],[128.70698,36.39183],[128.70721,36.39133],[128.70733,36.38985],[128.7075,36.3895],[128.70826,36.38858],[128.7089,36.38811],[128.70946,36.3883],[128.70986,36.38833],[128.71023,36.38793],[128.71028,36.38795],[128.71066,36.38733],[128.71151,36.38732],[128.71181,36.38647],[128.71165,36.38589],[128.71217,36.38546],[128.7119,36.3842],[128.71235,36.38383],[128.71321,36.38347],[128.71431,36.38272],[128.7155,36.38246],[128.71602,36.38217],[128.71727,36.38351],[128.7171,36.3842],[128.71772,36.38443],[128.71883,36.38515],[128.71962,36.38511],[128.72034,36.38526],[128.72095,36.3855],[128.72188,36.38532],[128.72359,36.38672],[128.72458,36.38602],[128.7265,36.38591],[128.72766,36.38477],[128.72728,36.38433],[128.72727,36.38408],[128.72779,36.38302],[128.72855,36.38284],[128.72871,36.38294],[128.72942,36.38276],[128.72983,36.38274],[128.73009,36.38264],[128.73046,36.38229],[128.73096,36.38219],[128.73194,36.38208],[128.73277,36.3826],[128.73336,36.38327],[128.73412,36.38345],[128.73463,36.38338],[128.73562,36.38435],[128.73643,36.38452],[128.73694,36.38484],[128.73741,36.38525],[128.73756,36.38529],[128.73784,36.38506],[128.73833,36.38372],[128.73905,36.38315],[128.73918,36.38259],[128.73982,36.382],[128.73989,36.38128],[128.74013,36.38082],[128.74061,36.38027],[128.7405,36.37894],[128.74072,36.37817],[128.74108,36.37764],[128.7407,36.37669],[128.74096,36.37633],[128.74098,36.37512],[128.74019,36.37392],[128.74049,36.37359],[128.73998,36.37261],[128.74074,36.3713],[128.74126,36.37092],[128.74145,36.37],[128.74114,36.36956],[128.74074,36.36922],[128.74085,36.36806],[128.74069,36.36716],[128.74037,36.36667],[128.74056,36.36619],[128.7414,36.36556],[128.74198,36.36545],[128.74229,36.36504],[128.74191,36.36358],[128.74148,36.36318],[128.74155,36.36283],[128.74141,36.36245],[128.74182,36.36177],[128.74184,36.36154],[128.74206,36.36116],[128.74281,36.36116],[128.74342,36.36073],[128.74353,36.36023],[128.74416,36.35982],[128.74474,36.35905],[128.74519,36.35904],[128.7455,36.3592],[128.74571,36.35784],[128.74567,36.35753],[128.74595,36.35707],[128.74627,36.3569],[128.74693,36.35594],[128.74727,36.3554],[128.74728,36.35507],[128.74751,36.35484],[128.74784,36.35477],[128.74798,36.35459],[128.74803,36.35404],[128.74777,36.35368],[128.74819,36.35337],[128.74871,36.35331],[128.74853,36.35273],[128.74842,36.35275],[128.74782,36.3524],[128.74741,36.35204],[128.74682,36.35174],[128.74656,36.3513],[128.74602,36.35091],[128.74565,36.35071],[128.7447,36.35053],[128.7452,36.34999],[128.74614,36.34953],[128.74631,36.34886],[128.74685,36.34826],[128.74685,36.34762],[128.74773,36.34718],[128.74873,36.34686],[128.74957,36.34674],[128.75016,36.34479],[128.75059,36.34461],[128.75142,36.34445],[128.75139,36.34399],[128.75177,36.34333],[128.75173,36.34274],[128.75224,36.34227],[128.75218,36.34191],[128.75285,36.3416],[128.75386,36.34198],[128.75437,36.34129],[128.75475,36.34129],[128.75532,36.34176],[128.75589,36.34277],[128.75594,36.34259],[128.75593,36.3428],[128.75688,36.34236],[128.7573,36.34173],[128.75838,36.34191],[128.75885,36.3414],[128.75951,36.34114],[128.75992,36.34123],[128.76037,36.34105],[128.76164,36.34091],[128.76189,36.34018],[128.76149,36.33992],[128.76085,36.33922],[128.76049,36.33907],[128.7598,36.33922],[128.75889,36.33924],[128.75816,36.33893],[128.75718,36.33828],[128.75698,36.33784],[128.75689,36.33723],[128.75699,36.33663],[128.75697,36.33541],[128.75617,36.33516],[128.75592,36.33498],[128.75517,36.33414],[128.75481,36.3332],[128.75487,36.33277],[128.7546,36.3324],[128.75374,36.33257],[128.75326,36.3324],[128.75231,36.33309],[128.75229,36.33421],[128.75161,36.33494],[128.75073,36.33511],[128.74993,36.33494],[128.74944,36.335],[128.74921,36.33513],[128.74912,36.33527],[128.7483,36.3355],[128.7467,36.33527],[128.74526,36.33471],[128.7437,36.33368],[128.74274,36.33269],[128.74358,36.33184],[128.74312,36.33089],[128.74178,36.32954],[128.74183,36.32841],[128.74176,36.32779],[128.74114,36.32748],[128.74074,36.3274],[128.74031,36.32709],[128.74017,36.32662],[128.7399,36.32631],[128.73938,36.32646],[128.73838,36.32698],[128.73449,36.32688],[128.73435,36.32689],[128.73427,36.327],[128.73403,36.32685],[128.73343,36.32742],[128.73302,36.32764],[128.73268,36.32802],[128.73214,36.32946],[128.73184,36.32942],[128.73204,36.32888],[128.7317,36.32856],[128.73122,36.32863],[128.73107,36.32803],[128.72937,36.32552],[128.73011,36.32481],[128.73028,36.32386],[128.73007,36.3233],[128.72953,36.32277],[128.72959,36.32241],[128.72883,36.32158],[128.72817,36.32149],[128.72703,36.31933],[128.72594,36.31805],[128.72605,36.31638],[128.72492,36.31468],[128.72369,36.31467],[128.72215,36.31399],[128.72141,36.31218],[128.72121,36.31133],[128.72016,36.31084],[128.71906,36.3098],[128.71838,36.30783],[128.71771,36.30724],[128.71681,36.30666],[128.71625,36.30619],[128.71655,36.30535],[128.716,36.30486],[128.71482,36.30462],[128.7142,36.30422],[128.71396,36.3039],[128.71347,36.30405],[128.71264,36.30473],[128.71208,36.30434],[128.712,36.30401],[128.7114,36.30403],[128.71084,36.30461],[128.70938,36.30499],[128.70857,36.30484],[128.70798,36.30516],[128.70589,36.30574],[128.70544,36.3056],[128.70469,36.305],[128.70306,36.30521],[128.70271,36.30458],[128.70277,36.30348],[128.70236,36.30155],[128.70197,36.30166],[128.70185,36.30161],[128.70107,36.30223],[128.70087,36.30231],[128.70008,36.30192],[128.69965,36.30157],[128.69966,36.30141],[128.69944,36.30093],[128.69883,36.30089],[128.69827,36.30036],[128.69738,36.3008],[128.69685,36.30076],[128.6964,36.3003],[128.69644,36.30006],[128.69568,36.29922],[128.69599,36.29881],[128.69534,36.29801],[128.69527,36.29717],[128.69461,36.29694],[128.69311,36.29693],[128.69278,36.29712],[128.69197,36.29739],[128.69108,36.29806],[128.68978,36.29815],[128.68924,36.29885],[128.68932,36.29969],[128.68982,36.30021],[128.68958,36.30082],[128.68967,36.30118],[128.6896,36.30155],[128.68891,36.30187],[128.68807,36.30172],[128.68721,36.30203],[128.6869,36.30197],[128.68647,36.30219],[128.68616,36.30225],[128.68585,36.30293],[128.68592,36.30344],[128.68403,36.30336],[128.68369,36.30284],[128.68286,36.30248],[128.68259,36.30246],[128.68229,36.30275],[128.68183,36.30301],[128.68144,36.30352],[128.68172,36.3044],[128.68122,36.30484],[128.68073,36.30475],[128.67969,36.30539],[128.67926,36.30546],[128.67901,36.3057],[128.67912,36.30628],[128.67844,36.30722],[128.67769,36.30707],[128.67697,36.30681],[128.67688,36.30666],[128.67638,36.30636],[128.67579,36.30638],[128.67448,36.30699],[128.67408,36.30758],[128.67374,36.30766],[128.67368,36.30762],[128.67363,36.30768],[128.67373,36.30791],[128.6736,36.3083],[128.67304,36.30807],[128.67271,36.30776],[128.67246,36.30728],[128.67188,36.307],[128.67135,36.30655],[128.67059,36.30743],[128.67009,36.30751],[128.66951,36.3077],[128.66917,36.30716],[128.66807,36.30802],[128.66797,36.30921],[128.66883,36.3094],[128.66871,36.30951],[128.6688,36.30953],[128.66879,36.3098],[128.66815,36.31128],[128.66797,36.31272],[128.66745,36.31292],[128.66713,36.31322],[128.66714,36.31367],[128.66659,36.31412],[128.666,36.31385],[128.66556,36.31345],[128.66453,36.3138],[128.66387,36.31391],[128.66351,36.31449],[128.6627,36.31504],[128.66168,36.31506],[128.66154,36.31469],[128.66134,36.31453],[128.66081,36.31449],[128.6603,36.31429],[128.65944,36.31475],[128.65915,36.31522],[128.65777,36.31569],[128.65606,36.31478],[128.65474,36.3157],[128.65492,36.31669],[128.65483,36.31687],[128.65496,36.31707],[128.655,36.31765],[128.65534,36.31876],[128.65534,36.3196],[128.65619,36.31972],[128.6565,36.31987],[128.6572,36.32046],[128.65787,36.32138],[128.65853,36.32189],[128.65873,36.32235],[128.6587,36.32271],[128.65909,36.3236],[128.65906,36.32419],[128.65919,36.32491],[128.6601,36.32552],[128.66016,36.32632],[128.65969,36.32804],[128.65963,36.32877],[128.65991,36.32969],[128.66018,36.33026],[128.66036,36.33053],[128.66105,36.33109],[128.66134,36.33155],[128.66149,36.33238],[128.66029,36.33241],[128.66015,36.33238],[128.6601,36.33227],[128.6597,36.33226],[128.65878,36.33317],[128.65829,36.33335],[128.65757,36.33346],[128.65807,36.33491],[128.65833,36.33536],[128.65788,36.33628],[128.65797,36.33684],[128.65762,36.33832],[128.65817,36.33878],[128.65842,36.33962],[128.65761,36.34074],[128.65776,36.34176],[128.65706,36.34328],[128.65623,36.34427],[128.65513,36.34481],[128.65489,36.34615],[128.65555,36.34679],[128.65598,36.34761],[128.65521,36.34894],[128.65489,36.35017],[128.65496,36.35055],[128.65588,36.35076],[128.65593,36.35161],[128.6561,36.35241],[128.65597,36.35322],[128.65627,36.35409],[128.65634,36.35459],[128.65627,36.35573],[128.65664,36.35612],[128.65696,36.35681],[128.65704,36.3578],[128.65696,36.35944],[128.65627,36.36022],[128.65627,36.36104],[128.65554,36.36153],[128.65702,36.3625],[128.65711,36.36273],[128.65721,36.36269],[128.65759,36.36313],[128.65776,36.36358],[128.65943,36.36546],[128.65968,36.36617],[128.65953,36.3669],[128.65966,36.36723],[128.66045,36.36804],[128.66081,36.36968],[128.66113,36.37038],[128.66092,36.37152],[128.66215,36.37289],[128.66212,36.37362],[128.66288,36.37374],[128.66341,36.37425],[128.66293,36.37475],[128.66246,36.37544],[128.66264,36.37651],[128.66495,36.37758],[128.66573,36.37762],[128.6669,36.37826],[128.66664,36.37881],[128.66679,36.37959],[128.66658,36.38021],[128.66695,36.3809],[128.66617,36.38156],[128.6664,36.38183],[128.66625,36.38297],[128.66672,36.38352],[128.66688,36.38517],[128.66749,36.38566],[128.66709,36.38667],[128.66722,36.38724],[128.66768,36.38758],[128.66903,36.38795],[128.66949,36.38907],[128.66908,36.38969],[128.66986,36.39025],[128.67151,36.39068],[128.6721,36.39068],[128.67229,36.39061],[128.6723,36.39054],[128.67278,36.39042],[128.67325,36.39063],[128.6741,36.39057],[128.67487,36.39087],[128.67524,36.39115],[128.67599,36.39142],[128.6765,36.39143],[128.67728,36.39048],[128.67789,36.39038],[128.67851,36.38954],[128.67909,36.38847],[128.67934,36.38838],[128.67973,36.38842],[128.68012,36.3886],[128.68066,36.38868],[128.68216,36.3883],[128.68254,36.38957],[128.68309,36.3901],[128.6833,36.39076],[128.68395,36.39163],[128.68451,36.39208],[128.68452,36.39227],[128.68485,36.39281],[128.68519,36.39311],[128.68545,36.39349],[128.68536,36.39448],[128.68502,36.39503],[128.68533,36.39504],[128.68631,36.39602],[128.68671,36.39661],[128.68549,36.39743],[128.68537,36.39838],[128.68574,36.399],[128.68672,36.39983],[128.68749,36.40078],[128.68769,36.4007],[128.68835,36.40094],[128.68843,36.40169],[128.68929,36.4022],[128.68992,36.40238],[128.69064,36.40227],[128.69122,36.40232],[128.69171,36.40221],[128.69212,36.40235],[128.69247,36.40259],[128.69291,36.40239],[128.69492,36.40392],[128.69573,36.40346],[128.696,36.40288],[128.6964,36.40244],[128.69729,36.40226]]]}},{"type":"Feature","properties":{"spatial_region":"단촌면","facility_count":38,"total_capacity":401.7,"area_km2":73.48,"facilities_per_km2":0.517},"geometry":{"type":"Polygon","coordinates":[[[128.75298,36.48523],[128.75363,36.48474],[128.7546,36.48474],[128.75543,36.48499],[128.75628,36.48546],[128.7573,36.48476],[128.7578,36.48458],[128.7594,36.4845],[128.7603,36.48405],[128.76169,36.48277],[128.76319,36.48263],[128.76337,36.48243],[128.76399,36.48218],[128.76455,36.48168],[128.76652,36.48094],[128.76735,36.48082],[128.76773,36.48057],[128.76853,36.47953],[128.76899,36.47915],[128.76985,36.47875],[128.77031,36.47809],[128.77036,36.47631],[128.77172,36.47579],[128.77219,36.4757],[128.7729,36.47572],[128.77299,36.4751],[128.77358,36.47328],[128.77396,36.47257],[128.77388,36.47166],[128.7741,36.47124],[128.77482,36.47101],[128.77547,36.47011],[128.77598,36.4686],[128.777,36.46826],[128.77756,36.46743],[128.77861,36.46733],[128.77966,36.4674],[128.78081,36.46702],[128.78201,36.46589],[128.78216,36.46473],[128.78234,36.46455],[128.78222,36.46303],[128.78256,36.46242],[128.78171,36.4597],[128.78036,36.4594],[128.77965,36.45982],[128.77894,36.45975],[128.77839,36.45943],[128.77725,36.45964],[128.77715,36.45975],[128.77695,36.46076],[128.77676,36.46121],[128.7764,36.4617],[128.77537,36.46223],[128.77409,36.46192],[128.77216,36.46408],[128.77189,36.4647],[128.77094,36.46523],[128.77081,36.46577],[128.77052,36.46615],[128.76923,36.46623],[128.76804,36.4664],[128.76611,36.46596],[128.76529,36.46661],[128.7639,36.46707],[128.76374,36.46728],[128.76323,36.46764],[128.76267,36.46786],[128.76211,36.46836],[128.76193,36.46887],[128.76037,36.46889],[128.76006,36.46747],[128.75942,36.46553],[128.75922,36.46528],[128.75847,36.46488],[128.75873,36.46354],[128.75851,36.46167],[128.7582,36.46001],[128.75704,36.45861],[128.75771,36.45739],[128.75736,36.45534],[128.75711,36.45481],[128.75695,36.45378],[128.75646,36.45287],[128.75282,36.45331],[128.75151,36.45255],[128.74956,36.45356],[128.74736,36.45363],[128.74549,36.45353],[128.74488,36.45312],[128.74501,36.45182],[128.74477,36.45075],[128.74429,36.45034],[128.74384,36.44953],[128.74111,36.44904],[128.74039,36.449],[128.73995,36.44878],[128.73908,36.44873],[128.73849,36.44839],[128.73717,36.44887],[128.73586,36.4487],[128.73519,36.44826],[128.73411,36.44855],[128.73253,36.44833],[128.73149,36.44791],[128.72897,36.4483],[128.72854,36.44714],[128.72833,36.44582],[128.72766,36.44484],[128.72714,36.4434],[128.72643,36.44265],[128.72568,36.4421],[128.72531,36.44166],[128.72526,36.4411],[128.72518,36.4411],[128.72532,36.44102],[128.72559,36.44039],[128.7258,36.44013],[128.72621,36.43979],[128.72632,36.43985],[128.72668,36.43979],[128.72684,36.43923],[128.72675,36.43901],[128.72623,36.43854],[128.72542,36.43798],[128.72511,36.43757],[128.72464,36.43755],[128.72358,36.43709],[128.72356,36.43701],[128.72382,36.43673],[128.72376,36.43665],[128.72312,36.43678],[128.72231,36.43666],[128.72185,36.43653],[128.7206,36.43596],[128.72041,36.43585],[128.72042,36.43566],[128.71975,36.4348],[128.71983,36.43323],[128.72071,36.43317],[128.72061,36.43309],[128.72227,36.43332],[128.72429,36.43336],[128.72565,36.43325],[128.72739,36.43274],[128.72798,36.4328],[128.72897,36.43305],[128.72943,36.43305],[128.73055,36.43292],[128.73124,36.43276],[128.73226,36.43236],[128.73303,36.43197],[128.73337,36.43168],[128.73388,36.43104],[128.73437,36.42986],[128.7346,36.42953],[128.7354,36.42876],[128.73793,36.42699],[128.73959,36.42626],[128.74066,36.4255],[128.74225,36.42474],[128.74048,36.42365],[128.74259,36.41994],[128.74198,36.41981],[128.7398,36.41908],[128.73818,36.41813],[128.73688,36.41678],[128.73695,36.41518],[128.73709,36.41429],[128.73761,36.41359],[128.73784,36.41295],[128.73853,36.41203],[128.73866,36.41142],[128.73917,36.41038],[128.73989,36.40938],[128.7399,36.40703],[128.74038,36.40612],[128.73921,36.40517],[128.73847,36.40508],[128.73667,36.4043],[128.73433,36.40372],[128.73392,36.4037],[128.73322,36.40402],[128.73043,36.40364],[128.73058,36.40278],[128.73043,36.40217],[128.72981,36.4016],[128.73098,36.39993],[128.73194,36.39929],[128.73316,36.39893],[128.73322,36.39836],[128.73362,36.39791],[128.73299,36.3972],[128.73288,36.39629],[128.73249,36.39569],[128.73243,36.39517],[128.73302,36.3946],[128.73314,36.39381],[128.73377,36.3932],[128.73398,36.39271],[128.73438,36.39229],[128.73523,36.39199],[128.73503,36.39144],[128.73597,36.39016],[128.73697,36.38973],[128.73746,36.38888],[128.73708,36.38779],[128.73799,36.38626],[128.73756,36.38529],[128.73741,36.38525],[128.73694,36.38484],[128.73643,36.38452],[128.73562,36.38435],[128.73463,36.38338],[128.73412,36.38345],[128.73336,36.38327],[128.73277,36.3826],[128.73194,36.38208],[128.73046,36.38229],[128.73009,36.38264],[128.72983,36.38274],[128.72942,36.38276],[128.72871,36.38294],[128.72855,36.38284],[128.72779,36.38302],[128.72727,36.38408],[128.72728,36.38433],[128.72766,36.38477],[128.7265,36.38591],[128.72458,36.38602],[128.72359,36.38672],[128.72188,36.38532],[128.72095,36.3855],[128.72034,36.38526],[128.71962,36.38511],[128.71883,36.38515],[128.71772,36.38443],[128.7171,36.3842],[128.71727,36.38351],[128.71602,36.38217],[128.7155,36.38246],[128.71431,36.38272],[128.71321,36.38347],[128.71235,36.38383],[128.7119,36.3842],[128.71217,36.38546],[128.71165,36.38589],[128.71181,36.38647],[128.71151,36.38732],[128.71066,36.38733],[128.71028,36.38795],[128.71023,36.38793],[128.70986,36.38833],[128.70946,36.3883],[128.7089,36.38811],[128.70826,36.38858],[128.7075,36.3895],[128.70733,36.38985],[128.70721,36.39133],[128.70698,36.39183],[128.70717,36.39221],[128.70681,36.39257],[128.70696,36.39284],[128.70807,36.39393],[128.70736,36.39417],[128.70671,36.39468],[128.70653,36.39494],[128.70665,36.39529],[128.70662,36.39556],[128.70611,36.39605],[128.70593,36.39636],[128.70575,36.39696],[128.70576,36.3977],[128.70543,36.39791],[128.70485,36.39796],[128.70382,36.39769],[128.7033,36.39809],[128.70298,36.39856],[128.70223,36.39886],[128.70168,36.39934],[128.70095,36.39963],[128.70032,36.40031],[128.69873,36.4008],[128.69793,36.40187],[128.69729,36.40226],[128.6964,36.40244],[128.696,36.40288],[128.69573,36.40346],[128.69492,36.40392],[128.69291,36.40239],[128.69247,36.40259],[128.69212,36.40235],[128.69171,36.40221],[128.69122,36.40232],[128.69064,36.40227],[128.68992,36.40238],[128.68919,36.40215],[128.68843,36.40169],[128.68835,36.40094],[128.68769,36.4007],[128.68749,36.40078],[128.68672,36.39983],[128.68574,36.399],[128.68537,36.39838],[128.68549,36.39743],[128.68671,36.39661],[128.68631,36.39602],[128.68533,36.39504],[128.68502,36.39503],[128.68536,36.39448],[128.68545,36.39349],[128.68519,36.39311],[128.68485,36.39281],[128.68452,36.39227],[128.68451,36.39208],[128.68395,36.39163],[128.6833,36.39076],[128.68309,36.3901],[128.68254,36.38957],[128.68216,36.3883],[128.68066,36.38868],[128.68012,36.3886],[128.67973,36.38842],[128.67934,36.38838],[128.67909,36.38847],[128.67851,36.38954],[128.67789,36.39038],[128.67728,36.39048],[128.6765,36.39143],[128.67599,36.39142],[128.67524,36.39115],[128.67487,36.39087],[128.6741,36.39057],[128.67325,36.39063],[128.67278,36.39042],[128.6723,36.39054],[128.67229,36.39061],[128.6721,36.39068],[128.67151,36.39068],[128.66986,36.39025],[128.66908,36.38969],[128.66949,36.38907],[128.66903,36.38795],[128.66768,36.38758],[128.66722,36.38724],[128.66709,36.38667],[128.66749,36.38566],[128.66688,36.38517],[128.66672,36.38352],[128.66625,36.38297],[128.6664,36.38183],[128.66617,36.38156],[128.66695,36.3809],[128.66658,36.38021],[128.66679,36.37959],[128.66664,36.37881],[128.6669,36.37826],[128.66573,36.37762],[128.66495,36.37758],[128.66264,36.37651],[128.66246,36.37544],[128.66293,36.37475],[128.66341,36.37425],[128.66288,36.37374],[128.66212,36.37362],[128.66215,36.37289],[128.66105,36.37161],[128.66068,36.37216],[128.65963,36.37299],[128.65887,36.37415],[128.65767,36.3751],[128.6575,36.37566],[128.65834,36.37674],[128.65829,36.37709],[128.65781,36.37811],[128.65724,36.37847],[128.65733,36.37911],[128.65681,36.3793],[128.65606,36.38009],[128.65576,36.38023],[128.65501,36.3804],[128.65444,36.38142],[128.65427,36.38155],[128.65314,36.38186],[128.65225,36.38175],[128.65159,36.38215],[128.65017,36.3817],[128.64934,36.38319],[128.64936,36.38356],[128.64902,36.38389],[128.6487,36.38474],[128.64871,36.38538],[128.64793,36.38535],[128.64725,36.38517],[128.64608,36.38502],[128.64521,36.38472],[128.64467,36.38441],[128.64435,36.38528],[128.64442,36.38563],[128.64433,36.38626],[128.64399,36.38696],[128.64412,36.38784],[128.64396,36.38828],[128.644,36.38895],[128.64258,36.39021],[128.64242,36.39135],[128.64251,36.39173],[128.64166,36.39244],[128.64142,36.3925],[128.64097,36.39303],[128.64082,36.39368],[128.64089,36.3942],[128.64048,36.39475],[128.63991,36.3958],[128.63881,36.3964],[128.63818,36.39696],[128.63732,36.39728],[128.63689,36.39806],[128.63696,36.39866],[128.63737,36.39913],[128.63822,36.39987],[128.6382,36.40005],[128.63696,36.40091],[128.63671,36.40147],[128.63602,36.40126],[128.63539,36.40055],[128.63441,36.40045],[128.63384,36.40057],[128.6336,36.40098],[128.63288,36.40145],[128.63246,36.40147],[128.63172,36.40117],[128.63026,36.401],[128.62955,36.40149],[128.62928,36.40155],[128.62925,36.40168],[128.62832,36.40195],[128.62813,36.40229],[128.62764,36.40239],[128.6272,36.40272],[128.62687,36.4034],[128.62643,36.4052],[128.62717,36.40616],[128.62752,36.40688],[128.62858,36.40708],[128.62804,36.408],[128.62672,36.40804],[128.62611,36.40847],[128.62591,36.4085],[128.62499,36.40932],[128.62446,36.4093],[128.62431,36.40942],[128.62282,36.40959],[128.62189,36.40924],[128.62087,36.40979],[128.62029,36.41026],[128.61849,36.41025],[128.61783,36.41014],[128.61604,36.41059],[128.61487,36.41027],[128.61475,36.4098],[128.61432,36.40943],[128.61361,36.41005],[128.61364,36.41077],[128.61349,36.41119],[128.61241,36.41134],[128.61193,36.41102],[128.61158,36.411],[128.61063,36.41172],[128.61086,36.41231],[128.61136,36.41298],[128.61086,36.4135],[128.61062,36.41353],[128.61007,36.41467],[128.60936,36.41477],[128.60882,36.41591],[128.60934,36.41629],[128.61036,36.41811],[128.61102,36.41812],[128.61156,36.41828],[128.61188,36.41867],[128.61264,36.41876],[128.61301,36.41888],[128.61343,36.41871],[128.61397,36.41881],[128.61449,36.41941],[128.61559,36.41958],[128.61637,36.4192],[128.61727,36.41933],[128.61828,36.4189],[128.61921,36.41925],[128.61957,36.41926],[128.62011,36.41873],[128.62077,36.41869],[128.62104,36.41844],[128.62266,36.41911],[128.62321,36.41891],[128.62386,36.4189],[128.62556,36.41958],[128.62642,36.41953],[128.62682,36.4196],[128.62743,36.42012],[128.62805,36.41994],[128.62867,36.42003],[128.62903,36.42034],[128.62913,36.4207],[128.62875,36.42165],[128.62852,36.42259],[128.62865,36.42313],[128.62836,36.4237],[128.62785,36.42407],[128.6283,36.42457],[128.62846,36.42502],[128.6285,36.42594],[128.62972,36.42658],[128.62996,36.42653],[128.62989,36.4265],[128.63097,36.42535],[128.63241,36.42543],[128.6333,36.42519],[128.63378,36.42605],[128.63518,36.42744],[128.63596,36.4273],[128.63637,36.42783],[128.6364,36.42803],[128.63657,36.42806],[128.63663,36.42816],[128.63659,36.42873],[128.6369,36.42882],[128.63703,36.42898],[128.63704,36.42916],[128.63746,36.42969],[128.63851,36.42956],[128.63966,36.42955],[128.6404,36.42893],[128.64107,36.42851],[128.64174,36.42828],[128.64292,36.42821],[128.64377,36.42834],[128.64587,36.42845],[128.64735,36.42919],[128.64839,36.42986],[128.64934,36.43022],[128.65022,36.43022],[128.65195,36.42962],[128.65265,36.42958],[128.65361,36.42972],[128.65417,36.43005],[128.65459,36.43044],[128.65479,36.43084],[128.65478,36.43127],[128.65491,36.43155],[128.65633,36.43254],[128.65677,36.43303],[128.65806,36.43383],[128.65916,36.43429],[128.6593,36.43446],[128.66047,36.43513],[128.66047,36.43586],[128.66093,36.43636],[128.661,36.43612],[128.6614,36.43644],[128.66283,36.43724],[128.6646,36.43805],[128.66603,36.43821],[128.66794,36.43869],[128.66879,36.43868],[128.66982,36.43809],[128.67053,36.43782],[128.67161,36.43758],[128.67306,36.43668],[128.67347,36.4365],[128.6738,36.4365],[128.67476,36.43668],[128.67495,36.43678],[128.67939,36.44077],[128.67992,36.44174],[128.68192,36.44298],[128.68206,36.44298],[128.6828,36.44337],[128.68297,36.44388],[128.68301,36.44468],[128.68325,36.44468],[128.68327,36.44428],[128.6852,36.44433],[128.68533,36.44421],[128.686,36.44407],[128.68709,36.44401],[128.6877,36.44379],[128.68805,36.44381],[128.68855,36.44371],[128.68891,36.44388],[128.68993,36.44382],[128.69064,36.44406],[128.69141,36.44401],[128.69197,36.44435],[128.69231,36.44438],[128.693,36.44463],[128.69376,36.44524],[128.69449,36.44545],[128.69481,36.44572],[128.69489,36.44649],[128.69566,36.4464],[128.69643,36.44611],[128.69743,36.44647],[128.69839,36.44645],[128.69957,36.44742],[128.70057,36.44712],[128.70111,36.44682],[128.70204,36.44692],[128.70385,36.44665],[128.70417,36.44679],[128.70488,36.44687],[128.70528,36.44723],[128.70604,36.44751],[128.70651,36.44794],[128.7069,36.44802],[128.70699,36.44872],[128.70657,36.4494],[128.70635,36.45022],[128.70582,36.45105],[128.70547,36.45238],[128.70526,36.45272],[128.70536,36.45327],[128.70589,36.45423],[128.70638,36.45473],[128.70657,36.45666],[128.70627,36.4577],[128.70671,36.45805],[128.70646,36.45843],[128.70585,36.45878],[128.70507,36.45971],[128.70555,36.45993],[128.70485,36.46075],[128.70497,36.46113],[128.70535,36.46147],[128.70565,36.46241],[128.70566,36.46308],[128.70554,36.46349],[128.70481,36.46398],[128.70375,36.4652],[128.70358,36.46602],[128.70385,36.4665],[128.70374,36.46749],[128.70394,36.46777],[128.70413,36.46898],[128.70473,36.46959],[128.70551,36.46982],[128.70582,36.47001],[128.70581,36.47041],[128.70625,36.47118],[128.70683,36.4713],[128.70725,36.47173],[128.70848,36.47195],[128.71012,36.47304],[128.71027,36.47342],[128.70999,36.47465],[128.71011,36.475],[128.70993,36.47538],[128.70976,36.47654],[128.71018,36.47696],[128.71028,36.47725],[128.71114,36.47765],[128.71173,36.47819],[128.71289,36.47794],[128.71305,36.47817],[128.71369,36.47865],[128.71389,36.47992],[128.71411,36.48026],[128.71422,36.48072],[128.71459,36.48094],[128.71504,36.48168],[128.71544,36.4816],[128.7168,36.48167],[128.71743,36.48162],[128.71882,36.4824],[128.71945,36.48164],[128.72,36.48043],[128.72092,36.48014],[128.72174,36.48033],[128.72262,36.47988],[128.72299,36.47979],[128.72341,36.47986],[128.72388,36.47936],[128.72451,36.47893],[128.7245,36.4783],[128.72618,36.47801],[128.72674,36.47731],[128.72798,36.47638],[128.72943,36.47739],[128.73003,36.4772],[128.73065,36.4771],[128.73159,36.47714],[128.73187,36.47738],[128.73253,36.4774],[128.73326,36.47779],[128.73363,36.47785],[128.73429,36.47813],[128.73498,36.4789],[128.73611,36.47972],[128.73755,36.4804],[128.73782,36.48044],[128.73772,36.4809],[128.73794,36.4815],[128.73857,36.48241],[128.73919,36.48262],[128.74037,36.4834],[128.74153,36.48369],[128.7424,36.48476],[128.74392,36.4856],[128.74426,36.48557],[128.74478,36.48594],[128.74533,36.48656],[128.74613,36.48729],[128.74707,36.48836],[128.74731,36.48886],[128.74915,36.48795],[128.75007,36.48721],[128.7503,36.48629],[128.7505,36.48599],[128.7519,36.48575],[128.75298,36.48523]]]}},{"type":"Feature","properties":{"spatial_region":"점곡면","facility_count":29,"total_capacity":1633.4,"area_km2":65.38,"facilities_per_km2":0.444},"geometry":{"type":"Polygon","coordinates":[[[128.76611,36.46596],[128.76804,36.4664],[128.76923,36.46623],[128.77052,36.46615],[128.77081,36.46577],[128.77094,36.46523],[128.77189,36.4647],[128.77216,36.46408],[128.77409,36.46192],[128.77537,36.46223],[128.7763,36.4618],[128.77676,36.46121],[128.77695,36.46076],[128.77715,36.45975],[128.77725,36.45964],[128.77839,36.45943],[128.77894,36.45975],[128.77965,36.45982],[128.78036,36.4594],[128.78171,36.4597],[128.78256,36.46242],[128.78222,36.46303],[128.78234,36.46455],[128.78216,36.46473],[128.78361,36.46494],[128.78438,36.4658],[128.78492,36.46609],[128.785,36.46624],[128.78569,36.46681],[128.7864,36.46629],[128.78733,36.4659],[128.78773,36.46554],[128.78885,36.46517],[128.78982,36.46545],[128.79106,36.46566],[128.792,36.4656],[128.79242,36.46595],[128.7929,36.4656],[128.79347,36.46538],[128.79372,36.46522],[128.79422,36.46442],[128.79514,36.46372],[128.79504,36.46341],[128.7954,36.46311],[128.79648,36.46283],[128.79703,36.46232],[128.79808,36.46181],[128.79875,36.46109],[128.79893,36.46103],[128.79964,36.45882],[128.79991,36.45877],[128.80139,36.45885],[128.80223,36.45933],[128.80331,36.45928],[128.80429,36.45936],[128.80507,36.45912],[128.80569,36.45901],[128.80679,36.45924],[128.80846,36.45913],[128.80913,36.45927],[128.8097,36.45926],[128.81115,36.45776],[128.81142,36.45695],[128.81204,36.45639],[128.81251,36.45518],[128.81315,36.45445],[128.81333,36.45369],[128.81252,36.45313],[128.81335,36.4517],[128.81253,36.44999],[128.81221,36.44965],[128.81218,36.44945],[128.81242,36.44782],[128.81224,36.44681],[128.81137,36.44526],[128.81332,36.44429],[128.81342,36.44409],[128.8134,36.44248],[128.81314,36.44235],[128.81271,36.44178],[128.81243,36.44169],[128.81204,36.44105],[128.81138,36.44048],[128.81082,36.43873],[128.8103,36.43759],[128.80991,36.43739],[128.80831,36.43707],[128.80654,36.43565],[128.80545,36.43519],[128.8052,36.43468],[128.80455,36.4342],[128.80436,36.43339],[128.80371,36.43281],[128.80337,36.43198],[128.80431,36.43127],[128.80426,36.43097],[128.80389,36.43018],[128.80368,36.42953],[128.80372,36.42912],[128.80325,36.42795],[128.80226,36.42674],[128.80298,36.42479],[128.80311,36.42403],[128.8034,36.42365],[128.80334,36.42259],[128.80152,36.42071],[128.7998,36.41947],[128.79768,36.41888],[128.79774,36.41817],[128.79838,36.4172],[128.79872,36.41675],[128.79913,36.4166],[128.79993,36.41584],[128.80099,36.41438],[128.80114,36.41437],[128.80122,36.4141],[128.80115,36.41377],[128.80086,36.41315],[128.79994,36.41258],[128.79674,36.4092],[128.79528,36.40593],[128.79488,36.40593],[128.79501,36.4051],[128.79527,36.40459],[128.79459,36.40422],[128.79395,36.40344],[128.79329,36.40224],[128.79183,36.4017],[128.79138,36.40206],[128.79124,36.40247],[128.79065,36.40308],[128.7897,36.40372],[128.78903,36.40362],[128.78802,36.40357],[128.78727,36.4029],[128.78657,36.39997],[128.78616,36.39935],[128.78564,36.39781],[128.78605,36.39674],[128.78647,36.39631],[128.78714,36.3959],[128.7873,36.39503],[128.78761,36.39442],[128.78791,36.39344],[128.78776,36.39282],[128.7879,36.39235],[128.78652,36.3911],[128.78608,36.39013],[128.78607,36.38973],[128.78551,36.38943],[128.78555,36.38909],[128.78512,36.38873],[128.78529,36.38777],[128.78571,36.38706],[128.78603,36.38624],[128.78631,36.38605],[128.78609,36.38546],[128.78637,36.38497],[128.78672,36.38405],[128.78682,36.38341],[128.78721,36.38257],[128.78591,36.38139],[128.78596,36.38071],[128.78577,36.38002],[128.78452,36.37914],[128.78484,36.37836],[128.78474,36.3783],[128.78476,36.37813],[128.78484,36.3781],[128.78493,36.37713],[128.78326,36.37606],[128.78236,36.37523],[128.7825,36.37439],[128.78213,36.37413],[128.78029,36.3736],[128.78039,36.37264],[128.78075,36.37217],[128.78099,36.37166],[128.7809,36.37135],[128.78135,36.37045],[128.78127,36.37001],[128.78233,36.36904],[128.7831,36.3689],[128.78374,36.36783],[128.78373,36.36725],[128.78311,36.36657],[128.78308,36.36499],[128.78323,36.36458],[128.78302,36.3641],[128.78088,36.36344],[128.78049,36.36245],[128.77912,36.36176],[128.77916,36.36117],[128.77974,36.36057],[128.7796,36.35927],[128.7797,36.35848],[128.77946,36.35791],[128.77894,36.35717],[128.77936,36.35666],[128.77947,36.35614],[128.77908,36.35535],[128.77927,36.35431],[128.77904,36.35418],[128.77887,36.35345],[128.77876,36.35249],[128.77886,36.35236],[128.77839,36.35166],[128.77858,36.35082],[128.77837,36.34994],[128.77845,36.34944],[128.77716,36.3482],[128.77684,36.34734],[128.77728,36.347],[128.77721,36.34669],[128.77574,36.34677],[128.77482,36.3472],[128.7737,36.34732],[128.77293,36.34708],[128.77238,36.34727],[128.77094,36.34703],[128.77035,36.34625],[128.7693,36.34591],[128.76924,36.34554],[128.76934,36.34518],[128.76903,36.34477],[128.76897,36.34393],[128.76885,36.34355],[128.76912,36.34248],[128.76903,36.34181],[128.76769,36.34038],[128.76718,36.34037],[128.76676,36.34106],[128.7654,36.34156],[128.76495,36.34139],[128.76394,36.34076],[128.76335,36.34064],[128.76305,36.34078],[128.76189,36.34018],[128.76164,36.34091],[128.76037,36.34105],[128.75992,36.34123],[128.75951,36.34114],[128.75885,36.3414],[128.75838,36.34191],[128.7573,36.34173],[128.75688,36.34236],[128.75593,36.3428],[128.75594,36.34259],[128.75589,36.34277],[128.75532,36.34176],[128.75475,36.34129],[128.75437,36.34129],[128.75386,36.34198],[128.75285,36.3416],[128.75218,36.34191],[128.75224,36.34227],[128.75173,36.34274],[128.75177,36.34333],[128.75139,36.34399],[128.75142,36.34445],[128.75059,36.34461],[128.75016,36.34479],[128.74957,36.34674],[128.74873,36.34686],[128.74773,36.34718],[128.74685,36.34762],[128.74685,36.34826],[128.74631,36.34886],[128.74614,36.34953],[128.7452,36.34999],[128.7447,36.35053],[128.74565,36.35071],[128.74602,36.35091],[128.74656,36.3513],[128.74682,36.35174],[128.74741,36.35204],[128.74782,36.3524],[128.74842,36.35275],[128.74853,36.35273],[128.74871,36.35331],[128.74819,36.35337],[128.74777,36.35368],[128.74803,36.35404],[128.74798,36.35459],[128.74784,36.35477],[128.74751,36.35484],[128.74728,36.35507],[128.74727,36.3554],[128.74693,36.35594],[128.74627,36.3569],[128.74595,36.35707],[128.74567,36.35753],[128.74571,36.35784],[128.7455,36.3592],[128.74519,36.35904],[128.74474,36.35905],[128.74416,36.35982],[128.74353,36.36023],[128.74342,36.36073],[128.74281,36.36116],[128.74206,36.36116],[128.74184,36.36154],[128.74182,36.36177],[128.74141,36.36245],[128.74155,36.36283],[128.74148,36.36318],[128.74191,36.36358],[128.74229,36.36504],[128.74198,36.36545],[128.7414,36.36556],[128.74056,36.36619],[128.74037,36.36667],[128.74069,36.36716],[128.74085,36.36806],[128.74074,36.36922],[128.74114,36.36956],[128.74145,36.37],[128.74126,36.37092],[128.74074,36.3713],[128.73998,36.37261],[128.74049,36.37359],[128.74019,36.37392],[128.74098,36.37512],[128.74096,36.37633],[128.7407,36.37669],[128.74108,36.37764],[128.74072,36.37817],[128.7405,36.37894],[128.74061,36.38027],[128.74013,36.38082],[128.73989,36.38128],[128.73982,36.382],[128.73918,36.38259],[128.73905,36.38315],[128.73833,36.38372],[128.73784,36.38506],[128.73756,36.38529],[128.73799,36.38626],[128.73708,36.38779],[128.73746,36.38888],[128.73697,36.38973],[128.73597,36.39016],[128.73503,36.39144],[128.73523,36.39199],[128.73438,36.39229],[128.73398,36.39271],[128.73377,36.3932],[128.73314,36.39381],[128.73302,36.3946],[128.73243,36.39517],[128.73249,36.39569],[128.73288,36.39629],[128.73299,36.3972],[128.73362,36.39791],[128.73322,36.39836],[128.73316,36.39893],[128.73194,36.39929],[128.73098,36.39993],[128.72981,36.4016],[128.73043,36.40217],[128.73058,36.40278],[128.73043,36.40364],[128.73322,36.40402],[128.73392,36.4037],[128.73433,36.40372],[128.73667,36.4043],[128.73847,36.40508],[128.73921,36.40517],[128.74038,36.40612],[128.7399,36.40703],[128.73989,36.40938],[128.73917,36.41038],[128.73866,36.41142],[128.73853,36.41203],[128.73784,36.41295],[128.73761,36.41359],[128.73709,36.41429],[128.73695,36.41518],[128.73688,36.41678],[128.73818,36.41813],[128.7398,36.41908],[128.74198,36.41981],[128.74259,36.41994],[128.74048,36.42365],[128.74225,36.42474],[128.74066,36.4255],[128.73959,36.42626],[128.73793,36.42699],[128.7354,36.42876],[128.7346,36.42953],[128.73437,36.42986],[128.73388,36.43104],[128.73337,36.43168],[128.73303,36.43197],[128.73226,36.43236],[128.73124,36.43276],[128.73055,36.43292],[128.72943,36.43305],[128.72897,36.43305],[128.72798,36.4328],[128.72739,36.43274],[128.72565,36.43325],[128.72429,36.43336],[128.72227,36.43332],[128.72061,36.43309],[128.72071,36.43317],[128.71983,36.43323],[128.71975,36.4348],[128.72042,36.43566],[128.72041,36.43585],[128.7206,36.43596],[128.72185,36.43653],[128.72231,36.43666],[128.72312,36.43678],[128.72376,36.43665],[128.72382,36.43673],[128.72356,36.43701],[128.72358,36.43709],[128.72464,36.43755],[128.72511,36.43757],[128.72542,36.43798],[128.72623,36.43854],[128.72675,36.43901],[128.72684,36.43923],[128.72668,36.43979],[128.72632,36.43985],[128.72621,36.43979],[128.7258,36.44013],[128.72559,36.44039],[128.72532,36.44102],[128.72518,36.4411],[128.72526,36.4411],[128.72531,36.44166],[128.72568,36.4421],[128.72643,36.44265],[128.72714,36.4434],[128.72766,36.44484],[128.72833,36.44582],[128.72854,36.44714],[128.72897,36.4483],[128.73149,36.44791],[128.73253,36.44833],[128.73411,36.44855],[128.73519,36.44826],[128.73586,36.4487],[128.73717,36.44887],[128.73849,36.44839],[128.73908,36.44873],[128.73995,36.44878],[128.74039,36.449],[128.74111,36.44904],[128.74384,36.44953],[128.74429,36.45034],[128.74477,36.45075],[128.74501,36.45182],[128.74488,36.45312],[128.74549,36.45353],[128.74736,36.45363],[128.74956,36.45356],[128.75151,36.45255],[128.75282,36.45331],[128.75646,36.45287],[128.75695,36.45378],[128.75711,36.45481],[128.75736,36.45534],[128.75771,36.45739],[128.75704,36.45861],[128.7582,36.46001],[128.75851,36.46167],[128.75873,36.46354],[128.75847,36.46488],[128.75922,36.46528],[128.75942,36.46553],[128.76006,36.46747],[128.76037,36.46889],[128.76193,36.46887],[128.76211,36.46836],[128.76267,36.46786],[128.76323,36.46764],[128.76374,36.46728],[128.7639,36.46707],[128.76529,36.46661],[128.76611,36.46596]]]}},{"type":"Feature","properties":{"spatial_region":"옥산면","facility_count":0,"total_capacity":0.0,"area_km2":103.57,"facilities_per_km2":0.0},"geometry":{"type":"Polygon","coordinates":[[[128.82271,36.45312],[128.82299,36.45219],[128.82424,36.45271],[128.82484,36.45272],[128.8253,36.45252],[128.82567,36.45257],[128.82631,36.45239],[128.8269,36.45265],[128.82908,36.45264],[128.83045,36.45234],[128.8313,36.45071],[128.83118,36.44792],[128.83126,36.4472],[128.83048,36.44666],[128.8298,36.44575],[128.82969,36.44391],[128.82998,36.44367],[128.83039,36.44362],[128.83133,36.44309],[128.83186,36.4425],[128.83192,36.44141],[128.83221,36.44005],[128.83199,36.43959],[128.83269,36.4389],[128.83259,36.43793],[128.83369,36.43754],[128.83546,36.43667],[128.83543,36.43626],[128.83508,36.436],[128.8347,36.43535],[128.8349,36.43434],[128.83367,36.4338],[128.83373,36.43358],[128.83358,36.43236],[128.83334,36.4319],[128.83361,36.43115],[128.83404,36.43032],[128.83418,36.42973],[128.83407,36.4276],[128.83423,36.42706],[128.83457,36.42689],[128.83512,36.42624],[128.83583,36.42505],[128.83582,36.42454],[128.83655,36.42413],[128.83694,36.42354],[128.83745,36.42322],[128.83937,36.42285],[128.84092,36.42242],[128.8418,36.42186],[128.84262,36.42097],[128.84209,36.41926],[128.84154,36.41838],[128.84219,36.41783],[128.84279,36.41612],[128.84287,36.41549],[128.84392,36.41484],[128.8446,36.41418],[128.84494,36.41324],[128.84479,36.41291],[128.84568,36.41164],[128.845,36.41097],[128.84494,36.40999],[128.84508,36.40954],[128.84436,36.40875],[128.8443,36.40837],[128.84429,36.40797],[128.84443,36.40745],[128.84546,36.40601],[128.84536,36.40508],[128.84521,36.40461],[128.84561,36.40378],[128.8463,36.40378],[128.84706,36.40351],[128.84709,36.4026],[128.8481,36.40191],[128.84871,36.40126],[128.84961,36.40135],[128.85097,36.39992],[128.85139,36.39923],[128.85101,36.39669],[128.85146,36.39591],[128.85196,36.39445],[128.85028,36.39251],[128.85038,36.3906],[128.85069,36.38956],[128.8504,36.3889],[128.85029,36.38828],[128.85124,36.38798],[128.85218,36.38741],[128.85286,36.38769],[128.85324,36.3877],[128.85574,36.38719],[128.85652,36.38733],[128.85702,36.38767],[128.85973,36.3878],[128.86168,36.38517],[128.86333,36.38515],[128.8656,36.38372],[128.86606,36.38359],[128.86632,36.38326],[128.86594,36.38276],[128.86601,36.38131],[128.86788,36.38143],[128.86928,36.38049],[128.86997,36.37957],[128.87043,36.37848],[128.87142,36.37813],[128.87261,36.37725],[128.87389,36.37702],[128.87573,36.37625],[128.8763,36.37665],[128.87801,36.37592],[128.87804,36.37571],[128.87821,36.37549],[128.87792,36.37472],[128.87627,36.3736],[128.87437,36.3731],[128.8741,36.37259],[128.87422,36.37211],[128.8733,36.37027],[128.87207,36.37036],[128.87192,36.36981],[128.87171,36.36674],[128.87199,36.36601],[128.87248,36.36589],[128.87445,36.36511],[128.87592,36.36492],[128.87609,36.3648],[128.87651,36.36392],[128.87703,36.36331],[128.87736,36.36309],[128.87755,36.36264],[128.87838,36.36184],[128.87846,36.36139],[128.87897,36.36091],[128.8791,36.36034],[128.88077,36.35939],[128.88107,36.35891],[128.88082,36.35718],[128.8809,36.3567],[128.88,36.35552],[128.87956,36.35456],[128.87982,36.3535],[128.87927,36.35275],[128.87921,36.35124],[128.87717,36.34869],[128.87785,36.34815],[128.87807,36.34768],[128.8772,36.34616],[128.87686,36.34483],[128.88156,36.34472],[128.88307,36.34398],[128.88449,36.34359],[128.88544,36.34359],[128.88606,36.34298],[128.88627,36.34264],[128.88664,36.33985],[128.88715,36.33941],[128.88726,36.33805],[128.88823,36.33643],[128.88962,36.33333],[128.88857,36.33069],[128.88896,36.32988],[128.89003,36.32959],[128.89125,36.32831],[128.89163,36.32709],[128.8922,36.32616],[128.89263,36.32563],[128.8928,36.3243],[128.89226,36.32311],[128.8925,36.32156],[128.89244,36.32063],[128.89202,36.32008],[128.89124,36.3197],[128.8897,36.31932],[128.88845,36.31775],[128.88717,36.31689],[128.88692,36.31646],[128.88694,36.31536],[128.8877,36.31407],[128.88684,36.31309],[128.88623,36.31157],[128.8873,36.31013],[128.88813,36.30981],[128.88848,36.30927],[128.88905,36.30872],[128.88923,36.30842],[128.89074,36.30694],[128.89148,36.30563],[128.89197,36.30545],[128.89228,36.30482],[128.89162,36.3043],[128.89121,36.30357],[128.89113,36.30263],[128.89068,36.30138],[128.89076,36.30016],[128.89003,36.29969],[128.88983,36.29863],[128.88951,36.29789],[128.88949,36.2974],[128.88811,36.2967],[128.88591,36.29573],[128.88499,36.29599],[128.88419,36.29715],[128.88364,36.29767],[128.88294,36.2974],[128.8812,36.29725],[128.88055,36.29603],[128.87864,36.29662],[128.87833,36.29685],[128.87779,36.29679],[128.87693,36.29769],[128.8757,36.2984],[128.87457,36.29772],[128.87249,36.29676],[128.87179,36.29658],[128.8712,36.29706],[128.86972,36.29682],[128.86909,36.29609],[128.86897,36.29562],[128.86912,36.29509],[128.86843,36.29465],[128.86705,36.29569],[128.86636,36.29605],[128.86568,36.29593],[128.86519,36.2965],[128.86507,36.29698],[128.86465,36.29725],[128.86353,36.29714],[128.86313,36.29728],[128.86297,36.29853],[128.8624,36.29894],[128.86175,36.29957],[128.86087,36.30012],[128.85996,36.30017],[128.85949,36.30057],[128.85849,36.30052],[128.858,36.30077],[128.85785,36.3015],[128.85678,36.30227],[128.85641,36.30237],[128.85603,36.30268],[128.85543,36.30282],[128.85482,36.30328],[128.85444,36.30348],[128.85414,36.30392],[128.85277,36.30503],[128.85149,36.30547],[128.8502,36.30623],[128.8491,36.30645],[128.84813,36.30643],[128.84648,36.30671],[128.84622,36.30605],[128.84493,36.30568],[128.84446,36.30538],[128.84418,36.30539],[128.84328,36.30579],[128.84115,36.3079],[128.84045,36.30804],[128.83933,36.3084],[128.83703,36.30637],[128.8363,36.30623],[128.8342,36.30635],[128.83199,36.30531],[128.83052,36.30696],[128.82969,36.30703],[128.82809,36.30766],[128.82867,36.30783],[128.82895,36.30894],[128.8303,36.30981],[128.82963,36.31081],[128.82969,36.31173],[128.8299,36.31219],[128.83,36.31271],[128.82932,36.31453],[128.82763,36.31506],[128.82668,36.31494],[128.82552,36.31554],[128.82456,36.31588],[128.82353,36.31597],[128.82168,36.31659],[128.82072,36.31814],[128.82021,36.3187],[128.81959,36.31831],[128.81869,36.31724],[128.81874,36.31622],[128.81846,36.31517],[128.81812,36.31444],[128.81821,36.31416],[128.81689,36.31293],[128.81553,36.31286],[128.81514,36.31248],[128.81459,36.31219],[128.81067,36.3103],[128.8092,36.31023],[128.8084,36.31085],[128.80749,36.31209],[128.80661,36.31277],[128.80544,36.31396],[128.80276,36.31703],[128.80197,36.31866],[128.80144,36.31871],[128.80083,36.31895],[128.80019,36.31938],[128.79987,36.31933],[128.79897,36.31979],[128.79869,36.31958],[128.79822,36.31953],[128.79601,36.32213],[128.79605,36.32324],[128.79572,36.32351],[128.79516,36.32469],[128.79412,36.325],[128.79349,36.32496],[128.79315,36.32512],[128.79317,36.3256],[128.79289,36.3262],[128.79213,36.32635],[128.79088,36.32729],[128.79063,36.32757],[128.79064,36.32812],[128.79014,36.32925],[128.78968,36.32989],[128.78913,36.33137],[128.78846,36.33187],[128.78821,36.33362],[128.78781,36.33423],[128.78714,36.3344],[128.78647,36.33429],[128.78437,36.33474],[128.78402,36.33511],[128.78241,36.33789],[128.78152,36.33819],[128.78106,36.33891],[128.78048,36.33937],[128.77948,36.34044],[128.7793,36.34107],[128.77963,36.34184],[128.78068,36.34222],[128.78086,36.34235],[128.78112,36.34318],[128.78095,36.34371],[128.78093,36.34443],[128.77965,36.34517],[128.77933,36.34573],[128.77864,36.34644],[128.77712,36.34707],[128.77684,36.34734],[128.77716,36.3482],[128.77845,36.34944],[128.77837,36.34994],[128.77858,36.35082],[128.77839,36.35166],[128.77886,36.35236],[128.77876,36.35249],[128.77887,36.35345],[128.77904,36.35418],[128.77927,36.35431],[128.77908,36.35535],[128.77947,36.35614],[128.77936,36.35666],[128.77894,36.35717],[128.77946,36.35791],[128.7797,36.35848],[128.7796,36.35927],[128.77974,36.36057],[128.77916,36.36117],[128.77912,36.36176],[128.78049,36.36245],[128.78088,36.36344],[128.78302,36.3641],[128.78323,36.36458],[128.78308,36.36499],[128.78311,36.36657],[128.78373,36.36725],[128.78374,36.36783],[128.7831,36.3689],[128.78233,36.36904],[128.78127,36.37001],[128.78135,36.37045],[128.7809,36.37135],[128.78099,36.37166],[128.78075,36.37217],[128.78039,36.37264],[128.78029,36.3736],[128.78213,36.37413],[128.7825,36.37439],[128.78236,36.37523],[128.78326,36.37606],[128.78493,36.37713],[128.78484,36.3781],[128.78476,36.37813],[128.78474,36.3783],[128.78484,36.37836],[128.78452,36.37914],[128.78577,36.38002],[128.78596,36.38071],[128.78591,36.38139],[128.78721,36.38257],[128.78682,36.38341],[128.78672,36.38405],[128.78637,36.38497],[128.78609,36.38546],[128.78631,36.38605],[128.78603,36.38624],[128.78571,36.38706],[128.78529,36.38777],[128.78512,36.38873],[128.78555,36.38909],[128.78551,36.38943],[128.78607,36.38973],[128.78608,36.39013],[128.78652,36.3911],[128.7879,36.39235],[128.78776,36.39282],[128.78791,36.39344],[128.78761,36.39442],[128.7873,36.39503],[128.78714,36.3959],[128.78647,36.39631],[128.78605,36.39674],[128.78564,36.39781],[128.78616,36.39935],[128.78657,36.39997],[128.78727,36.4029],[128.78802,36.40357],[128.78903,36.40362],[128.7897,36.40372],[128.79065,36.40308],[128.79124,36.40247],[128.79138,36.40206],[128.79183,36.4017],[128.79329,36.40224],[128.79395,36.40344],[128.79459,36.40422],[128.79527,36.40459],[128.79501,36.4051],[128.79488,36.40593],[128.79528,36.40593],[128.79674,36.4092],[128.79994,36.41258],[128.80086,36.41315],[128.80115,36.41377],[128.80122,36.4141],[128.80114,36.41437],[128.80099,36.41438],[128.79993,36.41584],[128.79913,36.4166],[128.79872,36.41675],[128.79855,36.41696],[128.79774,36.41817],[128.79768,36.41888],[128.7998,36.41947],[128.80152,36.42071],[128.80334,36.42259],[128.8034,36.42365],[128.80311,36.42403],[128.80298,36.42479],[128.80226,36.42674],[128.80325,36.42795],[128.80372,36.42912],[128.80368,36.42953],[128.80426,36.43097],[128.80431,36.43127],[128.80337,36.43198],[128.80371,36.43281],[128.80436,36.43339],[128.80455,36.4342],[128.8052,36.43468],[128.80545,36.43519],[128.80654,36.43565],[128.80831,36.43707],[128.80991,36.43739],[128.8103,36.43759],[128.81082,36.43873],[128.81138,36.44048],[128.81204,36.44105],[128.81243,36.44169],[128.81271,36.44178],[128.81314,36.44235],[128.8134,36.44248],[128.81342,36.44409],[128.81332,36.44429],[128.81137,36.44526],[128.81224,36.44681],[128.81242,36.44782],[128.81218,36.44945],[128.81221,36.44965],[128.81253,36.44999],[128.81335,36.4517],[128.81252,36.45313],[128.81333,36.45369],[128.81324,36.45383],[128.81429,36.45381],[128.81649,36.45356],[128.8169,36.45334],[128.81974,36.45386],[128.82047,36.45382],[128.82271,36.45312]]]}},{"type":"Feature","properties":{"spatial_region":"사곡면","facility_count":0,"total_capacity":0.0,"area_km2":72.72,"facilities_per_km2":0.0},"geometry":{"type":"Polygon","coordinates":[[[128.77574,36.34677],[128.77721,36.34669],[128.77728,36.347],[128.77864,36.34644],[128.77933,36.34573],[128.77965,36.34517],[128.78093,36.34443],[128.78095,36.34371],[128.78112,36.34318],[128.78086,36.34235],[128.78068,36.34222],[128.77963,36.34184],[128.7793,36.34107],[128.77948,36.34044],[128.78048,36.33937],[128.78106,36.33891],[128.78152,36.33819],[128.78241,36.33789],[128.78402,36.33511],[128.78437,36.33474],[128.78647,36.33429],[128.78714,36.3344],[128.78781,36.33423],[128.78821,36.33362],[128.78846,36.33187],[128.78913,36.33137],[128.78968,36.32989],[128.79014,36.32925],[128.79064,36.32812],[128.79063,36.32757],[128.79088,36.32729],[128.79213,36.32635],[128.79289,36.3262],[128.79317,36.3256],[128.79315,36.32512],[128.79349,36.32496],[128.79412,36.325],[128.79516,36.32469],[128.79572,36.32351],[128.79605,36.32324],[128.79601,36.32213],[128.79822,36.31953],[128.79869,36.31958],[128.79897,36.31979],[128.79987,36.31933],[128.80019,36.31938],[128.80083,36.31895],[128.80144,36.31871],[128.80197,36.31866],[128.80276,36.31703],[128.80544,36.31396],[128.80661,36.31277],[128.80749,36.31209],[128.8084,36.31085],[128.8092,36.31023],[128.81067,36.3103],[128.81459,36.31219],[128.81514,36.31248],[128.81553,36.31286],[128.81689,36.31293],[128.81821,36.31416],[128.81812,36.31444],[128.81846,36.31517],[128.81874,36.31622],[128.81869,36.31724],[128.81959,36.31831],[128.82021,36.3187],[128.82072,36.31814],[128.82168,36.31659],[128.82353,36.31597],[128.82456,36.31588],[128.82552,36.31554],[128.82668,36.31494],[128.82763,36.31506],[128.82932,36.31453],[128.83,36.31271],[128.8299,36.31219],[128.82969,36.31173],[128.82963,36.31081],[128.8303,36.30981],[128.82895,36.30894],[128.82867,36.30783],[128.82809,36.30766],[128.82969,36.30703],[128.83052,36.30696],[128.83199,36.30531],[128.8342,36.30635],[128.8363,36.30623],[128.83703,36.30637],[128.83933,36.3084],[128.84045,36.30804],[128.84115,36.3079],[128.84328,36.30579],[128.84418,36.30539],[128.84446,36.30538],[128.84493,36.30568],[128.84622,36.30605],[128.84648,36.30671],[128.84813,36.30643],[128.8491,36.30645],[128.8502,36.30623],[128.85149,36.30547],[128.85277,36.30503],[128.85414,36.30392],[128.85444,36.30348],[128.85482,36.30328],[128.85543,36.30282],[128.85603,36.30268],[128.85641,36.30237],[128.85678,36.30227],[128.85785,36.3015],[128.858,36.30077],[128.85849,36.30052],[128.85949,36.30057],[128.85996,36.30017],[128.86087,36.30012],[128.86175,36.29957],[128.8624,36.29894],[128.86297,36.29853],[128.86313,36.29728],[128.86353,36.29714],[128.86465,36.29725],[128.86507,36.29698],[128.86519,36.2965],[128.86568,36.29593],[128.86636,36.29605],[128.86705,36.29569],[128.86843,36.29465],[128.86912,36.29509],[128.86897,36.29562],[128.86909,36.29609],[128.86972,36.29682],[128.8712,36.29706],[128.87179,36.29658],[128.87249,36.29676],[128.87457,36.29772],[128.8757,36.2984],[128.87693,36.29769],[128.87779,36.29679],[128.87833,36.29685],[128.87864,36.29662],[128.8796,36.2963],[128.879,36.29534],[128.87899,36.29461],[128.87931,36.294],[128.87885,36.29356],[128.87827,36.29221],[128.87846,36.2914],[128.87847,36.29035],[128.87793,36.29007],[128.87782,36.28935],[128.87793,36.28842],[128.87812,36.28826],[128.87777,36.28703],[128.87895,36.28613],[128.87906,36.28569],[128.87882,36.28532],[128.87882,36.28476],[128.878,36.2823],[128.87799,36.2817],[128.87816,36.28125],[128.87812,36.28055],[128.87749,36.27977],[128.87706,36.27904],[128.87708,36.27777],[128.87743,36.27708],[128.87747,36.27631],[128.8773,36.27414],[128.87584,36.27357],[128.87493,36.27331],[128.8741,36.2734],[128.87345,36.27318],[128.87275,36.27326],[128.87136,36.27411],[128.87084,36.27416],[128.87018,36.27377],[128.86935,36.27402],[128.86846,36.27405],[128.86733,36.27434],[128.86699,36.27461],[128.86621,36.27492],[128.86495,36.27439],[128.86344,36.27439],[128.86315,36.27395],[128.86332,36.27302],[128.86394,36.27224],[128.86408,36.27196],[128.86411,36.27156],[128.86294,36.2707],[128.86308,36.26875],[128.86279,36.2684],[128.86266,36.26796],[128.8622,36.26783],[128.86147,36.2674],[128.86092,36.26739],[128.86061,36.26725],[128.8599,36.26714],[128.85939,36.26688],[128.85889,36.26677],[128.8583,36.26641],[128.85778,36.26621],[128.85598,36.26616],[128.85489,36.26597],[128.85391,36.26645],[128.85289,36.26643],[128.85211,36.26652],[128.8515,36.26631],[128.85092,36.266],[128.85026,36.26584],[128.84962,36.26551],[128.84841,36.26416],[128.84767,36.26353],[128.84719,36.26269],[128.84692,36.26158],[128.84329,36.26318],[128.84183,36.26369],[128.84159,36.2637],[128.84144,36.26353],[128.8401,36.26367],[128.83972,36.26394],[128.83772,36.26452],[128.83615,36.26475],[128.83498,36.26472],[128.83327,36.26406],[128.83269,36.26368],[128.83201,36.26342],[128.8315,36.2629],[128.83115,36.26284],[128.82984,36.26229],[128.82902,36.26146],[128.8282,36.26116],[128.82787,36.26091],[128.8273,36.2608],[128.82696,36.26037],[128.82648,36.26012],[128.82524,36.26006],[128.82466,36.26035],[128.82446,36.26091],[128.82394,36.26115],[128.82355,36.26152],[128.82325,36.2622],[128.82267,36.26304],[128.82192,36.26348],[128.82125,36.26419],[128.82089,36.26415],[128.82062,36.26438],[128.81968,36.26389],[128.81907,36.26411],[128.81853,36.26389],[128.81754,36.264],[128.81704,36.26368],[128.81676,36.26319],[128.81596,36.26254],[128.81548,36.26236],[128.81467,36.26259],[128.8138,36.26236],[128.81252,36.26278],[128.81188,36.26284],[128.81181,36.26508],[128.81146,36.26617],[128.81136,36.2674],[128.8109,36.26853],[128.81041,36.26884],[128.80911,36.27025],[128.80855,36.27037],[128.8081,36.27039],[128.80792,36.2703],[128.80714,36.27027],[128.80673,36.27033],[128.80615,36.27066],[128.80573,36.27042],[128.8053,36.2707],[128.8046,36.27064],[128.80376,36.27125],[128.80231,36.27166],[128.80191,36.2719],[128.80078,36.27219],[128.79873,36.27326],[128.79819,36.27304],[128.79713,36.27301],[128.79595,36.27318],[128.79593,36.27312],[128.79521,36.27341],[128.79417,36.27347],[128.79402,36.27341],[128.79349,36.2736],[128.79257,36.27363],[128.79195,36.2738],[128.79128,36.27426],[128.79006,36.27388],[128.78904,36.2739],[128.78857,36.27379],[128.78847,36.27369],[128.78819,36.27368],[128.78811,36.27357],[128.78789,36.27368],[128.78738,36.27369],[128.78732,36.27375],[128.78622,36.27392],[128.78612,36.27387],[128.78264,36.27391],[128.78199,36.27381],[128.78126,36.27387],[128.78071,36.27402],[128.77999,36.27401],[128.7794,36.27409],[128.77848,36.2743],[128.77763,36.27462],[128.77732,36.27409],[128.77671,36.27385],[128.77642,36.27398],[128.77618,36.27393],[128.77549,36.27403],[128.77462,36.27425],[128.77425,36.27448],[128.77398,36.27444],[128.77347,36.27449],[128.77252,36.27532],[128.77161,36.27532],[128.77093,36.27558],[128.7706,36.27458],[128.76993,36.2742],[128.76982,36.27399],[128.76956,36.27381],[128.76836,36.27338],[128.76778,36.27341],[128.76564,36.27475],[128.76424,36.27392],[128.7632,36.27355],[128.76283,36.27289],[128.76198,36.27234],[128.76073,36.27197],[128.76043,36.27202],[128.76024,36.27215],[128.75941,36.27228],[128.7589,36.27266],[128.75854,36.27249],[128.75745,36.27281],[128.75639,36.27374],[128.75601,36.27422],[128.75547,36.27437],[128.75528,36.27456],[128.75498,36.27449],[128.75473,36.27453],[128.75449,36.27472],[128.75403,36.27477],[128.75135,36.27578],[128.75101,36.27626],[128.75055,36.27663],[128.74997,36.27683],[128.74967,36.27709],[128.74856,36.277],[128.74702,36.27785],[128.74643,36.27785],[128.74654,36.27849],[128.74746,36.2791],[128.74856,36.28045],[128.74877,36.28272],[128.74788,36.28328],[128.74689,36.2836],[128.74603,36.28373],[128.74556,36.28413],[128.74425,36.2845],[128.74253,36.28484],[128.74116,36.2857],[128.73874,36.28628],[128.73663,36.28712],[128.73475,36.2874],[128.73359,36.28791],[128.73229,36.28815],[128.73095,36.28828],[128.72989,36.28906],[128.72952,36.28951],[128.72904,36.28978],[128.72881,36.29013],[128.72845,36.29156],[128.72846,36.292],[128.72878,36.29285],[128.72822,36.29451],[128.72777,36.29472],[128.72778,36.29674],[128.72749,36.29709],[128.72742,36.29776],[128.72663,36.29847],[128.72679,36.29921],[128.72627,36.29976],[128.72666,36.30201],[128.72685,36.30231],[128.7264,36.30522],[128.72615,36.30557],[128.72575,36.30646],[128.72508,36.30691],[128.72434,36.30717],[128.72272,36.30846],[128.72174,36.31003],[128.72121,36.31133],[128.72141,36.31218],[128.72215,36.31399],[128.72369,36.31467],[128.72492,36.31468],[128.72605,36.31638],[128.72594,36.31805],[128.72703,36.31933],[128.72817,36.32149],[128.72883,36.32158],[128.72959,36.32241],[128.72953,36.32277],[128.73007,36.3233],[128.73028,36.32386],[128.73025,36.32433],[128.73011,36.32481],[128.72937,36.32552],[128.73107,36.32803],[128.73122,36.32863],[128.7317,36.32856],[128.73204,36.32888],[128.73184,36.32942],[128.73214,36.32946],[128.73268,36.32802],[128.73302,36.32764],[128.73343,36.32742],[128.73403,36.32685],[128.73427,36.327],[128.73435,36.32689],[128.73449,36.32688],[128.73838,36.32698],[128.73938,36.32646],[128.7399,36.32631],[128.74017,36.32662],[128.74031,36.32709],[128.74074,36.3274],[128.74114,36.32748],[128.74176,36.32779],[128.74183,36.32841],[128.74178,36.32954],[128.74312,36.33089],[128.74358,36.33184],[128.74274,36.33269],[128.7437,36.33368],[128.74526,36.33471],[128.7467,36.33527],[128.74735,36.3354],[128.7483,36.3355],[128.74912,36.33527],[128.74921,36.33513],[128.74944,36.335],[128.74993,36.33494],[128.75073,36.33511],[128.75161,36.33494],[128.75229,36.33421],[128.75231,36.33309],[128.75326,36.3324],[128.75374,36.33257],[128.7546,36.3324],[128.75487,36.33277],[128.75481,36.3332],[128.75517,36.33414],[128.75592,36.33498],[128.75617,36.33516],[128.75697,36.33541],[128.75699,36.33663],[128.75689,36.33723],[128.75698,36.33784],[128.75718,36.33828],[128.75816,36.33893],[128.75889,36.33924],[128.7598,36.33922],[128.76049,36.33907],[128.76085,36.33922],[128.76149,36.33992],[128.76196,36.34023],[128.76305,36.34078],[128.76335,36.34064],[128.76394,36.34076],[128.76495,36.34139],[128.7654,36.34156],[128.76676,36.34106],[128.76718,36.34037],[128.76769,36.34038],[128.76903,36.34181],[128.76912,36.34248],[128.76885,36.34355],[128.76897,36.34393],[128.76903,36.34477],[128.76934,36.34518],[128.76924,36.34554],[128.7693,36.34591],[128.77035,36.34625],[128.77094,36.34703],[128.77238,36.34727],[128.77293,36.34708],[128.7737,36.34732],[128.77482,36.3472],[128.77574,36.34677]]]}},{"type":"Feature","properties":{"spatial_region":"춘산면","facility_count":29,"total_capacity":351.3,"area_km2":66.47,"facilities_per_km2":0.436},"geometry":{"type":"Polygon","coordinates":[[[128.74856,36.277],[128.74967,36.27709],[128.74997,36.27683],[128.75055,36.27663],[128.75101,36.27626],[128.75135,36.27578],[128.75403,36.27477],[128.75449,36.27472],[128.75473,36.27453],[128.75498,36.27449],[128.75528,36.27456],[128.75547,36.27437],[128.75601,36.27422],[128.75639,36.27374],[128.75745,36.27281],[128.75854,36.27249],[128.7589,36.27266],[128.75941,36.27228],[128.76024,36.27215],[128.76043,36.27202],[128.76073,36.27197],[128.76198,36.27234],[128.76283,36.27289],[128.7632,36.27355],[128.76424,36.27392],[128.76564,36.27475],[128.76778,36.27341],[128.76836,36.27338],[128.7686,36.27346],[128.76956,36.27381],[128.76982,36.27399],[128.76993,36.2742],[128.7706,36.27458],[128.77093,36.27558],[128.77161,36.27532],[128.77252,36.27532],[128.77347,36.27449],[128.77398,36.27444],[128.77425,36.27448],[128.77462,36.27425],[128.77549,36.27403],[128.77618,36.27393],[128.77642,36.27398],[128.77671,36.27385],[128.77732,36.27409],[128.77763,36.27462],[128.77848,36.2743],[128.7794,36.27409],[128.77999,36.27401],[128.78071,36.27402],[128.78126,36.27387],[128.78199,36.27381],[128.78264,36.27391],[128.78612,36.27387],[128.78622,36.27392],[128.78732,36.27375],[128.78738,36.27369],[128.78789,36.27368],[128.78811,36.27357],[128.78819,36.27368],[128.78847,36.27369],[128.78857,36.27379],[128.78904,36.2739],[128.79006,36.27388],[128.79128,36.27426],[128.79195,36.2738],[128.79257,36.27363],[128.79349,36.2736],[128.79402,36.27341],[128.79417,36.27347],[128.79521,36.27341],[128.79593,36.27312],[128.79595,36.27318],[128.79713,36.27301],[128.79819,36.27304],[128.79873,36.27326],[128.80078,36.27219],[128.80191,36.2719],[128.80231,36.27166],[128.80376,36.27125],[128.8046,36.27064],[128.8053,36.2707],[128.80573,36.27042],[128.80615,36.27066],[128.80673,36.27033],[128.80714,36.27027],[128.80792,36.2703],[128.8081,36.27039],[128.80855,36.27037],[128.80911,36.27025],[128.81041,36.26884],[128.8109,36.26853],[128.81136,36.2674],[128.81146,36.26617],[128.81181,36.26508],[128.81188,36.26284],[128.81252,36.26278],[128.8138,36.26236],[128.81467,36.26259],[128.81548,36.26236],[128.81596,36.26254],[128.81676,36.26319],[128.81704,36.26368],[128.81754,36.264],[128.81853,36.26389],[128.81907,36.26411],[128.81968,36.26389],[128.82062,36.26438],[128.82089,36.26415],[128.82125,36.26419],[128.82192,36.26348],[128.82267,36.26304],[128.82325,36.2622],[128.82355,36.26152],[128.82394,36.26115],[128.82446,36.26091],[128.82466,36.26035],[128.82524,36.26006],[128.82648,36.26012],[128.82696,36.26037],[128.8273,36.2608],[128.82787,36.26091],[128.8282,36.26116],[128.82902,36.26146],[128.82984,36.26229],[128.83115,36.26284],[128.8315,36.2629],[128.83201,36.26342],[128.83269,36.26368],[128.83327,36.26406],[128.83498,36.26472],[128.83615,36.26475],[128.83772,36.26452],[128.83972,36.26394],[128.8401,36.26367],[128.84144,36.26353],[128.84159,36.2637],[128.84183,36.26369],[128.84329,36.26318],[128.84692,36.26158],[128.84689,36.26125],[128.84758,36.26096],[128.84965,36.26083],[128.85049,36.26127],[128.8528,36.25809],[128.85413,36.25711],[128.85574,36.25628],[128.85647,36.25533],[128.85659,36.25457],[128.86051,36.25511],[128.86151,36.25546],[128.86233,36.25531],[128.86433,36.25527],[128.86555,36.25554],[128.86654,36.25503],[128.86903,36.25465],[128.8694,36.25503],[128.86977,36.25515],[128.8701,36.2551],[128.87123,36.25566],[128.87154,36.25589],[128.87178,36.25641],[128.87226,36.25623],[128.87344,36.25603],[128.87527,36.25546],[128.87534,36.25497],[128.87598,36.25453],[128.87774,36.2542],[128.87915,36.25418],[128.88067,36.25379],[128.88217,36.25271],[128.88243,36.25005],[128.88266,36.24884],[128.88305,36.2479],[128.88413,36.24704],[128.88424,36.24466],[128.88421,36.24288],[128.88227,36.24171],[128.88109,36.24149],[128.88155,36.23873],[128.87911,36.23597],[128.87842,36.23573],[128.87619,36.23539],[128.87466,36.23446],[128.87218,36.23336],[128.86961,36.23282],[128.86898,36.23251],[128.86892,36.23206],[128.86929,36.23158],[128.87027,36.23123],[128.87343,36.22941],[128.87373,36.2286],[128.87513,36.22858],[128.87592,36.22798],[128.87679,36.22761],[128.87749,36.22752],[128.87842,36.22722],[128.87869,36.22689],[128.87952,36.22627],[128.8802,36.22615],[128.8806,36.22592],[128.88107,36.22492],[128.88105,36.22466],[128.88134,36.22422],[128.8816,36.22345],[128.88195,36.2219],[128.88172,36.2214],[128.88271,36.22011],[128.88313,36.21864],[128.88376,36.21867],[128.88489,36.21758],[128.88535,36.21754],[128.88561,36.21719],[128.88665,36.21683],[128.88752,36.21685],[128.88792,36.21705],[128.88892,36.21709],[128.88999,36.21671],[128.89095,36.2157],[128.89129,36.21515],[128.89305,36.21488],[128.89317,36.21411],[128.89397,36.21398],[128.89593,36.21318],[128.89514,36.21096],[128.89581,36.20974],[128.89595,36.20866],[128.89569,36.20775],[128.89662,36.20675],[128.89606,36.20624],[128.89609,36.20576],[128.8958,36.20509],[128.89553,36.20479],[128.89559,36.20474],[128.89551,36.20476],[128.8954,36.20466],[128.89538,36.20428],[128.89479,36.20436],[128.89468,36.20412],[128.89434,36.20376],[128.89394,36.20361],[128.8937,36.20336],[128.89345,36.20332],[128.89245,36.20354],[128.89106,36.20271],[128.89,36.2018],[128.88859,36.20164],[128.88675,36.20155],[128.88589,36.2003],[128.88453,36.19918],[128.88317,36.19839],[128.88189,36.1987],[128.88077,36.19886],[128.87831,36.19882],[128.87707,36.1987],[128.87605,36.19869],[128.87436,36.19981],[128.87311,36.20214],[128.87207,36.20365],[128.87122,36.20516],[128.86869,36.20553],[128.86709,36.20539],[128.86591,36.2054],[128.86378,36.20664],[128.86163,36.20732],[128.86034,36.20695],[128.85935,36.20724],[128.85837,36.20781],[128.85808,36.20824],[128.85749,36.20876],[128.85711,36.20978],[128.85473,36.21086],[128.85315,36.2117],[128.85264,36.21265],[128.85117,36.21264],[128.84981,36.21336],[128.84851,36.21471],[128.84797,36.2148],[128.8456,36.21457],[128.84367,36.21556],[128.84318,36.21621],[128.84205,36.21614],[128.84054,36.21557],[128.83896,36.21515],[128.83648,36.21515],[128.83537,36.21458],[128.83422,36.2146],[128.83247,36.21577],[128.83068,36.21805],[128.82875,36.2179],[128.82656,36.21824],[128.82521,36.2179],[128.82381,36.21723],[128.82296,36.21709],[128.82186,36.2165],[128.82118,36.21589],[128.82028,36.21543],[128.81976,36.21542],[128.81854,36.21483],[128.81833,36.21437],[128.81779,36.21396],[128.81722,36.21384],[128.81685,36.21335],[128.81637,36.21307],[128.81558,36.21209],[128.81472,36.21148],[128.8142,36.21098],[128.81384,36.21072],[128.81337,36.21053],[128.81235,36.2105],[128.81141,36.21006],[128.8109,36.21034],[128.80787,36.21011],[128.80497,36.21029],[128.8041,36.20981],[128.8034,36.21043],[128.80323,36.21149],[128.80265,36.21331],[128.80389,36.21489],[128.80381,36.21531],[128.80386,36.21723],[128.80372,36.2179],[128.80307,36.21913],[128.80257,36.2197],[128.80247,36.21994],[128.80209,36.22005],[128.80139,36.22192],[128.8008,36.22289],[128.79962,36.22414],[128.79914,36.2253],[128.79909,36.22568],[128.79931,36.22657],[128.79939,36.22791],[128.79766,36.2272],[128.79721,36.22614],[128.79642,36.22526],[128.79559,36.2254],[128.79428,36.22477],[128.79326,36.22475],[128.79228,36.2237],[128.79157,36.22371],[128.79102,36.22404],[128.79021,36.22481],[128.78892,36.22503],[128.78754,36.22462],[128.78655,36.22483],[128.78568,36.22475],[128.78455,36.22495],[128.78401,36.22439],[128.78318,36.22402],[128.78233,36.2231],[128.78145,36.22295],[128.77962,36.22314],[128.7786,36.22338],[128.77795,36.22403],[128.77723,36.22455],[128.77489,36.22383],[128.77405,36.22329],[128.77366,36.22293],[128.77259,36.22256],[128.76953,36.22213],[128.76838,36.22211],[128.76813,36.22261],[128.76746,36.22286],[128.76641,36.22397],[128.76524,36.2248],[128.76428,36.22531],[128.76373,36.22532],[128.76312,36.22563],[128.76191,36.22566],[128.76037,36.22521],[128.75948,36.22507],[128.75856,36.22552],[128.75619,36.22631],[128.7546,36.2256],[128.75386,36.22555],[128.75282,36.22614],[128.75246,36.22643],[128.75261,36.22636],[128.75309,36.22632],[128.75255,36.22705],[128.7525,36.2277],[128.75228,36.22792],[128.75246,36.22917],[128.75197,36.23045],[128.7518,36.23128],[128.75156,36.23168],[128.75293,36.23301],[128.7537,36.23352],[128.75415,36.23459],[128.75479,36.23537],[128.75538,36.23633],[128.75581,36.23652],[128.75678,36.2385],[128.75762,36.2386],[128.75984,36.23952],[128.75939,36.24096],[128.75987,36.24166],[128.7601,36.24271],[128.75974,36.24341],[128.75815,36.24527],[128.7578,36.24529],[128.75759,36.24538],[128.75702,36.24537],[128.75621,36.24596],[128.75599,36.24604],[128.75541,36.246],[128.75482,36.2464],[128.75449,36.24699],[128.75426,36.24712],[128.75424,36.24732],[128.75436,36.2474],[128.7543,36.24765],[128.75378,36.2479],[128.7534,36.24834],[128.75322,36.24963],[128.75232,36.25112],[128.75201,36.25186],[128.75189,36.25245],[128.75113,36.25312],[128.75119,36.25366],[128.75097,36.25395],[128.74985,36.25503],[128.74786,36.2577],[128.74723,36.25892],[128.74635,36.25966],[128.74653,36.26125],[128.74469,36.26342],[128.74176,36.26714],[128.74198,36.2676],[128.74276,36.2677],[128.74321,36.26806],[128.74364,36.26806],[128.74431,36.26787],[128.7442,36.26867],[128.74505,36.2721],[128.74439,36.27252],[128.74475,36.27396],[128.74502,36.27606],[128.74624,36.27748],[128.74643,36.27785],[128.74702,36.27785],[128.74856,36.277]]]}},{"type":"Feature","properties":{"spatial_region":"가음면","facility_count":28,"total_capacity":5099.4,"area_km2":41.4,"facilities_per_km2":0.676},"geometry":{"type":"Polygon","coordinates":[[[128.75541,36.246],[128.75599,36.24604],[128.75621,36.24596],[128.75702,36.24537],[128.75759,36.24538],[128.7578,36.24529],[128.75815,36.24527],[128.75974,36.24341],[128.7601,36.24271],[128.75987,36.24166],[128.75939,36.24096],[128.75984,36.23952],[128.75762,36.2386],[128.75678,36.2385],[128.75581,36.23652],[128.75538,36.23633],[128.75479,36.23537],[128.75415,36.23459],[128.7537,36.23352],[128.75293,36.23301],[128.75156,36.23168],[128.7518,36.23128],[128.75197,36.23045],[128.75246,36.22917],[128.75228,36.22792],[128.7525,36.2277],[128.75255,36.22705],[128.75309,36.22632],[128.75261,36.22636],[128.75246,36.22643],[128.75282,36.22614],[128.75386,36.22555],[128.7546,36.2256],[128.75619,36.22631],[128.75856,36.22552],[128.75948,36.22507],[128.76037,36.22521],[128.76191,36.22566],[128.76312,36.22563],[128.76373,36.22532],[128.76428,36.22531],[128.76524,36.2248],[128.76641,36.22397],[128.76746,36.22286],[128.76813,36.22261],[128.76838,36.22211],[128.76953,36.22213],[128.77259,36.22256],[128.77366,36.22293],[128.77405,36.22329],[128.77489,36.22383],[128.77723,36.22455],[128.77795,36.22403],[128.7786,36.22338],[128.77962,36.22314],[128.78145,36.22295],[128.78233,36.2231],[128.78318,36.22402],[128.78401,36.22439],[128.78455,36.22495],[128.78568,36.22475],[128.78655,36.22483],[128.78754,36.22462],[128.78892,36.22503],[128.79021,36.22481],[128.79102,36.22404],[128.79157,36.22371],[128.79228,36.2237],[128.79326,36.22475],[128.79428,36.22477],[128.79559,36.2254],[128.79642,36.22526],[128.79721,36.22614],[128.79766,36.2272],[128.79939,36.22791],[128.79931,36.22657],[128.79909,36.22568],[128.79914,36.2253],[128.79962,36.22414],[128.8008,36.22289],[128.80139,36.22192],[128.80209,36.22005],[128.80247,36.21994],[128.80257,36.2197],[128.80307,36.21913],[128.80372,36.2179],[128.80386,36.21723],[128.80381,36.21531],[128.80389,36.21489],[128.80265,36.21331],[128.80323,36.21149],[128.8034,36.21043],[128.8042,36.2097],[128.80456,36.20826],[128.80523,36.207],[128.80337,36.20626],[128.80164,36.20579],[128.80229,36.20459],[128.8029,36.20419],[128.80379,36.20318],[128.80319,36.20252],[128.80338,36.20208],[128.80321,36.20105],[128.80152,36.19787],[128.79886,36.19604],[128.79845,36.19459],[128.79799,36.19345],[128.79645,36.19082],[128.79439,36.19071],[128.79205,36.1913],[128.7877,36.1931],[128.78528,36.19354],[128.78421,36.19385],[128.78283,36.19367],[128.78192,36.19372],[128.78066,36.19438],[128.78004,36.19424],[128.77771,36.19426],[128.77696,36.1945],[128.77549,36.19453],[128.77485,36.1949],[128.77279,36.19483],[128.77239,36.19472],[128.76996,36.19343],[128.76923,36.19388],[128.76751,36.19535],[128.76585,36.19658],[128.76577,36.19698],[128.76505,36.19756],[128.7643,36.19751],[128.76469,36.19802],[128.76334,36.19933],[128.76137,36.19938],[128.75959,36.20021],[128.75885,36.20076],[128.75857,36.20116],[128.75864,36.20165],[128.75798,36.20286],[128.75598,36.20247],[128.7556,36.20259],[128.75499,36.20244],[128.75421,36.20263],[128.75269,36.20281],[128.7516,36.20166],[128.75181,36.20114],[128.75141,36.20006],[128.75073,36.19977],[128.74997,36.19888],[128.75052,36.19809],[128.75049,36.19783],[128.75039,36.19712],[128.74983,36.19673],[128.74959,36.19596],[128.74743,36.19523],[128.74709,36.19493],[128.74592,36.19445],[128.74511,36.19498],[128.74459,36.19558],[128.74437,36.19568],[128.74405,36.196],[128.74325,36.19622],[128.74309,36.19683],[128.74308,36.19744],[128.74174,36.19853],[128.74045,36.19918],[128.73987,36.19911],[128.73923,36.19924],[128.73847,36.19994],[128.73787,36.19995],[128.73692,36.20032],[128.73659,36.20008],[128.73557,36.20016],[128.735,36.20073],[128.73242,36.19941],[128.73161,36.19928],[128.73086,36.19931],[128.72952,36.19881],[128.72927,36.19898],[128.7288,36.19954],[128.72815,36.20007],[128.72748,36.20076],[128.72692,36.2005],[128.72644,36.20038],[128.72555,36.20076],[128.72477,36.20052],[128.72536,36.2001],[128.72555,36.19986],[128.72498,36.1993],[128.72393,36.19894],[128.72368,36.19908],[128.72262,36.19919],[128.721,36.19811],[128.71913,36.19808],[128.71913,36.19868],[128.71863,36.20011],[128.71791,36.20004],[128.71668,36.20044],[128.71525,36.20013],[128.7135,36.20003],[128.71218,36.19912],[128.71113,36.19944],[128.70957,36.1988],[128.70857,36.19858],[128.70583,36.19923],[128.70474,36.1991],[128.70452,36.19939],[128.70467,36.1991],[128.70457,36.19901],[128.70452,36.19907],[128.7043,36.19904],[128.70404,36.19927],[128.70366,36.20026],[128.70294,36.20024],[128.70213,36.20065],[128.70189,36.20108],[128.70169,36.20103],[128.70136,36.20118],[128.70094,36.20112],[128.70003,36.20128],[128.69914,36.20119],[128.69633,36.20215],[128.69626,36.20276],[128.6963,36.20448],[128.69685,36.20526],[128.6974,36.20576],[128.69788,36.206],[128.69833,36.20775],[128.69895,36.2079],[128.70014,36.20909],[128.70034,36.2092],[128.70025,36.21026],[128.70098,36.21157],[128.70097,36.21223],[128.70122,36.21263],[128.70222,36.21295],[128.70412,36.21404],[128.70562,36.21432],[128.70627,36.21464],[128.70635,36.21631],[128.70602,36.21727],[128.70681,36.21879],[128.7082,36.21877],[128.70928,36.21856],[128.71071,36.21873],[128.71068,36.22029],[128.71046,36.22096],[128.70999,36.22167],[128.709,36.22231],[128.70821,36.22266],[128.70676,36.224],[128.7073,36.22511],[128.70662,36.22604],[128.70639,36.22739],[128.70563,36.22814],[128.70465,36.22865],[128.7052,36.23131],[128.70485,36.23153],[128.70521,36.23192],[128.7053,36.23214],[128.70427,36.23367],[128.70381,36.23455],[128.70343,36.23603],[128.7032,36.23646],[128.70426,36.23682],[128.70509,36.23729],[128.70548,36.23742],[128.70579,36.23739],[128.70595,36.23708],[128.70609,36.23709],[128.70634,36.23728],[128.70712,36.23739],[128.70766,36.23756],[128.70801,36.23753],[128.70813,36.23761],[128.70821,36.23786],[128.70872,36.23757],[128.70884,36.23766],[128.70901,36.23802],[128.70931,36.23816],[128.70985,36.23808],[128.7104,36.2381],[128.71092,36.23821],[128.71094,36.23834],[128.71108,36.2384],[128.7116,36.23802],[128.71202,36.23807],[128.71223,36.23786],[128.71244,36.23787],[128.71292,36.23771],[128.7132,36.23803],[128.71333,36.23803],[128.71349,36.23815],[128.71364,36.23835],[128.71374,36.23893],[128.71415,36.23949],[128.71448,36.23971],[128.71464,36.23994],[128.71471,36.23991],[128.71464,36.23995],[128.71466,36.24031],[128.71517,36.24084],[128.71583,36.24122],[128.71595,36.2418],[128.71657,36.242],[128.71686,36.2423],[128.71762,36.24273],[128.7176,36.24287],[128.71777,36.24321],[128.71751,36.24349],[128.71739,36.24386],[128.71859,36.24473],[128.72011,36.24644],[128.72041,36.24717],[128.72046,36.24752],[128.72038,36.24769],[128.72043,36.2481],[128.72026,36.24835],[128.72011,36.24926],[128.72059,36.25144],[128.72337,36.25378],[128.72395,36.25505],[128.72462,36.25595],[128.7254,36.25624],[128.72595,36.25671],[128.72674,36.25686],[128.72849,36.25756],[128.72868,36.25772],[128.72905,36.25957],[128.72987,36.26002],[128.73086,36.26012],[128.73173,36.26035],[128.7322,36.26069],[128.73252,36.26124],[128.7367,36.26199],[128.73762,36.26314],[128.74041,36.26571],[128.74176,36.26714],[128.74469,36.26342],[128.74653,36.26125],[128.74635,36.25966],[128.74723,36.25892],[128.74786,36.2577],[128.74985,36.25503],[128.75097,36.25395],[128.75119,36.25366],[128.75113,36.25312],[128.75189,36.25245],[128.75201,36.25186],[128.75232,36.25112],[128.75322,36.24963],[128.7534,36.24834],[128.75378,36.2479],[128.7543,36.24765],[128.75436,36.2474],[128.75424,36.24732],[128.75426,36.24712],[128.75449,36.24699],[128.75498,36.24625],[128.75541,36.246]]]}},{"type":"Feature","properties":{"spatial_region":"금성면","facility_count":0,"total_capacity":0.0,"area_km2":73.62,"facilities_per_km2":0.0},"geometry":{"type":"Polygon","coordinates":[[[128.72685,36.30231],[128.72666,36.30201],[128.72627,36.29976],[128.72679,36.29921],[128.72663,36.29847],[128.72742,36.29776],[128.72749,36.29709],[128.72778,36.29674],[128.72777,36.29472],[128.72822,36.29451],[128.72878,36.29285],[128.72846,36.292],[128.72845,36.29156],[128.72881,36.29013],[128.72904,36.28978],[128.72952,36.28951],[128.72989,36.28906],[128.73095,36.28828],[128.73229,36.28815],[128.73359,36.28791],[128.73475,36.2874],[128.73663,36.28712],[128.73874,36.28628],[128.74116,36.2857],[128.74253,36.28484],[128.74425,36.2845],[128.74556,36.28413],[128.74603,36.28373],[128.74689,36.2836],[128.74788,36.28328],[128.74877,36.28272],[128.74856,36.28045],[128.74746,36.2791],[128.74654,36.27849],[128.74643,36.27785],[128.74624,36.27748],[128.74502,36.27606],[128.74475,36.27396],[128.74439,36.27252],[128.74505,36.2721],[128.7442,36.26867],[128.74431,36.26787],[128.74364,36.26806],[128.74321,36.26806],[128.74276,36.2677],[128.74198,36.2676],[128.74176,36.26715],[128.74041,36.26571],[128.73762,36.26314],[128.7367,36.26199],[128.73252,36.26124],[128.7322,36.26069],[128.73173,36.26035],[128.73086,36.26012],[128.72987,36.26002],[128.72905,36.25957],[128.72868,36.25772],[128.72849,36.25756],[128.72674,36.25686],[128.72595,36.25671],[128.7254,36.25624],[128.72455,36.25589],[128.72395,36.25505],[128.72337,36.25378],[128.72059,36.25144],[128.72011,36.24926],[128.72026,36.24835],[128.72043,36.2481],[128.72038,36.24769],[128.72046,36.24752],[128.72041,36.24717],[128.72011,36.24644],[128.71859,36.24473],[128.71739,36.24386],[128.71751,36.24349],[128.71777,36.24321],[128.7176,36.24287],[128.71762,36.24273],[128.71686,36.2423],[128.71657,36.242],[128.71595,36.2418],[128.71583,36.24122],[128.71517,36.24084],[128.71472,36.24039],[128.71464,36.23995],[128.71464,36.23994],[128.71448,36.23971],[128.71415,36.23949],[128.71371,36.23887],[128.71364,36.23835],[128.71341,36.2381],[128.71312,36.23797],[128.713,36.23774],[128.71272,36.23773],[128.71244,36.23787],[128.71223,36.23786],[128.71202,36.23807],[128.7116,36.23802],[128.71108,36.2384],[128.71094,36.23834],[128.71092,36.23821],[128.7104,36.2381],[128.70985,36.23808],[128.70931,36.23816],[128.70901,36.23802],[128.70884,36.23766],[128.70872,36.23757],[128.70821,36.23786],[128.70813,36.23761],[128.70801,36.23753],[128.70766,36.23756],[128.70712,36.23739],[128.70634,36.23728],[128.70609,36.23709],[128.7059,36.23714],[128.70579,36.23739],[128.70548,36.23742],[128.70509,36.23729],[128.70426,36.23682],[128.7032,36.23646],[128.70343,36.23603],[128.70381,36.23455],[128.70427,36.23367],[128.7053,36.23214],[128.70521,36.23192],[128.70485,36.23153],[128.7052,36.23131],[128.70465,36.22865],[128.70563,36.22814],[128.70639,36.22739],[128.70662,36.22604],[128.7073,36.22511],[128.70676,36.224],[128.70821,36.22266],[128.709,36.22231],[128.70999,36.22167],[128.71046,36.22096],[128.71068,36.22029],[128.71071,36.21873],[128.70928,36.21856],[128.7082,36.21877],[128.70681,36.21879],[128.70602,36.21727],[128.70635,36.21631],[128.70627,36.21464],[128.70562,36.21432],[128.70412,36.21404],[128.70222,36.21295],[128.70122,36.21263],[128.70097,36.21223],[128.70098,36.21157],[128.70025,36.21026],[128.70034,36.2092],[128.69989,36.20884],[128.69778,36.21034],[128.69781,36.21075],[128.69813,36.21137],[128.69807,36.21167],[128.69735,36.21167],[128.69696,36.21187],[128.69625,36.21277],[128.69498,36.21314],[128.69421,36.21396],[128.69308,36.21384],[128.69229,36.21327],[128.69159,36.21254],[128.69118,36.21258],[128.69017,36.21219],[128.68929,36.21259],[128.68878,36.21269],[128.68835,36.21343],[128.68798,36.21376],[128.68566,36.21418],[128.68511,36.21476],[128.68477,36.21471],[128.68385,36.21474],[128.68271,36.21529],[128.68198,36.21525],[128.68153,36.21479],[128.68062,36.21456],[128.6799,36.21424],[128.67866,36.21386],[128.67779,36.21349],[128.67699,36.21353],[128.67618,36.21272],[128.67485,36.21272],[128.67471,36.21227],[128.67389,36.21194],[128.67332,36.21102],[128.6731,36.21023],[128.67278,36.21015],[128.67261,36.21],[128.67261,36.20927],[128.67242,36.20862],[128.67211,36.20822],[128.6719,36.20815],[128.67193,36.20834],[128.67137,36.20854],[128.67067,36.20902],[128.67034,36.20901],[128.66995,36.20922],[128.66951,36.20925],[128.66938,36.20937],[128.66875,36.21067],[128.66831,36.21126],[128.66789,36.21153],[128.66741,36.21215],[128.66766,36.21306],[128.6677,36.21355],[128.66753,36.21472],[128.66613,36.21545],[128.66536,36.21575],[128.66588,36.21689],[128.66455,36.2177],[128.66464,36.21896],[128.66245,36.21903],[128.66239,36.22011],[128.6625,36.22039],[128.66092,36.22105],[128.65976,36.22138],[128.65905,36.22024],[128.65827,36.22027],[128.65699,36.22014],[128.65567,36.22012],[128.65587,36.21906],[128.65561,36.21835],[128.65434,36.21804],[128.65303,36.21713],[128.65203,36.21709],[128.65146,36.21756],[128.65044,36.2175],[128.64905,36.21803],[128.6487,36.21807],[128.64796,36.21716],[128.64736,36.21671],[128.6475,36.21594],[128.64702,36.2155],[128.6464,36.21476],[128.6457,36.21452],[128.64465,36.21374],[128.64421,36.21369],[128.64404,36.21359],[128.64391,36.21306],[128.64254,36.21211],[128.64192,36.21074],[128.64123,36.20976],[128.63941,36.20748],[128.63829,36.20795],[128.63783,36.20827],[128.63541,36.209],[128.63453,36.21219],[128.63472,36.21235],[128.63476,36.21277],[128.63452,36.21286],[128.63431,36.21367],[128.63353,36.21423],[128.63182,36.21621],[128.63203,36.21658],[128.63202,36.21686],[128.63384,36.21742],[128.6349,36.21847],[128.63512,36.2192],[128.63582,36.22079],[128.63603,36.22257],[128.63627,36.22383],[128.6346,36.22469],[128.63325,36.22504],[128.63291,36.22551],[128.63446,36.226],[128.63641,36.22702],[128.63707,36.2276],[128.63718,36.22842],[128.63695,36.22977],[128.63527,36.23018],[128.63492,36.23049],[128.63445,36.23115],[128.63506,36.23142],[128.63611,36.23223],[128.63665,36.2331],[128.6364,36.23365],[128.63521,36.2353],[128.63525,36.23565],[128.63431,36.2364],[128.63468,36.23688],[128.6348,36.23731],[128.63401,36.23786],[128.63313,36.23866],[128.6337,36.2389],[128.63462,36.23948],[128.63574,36.24036],[128.63645,36.24038],[128.63746,36.24078],[128.63947,36.24132],[128.63894,36.24295],[128.63888,36.24276],[128.6387,36.2427],[128.63875,36.24298],[128.63907,36.24336],[128.63976,36.24366],[128.63986,36.24447],[128.64137,36.2448],[128.64074,36.24556],[128.64066,36.24577],[128.64024,36.24611],[128.64005,36.2465],[128.63994,36.24704],[128.63963,36.24744],[128.63878,36.24769],[128.6387,36.24783],[128.63882,36.2484],[128.63875,36.24869],[128.63837,36.24932],[128.63862,36.24997],[128.63865,36.25095],[128.63849,36.25183],[128.63972,36.25198],[128.63985,36.25248],[128.64056,36.25319],[128.64051,36.25442],[128.64003,36.25569],[128.6406,36.25751],[128.63986,36.25829],[128.63899,36.25857],[128.63816,36.25916],[128.6377,36.25983],[128.63716,36.25991],[128.63704,36.2606],[128.63614,36.26151],[128.63565,36.26154],[128.63515,36.26329],[128.63633,36.26507],[128.63633,36.26527],[128.63644,36.2654],[128.63637,36.26586],[128.63653,36.2663],[128.63658,36.26737],[128.63739,36.26881],[128.63706,36.26942],[128.63712,36.26951],[128.63659,36.2707],[128.63665,36.27074],[128.63628,36.27179],[128.63654,36.27201],[128.63692,36.27207],[128.63769,36.27258],[128.63776,36.2739],[128.63861,36.27463],[128.63905,36.27533],[128.63921,36.27576],[128.6391,36.27614],[128.63957,36.27644],[128.63934,36.27655],[128.63915,36.27678],[128.63932,36.27671],[128.63996,36.27737],[128.64006,36.27789],[128.64158,36.27823],[128.64195,36.27855],[128.6428,36.2787],[128.6432,36.27853],[128.64376,36.27852],[128.64406,36.27896],[128.64454,36.27947],[128.64638,36.27977],[128.64768,36.27971],[128.64813,36.28008],[128.65022,36.28043],[128.65173,36.28026],[128.65198,36.281],[128.65188,36.28202],[128.65223,36.28343],[128.65342,36.28354],[128.65517,36.28383],[128.65561,36.28383],[128.65601,36.2847],[128.65584,36.2852],[128.65601,36.28633],[128.65636,36.28679],[128.65759,36.28708],[128.65766,36.28701],[128.65839,36.28749],[128.65869,36.28813],[128.65928,36.28892],[128.65959,36.28956],[128.66001,36.29077],[128.66053,36.29153],[128.66079,36.29173],[128.66116,36.29189],[128.66155,36.29254],[128.66179,36.29259],[128.66213,36.29311],[128.66231,36.29392],[128.66207,36.29412],[128.6619,36.29471],[128.66121,36.29517],[128.66082,36.29621],[128.66107,36.29651],[128.6612,36.29732],[128.662,36.29757],[128.66473,36.29913],[128.66532,36.29891],[128.66592,36.29959],[128.66777,36.30228],[128.66743,36.30275],[128.66764,36.30391],[128.66804,36.30434],[128.66911,36.3045],[128.66925,36.30463],[128.66949,36.30546],[128.66938,36.30594],[128.66898,36.30673],[128.66951,36.3077],[128.67009,36.30751],[128.67059,36.30743],[128.67135,36.30655],[128.67188,36.307],[128.67246,36.30728],[128.67271,36.30776],[128.67304,36.30807],[128.6736,36.3083],[128.67373,36.30791],[128.67363,36.30768],[128.67368,36.30762],[128.67374,36.30766],[128.67408,36.30758],[128.67448,36.30699],[128.67579,36.30638],[128.67638,36.30636],[128.67688,36.30666],[128.67697,36.30681],[128.67769,36.30707],[128.67844,36.30722],[128.67912,36.30628],[128.67901,36.3057],[128.67926,36.30546],[128.67969,36.30539],[128.68073,36.30475],[128.68122,36.30484],[128.68172,36.3044],[128.68144,36.30352],[128.68183,36.30301],[128.68229,36.30275],[128.68259,36.30246],[128.68286,36.30248],[128.68369,36.30284],[128.68403,36.30336],[128.68592,36.30344],[128.68585,36.30293],[128.68616,36.30225],[128.68647,36.30219],[128.6869,36.30197],[128.68721,36.30203],[128.68807,36.30172],[128.68891,36.30187],[128.6896,36.30155],[128.68967,36.30118],[128.68958,36.30082],[128.68982,36.30021],[128.68932,36.29969],[128.68924,36.29885],[128.68978,36.29815],[128.69108,36.29806],[128.69197,36.29739],[128.69278,36.29712],[128.69311,36.29693],[128.69461,36.29694],[128.69527,36.29717],[128.69534,36.29801],[128.69599,36.29881],[128.69568,36.29922],[128.69644,36.30006],[128.6964,36.3003],[128.69685,36.30076],[128.69738,36.3008],[128.69827,36.30036],[128.69883,36.30089],[128.69944,36.30093],[128.69966,36.30141],[128.69965,36.30157],[128.70008,36.30192],[128.70087,36.30231],[128.70107,36.30223],[128.70185,36.30161],[128.70197,36.30166],[128.70236,36.30155],[128.70277,36.30348],[128.70271,36.30458],[128.70306,36.30521],[128.70469,36.305],[128.70544,36.3056],[128.70589,36.30574],[128.70798,36.30516],[128.70857,36.30484],[128.70938,36.30499],[128.71084,36.30461],[128.7114,36.30403],[128.712,36.30401],[128.71208,36.30434],[128.71264,36.30473],[128.71347,36.30405],[128.71396,36.3039],[128.7142,36.30422],[128.71482,36.30462],[128.716,36.30486],[128.71655,36.30535],[128.71625,36.30619],[128.71681,36.30666],[128.71771,36.30724],[128.71838,36.30783],[128.71906,36.3098],[128.72016,36.31084],[128.72121,36.31133],[128.72174,36.31003],[128.72272,36.30846],[128.72434,36.30717],[128.72508,36.30691],[128.72575,36.30646],[128.72615,36.30557],[128.7264,36.30522],[128.72685,36.30231]]]}},{"type":"Feature","properties":{"spatial_region":"봉양면","facility_count":0,"total_capacity":0.0,"area_km2":67.1,"facilities_per_km2":0.0},"geometry":{"type":"Polygon","coordinates":[[[128.55435,36.29929],[128.55393,36.29954],[128.55365,36.29988],[128.55372,36.30043],[128.55357,36.30084],[128.55368,36.30146],[128.55393,36.30179],[128.55402,36.3026],[128.55369,36.30278],[128.55252,36.30391],[128.55218,36.30474],[128.5528,36.30557],[128.55248,36.30708],[128.55227,36.30752],[128.55235,36.3084],[128.55398,36.30948],[128.55403,36.30942],[128.55429,36.30948],[128.55473,36.3097],[128.55461,36.30976],[128.55474,36.30977],[128.55432,36.30999],[128.55552,36.31305],[128.55403,36.31351],[128.55361,36.31332],[128.55313,36.31343],[128.55224,36.31392],[128.55222,36.31494],[128.55121,36.31498],[128.5517,36.31585],[128.55205,36.31679],[128.55191,36.31765],[128.55194,36.31795],[128.5516,36.31828],[128.55159,36.3185],[128.55406,36.31881],[128.5544,36.31895],[128.55448,36.31909],[128.55444,36.31936],[128.55453,36.3196],[128.55456,36.32021],[128.55541,36.32206],[128.55547,36.32238],[128.55519,36.32316],[128.55551,36.32339],[128.55828,36.32417],[128.55875,36.32458],[128.55965,36.32465],[128.56103,36.32424],[128.56298,36.32468],[128.56372,36.32471],[128.56425,36.32454],[128.5652,36.32498],[128.56571,36.32503],[128.56645,36.32526],[128.5671,36.32587],[128.56741,36.32633],[128.56729,36.32741],[128.5675,36.32805],[128.56647,36.3284],[128.56588,36.32926],[128.56551,36.32943],[128.56511,36.33012],[128.56489,36.33097],[128.56563,36.33229],[128.56648,36.33249],[128.56767,36.33372],[128.56848,36.33432],[128.56924,36.33389],[128.57021,36.33415],[128.57095,36.33412],[128.57178,36.33376],[128.57239,36.33372],[128.5738,36.33455],[128.57476,36.3349],[128.57656,36.33468],[128.57693,36.33416],[128.57794,36.33317],[128.57877,36.33262],[128.57887,36.33226],[128.57962,36.33167],[128.58001,36.33148],[128.57981,36.3311],[128.58078,36.33157],[128.58105,36.33141],[128.5811,36.33146],[128.58173,36.3312],[128.58215,36.33118],[128.58222,36.33123],[128.58246,36.3311],[128.58273,36.33107],[128.58335,36.33107],[128.58481,36.33129],[128.58529,36.33118],[128.58563,36.33129],[128.58632,36.33119],[128.58654,36.33125],[128.58691,36.33117],[128.58702,36.33112],[128.58671,36.33117],[128.58743,36.33077],[128.58802,36.33027],[128.5886,36.33015],[128.58909,36.33015],[128.58922,36.3295],[128.58963,36.32914],[128.58998,36.32825],[128.59072,36.3276],[128.59162,36.32737],[128.59217,36.3277],[128.59277,36.3279],[128.59395,36.32872],[128.59407,36.32921],[128.5948,36.32965],[128.59582,36.32931],[128.59654,36.32976],[128.59762,36.32988],[128.59826,36.3301],[128.5985,36.33073],[128.59924,36.33102],[128.59933,36.33131],[128.6013,36.33215],[128.60145,36.33297],[128.60278,36.33546],[128.60424,36.33548],[128.60569,36.33633],[128.6067,36.33513],[128.60774,36.33466],[128.60789,36.33448],[128.6089,36.33435],[128.61039,36.33492],[128.61153,36.33482],[128.61218,36.33514],[128.61281,36.33468],[128.61371,36.33381],[128.61504,36.33375],[128.61567,36.33384],[128.61639,36.33346],[128.61779,36.33394],[128.6188,36.33458],[128.62009,36.33323],[128.6216,36.33321],[128.62251,36.33406],[128.62457,36.33401],[128.62598,36.33343],[128.62645,36.33362],[128.62669,36.33445],[128.62661,36.33595],[128.62716,36.33724],[128.62739,36.33869],[128.62799,36.33991],[128.62862,36.34045],[128.62955,36.34026],[128.63057,36.34049],[128.63257,36.34024],[128.63353,36.33961],[128.63401,36.34049],[128.63454,36.34112],[128.63487,36.34181],[128.63574,36.3423],[128.63594,36.34316],[128.6372,36.34374],[128.63876,36.34555],[128.63973,36.34607],[128.64025,36.34672],[128.64065,36.34783],[128.64116,36.34826],[128.64124,36.34963],[128.64227,36.3505],[128.64281,36.35],[128.64386,36.35008],[128.6445,36.35052],[128.64636,36.35072],[128.64639,36.35019],[128.64708,36.34979],[128.64795,36.34979],[128.65079,36.34933],[128.65246,36.34805],[128.65379,36.34718],[128.65491,36.34617],[128.65513,36.34481],[128.65623,36.34427],[128.65706,36.34328],[128.65776,36.34176],[128.65761,36.34074],[128.65842,36.33962],[128.65817,36.33878],[128.65762,36.33832],[128.65797,36.33684],[128.65788,36.33628],[128.65833,36.33536],[128.65807,36.33491],[128.65757,36.33346],[128.65829,36.33335],[128.65878,36.33317],[128.6597,36.33226],[128.6601,36.33227],[128.66015,36.33238],[128.66029,36.33241],[128.66148,36.33241],[128.66146,36.33193],[128.66134,36.33155],[128.66105,36.33109],[128.66036,36.33053],[128.66018,36.33026],[128.65991,36.32969],[128.65963,36.32877],[128.65969,36.32804],[128.66016,36.32632],[128.6601,36.32552],[128.65919,36.32491],[128.65906,36.32419],[128.65909,36.3236],[128.6587,36.32271],[128.65873,36.32235],[128.65853,36.32189],[128.65787,36.32138],[128.6572,36.32046],[128.6565,36.31987],[128.65619,36.31972],[128.65534,36.3196],[128.65534,36.31876],[128.655,36.31765],[128.65496,36.31707],[128.65483,36.31687],[128.65492,36.31669],[128.65474,36.3157],[128.65606,36.31478],[128.65777,36.31569],[128.65915,36.31522],[128.65944,36.31475],[128.6603,36.31429],[128.66081,36.31449],[128.66134,36.31453],[128.66154,36.31469],[128.66168,36.31506],[128.6627,36.31504],[128.66351,36.31449],[128.66387,36.31391],[128.66453,36.3138],[128.66556,36.31345],[128.666,36.31385],[128.66659,36.31412],[128.66714,36.31367],[128.66713,36.31322],[128.66745,36.31292],[128.66797,36.31272],[128.66815,36.31128],[128.66879,36.3098],[128.6688,36.30953],[128.66871,36.30951],[128.66883,36.3094],[128.66797,36.30921],[128.66807,36.30802],[128.66917,36.30716],[128.66898,36.30673],[128.66938,36.30594],[128.66949,36.30546],[128.66925,36.30463],[128.66911,36.3045],[128.66804,36.30434],[128.66764,36.30391],[128.66743,36.30275],[128.66777,36.30228],[128.66592,36.29959],[128.66532,36.29891],[128.66473,36.29913],[128.662,36.29757],[128.6612,36.29732],[128.66107,36.29651],[128.66082,36.29621],[128.66121,36.29517],[128.6619,36.29471],[128.66207,36.29412],[128.66231,36.29392],[128.66213,36.29311],[128.66179,36.29259],[128.66155,36.29254],[128.66116,36.29189],[128.66079,36.29173],[128.66053,36.29153],[128.66001,36.29077],[128.65959,36.28956],[128.65928,36.28892],[128.65869,36.28813],[128.65839,36.28749],[128.65766,36.28701],[128.65759,36.28708],[128.65636,36.28679],[128.65601,36.28633],[128.65584,36.2852],[128.65601,36.2847],[128.65561,36.28383],[128.65517,36.28383],[128.65342,36.28354],[128.65223,36.28343],[128.65188,36.28202],[128.65198,36.281],[128.65173,36.28026],[128.65022,36.28043],[128.64813,36.28008],[128.64768,36.27971],[128.64638,36.27977],[128.64454,36.27947],[128.64406,36.27896],[128.64376,36.27852],[128.6432,36.27853],[128.6428,36.2787],[128.64195,36.27855],[128.64158,36.27823],[128.64006,36.27789],[128.63996,36.27737],[128.63932,36.27671],[128.63915,36.27678],[128.63934,36.27655],[128.63957,36.27644],[128.6391,36.27614],[128.6392,36.27565],[128.63861,36.27463],[128.63776,36.2739],[128.63769,36.27258],[128.63692,36.27207],[128.63654,36.27201],[128.63628,36.27179],[128.63665,36.27074],[128.63659,36.2707],[128.63712,36.26951],[128.63706,36.26942],[128.63739,36.26881],[128.63658,36.26737],[128.63653,36.2663],[128.63637,36.26586],[128.63644,36.2654],[128.63633,36.26527],[128.63633,36.26507],[128.63515,36.26329],[128.63565,36.26154],[128.63404,36.26164],[128.63323,36.26192],[128.63256,36.26191],[128.63197,36.26223],[128.63154,36.26273],[128.63126,36.26287],[128.63066,36.26255],[128.62993,36.26241],[128.62953,36.26325],[128.62931,36.26339],[128.62903,36.26379],[128.62821,36.26436],[128.62786,36.26448],[128.62702,36.26523],[128.62606,36.26559],[128.62562,36.26607],[128.62448,36.26672],[128.62375,36.26703],[128.62304,36.26718],[128.62131,36.26729],[128.62065,36.26746],[128.62001,36.26794],[128.61961,36.2681],[128.619,36.26803],[128.61755,36.2675],[128.61631,36.26735],[128.61528,36.26795],[128.615,36.26842],[128.61355,36.26971],[128.61161,36.27014],[128.61059,36.27068],[128.61024,36.2707],[128.60891,36.27121],[128.60868,36.27111],[128.60677,36.27113],[128.60511,36.27025],[128.60337,36.26993],[128.60179,36.27006],[128.6008,36.27043],[128.60024,36.27032],[128.59942,36.27049],[128.59763,36.27133],[128.59741,36.27175],[128.5975,36.27227],[128.59772,36.27274],[128.5975,36.27332],[128.59673,36.27394],[128.59651,36.27554],[128.5956,36.27704],[128.5945,36.27772],[128.59302,36.27709],[128.59234,36.27738],[128.59148,36.27761],[128.59066,36.27713],[128.58958,36.27729],[128.58882,36.27728],[128.58871,36.2777],[128.5877,36.27831],[128.58678,36.27845],[128.58627,36.27827],[128.58544,36.27822],[128.58499,36.27865],[128.584,36.27876],[128.58328,36.27866],[128.58266,36.27906],[128.58179,36.27908],[128.58141,36.2795],[128.58169,36.27957],[128.58176,36.27962],[128.58166,36.27967],[128.58125,36.27958],[128.58122,36.27937],[128.58063,36.2795],[128.58008,36.2793],[128.57921,36.27947],[128.57873,36.27975],[128.57741,36.27974],[128.57581,36.27993],[128.57542,36.27916],[128.57416,36.27842],[128.57399,36.27735],[128.57359,36.27686],[128.57318,36.27651],[128.57154,36.27602],[128.57172,36.27536],[128.57125,36.2751],[128.56996,36.27466],[128.5685,36.27442],[128.5679,36.27448],[128.56675,36.27421],[128.56666,36.27431],[128.56664,36.27424],[128.56597,36.27446],[128.56531,36.27503],[128.56443,36.27547],[128.56334,36.27584],[128.56336,36.27542],[128.56314,36.27533],[128.56296,36.27536],[128.56278,36.27553],[128.56268,36.27553],[128.56273,36.27539],[128.56241,36.27539],[128.56021,36.27555],[128.55992,36.2754],[128.55994,36.27533],[128.55988,36.2754],[128.55975,36.27532],[128.55974,36.2752],[128.55928,36.27514],[128.55932,36.2751],[128.55883,36.27462],[128.55756,36.27407],[128.55562,36.27423],[128.55483,36.27511],[128.55369,36.27433],[128.55275,36.27456],[128.55183,36.27503],[128.55169,36.27628],[128.55183,36.2767],[128.55159,36.27745],[128.55196,36.27802],[128.55094,36.27855],[128.54992,36.27938],[128.54987,36.27987],[128.54996,36.28142],[128.54979,36.28268],[128.54986,36.28424],[128.54875,36.28471],[128.54896,36.28606],[128.54855,36.28671],[128.54806,36.28691],[128.548,36.28767],[128.54778,36.28869],[128.54732,36.2894],[128.54567,36.2901],[128.54556,36.29039],[128.54527,36.29057],[128.54546,36.29181],[128.54569,36.29241],[128.54632,36.29353],[128.54691,36.29435],[128.54744,36.29478],[128.54769,36.29547],[128.54797,36.29578],[128.54822,36.29679],[128.54854,36.29734],[128.54962,36.29717],[128.55026,36.2974],[128.55088,36.29729],[128.55208,36.29724],[128.55256,36.29749],[128.55312,36.29805],[128.55466,36.29878],[128.55435,36.29929]]]}},{"type":"Feature","properties":{"spatial_region":"비안면","facility_count":52,"total_capacity":1421.2,"area_km2":65.38,"facilities_per_km2":0.795},"geometry":{"type":"Polygon","coordinates":[[[128.52841,36.38306],[128.5288,36.38337],[128.52969,36.38358],[128.53096,36.38362],[128.53213,36.38431],[128.53346,36.38405],[128.53442,36.38379],[128.53501,36.38406],[128.53608,36.38407],[128.53727,36.38424],[128.53759,36.38449],[128.53871,36.38477],[128.53953,36.38507],[128.54016,36.38499],[128.54167,36.38389],[128.54409,36.38101],[128.54431,36.38056],[128.54522,36.37961],[128.54586,36.37906],[128.54604,36.37884],[128.54653,36.37774],[128.5474,36.37701],[128.54746,36.37636],[128.54795,36.37569],[128.54902,36.37452],[128.54929,36.37094],[128.5495,36.36933],[128.54958,36.36906],[128.54978,36.36891],[128.5508,36.36869],[128.5514,36.3677],[128.55183,36.36665],[128.55165,36.36484],[128.55272,36.3639],[128.55329,36.36294],[128.55426,36.36224],[128.55451,36.36192],[128.5548,36.36133],[128.555,36.36015],[128.55446,36.35922],[128.5542,36.35822],[128.55522,36.35725],[128.55893,36.35597],[128.55913,36.35539],[128.5593,36.35431],[128.56009,36.35373],[128.55916,36.35237],[128.5586,36.35194],[128.55894,36.35096],[128.55943,36.34995],[128.56057,36.3494],[128.56188,36.34829],[128.56262,36.34739],[128.56245,36.34638],[128.56275,36.34526],[128.5625,36.34414],[128.5618,36.34327],[128.56215,36.3426],[128.56222,36.34225],[128.56385,36.34137],[128.56391,36.34101],[128.56444,36.34058],[128.56478,36.33974],[128.56605,36.33949],[128.5665,36.3376],[128.56725,36.33724],[128.56776,36.33642],[128.56827,36.33598],[128.56843,36.33526],[128.56848,36.33432],[128.56767,36.33372],[128.56648,36.33249],[128.56563,36.33229],[128.56489,36.33097],[128.56511,36.33012],[128.56551,36.32943],[128.56588,36.32926],[128.56647,36.3284],[128.5675,36.32805],[128.56729,36.32741],[128.56741,36.32633],[128.5671,36.32587],[128.56645,36.32526],[128.56571,36.32503],[128.5652,36.32498],[128.56425,36.32454],[128.56372,36.32471],[128.56298,36.32468],[128.56103,36.32424],[128.55965,36.32465],[128.55875,36.32458],[128.55828,36.32417],[128.55551,36.32339],[128.55519,36.32316],[128.55547,36.32238],[128.55541,36.32206],[128.55456,36.32021],[128.55453,36.3196],[128.55444,36.31936],[128.55448,36.31909],[128.5544,36.31895],[128.55406,36.31881],[128.55159,36.3185],[128.5516,36.31828],[128.55194,36.31795],[128.55191,36.31765],[128.55205,36.31679],[128.5517,36.31585],[128.55121,36.31498],[128.55222,36.31494],[128.55224,36.31392],[128.55313,36.31343],[128.55361,36.31332],[128.55403,36.31351],[128.55552,36.31305],[128.55432,36.30999],[128.55474,36.30977],[128.55461,36.30976],[128.55473,36.3097],[128.55429,36.30948],[128.55403,36.30942],[128.55398,36.30948],[128.55235,36.3084],[128.55227,36.30752],[128.55248,36.30708],[128.5528,36.30557],[128.55218,36.30474],[128.55252,36.30391],[128.55369,36.30278],[128.55402,36.3026],[128.55393,36.30179],[128.55368,36.30146],[128.55357,36.30084],[128.55372,36.30043],[128.55365,36.29988],[128.55393,36.29954],[128.55435,36.29929],[128.55467,36.29878],[128.55312,36.29805],[128.55256,36.29749],[128.55208,36.29724],[128.55088,36.29729],[128.55026,36.2974],[128.54962,36.29717],[128.54854,36.29734],[128.54822,36.29679],[128.54797,36.29578],[128.54769,36.29547],[128.54744,36.29478],[128.54691,36.29435],[128.54632,36.29353],[128.54551,36.29195],[128.54332,36.29297],[128.5428,36.29389],[128.54165,36.29416],[128.53975,36.29475],[128.53897,36.29462],[128.53843,36.29435],[128.53754,36.29447],[128.53613,36.29485],[128.53591,36.29556],[128.53567,36.29583],[128.53468,36.29534],[128.53379,36.29505],[128.53332,36.2951],[128.52994,36.29383],[128.52932,36.29378],[128.52849,36.29519],[128.52655,36.29708],[128.52654,36.29799],[128.52588,36.29931],[128.52495,36.29997],[128.52317,36.2996],[128.52181,36.3005],[128.52057,36.30008],[128.51961,36.30025],[128.51866,36.30102],[128.51805,36.30193],[128.51591,36.30182],[128.51506,36.30201],[128.51431,36.30119],[128.51321,36.30087],[128.51206,36.30133],[128.51174,36.30123],[128.51078,36.30067],[128.50906,36.30219],[128.50851,36.30332],[128.50702,36.30365],[128.50657,36.30335],[128.50391,36.30323],[128.5022,36.30376],[128.50024,36.30379],[128.49825,36.30339],[128.49764,36.30314],[128.49644,36.30295],[128.49619,36.30349],[128.4946,36.30406],[128.49385,36.30448],[128.49304,36.30471],[128.49218,36.30456],[128.49115,36.30403],[128.49085,36.30435],[128.49036,36.30602],[128.4891,36.30729],[128.48773,36.30811],[128.48723,36.30794],[128.48619,36.30813],[128.48568,36.3077],[128.4844,36.30749],[128.48354,36.30784],[128.48265,36.30879],[128.48088,36.30976],[128.47965,36.31006],[128.47947,36.31062],[128.47913,36.31103],[128.47759,36.31108],[128.47674,36.31149],[128.47618,36.31136],[128.4757,36.3117],[128.47537,36.31174],[128.47407,36.31169],[128.47319,36.31218],[128.47342,36.3143],[128.47309,36.31567],[128.47351,36.31795],[128.47293,36.31817],[128.47288,36.31832],[128.4725,36.31852],[128.4722,36.31849],[128.47182,36.31866],[128.47183,36.31917],[128.47153,36.31954],[128.47135,36.31997],[128.47145,36.32],[128.47141,36.32011],[128.47126,36.32033],[128.47124,36.32041],[128.4714,36.32049],[128.47138,36.32065],[128.47103,36.32093],[128.47012,36.32012],[128.46927,36.32068],[128.46955,36.32091],[128.46858,36.3218],[128.46755,36.32193],[128.4664,36.32186],[128.46456,36.32267],[128.4625,36.32278],[128.46165,36.32314],[128.46083,36.32336],[128.46015,36.3242],[128.45824,36.32416],[128.45764,36.3246],[128.45576,36.32502],[128.45545,36.3254],[128.45544,36.32689],[128.45603,36.32694],[128.4576,36.32783],[128.45766,36.32828],[128.45844,36.32865],[128.45885,36.32899],[128.45988,36.32943],[128.46226,36.32995],[128.46315,36.32985],[128.46415,36.3314],[128.46373,36.33235],[128.46358,36.3332],[128.46293,36.33452],[128.46236,36.3362],[128.46194,36.33695],[128.46177,36.33791],[128.46221,36.33856],[128.46281,36.33865],[128.46228,36.3431],[128.4621,36.34361],[128.46295,36.34362],[128.46284,36.34601],[128.46308,36.34722],[128.46323,36.34949],[128.46359,36.35243],[128.46443,36.35681],[128.46578,36.36165],[128.46514,36.36479],[128.46502,36.36492],[128.46391,36.3647],[128.46309,36.36525],[128.46505,36.36525],[128.46513,36.3652],[128.46567,36.36414],[128.46608,36.36368],[128.46644,36.36341],[128.46672,36.36282],[128.46689,36.36195],[128.46702,36.36178],[128.46702,36.36199],[128.46768,36.36134],[128.46801,36.36142],[128.46899,36.36144],[128.46971,36.36133],[128.46986,36.36139],[128.47117,36.36045],[128.47208,36.35957],[128.47297,36.35906],[128.47311,36.35883],[128.47303,36.35861],[128.47312,36.35823],[128.47393,36.35778],[128.47442,36.35799],[128.47592,36.35801],[128.47656,36.35822],[128.47818,36.35828],[128.47915,36.3585],[128.48116,36.35878],[128.48228,36.35763],[128.48443,36.35776],[128.4845,36.35767],[128.48566,36.35742],[128.48719,36.35741],[128.48793,36.35717],[128.4882,36.35675],[128.48901,36.35506],[128.48911,36.35433],[128.49003,36.35499],[128.48998,36.35531],[128.49093,36.35649],[128.49145,36.35701],[128.49249,36.35779],[128.49369,36.35832],[128.49578,36.35864],[128.49742,36.35938],[128.49799,36.35991],[128.49819,36.36052],[128.49764,36.36115],[128.49777,36.36141],[128.49826,36.36162],[128.49936,36.36247],[128.49889,36.36415],[128.50044,36.36493],[128.50081,36.36682],[128.50116,36.36711],[128.50135,36.36859],[128.50065,36.369],[128.50025,36.36947],[128.49978,36.37077],[128.49996,36.37131],[128.50229,36.3724],[128.50333,36.37309],[128.50401,36.37326],[128.50454,36.3739],[128.50527,36.37516],[128.50515,36.37632],[128.5053,36.377],[128.50546,36.37719],[128.50571,36.37801],[128.50565,36.37916],[128.50635,36.37977],[128.50667,36.38035],[128.50782,36.38128],[128.50798,36.38231],[128.50841,36.38319],[128.5091,36.38411],[128.50907,36.38396],[128.51168,36.38324],[128.51286,36.38317],[128.51419,36.38401],[128.51412,36.38414],[128.5143,36.3851],[128.51488,36.38588],[128.5154,36.38613],[128.51731,36.38644],[128.5184,36.38709],[128.52097,36.38686],[128.52179,36.38659],[128.52341,36.38621],[128.52523,36.38552],[128.52603,36.38518],[128.52694,36.38427],[128.5271,36.38395],[128.52752,36.38344],[128.52841,36.38306]]]}},{"type":"Feature","properties":{"spatial_region":"구천면","facility_count":20,"total_capacity":4065.8,"area_km2":43.68,"facilities_per_km2":0.458},"geometry":{"type":"Polygon","coordinates":[[[128.45105,36.36812],[128.45349,36.36782],[128.45463,36.36749],[128.45539,36.36753],[128.45657,36.36747],[128.45719,36.36736],[128.45934,36.36681],[128.46156,36.36609],[128.46248,36.3657],[128.46391,36.3647],[128.46502,36.36492],[128.46514,36.36479],[128.46578,36.36165],[128.46443,36.35681],[128.46359,36.35243],[128.46323,36.34949],[128.46308,36.34722],[128.46284,36.34601],[128.46295,36.34362],[128.4621,36.34361],[128.46228,36.3431],[128.46281,36.33865],[128.46221,36.33856],[128.46177,36.33791],[128.46194,36.33695],[128.46236,36.3362],[128.46293,36.33452],[128.46358,36.3332],[128.46373,36.33235],[128.46415,36.3314],[128.46315,36.32985],[128.46226,36.32995],[128.45988,36.32943],[128.45885,36.32899],[128.45844,36.32865],[128.45766,36.32828],[128.4576,36.32783],[128.45603,36.32694],[128.45544,36.32689],[128.45387,36.32724],[128.45306,36.32683],[128.45163,36.3272],[128.45067,36.32577],[128.45102,36.3248],[128.44911,36.3234],[128.44819,36.32358],[128.44704,36.32269],[128.44699,36.32165],[128.44529,36.31963],[128.44511,36.3184],[128.44427,36.31778],[128.44338,36.31686],[128.44199,36.31597],[128.44019,36.31576],[128.43861,36.31468],[128.43804,36.31404],[128.43881,36.31335],[128.43882,36.31278],[128.43921,36.31232],[128.43902,36.31185],[128.43905,36.31104],[128.43838,36.31018],[128.43864,36.30993],[128.43894,36.30983],[128.43867,36.30868],[128.43887,36.30805],[128.43849,36.30693],[128.43893,36.30595],[128.43852,36.3051],[128.43805,36.30487],[128.43733,36.30432],[128.43619,36.30443],[128.43566,36.30518],[128.43537,36.30537],[128.43461,36.30569],[128.4334,36.30538],[128.43259,36.30491],[128.43192,36.30439],[128.43185,36.30264],[128.42983,36.30049],[128.42789,36.29891],[128.42549,36.29913],[128.42474,36.29858],[128.42376,36.29886],[128.42267,36.29876],[128.42112,36.29836],[128.42066,36.29871],[128.41982,36.29916],[128.41802,36.29906],[128.41776,36.29928],[128.41651,36.29872],[128.41624,36.29796],[128.41541,36.29732],[128.41414,36.29607],[128.41379,36.29487],[128.4132,36.29404],[128.41282,36.29369],[128.41321,36.29222],[128.41373,36.29176],[128.4139,36.29127],[128.41357,36.2906],[128.41116,36.28825],[128.41044,36.2872],[128.40865,36.28713],[128.40685,36.28719],[128.40652,36.28734],[128.40603,36.2873],[128.40541,36.28741],[128.40481,36.28771],[128.40457,36.28771],[128.40367,36.28812],[128.40238,36.289],[128.40207,36.28908],[128.40111,36.28902],[128.39913,36.29038],[128.39771,36.29211],[128.39596,36.29306],[128.39579,36.29373],[128.39548,36.29445],[128.3955,36.29541],[128.39517,36.29705],[128.39388,36.29816],[128.39273,36.29824],[128.39208,36.29853],[128.39087,36.29867],[128.3909,36.29915],[128.39064,36.30001],[128.38786,36.3042],[128.38926,36.30964],[128.38574,36.31077],[128.38037,36.31221],[128.38116,36.31545],[128.38119,36.31657],[128.3811,36.3177],[128.3806,36.31836],[128.37921,36.31955],[128.37945,36.31981],[128.37874,36.3226],[128.37995,36.32297],[128.38043,36.3239],[128.38167,36.32493],[128.38254,36.32531],[128.38255,36.32547],[128.3822,36.32581],[128.38418,36.32886],[128.38541,36.33046],[128.38566,36.33159],[128.38609,36.33196],[128.38682,36.33242],[128.38752,36.33318],[128.38782,36.33402],[128.38741,36.33533],[128.38825,36.33684],[128.38921,36.33816],[128.3895,36.33871],[128.38995,36.34026],[128.38953,36.34076],[128.3898,36.34168],[128.39018,36.34236],[128.39045,36.34257],[128.39171,36.34402],[128.39327,36.34455],[128.39416,36.34473],[128.39445,36.34498],[128.39628,36.34564],[128.39718,36.34619],[128.39802,36.34613],[128.39854,36.34575],[128.39928,36.34593],[128.40053,36.34647],[128.40066,36.34662],[128.40083,36.34652],[128.40087,36.34634],[128.40097,36.34643],[128.40142,36.34643],[128.40278,36.34678],[128.40327,36.34668],[128.40368,36.3467],[128.40445,36.34701],[128.4047,36.34726],[128.40491,36.34735],[128.40522,36.34771],[128.40562,36.34765],[128.40562,36.34756],[128.40572,36.34755],[128.40592,36.34766],[128.40634,36.34819],[128.40639,36.34837],[128.40688,36.34877],[128.40674,36.34901],[128.40626,36.34938],[128.40502,36.35005],[128.40441,36.35066],[128.40422,36.35075],[128.40365,36.35083],[128.40339,36.35099],[128.40293,36.35166],[128.40247,36.35191],[128.40235,36.35214],[128.40207,36.35234],[128.40181,36.35266],[128.4017,36.35288],[128.40237,36.35345],[128.40257,36.3537],[128.40268,36.35413],[128.40257,36.35613],[128.404,36.35651],[128.40457,36.35643],[128.40676,36.35777],[128.40714,36.35791],[128.40874,36.35897],[128.40974,36.35988],[128.41011,36.35984],[128.41203,36.3614],[128.4118,36.36191],[128.41197,36.36218],[128.41354,36.36414],[128.41458,36.36578],[128.4156,36.36679],[128.41592,36.36656],[128.41669,36.36638],[128.41766,36.36692],[128.42016,36.36767],[128.42126,36.36786],[128.42345,36.36794],[128.42677,36.36793],[128.43119,36.36743],[128.43105,36.36693],[128.43728,36.36689],[128.43735,36.36792],[128.44032,36.36819],[128.4437,36.36825],[128.44563,36.36837],[128.45105,36.36812]]]}},{"type":"Feature","properties":{"spatial_region":"단밀면","facility_count":26,"total_capacity":1236.7,"area_km2":53.86,"facilities_per_km2":0.483},"geometry":{"type":"Polygon","coordinates":[[[128.35578,36.40436],[128.3566,36.40248],[128.35799,36.39965],[128.35846,36.39961],[128.35915,36.39857],[128.35947,36.39822],[128.36058,36.3976],[128.36187,36.3971],[128.36355,36.39674],[128.36429,36.39641],[128.36526,36.39574],[128.36446,36.39558],[128.36494,36.39483],[128.36527,36.39448],[128.36671,36.39361],[128.36958,36.39125],[128.3722,36.3908],[128.37231,36.39122],[128.37354,36.39131],[128.37448,36.3911],[128.37461,36.39078],[128.37452,36.39055],[128.37645,36.39051],[128.37858,36.39015],[128.37889,36.39007],[128.3791,36.38984],[128.37948,36.38966],[128.38008,36.38949],[128.38203,36.38928],[128.38298,36.38857],[128.38362,36.38788],[128.38391,36.38744],[128.38492,36.38483],[128.38529,36.38307],[128.38586,36.38127],[128.38673,36.37929],[128.38672,36.37801],[128.39134,36.37809],[128.39194,36.37801],[128.39241,36.37818],[128.39294,36.37811],[128.39338,36.37815],[128.39493,36.37863],[128.39592,36.37878],[128.3966,36.37876],[128.39748,36.37852],[128.39753,36.37848],[128.39738,36.37811],[128.3975,36.37766],[128.39823,36.37711],[128.39852,36.37711],[128.39898,36.37688],[128.40097,36.37636],[128.40148,36.37644],[128.40277,36.37634],[128.40335,36.37601],[128.40424,36.37587],[128.40454,36.3757],[128.40456,36.37548],[128.40441,36.37505],[128.40487,36.37474],[128.40522,36.37417],[128.40532,36.37393],[128.40533,36.37376],[128.40524,36.37373],[128.4054,36.37321],[128.40536,36.3731],[128.40559,36.37252],[128.40625,36.3718],[128.40699,36.37142],[128.40715,36.37119],[128.40737,36.37108],[128.40883,36.37067],[128.40887,36.37048],[128.40964,36.37014],[128.40998,36.37025],[128.41069,36.36986],[128.41073,36.36973],[128.41099,36.36972],[128.41099,36.36982],[128.41123,36.36988],[128.412,36.3694],[128.41278,36.36927],[128.41371,36.36897],[128.41413,36.36874],[128.41425,36.36847],[128.41467,36.3684],[128.41472,36.36865],[128.41481,36.36871],[128.4153,36.36877],[128.41667,36.36853],[128.41795,36.36853],[128.41858,36.36832],[128.41805,36.36788],[128.41758,36.36761],[128.4156,36.36679],[128.41505,36.36629],[128.41458,36.36578],[128.414,36.36478],[128.4118,36.36191],[128.41203,36.3614],[128.41011,36.35984],[128.40974,36.35988],[128.40874,36.35897],[128.40714,36.35791],[128.40676,36.35777],[128.40457,36.35643],[128.404,36.35651],[128.40257,36.35613],[128.40268,36.35413],[128.40257,36.3537],[128.40237,36.35345],[128.4017,36.35288],[128.40247,36.35191],[128.40299,36.3516],[128.40339,36.35099],[128.40365,36.35083],[128.40422,36.35075],[128.40441,36.35066],[128.40502,36.35005],[128.40626,36.34938],[128.40689,36.34885],[128.40688,36.34877],[128.40639,36.34837],[128.40634,36.34819],[128.40596,36.3477],[128.40572,36.34755],[128.40562,36.34756],[128.40562,36.34765],[128.40522,36.34771],[128.40491,36.34735],[128.4047,36.34726],[128.40445,36.34701],[128.40368,36.3467],[128.40327,36.34668],[128.40278,36.34678],[128.40142,36.34643],[128.40097,36.34643],[128.40087,36.34634],[128.40083,36.34652],[128.40066,36.34662],[128.40053,36.34647],[128.39928,36.34593],[128.39854,36.34575],[128.39802,36.34613],[128.39718,36.34619],[128.39628,36.34564],[128.39445,36.34498],[128.39416,36.34473],[128.39327,36.34455],[128.39171,36.34402],[128.39045,36.34257],[128.39018,36.34236],[128.3898,36.34168],[128.38953,36.34076],[128.38995,36.34026],[128.3895,36.33871],[128.38921,36.33816],[128.38825,36.33684],[128.38741,36.33533],[128.38782,36.33402],[128.38752,36.33318],[128.38682,36.33242],[128.38609,36.33196],[128.38566,36.33159],[128.38541,36.33046],[128.38418,36.32886],[128.3822,36.32581],[128.38255,36.32547],[128.38254,36.32531],[128.38167,36.32493],[128.38043,36.3239],[128.37995,36.32297],[128.37874,36.3226],[128.37748,36.32292],[128.37518,36.32455],[128.37427,36.32451],[128.37352,36.32481],[128.37242,36.32497],[128.3723,36.32545],[128.36993,36.32935],[128.36752,36.33134],[128.367,36.33396],[128.36573,36.33812],[128.36378,36.33879],[128.3617,36.3403],[128.36087,36.34044],[128.35933,36.34049],[128.35833,36.34112],[128.35695,36.34121],[128.35377,36.34206],[128.35352,36.34075],[128.35127,36.34187],[128.34828,36.34317],[128.34835,36.34426],[128.34759,36.34494],[128.34635,36.34587],[128.34602,36.34686],[128.34504,36.34711],[128.34295,36.34729],[128.34086,36.3473],[128.34075,36.34725],[128.34027,36.34791],[128.3391,36.34807],[128.33841,36.34893],[128.33801,36.34894],[128.33713,36.34927],[128.33568,36.34928],[128.33464,36.34917],[128.33464,36.34843],[128.33325,36.3466],[128.33257,36.34527],[128.33349,36.34398],[128.3328,36.34394],[128.33195,36.34316],[128.3317,36.3425],[128.33067,36.34279],[128.32961,36.34233],[128.32894,36.34247],[128.32694,36.34239],[128.32575,36.3426],[128.32505,36.34186],[128.32363,36.34125],[128.32386,36.3406],[128.32271,36.33981],[128.32253,36.33921],[128.32199,36.33883],[128.3193,36.33748],[128.31874,36.33689],[128.31837,36.3362],[128.3172,36.3358],[128.31595,36.33548],[128.3162,36.33452],[128.31571,36.33362],[128.31566,36.33291],[128.31693,36.33233],[128.31719,36.33202],[128.3157,36.3316],[128.31533,36.33135],[128.31516,36.331],[128.31477,36.33075],[128.31374,36.33114],[128.31325,36.33085],[128.31188,36.3308],[128.31148,36.32998],[128.31002,36.33067],[128.30828,36.33026],[128.30794,36.33065],[128.30627,36.33139],[128.30542,36.33148],[128.30543,36.33164],[128.30475,36.3328],[128.30529,36.33355],[128.30463,36.33466],[128.30464,36.33521],[128.30512,36.33678],[128.30506,36.33753],[128.30473,36.33815],[128.30404,36.33895],[128.3041,36.33945],[128.3035,36.34011],[128.30345,36.34044],[128.30315,36.34072],[128.30327,36.34109],[128.30276,36.34212],[128.30189,36.34289],[128.30184,36.34347],[128.30153,36.34366],[128.30026,36.34397],[128.29752,36.34408],[128.29709,36.34509],[128.29576,36.34611],[128.29525,36.34688],[128.29469,36.34725],[128.29361,36.34861],[128.29167,36.34738],[128.28768,36.3463],[128.29204,36.35052],[128.29441,36.35128],[128.2967,36.35268],[128.2989,36.35544],[128.29974,36.35678],[128.30206,36.359],[128.30314,36.35982],[128.30422,36.36082],[128.30476,36.36112],[128.30531,36.36167],[128.30689,36.36259],[128.30724,36.36305],[128.30778,36.36136],[128.31034,36.36415],[128.31095,36.36541],[128.31174,36.36807],[128.31187,36.36894],[128.31177,36.36996],[128.31158,36.37095],[128.31142,36.37134],[128.31132,36.37512],[128.31201,36.37535],[128.31488,36.38244],[128.31444,36.38203],[128.31478,36.38367],[128.31516,36.3843],[128.31721,36.38671],[128.31749,36.38735],[128.3175,36.38763],[128.31874,36.38711],[128.32141,36.38636],[128.3216,36.38614],[128.32314,36.3855],[128.32417,36.38551],[128.32626,36.38619],[128.32663,36.38616],[128.32677,36.38677],[128.32789,36.38774],[128.32827,36.38834],[128.32874,36.38846],[128.32933,36.38904],[128.32918,36.38991],[128.32936,36.39067],[128.32992,36.39122],[128.33014,36.39177],[128.33038,36.39296],[128.33075,36.39353],[128.33077,36.39371],[128.33103,36.39413],[128.33107,36.39437],[128.33179,36.39486],[128.33243,36.39542],[128.3324,36.39656],[128.33356,36.39785],[128.33362,36.39822],[128.33303,36.39884],[128.33294,36.3991],[128.33271,36.39938],[128.33331,36.39976],[128.33333,36.40033],[128.33451,36.40058],[128.33532,36.40131],[128.33576,36.40209],[128.33646,36.40229],[128.33716,36.40274],[128.33778,36.40375],[128.33857,36.4044],[128.33904,36.40495],[128.3388,36.40563],[128.33889,36.40651],[128.33855,36.40741],[128.34023,36.40655],[128.34075,36.40641],[128.34287,36.40632],[128.34512,36.40672],[128.34538,36.4079],[128.34627,36.40958],[128.34671,36.41152],[128.34769,36.41346],[128.34839,36.41378],[128.35047,36.41409],[128.35186,36.41388],[128.35223,36.41363],[128.35392,36.41168],[128.35436,36.41097],[128.35446,36.41053],[128.35485,36.40968],[128.35419,36.40796],[128.35517,36.40626],[128.35578,36.40436]]]}},{"type":"Feature","properties":{"spatial_region":"단북면","facility_count":6,"total_capacity":102.0,"area_km2":23.86,"facilities_per_km2":0.251},"geometry":{"type":"Polygon","coordinates":[[[128.3889,36.41981],[128.38967,36.41915],[128.39135,36.41824],[128.39195,36.41807],[128.39267,36.41776],[128.39284,36.41753],[128.39336,36.41719],[128.39342,36.41725],[128.39503,36.41663],[128.39582,36.41589],[128.3967,36.41554],[128.39697,36.41514],[128.39729,36.41485],[128.39748,36.41449],[128.39761,36.41389],[128.39752,36.41362],[128.39774,36.4132],[128.39868,36.4126],[128.39933,36.41236],[128.39973,36.41196],[128.40054,36.41147],[128.40103,36.41107],[128.40248,36.41042],[128.40307,36.40991],[128.40396,36.40936],[128.40431,36.40896],[128.40474,36.40881],[128.40517,36.40875],[128.40542,36.40841],[128.40562,36.40828],[128.40603,36.40821],[128.40592,36.40848],[128.40615,36.409],[128.4062,36.40935],[128.4065,36.40948],[128.40709,36.41],[128.40761,36.41023],[128.4083,36.41025],[128.40882,36.41045],[128.40894,36.41037],[128.40946,36.41028],[128.40983,36.4103],[128.41,36.41059],[128.4103,36.41079],[128.4111,36.41115],[128.41137,36.41141],[128.4116,36.41145],[128.41227,36.41187],[128.41241,36.41179],[128.41292,36.41185],[128.41319,36.41172],[128.41358,36.41173],[128.41368,36.41185],[128.41447,36.41222],[128.4155,36.41343],[128.41579,36.41353],[128.41586,36.41364],[128.41698,36.4123],[128.41763,36.41094],[128.41798,36.40963],[128.41796,36.40907],[128.41815,36.40859],[128.41884,36.40793],[128.41984,36.40657],[128.42013,36.40634],[128.42097,36.4063],[128.42091,36.40554],[128.42204,36.40541],[128.4223,36.40548],[128.42283,36.40549],[128.42288,36.40554],[128.42223,36.40552],[128.42233,36.40576],[128.42341,36.40612],[128.42445,36.40657],[128.42524,36.40605],[128.42541,36.40578],[128.42491,36.40518],[128.42471,36.40447],[128.42474,36.40409],[128.42485,36.40397],[128.42481,36.40382],[128.4246,36.40377],[128.42415,36.40328],[128.42412,36.40278],[128.42401,36.40266],[128.42415,36.40245],[128.42437,36.40231],[128.42483,36.40234],[128.42496,36.4021],[128.42489,36.4018],[128.42462,36.40152],[128.42471,36.40144],[128.42472,36.40122],[128.42455,36.40073],[128.42443,36.40061],[128.42435,36.39967],[128.42414,36.39917],[128.42427,36.39839],[128.4249,36.39782],[128.42489,36.39751],[128.42504,36.39714],[128.42555,36.39646],[128.42574,36.39633],[128.42588,36.39598],[128.42552,36.39544],[128.42581,36.39459],[128.42566,36.39399],[128.42799,36.39326],[128.42864,36.39294],[128.42894,36.39292],[128.42959,36.39195],[128.4297,36.39159],[128.43003,36.39136],[128.43042,36.39092],[128.43107,36.39061],[128.43116,36.39024],[128.43163,36.38984],[128.43198,36.38935],[128.4319,36.38911],[128.43128,36.38878],[128.43098,36.38872],[128.43082,36.38859],[128.43069,36.38835],[128.43042,36.3882],[128.43003,36.38774],[128.4286,36.38723],[128.42815,36.38674],[128.42783,36.38655],[128.42769,36.38634],[128.42772,36.38626],[128.42734,36.38613],[128.42699,36.38612],[128.42695,36.38604],[128.42663,36.38604],[128.42634,36.38588],[128.42617,36.38589],[128.426,36.38544],[128.42626,36.38533],[128.42656,36.38506],[128.42669,36.38457],[128.42738,36.3842],[128.42768,36.3832],[128.42788,36.38294],[128.42809,36.38233],[128.42887,36.38228],[128.42903,36.38211],[128.42945,36.38207],[128.43051,36.38177],[128.43069,36.38158],[128.43086,36.38153],[128.43196,36.38149],[128.43284,36.38126],[128.43285,36.38067],[128.43303,36.38045],[128.43315,36.37955],[128.43303,36.37935],[128.43298,36.37863],[128.43229,36.37738],[128.43184,36.37686],[128.43255,36.37675],[128.43257,36.37669],[128.43245,36.37643],[128.43232,36.37641],[128.43225,36.37628],[128.43213,36.37582],[128.43233,36.37566],[128.43216,36.3752],[128.43212,36.37482],[128.43164,36.37356],[128.43149,36.37336],[128.43152,36.37293],[128.43171,36.37269],[128.43181,36.3724],[128.43177,36.37208],[128.4315,36.37169],[128.43137,36.37095],[128.43151,36.37028],[128.43149,36.36994],[128.43181,36.36904],[128.43174,36.36916],[128.43119,36.36743],[128.42677,36.36793],[128.42268,36.36794],[128.42126,36.36786],[128.41981,36.36759],[128.41818,36.3671],[128.41727,36.36675],[128.41669,36.36638],[128.41592,36.36656],[128.4156,36.36679],[128.41758,36.36761],[128.41805,36.36788],[128.41858,36.36832],[128.41795,36.36853],[128.41667,36.36853],[128.4153,36.36877],[128.41481,36.36871],[128.41472,36.36865],[128.41467,36.3684],[128.41425,36.36847],[128.41413,36.36874],[128.41371,36.36897],[128.41278,36.36927],[128.412,36.3694],[128.41123,36.36988],[128.41099,36.36982],[128.41099,36.36972],[128.41073,36.36973],[128.41069,36.36986],[128.40998,36.37025],[128.40964,36.37014],[128.40887,36.37048],[128.40883,36.37067],[128.40737,36.37108],[128.40715,36.37119],[128.40699,36.37142],[128.40625,36.3718],[128.40559,36.37252],[128.40536,36.3731],[128.4054,36.37321],[128.40524,36.37373],[128.40533,36.37376],[128.40532,36.37393],[128.40522,36.37417],[128.40487,36.37474],[128.40441,36.37505],[128.40456,36.37548],[128.40454,36.3757],[128.40424,36.37587],[128.40335,36.37601],[128.40277,36.37634],[128.40148,36.37644],[128.40097,36.37636],[128.39898,36.37688],[128.39852,36.37711],[128.39823,36.37711],[128.3975,36.37766],[128.39738,36.37811],[128.39753,36.37848],[128.39748,36.37852],[128.3966,36.37876],[128.39592,36.37878],[128.39493,36.37863],[128.39338,36.37815],[128.39294,36.37811],[128.39241,36.37818],[128.39194,36.37801],[128.39134,36.37809],[128.38672,36.37801],[128.38673,36.37929],[128.38586,36.38127],[128.38529,36.38307],[128.38492,36.38483],[128.38422,36.38649],[128.38407,36.3871],[128.38362,36.38788],[128.38264,36.38885],[128.38203,36.38928],[128.38008,36.38949],[128.3791,36.38984],[128.37889,36.39007],[128.3778,36.39032],[128.37645,36.39051],[128.37452,36.39055],[128.37461,36.39078],[128.37448,36.3911],[128.37354,36.39131],[128.37231,36.39122],[128.3722,36.3908],[128.36958,36.39125],[128.36671,36.39361],[128.36527,36.39448],[128.36494,36.39483],[128.36446,36.39558],[128.36526,36.39574],[128.36429,36.39641],[128.36355,36.39674],[128.36187,36.3971],[128.36058,36.3976],[128.35947,36.39822],[128.35915,36.39857],[128.35846,36.39961],[128.35799,36.39965],[128.3566,36.40248],[128.35578,36.40436],[128.35517,36.40626],[128.35419,36.40796],[128.35485,36.40968],[128.35446,36.41053],[128.35446,36.41075],[128.35392,36.41168],[128.35269,36.41311],[128.35422,36.41404],[128.35509,36.41384],[128.35531,36.41388],[128.35557,36.41402],[128.35596,36.41447],[128.35614,36.41524],[128.35589,36.41586],[128.35572,36.4167],[128.35566,36.41669],[128.35551,36.41703],[128.35558,36.41705],[128.35542,36.41728],[128.35559,36.41712],[128.3558,36.4182],[128.3556,36.41946],[128.35604,36.41983],[128.35605,36.41995],[128.35625,36.42013],[128.3566,36.42033],[128.35675,36.42055],[128.35671,36.42074],[128.35775,36.42061],[128.35761,36.42044],[128.35766,36.4203],[128.35778,36.42019],[128.35803,36.42012],[128.36022,36.41994],[128.36074,36.41966],[128.36132,36.41952],[128.36248,36.41863],[128.36306,36.41741],[128.36416,36.41639],[128.36437,36.4159],[128.36454,36.41573],[128.36519,36.41539],[128.36538,36.41519],[128.36606,36.41491],[128.36644,36.41512],[128.36717,36.41525],[128.36709,36.41503],[128.36721,36.41479],[128.36748,36.41455],[128.36846,36.41431],[128.36886,36.41452],[128.36898,36.41451],[128.36927,36.41413],[128.37021,36.4138],[128.37069,36.41344],[128.37108,36.41343],[128.37135,36.41325],[128.37197,36.41261],[128.37228,36.41298],[128.37282,36.41278],[128.3731,36.4128],[128.37506,36.41387],[128.37893,36.41452],[128.38002,36.41399],[128.38038,36.41402],[128.38118,36.41481],[128.38232,36.41545],[128.38297,36.41625],[128.38389,36.4165],[128.38411,36.41691],[128.38417,36.41761],[128.38309,36.41856],[128.38231,36.41912],[128.38291,36.41992],[128.38404,36.42061],[128.38451,36.42121],[128.3848,36.42124],[128.38487,36.42131],[128.3856,36.42138],[128.38617,36.42191],[128.38635,36.42198],[128.3872,36.42223],[128.38763,36.42133],[128.3889,36.41981]]]}},{"type":"Feature","properties":{"spatial_region":"안계면","facility_count":32,"total_capacity":2183.4,"area_km2":43.71,"facilities_per_km2":0.732},"geometry":{"type":"Polygon","coordinates":[[[128.43469,36.43374],[128.43555,36.43394],[128.43581,36.43392],[128.4365,36.43418],[128.43735,36.43402],[128.43845,36.43399],[128.43978,36.43331],[128.44021,36.43282],[128.4407,36.43258],[128.44097,36.43262],[128.44155,36.43246],[128.44211,36.43252],[128.4432,36.43196],[128.44313,36.43176],[128.4435,36.43134],[128.44405,36.43033],[128.44489,36.42936],[128.44615,36.42865],[128.44679,36.42808],[128.44811,36.42716],[128.44896,36.42738],[128.44996,36.42705],[128.45083,36.42704],[128.45214,36.42685],[128.45254,36.42763],[128.4532,36.42856],[128.45449,36.42994],[128.45476,36.43064],[128.45502,36.43031],[128.45534,36.4302],[128.45605,36.42966],[128.45642,36.42961],[128.45703,36.42971],[128.45754,36.43022],[128.45846,36.43058],[128.45987,36.43044],[128.46135,36.43045],[128.4625,36.43021],[128.46266,36.43052],[128.46279,36.43058],[128.46293,36.43049],[128.46272,36.43018],[128.46495,36.43002],[128.46589,36.42956],[128.46677,36.42895],[128.46711,36.42792],[128.46651,36.42738],[128.46721,36.42648],[128.46718,36.42546],[128.46736,36.42532],[128.46874,36.42516],[128.46894,36.42503],[128.46899,36.42404],[128.46939,36.42365],[128.47004,36.4233],[128.47127,36.42234],[128.47135,36.42213],[128.47125,36.42079],[128.47116,36.42048],[128.47124,36.41976],[128.47092,36.41938],[128.4708,36.41906],[128.4709,36.41898],[128.47077,36.41899],[128.47036,36.4179],[128.47024,36.41657],[128.4704,36.41615],[128.47078,36.41586],[128.47149,36.41367],[128.47346,36.41235],[128.47398,36.41214],[128.47418,36.41177],[128.47456,36.41173],[128.4751,36.41216],[128.47631,36.41194],[128.47802,36.41198],[128.47872,36.41232],[128.47984,36.41317],[128.48003,36.41387],[128.48088,36.41445],[128.48204,36.41477],[128.48418,36.41389],[128.48607,36.41334],[128.48621,36.41293],[128.48696,36.41245],[128.48751,36.4123],[128.48822,36.41226],[128.48857,36.4105],[128.48907,36.40986],[128.48781,36.40899],[128.48769,36.40848],[128.48609,36.40772],[128.48625,36.40637],[128.48585,36.40614],[128.48642,36.40486],[128.48688,36.40425],[128.48687,36.40288],[128.48729,36.40268],[128.48779,36.40225],[128.48803,36.4009],[128.48762,36.39963],[128.48828,36.39942],[128.48898,36.39908],[128.48911,36.39859],[128.48914,36.39734],[128.4898,36.39716],[128.49013,36.39665],[128.4914,36.39621],[128.49183,36.39615],[128.49252,36.39646],[128.49297,36.39679],[128.49421,36.39713],[128.49502,36.3971],[128.49629,36.39754],[128.4966,36.3973],[128.49843,36.39642],[128.4993,36.39652],[128.50009,36.39679],[128.50206,36.39648],[128.50286,36.3959],[128.50299,36.39563],[128.50409,36.39509],[128.5049,36.395],[128.50558,36.3943],[128.50625,36.39408],[128.50692,36.39267],[128.50842,36.3915],[128.50817,36.39085],[128.50852,36.39053],[128.50846,36.39002],[128.5078,36.38851],[128.50738,36.38672],[128.50743,36.38633],[128.50792,36.38569],[128.50834,36.3855],[128.50884,36.38501],[128.50913,36.38454],[128.5091,36.38411],[128.50841,36.38319],[128.50798,36.38231],[128.50782,36.38128],[128.50667,36.38035],[128.50635,36.37977],[128.50565,36.37916],[128.50571,36.37801],[128.50546,36.37719],[128.5053,36.377],[128.50515,36.37632],[128.50527,36.37516],[128.50454,36.3739],[128.50401,36.37326],[128.50333,36.37309],[128.50229,36.3724],[128.49996,36.37131],[128.49978,36.37077],[128.50025,36.36947],[128.50065,36.369],[128.50135,36.36859],[128.50116,36.36711],[128.50081,36.36682],[128.50044,36.36493],[128.49889,36.36415],[128.49936,36.36247],[128.49826,36.36162],[128.49777,36.36141],[128.49764,36.36115],[128.49819,36.36052],[128.49799,36.35991],[128.49742,36.35938],[128.49578,36.35864],[128.49369,36.35832],[128.49249,36.35779],[128.49145,36.35701],[128.49093,36.35649],[128.48998,36.35531],[128.49003,36.35499],[128.48911,36.35433],[128.48901,36.35506],[128.4882,36.35675],[128.48793,36.35717],[128.48719,36.35741],[128.48566,36.35742],[128.4845,36.35767],[128.48443,36.35776],[128.48228,36.35763],[128.48116,36.35878],[128.47915,36.3585],[128.47818,36.35828],[128.47656,36.35822],[128.47592,36.35801],[128.47442,36.35799],[128.47393,36.35778],[128.47312,36.35823],[128.47303,36.35861],[128.47311,36.35883],[128.47297,36.35906],[128.47208,36.35957],[128.47117,36.36045],[128.46986,36.36139],[128.46971,36.36133],[128.46899,36.36144],[128.46801,36.36142],[128.46768,36.36134],[128.46702,36.36199],[128.46702,36.36178],[128.46689,36.36195],[128.46672,36.36282],[128.46644,36.36341],[128.46608,36.36368],[128.46567,36.36414],[128.46529,36.36495],[128.46505,36.36525],[128.46309,36.36525],[128.46248,36.3657],[128.46156,36.36609],[128.45934,36.36681],[128.45719,36.36736],[128.45657,36.36747],[128.45539,36.36753],[128.45463,36.36749],[128.45349,36.36782],[128.45105,36.36812],[128.44563,36.36837],[128.4437,36.36825],[128.44032,36.36819],[128.43735,36.36792],[128.43728,36.36689],[128.43105,36.36693],[128.43174,36.36916],[128.43181,36.36904],[128.43149,36.36994],[128.43151,36.37028],[128.43137,36.37095],[128.4315,36.37169],[128.43177,36.37208],[128.43181,36.3724],[128.43171,36.37269],[128.43152,36.37293],[128.43149,36.37336],[128.43164,36.37356],[128.43212,36.37482],[128.43216,36.3752],[128.43233,36.37566],[128.43213,36.37582],[128.43225,36.37628],[128.43232,36.37641],[128.43245,36.37643],[128.43257,36.37669],[128.43255,36.37675],[128.43184,36.37686],[128.43229,36.37738],[128.43298,36.37863],[128.43303,36.37935],[128.43315,36.37955],[128.43303,36.38045],[128.43285,36.38067],[128.43284,36.38126],[128.43196,36.38149],[128.43086,36.38153],[128.43069,36.38158],[128.43051,36.38177],[128.42945,36.38207],[128.42903,36.38211],[128.42887,36.38228],[128.42809,36.38233],[128.42788,36.38294],[128.42768,36.3832],[128.42738,36.3842],[128.42669,36.38457],[128.42656,36.38506],[128.42626,36.38533],[128.426,36.38544],[128.42617,36.38589],[128.42634,36.38588],[128.42663,36.38604],[128.42695,36.38604],[128.42699,36.38612],[128.42734,36.38613],[128.42772,36.38626],[128.42769,36.38634],[128.42783,36.38655],[128.42815,36.38674],[128.4286,36.38723],[128.43003,36.38774],[128.43042,36.3882],[128.43069,36.38835],[128.43082,36.38859],[128.43098,36.38872],[128.43128,36.38878],[128.4319,36.38911],[128.43198,36.38935],[128.43163,36.38984],[128.43116,36.39024],[128.43107,36.39061],[128.43042,36.39092],[128.43003,36.39136],[128.4297,36.39159],[128.42959,36.39195],[128.42894,36.39292],[128.42864,36.39294],[128.42799,36.39326],[128.42566,36.39399],[128.42581,36.39459],[128.42552,36.39544],[128.42588,36.39598],[128.42574,36.39633],[128.42555,36.39646],[128.42504,36.39714],[128.42489,36.39751],[128.4249,36.39782],[128.42427,36.39839],[128.42414,36.39917],[128.42435,36.39967],[128.42443,36.40061],[128.42455,36.40073],[128.42472,36.40122],[128.42471,36.40144],[128.42462,36.40152],[128.42489,36.4018],[128.42496,36.4021],[128.42483,36.40234],[128.42437,36.40231],[128.42415,36.40245],[128.42401,36.40266],[128.42412,36.40278],[128.42415,36.40328],[128.4246,36.40377],[128.42481,36.40382],[128.42485,36.40397],[128.42474,36.40409],[128.42471,36.40447],[128.42491,36.40518],[128.42541,36.40578],[128.42524,36.40605],[128.42445,36.40657],[128.42341,36.40612],[128.42233,36.40576],[128.42223,36.40552],[128.42288,36.40554],[128.42283,36.40549],[128.4223,36.40548],[128.42204,36.40541],[128.42091,36.40554],[128.42097,36.4063],[128.42013,36.40634],[128.41984,36.40657],[128.41884,36.40793],[128.41815,36.40859],[128.41796,36.40907],[128.41798,36.40963],[128.41763,36.41094],[128.41698,36.4123],[128.41586,36.41364],[128.41604,36.41384],[128.41683,36.41396],[128.41809,36.41461],[128.4182,36.41491],[128.4191,36.41569],[128.41984,36.41691],[128.42035,36.41801],[128.42162,36.41893],[128.42209,36.41917],[128.42202,36.41921],[128.4222,36.41944],[128.42395,36.42049],[128.42485,36.42083],[128.42549,36.4207],[128.42635,36.42097],[128.42646,36.42092],[128.42653,36.421],[128.42648,36.42123],[128.42691,36.42103],[128.42695,36.42107],[128.42732,36.42177],[128.42735,36.42242],[128.4275,36.42299],[128.42763,36.42311],[128.42775,36.42309],[128.42795,36.4235],[128.42789,36.42455],[128.42802,36.42457],[128.42681,36.42577],[128.42661,36.42619],[128.42643,36.42619],[128.42643,36.42737],[128.42652,36.42788],[128.42679,36.42813],[128.42712,36.42875],[128.42729,36.42879],[128.42733,36.42891],[128.4279,36.42893],[128.42802,36.42924],[128.42811,36.42926],[128.42807,36.42915],[128.4282,36.42907],[128.42884,36.42946],[128.42911,36.42947],[128.42914,36.42965],[128.42931,36.42969],[128.42948,36.42988],[128.42956,36.43006],[128.42945,36.43017],[128.42964,36.4305],[128.42982,36.43051],[128.42995,36.43064],[128.43004,36.43087],[128.42999,36.43097],[128.43005,36.43105],[128.43009,36.431],[128.43026,36.43153],[128.43031,36.43237],[128.43111,36.43412],[128.43214,36.43536],[128.43279,36.435],[128.43335,36.43488],[128.43469,36.43374]]]}},{"type":"Feature","properties":{"spatial_region":"다인면","facility_count":38,"total_capacity":1404.2,"area_km2":89.68,"facilities_per_km2":0.424},"geometry":{"type":"Polygon","coordinates":[[[128.3656,36.53016],[128.36655,36.52947],[128.36795,36.52698],[128.36795,36.52483],[128.36786,36.52386],[128.36791,36.52161],[128.36822,36.51902],[128.36861,36.51874],[128.37071,36.51672],[128.37085,36.51619],[128.37061,36.51463],[128.36976,36.51194],[128.36953,36.51075],[128.36958,36.50956],[128.3697,36.50893],[128.3701,36.50804],[128.37067,36.50706],[128.37235,36.50494],[128.37331,36.50405],[128.37394,36.50365],[128.37553,36.503],[128.37791,36.50341],[128.38111,36.50431],[128.38205,36.50448],[128.38304,36.50293],[128.38343,36.50277],[128.38381,36.50246],[128.38389,36.50225],[128.38424,36.50195],[128.38427,36.50184],[128.38482,36.50141],[128.38514,36.50143],[128.38578,36.50125],[128.38622,36.50076],[128.38647,36.5002],[128.38729,36.49981],[128.38839,36.50016],[128.38958,36.5008],[128.39108,36.49937],[128.39156,36.49911],[128.3922,36.49897],[128.39253,36.4991],[128.39298,36.49864],[128.39421,36.49847],[128.39501,36.49776],[128.39596,36.49447],[128.39558,36.49404],[128.3956,36.49386],[128.39622,36.49336],[128.39699,36.4916],[128.39869,36.49168],[128.39963,36.4919],[128.40051,36.49131],[128.40123,36.49121],[128.40281,36.49063],[128.40338,36.49051],[128.40418,36.49073],[128.40568,36.48952],[128.40658,36.48942],[128.40746,36.48878],[128.40812,36.4887],[128.40893,36.48788],[128.40945,36.48782],[128.41026,36.48697],[128.41118,36.48702],[128.41149,36.48685],[128.4122,36.48548],[128.41217,36.48478],[128.41249,36.48439],[128.41282,36.48368],[128.41332,36.4835],[128.41409,36.48272],[128.41464,36.48241],[128.41477,36.48182],[128.4151,36.4812],[128.41583,36.48123],[128.41677,36.47889],[128.41696,36.47866],[128.41712,36.47757],[128.41834,36.47612],[128.41831,36.47495],[128.41956,36.47436],[128.4191,36.47358],[128.41895,36.47285],[128.41955,36.47073],[128.42024,36.46931],[128.42042,36.46847],[128.42052,36.46716],[128.42188,36.46642],[128.42288,36.4655],[128.42425,36.4642],[128.42515,36.46303],[128.42638,36.46175],[128.42623,36.46091],[128.42588,36.45996],[128.42479,36.45814],[128.42438,36.45672],[128.42434,36.45552],[128.42393,36.45421],[128.42356,36.45347],[128.42226,36.45189],[128.42026,36.45057],[128.41872,36.44862],[128.41946,36.44714],[128.42142,36.44584],[128.42189,36.44415],[128.42226,36.44357],[128.42334,36.44272],[128.42279,36.44156],[128.42318,36.44118],[128.42493,36.44026],[128.426,36.43912],[128.42569,36.43842],[128.42583,36.43809],[128.42666,36.43749],[128.42722,36.43679],[128.42821,36.43648],[128.42922,36.43562],[128.42956,36.4357],[128.43038,36.4355],[128.43114,36.43574],[128.43214,36.43536],[128.43111,36.43412],[128.43031,36.43237],[128.43026,36.43153],[128.43009,36.431],[128.43005,36.43105],[128.42999,36.43097],[128.43004,36.43087],[128.42995,36.43064],[128.42982,36.43051],[128.42964,36.4305],[128.42945,36.43017],[128.42956,36.43006],[128.42948,36.42988],[128.42931,36.42969],[128.42914,36.42965],[128.42911,36.42947],[128.42884,36.42946],[128.4282,36.42907],[128.42807,36.42915],[128.42811,36.42926],[128.42802,36.42924],[128.4279,36.42893],[128.42733,36.42891],[128.42729,36.42879],[128.42712,36.42875],[128.42679,36.42813],[128.42652,36.42788],[128.42643,36.42737],[128.42643,36.42619],[128.42661,36.42619],[128.42681,36.42577],[128.42802,36.42457],[128.42789,36.42455],[128.42795,36.4235],[128.42775,36.42309],[128.42763,36.42311],[128.42746,36.42291],[128.42735,36.42242],[128.42732,36.42177],[128.42691,36.42103],[128.42648,36.42123],[128.42653,36.421],[128.42646,36.42092],[128.42635,36.42097],[128.42549,36.4207],[128.42485,36.42083],[128.42395,36.42049],[128.4222,36.41944],[128.42202,36.41921],[128.42209,36.41917],[128.42162,36.41893],[128.42035,36.41801],[128.41984,36.41691],[128.4191,36.41569],[128.4182,36.41491],[128.41809,36.41461],[128.41683,36.41396],[128.41604,36.41384],[128.41579,36.41353],[128.4155,36.41343],[128.41447,36.41222],[128.41353,36.41171],[128.41319,36.41172],[128.41292,36.41185],[128.41241,36.41179],[128.41227,36.41187],[128.4116,36.41145],[128.41137,36.41141],[128.4111,36.41115],[128.4103,36.41079],[128.41,36.41059],[128.40983,36.4103],[128.40972,36.41027],[128.40894,36.41037],[128.40882,36.41045],[128.4083,36.41025],[128.40778,36.41027],[128.40728,36.41009],[128.40695,36.40992],[128.4065,36.40948],[128.4062,36.40935],[128.40615,36.409],[128.40592,36.40848],[128.40603,36.40821],[128.40551,36.40833],[128.40517,36.40875],[128.40474,36.40881],[128.40431,36.40896],[128.40396,36.40936],[128.40307,36.40991],[128.40248,36.41042],[128.40103,36.41107],[128.40054,36.41147],[128.39973,36.41196],[128.39933,36.41236],[128.39868,36.4126],[128.39774,36.4132],[128.39752,36.41362],[128.39761,36.41389],[128.39748,36.41449],[128.39729,36.41485],[128.39663,36.4156],[128.39582,36.41589],[128.39503,36.41663],[128.39342,36.41725],[128.39336,36.41719],[128.39284,36.41753],[128.39267,36.41776],[128.39195,36.41807],[128.39135,36.41824],[128.38967,36.41915],[128.3889,36.41981],[128.38851,36.42025],[128.38845,36.42043],[128.38794,36.42088],[128.38756,36.42146],[128.3872,36.42223],[128.38617,36.42191],[128.3856,36.42138],[128.38487,36.42131],[128.3848,36.42124],[128.38451,36.42121],[128.38404,36.42061],[128.38291,36.41992],[128.38273,36.41973],[128.38231,36.41912],[128.38309,36.41856],[128.38417,36.41761],[128.38411,36.41691],[128.38389,36.4165],[128.38297,36.41625],[128.38232,36.41545],[128.38118,36.41481],[128.38038,36.41402],[128.38002,36.41399],[128.37893,36.41452],[128.37506,36.41387],[128.3731,36.4128],[128.37282,36.41278],[128.37228,36.41298],[128.37197,36.41261],[128.37135,36.41325],[128.37108,36.41343],[128.37069,36.41344],[128.37021,36.4138],[128.36927,36.41413],[128.36898,36.41451],[128.36886,36.41452],[128.36846,36.41431],[128.36748,36.41455],[128.36721,36.41479],[128.36709,36.41503],[128.36717,36.41525],[128.36644,36.41512],[128.36606,36.41491],[128.36538,36.41519],[128.36519,36.41539],[128.36454,36.41573],[128.36437,36.4159],[128.36416,36.41639],[128.36306,36.41741],[128.36248,36.41863],[128.36132,36.41952],[128.36074,36.41966],[128.36022,36.41994],[128.35803,36.42012],[128.35778,36.42019],[128.35766,36.4203],[128.35761,36.42044],[128.35775,36.42061],[128.35671,36.42074],[128.35675,36.42055],[128.3566,36.42033],[128.35625,36.42013],[128.35605,36.41995],[128.35604,36.41983],[128.3556,36.41946],[128.3558,36.4182],[128.35559,36.41712],[128.35542,36.41728],[128.35558,36.41705],[128.35551,36.41703],[128.35566,36.41669],[128.35572,36.4167],[128.35589,36.41586],[128.35614,36.41522],[128.35596,36.41447],[128.35557,36.41402],[128.35515,36.41384],[128.35422,36.41404],[128.35269,36.41311],[128.35223,36.41363],[128.35186,36.41388],[128.35047,36.41409],[128.34839,36.41378],[128.34769,36.41346],[128.34671,36.41152],[128.34627,36.40958],[128.34538,36.4079],[128.34512,36.40672],[128.34287,36.40632],[128.34075,36.40641],[128.34023,36.40655],[128.33868,36.40731],[128.33794,36.40797],[128.33724,36.40877],[128.33613,36.40953],[128.33487,36.4102],[128.33387,36.4103],[128.33305,36.41059],[128.33407,36.41105],[128.33336,36.41239],[128.33303,36.41524],[128.33241,36.41635],[128.3329,36.41682],[128.33281,36.41767],[128.33247,36.41878],[128.33376,36.42013],[128.33412,36.42015],[128.33396,36.42068],[128.33354,36.42113],[128.33241,36.42112],[128.33141,36.42125],[128.33085,36.42169],[128.33027,36.4223],[128.33004,36.42287],[128.32971,36.42329],[128.32974,36.42341],[128.32936,36.42346],[128.32889,36.42367],[128.32846,36.42358],[128.32776,36.42392],[128.32737,36.42392],[128.32685,36.42406],[128.32358,36.42391],[128.32336,36.42401],[128.32302,36.42396],[128.32189,36.42344],[128.32175,36.42359],[128.32174,36.42436],[128.32166,36.42459],[128.32176,36.42477],[128.32182,36.42576],[128.32228,36.42674],[128.32302,36.42765],[128.32296,36.42834],[128.32278,36.42858],[128.323,36.42875],[128.32287,36.43038],[128.32236,36.43101],[128.32209,36.43194],[128.32172,36.43187],[128.32164,36.43225],[128.32276,36.43301],[128.32295,36.43351],[128.32353,36.43395],[128.32358,36.43435],[128.32416,36.43524],[128.3249,36.43605],[128.32525,36.43624],[128.32561,36.43666],[128.32651,36.43693],[128.32627,36.43801],[128.32546,36.43858],[128.32571,36.43906],[128.3259,36.44032],[128.32557,36.44056],[128.3251,36.4416],[128.32485,36.44193],[128.32438,36.44212],[128.32415,36.4426],[128.32363,36.4432],[128.32369,36.44434],[128.32335,36.44474],[128.3228,36.44491],[128.32266,36.44504],[128.32269,36.44518],[128.32207,36.44544],[128.32187,36.44566],[128.32092,36.44569],[128.31981,36.44595],[128.31959,36.44623],[128.31893,36.44648],[128.31848,36.44681],[128.31819,36.4479],[128.31772,36.44905],[128.31724,36.44952],[128.31629,36.45095],[128.31481,36.45165],[128.31388,36.45247],[128.31404,36.45408],[128.31351,36.45456],[128.31322,36.45593],[128.31272,36.45707],[128.31271,36.4575],[128.31252,36.45818],[128.31239,36.45848],[128.31213,36.45877],[128.31214,36.46011],[128.31174,36.461],[128.31096,36.46148],[128.31073,36.46155],[128.31078,36.46209],[128.31039,36.46248],[128.31026,36.46289],[128.3096,36.46311],[128.30906,36.4636],[128.30863,36.46381],[128.30897,36.46473],[128.30933,36.46506],[128.30949,36.46565],[128.31008,36.46642],[128.31048,36.4672],[128.31154,36.46862],[128.31272,36.46911],[128.31314,36.46958],[128.31412,36.47027],[128.31458,36.47076],[128.31585,36.47055],[128.31676,36.47067],[128.31791,36.47059],[128.31834,36.4711],[128.31875,36.4711],[128.32046,36.47137],[128.32012,36.47196],[128.32033,36.47314],[128.32051,36.47343],[128.32051,36.47378],[128.32095,36.4745],[128.32161,36.47516],[128.32209,36.47545],[128.32285,36.47525],[128.32315,36.47509],[128.32347,36.47516],[128.32384,36.4758],[128.3243,36.47621],[128.32453,36.47657],[128.32476,36.4772],[128.32539,36.4776],[128.32603,36.47836],[128.32649,36.47849],[128.32671,36.47869],[128.32677,36.47908],[128.32757,36.47997],[128.32764,36.48068],[128.32755,36.48108],[128.32822,36.48145],[128.32934,36.48236],[128.32976,36.4826],[128.33003,36.48329],[128.33054,36.48372],[128.33074,36.48429],[128.33121,36.48495],[128.33131,36.48549],[128.33184,36.48572],[128.3324,36.48582],[128.33394,36.48668],[128.33423,36.48706],[128.33474,36.48738],[128.33518,36.48754],[128.33576,36.48804],[128.336,36.48864],[128.3378,36.48871],[128.33791,36.48877],[128.33875,36.48988],[128.33858,36.49051],[128.33804,36.49131],[128.33713,36.49167],[128.33695,36.49213],[128.33699,36.49265],[128.33644,36.49356],[128.33606,36.49439],[128.33596,36.49517],[128.33709,36.49584],[128.33824,36.49692],[128.33801,36.49742],[128.33622,36.49873],[128.33598,36.49937],[128.3365,36.49962],[128.3365,36.50003],[128.33729,36.5011],[128.33852,36.50207],[128.33915,36.50238],[128.33972,36.50278],[128.34001,36.50337],[128.34041,36.50381],[128.34055,36.50451],[128.34118,36.50498],[128.34072,36.50584],[128.34148,36.50661],[128.34196,36.5069],[128.34168,36.50981],[128.34235,36.51014],[128.34319,36.51132],[128.3439,36.51187],[128.3444,36.51242],[128.34491,36.51359],[128.34532,36.51382],[128.34556,36.51414],[128.34551,36.51444],[128.34504,36.51562],[128.34489,36.5165],[128.34401,36.51857],[128.34398,36.51934],[128.34354,36.52013],[128.34368,36.5211],[128.34269,36.52139],[128.34096,36.52289],[128.34071,36.52373],[128.34103,36.52434],[128.3413,36.52445],[128.34186,36.52502],[128.34168,36.5251],[128.34232,36.52527],[128.34281,36.52519],[128.34277,36.5255],[128.34311,36.52566],[128.34359,36.5256],[128.34373,36.52569],[128.34413,36.52574],[128.34448,36.52568],[128.34522,36.52621],[128.34614,36.52645],[128.34753,36.52759],[128.34997,36.52693],[128.35024,36.52694],[128.35103,36.52727],[128.35303,36.52731],[128.35382,36.52709],[128.35418,36.52744],[128.35501,36.52777],[128.3555,36.52812],[128.35545,36.52829],[128.3561,36.52888],[128.35642,36.52904],[128.35685,36.52913],[128.3583,36.53049],[128.35826,36.5325],[128.35855,36.53259],[128.36033,36.53242],[128.36127,36.53219],[128.36289,36.53152],[128.36415,36.53078],[128.3656,36.53016]]]}},{"type":"Feature","properties":{"spatial_region":"신평면","facility_count":0,"total_capacity":0.0,"area_km2":55.68,"facilities_per_km2":0.0},"geometry":{"type":"Polygon","coordinates":[[[128.49462,36.5165],[128.49538,36.51658],[128.4961,36.51617],[128.49656,36.51543],[128.49715,36.51503],[128.49796,36.51427],[128.49847,36.51355],[128.49856,36.51331],[128.49875,36.51319],[128.49887,36.51245],[128.49927,36.51201],[128.49897,36.51108],[128.49941,36.50991],[128.49942,36.50944],[128.4999,36.50879],[128.50068,36.50736],[128.50064,36.5049],[128.50082,36.50446],[128.50107,36.50436],[128.50117,36.50413],[128.50188,36.50335],[128.5021,36.50298],[128.50316,36.5023],[128.504,36.50151],[128.504,36.5012],[128.50422,36.50053],[128.50418,36.50036],[128.50443,36.49999],[128.5054,36.49906],[128.50647,36.49972],[128.50738,36.49981],[128.50789,36.49979],[128.5087,36.50007],[128.51018,36.50029],[128.51137,36.49968],[128.51293,36.49795],[128.51347,36.49785],[128.51414,36.49758],[128.51427,36.49771],[128.51486,36.49784],[128.5158,36.49779],[128.5167,36.49717],[128.51724,36.49717],[128.51773,36.49735],[128.51843,36.49816],[128.51874,36.49836],[128.51986,36.49791],[128.52076,36.49822],[128.52117,36.49807],[128.52312,36.49826],[128.52466,36.49739],[128.52573,36.49803],[128.52643,36.49885],[128.52713,36.49874],[128.52843,36.49839],[128.52879,36.49813],[128.52946,36.49809],[128.52984,36.49798],[128.53145,36.49828],[128.53148,36.49835],[128.53253,36.49797],[128.53269,36.49742],[128.53334,36.49684],[128.53344,36.49645],[128.53392,36.49554],[128.53486,36.49525],[128.53718,36.49507],[128.5379,36.49551],[128.53857,36.49536],[128.53914,36.49547],[128.53985,36.49446],[128.53985,36.49414],[128.54059,36.49319],[128.54094,36.49298],[128.54099,36.49272],[128.54187,36.49239],[128.54192,36.4921],[128.54241,36.49151],[128.54298,36.49139],[128.54358,36.49028],[128.54437,36.49016],[128.5463,36.49066],[128.54852,36.49033],[128.54953,36.49035],[128.54997,36.48985],[128.55031,36.48975],[128.55126,36.48906],[128.5517,36.48817],[128.55195,36.48601],[128.55281,36.48477],[128.55249,36.48438],[128.55244,36.48419],[128.55244,36.48344],[128.55306,36.48277],[128.55231,36.48158],[128.55225,36.48125],[128.55201,36.48091],[128.55242,36.47963],[128.55191,36.47828],[128.55253,36.47753],[128.55239,36.47589],[128.55375,36.47461],[128.55439,36.47429],[128.55503,36.47414],[128.55564,36.4737],[128.55591,36.47337],[128.55662,36.47332],[128.55829,36.47269],[128.55899,36.47216],[128.55834,36.4708],[128.55844,36.47014],[128.55809,36.4695],[128.55864,36.4682],[128.5596,36.4673],[128.56011,36.46618],[128.55982,36.46548],[128.55981,36.46508],[128.55987,36.46478],[128.56033,36.46421],[128.56068,36.46319],[128.56119,36.46284],[128.56142,36.46257],[128.56293,36.46151],[128.56323,36.46104],[128.56471,36.46081],[128.56443,36.45993],[128.56563,36.45929],[128.56534,36.45833],[128.56587,36.45794],[128.56592,36.45672],[128.56516,36.45531],[128.56584,36.45476],[128.56604,36.45448],[128.56643,36.45244],[128.56558,36.45199],[128.56494,36.45031],[128.56509,36.44953],[128.56249,36.44872],[128.56216,36.44815],[128.56161,36.44766],[128.56103,36.44784],[128.5603,36.44784],[128.55902,36.44641],[128.55789,36.44432],[128.5575,36.44394],[128.5575,36.44363],[128.55726,36.44352],[128.55682,36.44347],[128.55632,36.44277],[128.55615,36.44194],[128.55569,36.44154],[128.5556,36.44128],[128.55524,36.44099],[128.55481,36.4408],[128.55452,36.44035],[128.55411,36.44024],[128.55318,36.43973],[128.55222,36.43901],[128.55138,36.43864],[128.55103,36.43915],[128.55067,36.43929],[128.55046,36.43928],[128.54946,36.43976],[128.54816,36.44097],[128.54766,36.44097],[128.54704,36.44112],[128.54679,36.44105],[128.54576,36.44135],[128.54527,36.4405],[128.54423,36.44],[128.5439,36.43969],[128.54276,36.43965],[128.54213,36.43909],[128.5413,36.43903],[128.54012,36.43919],[128.53962,36.43904],[128.53849,36.43936],[128.53757,36.43929],[128.53589,36.43975],[128.53551,36.43953],[128.53267,36.43993],[128.532,36.43956],[128.53162,36.43951],[128.53123,36.43908],[128.53085,36.43889],[128.53045,36.43763],[128.53022,36.43756],[128.52962,36.43715],[128.53028,36.43585],[128.53088,36.43522],[128.53106,36.43454],[128.53195,36.43376],[128.53222,36.43306],[128.53251,36.43281],[128.53276,36.43212],[128.53264,36.43176],[128.53234,36.43133],[128.5322,36.43083],[128.53224,36.43039],[128.53159,36.42972],[128.53108,36.42896],[128.53098,36.42824],[128.53144,36.42764],[128.53146,36.42649],[128.53181,36.42634],[128.53203,36.42573],[128.5312,36.42517],[128.53066,36.42453],[128.53007,36.42405],[128.52926,36.42362],[128.52849,36.42277],[128.52841,36.42284],[128.52821,36.42273],[128.52754,36.42284],[128.52693,36.42259],[128.52641,36.42282],[128.52483,36.42268],[128.52321,36.42228],[128.52222,36.42178],[128.52169,36.42185],[128.52115,36.42234],[128.51977,36.42268],[128.51818,36.42252],[128.51754,36.42216],[128.51563,36.42172],[128.51468,36.42174],[128.51388,36.4223],[128.51025,36.42294],[128.50959,36.4236],[128.50859,36.4249],[128.50711,36.42536],[128.50664,36.42634],[128.50698,36.42672],[128.50674,36.42791],[128.50569,36.42837],[128.50366,36.43009],[128.50318,36.43018],[128.50255,36.43053],[128.50201,36.4313],[128.50167,36.43149],[128.50017,36.43179],[128.49923,36.43236],[128.49841,36.43268],[128.49875,36.43366],[128.49933,36.43427],[128.49951,36.43478],[128.49993,36.43512],[128.50011,36.43569],[128.5009,36.43683],[128.50085,36.43748],[128.50066,36.43802],[128.5004,36.43962],[128.50081,36.44033],[128.50096,36.44092],[128.50138,36.44144],[128.50029,36.44214],[128.49922,36.44319],[128.49873,36.44335],[128.49818,36.44335],[128.49761,36.44351],[128.49648,36.44452],[128.49517,36.44492],[128.4949,36.44507],[128.49437,36.44563],[128.49373,36.44579],[128.49343,36.44681],[128.49337,36.4483],[128.4935,36.44869],[128.49349,36.44938],[128.49319,36.4504],[128.49158,36.45218],[128.49057,36.4531],[128.48991,36.45362],[128.48887,36.4536],[128.4879,36.4534],[128.48683,36.45388],[128.48597,36.45445],[128.48408,36.45533],[128.48419,36.4562],[128.48472,36.45799],[128.48443,36.45867],[128.48398,36.45931],[128.48412,36.46044],[128.4838,36.46123],[128.48346,36.46269],[128.4829,36.46351],[128.48231,36.46397],[128.48151,36.46421],[128.47968,36.4642],[128.47784,36.46539],[128.47705,36.46579],[128.47652,36.46652],[128.47638,36.46726],[128.47589,36.46743],[128.47663,36.4691],[128.47645,36.46984],[128.47637,36.4732],[128.47652,36.47345],[128.47521,36.47403],[128.47395,36.47519],[128.47349,36.47581],[128.47262,36.47616],[128.47154,36.47683],[128.47103,36.47753],[128.46999,36.47744],[128.46868,36.4775],[128.46567,36.47881],[128.46432,36.47975],[128.46374,36.48038],[128.46305,36.48063],[128.46208,36.48139],[128.46105,36.48192],[128.4594,36.48211],[128.45824,36.48264],[128.45637,36.48301],[128.45414,36.48327],[128.45324,36.4839],[128.45276,36.48437],[128.45197,36.48575],[128.45165,36.48596],[128.45131,36.48648],[128.45129,36.48725],[128.45165,36.48734],[128.45214,36.48813],[128.45213,36.4884],[128.45277,36.48886],[128.45287,36.49045],[128.45328,36.49104],[128.45408,36.49112],[128.4546,36.4909],[128.45562,36.49269],[128.4575,36.49388],[128.45816,36.49217],[128.45934,36.49131],[128.45983,36.49062],[128.46002,36.49049],[128.46035,36.4903],[128.46092,36.49026],[128.46151,36.49044],[128.46209,36.49091],[128.46203,36.49097],[128.46227,36.4914],[128.46231,36.49185],[128.46226,36.49336],[128.46245,36.49501],[128.46238,36.49614],[128.46257,36.49653],[128.46365,36.49715],[128.46364,36.49729],[128.46401,36.49747],[128.4638,36.49864],[128.46415,36.49892],[128.46494,36.49884],[128.46601,36.49904],[128.46928,36.49916],[128.47013,36.49929],[128.47095,36.49903],[128.47358,36.49882],[128.47419,36.49861],[128.47473,36.49874],[128.47483,36.49917],[128.47466,36.50019],[128.47499,36.50056],[128.47518,36.50209],[128.47516,36.50568],[128.47636,36.50647],[128.47629,36.50866],[128.47617,36.50881],[128.47678,36.51024],[128.47549,36.5119],[128.47565,36.51337],[128.47599,36.51354],[128.47598,36.51395],[128.47642,36.5143],[128.47727,36.5145],[128.47765,36.51473],[128.47903,36.51433],[128.47961,36.51456],[128.48082,36.51484],[128.48158,36.5148],[128.48255,36.51417],[128.48293,36.51413],[128.48442,36.51478],[128.48633,36.5147],[128.48715,36.51561],[128.48777,36.51614],[128.48799,36.51646],[128.4889,36.51709],[128.49036,36.51732],[128.49059,36.51757],[128.49158,36.51757],[128.49286,36.51693],[128.4939,36.51692],[128.49462,36.5165]]]}},{"type":"Feature","properties":{"spatial_region":"안평면","facility_count":60,"total_capacity":982.1,"area_km2":101.06,"facilities_per_km2":0.594},"geometry":{"type":"Polygon","coordinates":[[[128.57217,36.447],[128.57279,36.44641],[128.57357,36.44597],[128.57427,36.44447],[128.57518,36.44363],[128.57588,36.44171],[128.5765,36.44136],[128.577,36.44075],[128.57707,36.44004],[128.57901,36.43961],[128.58013,36.43991],[128.58199,36.44008],[128.58346,36.44072],[128.58441,36.44028],[128.58586,36.44029],[128.58628,36.44022],[128.58704,36.43961],[128.58785,36.43977],[128.58927,36.43916],[128.58989,36.43865],[128.59044,36.43849],[128.59062,36.43811],[128.59159,36.43727],[128.59315,36.43663],[128.59447,36.43547],[128.59529,36.43441],[128.59551,36.43368],[128.59704,36.43294],[128.59741,36.43239],[128.59821,36.43164],[128.59708,36.43072],[128.59672,36.42974],[128.59676,36.42888],[128.59652,36.42878],[128.5963,36.42887],[128.59617,36.42877],[128.59632,36.42873],[128.59624,36.42854],[128.59533,36.42738],[128.59549,36.42671],[128.59651,36.42555],[128.59715,36.42506],[128.5962,36.42396],[128.59516,36.42208],[128.59549,36.42109],[128.59592,36.41877],[128.59604,36.41754],[128.59683,36.41594],[128.59678,36.41519],[128.59714,36.41467],[128.59678,36.4138],[128.59697,36.4133],[128.59674,36.41259],[128.59717,36.41017],[128.59778,36.40909],[128.59799,36.40908],[128.59796,36.40887],[128.59903,36.4086],[128.59975,36.40818],[128.60045,36.40796],[128.60084,36.4076],[128.60164,36.40773],[128.60293,36.40546],[128.60356,36.40514],[128.60426,36.40564],[128.60469,36.40666],[128.60523,36.40721],[128.6058,36.40759],[128.60616,36.4084],[128.60621,36.4098],[128.60695,36.41022],[128.60706,36.41074],[128.60689,36.41129],[128.60729,36.41151],[128.60789,36.41227],[128.60797,36.41285],[128.60863,36.41338],[128.60936,36.41477],[128.61007,36.41467],[128.61062,36.41353],[128.61086,36.4135],[128.61136,36.41298],[128.61086,36.41231],[128.61063,36.41172],[128.61158,36.411],[128.61193,36.41102],[128.61241,36.41134],[128.61349,36.41119],[128.61364,36.41077],[128.61361,36.41005],[128.61432,36.40943],[128.61475,36.4098],[128.61487,36.41027],[128.61604,36.41059],[128.61783,36.41014],[128.61849,36.41025],[128.62029,36.41026],[128.62087,36.40979],[128.62189,36.40924],[128.62282,36.40959],[128.62431,36.40942],[128.62446,36.4093],[128.62499,36.40932],[128.62591,36.4085],[128.62611,36.40847],[128.62672,36.40804],[128.62804,36.408],[128.62858,36.40708],[128.62752,36.40688],[128.62717,36.40616],[128.62643,36.4052],[128.62687,36.4034],[128.6272,36.40272],[128.62764,36.40239],[128.62813,36.40229],[128.62832,36.40195],[128.62925,36.40168],[128.62928,36.40155],[128.62955,36.40149],[128.63026,36.401],[128.63172,36.40117],[128.63246,36.40147],[128.63288,36.40145],[128.6336,36.40098],[128.63384,36.40057],[128.63441,36.40045],[128.63539,36.40055],[128.63602,36.40126],[128.63671,36.40147],[128.63696,36.40091],[128.6382,36.40005],[128.63822,36.39987],[128.63737,36.39913],[128.63696,36.39866],[128.63689,36.39806],[128.63732,36.39728],[128.63818,36.39696],[128.63881,36.3964],[128.63991,36.3958],[128.64048,36.39475],[128.64089,36.3942],[128.64082,36.39368],[128.64097,36.39303],[128.64142,36.3925],[128.64166,36.39244],[128.64251,36.39173],[128.64242,36.39135],[128.64258,36.39021],[128.644,36.38895],[128.64396,36.38828],[128.64412,36.38784],[128.64399,36.38696],[128.64433,36.38626],[128.64442,36.38563],[128.64435,36.38528],[128.64467,36.38441],[128.64521,36.38472],[128.64608,36.38502],[128.64725,36.38517],[128.64793,36.38535],[128.64871,36.38538],[128.6487,36.38474],[128.64902,36.38389],[128.64936,36.38356],[128.64934,36.38319],[128.65017,36.3817],[128.65159,36.38215],[128.65225,36.38175],[128.65314,36.38186],[128.65427,36.38155],[128.65444,36.38142],[128.65501,36.3804],[128.65576,36.38023],[128.65606,36.38009],[128.65681,36.3793],[128.65733,36.37911],[128.65724,36.37847],[128.65781,36.37811],[128.65829,36.37709],[128.65834,36.37674],[128.6575,36.37566],[128.65767,36.3751],[128.65887,36.37415],[128.65963,36.37299],[128.66068,36.37216],[128.66105,36.37161],[128.66092,36.37152],[128.66113,36.37038],[128.66081,36.36968],[128.66045,36.36804],[128.65966,36.36723],[128.65953,36.3669],[128.65968,36.36617],[128.65943,36.36546],[128.65776,36.36358],[128.65759,36.36313],[128.65721,36.36269],[128.65711,36.36273],[128.65702,36.3625],[128.65554,36.36153],[128.65627,36.36104],[128.65627,36.36022],[128.65696,36.35944],[128.65704,36.3578],[128.65696,36.35681],[128.65664,36.35612],[128.65627,36.35573],[128.65634,36.35459],[128.65627,36.35409],[128.65597,36.35322],[128.6561,36.35241],[128.65593,36.35161],[128.65588,36.35076],[128.65496,36.35055],[128.65489,36.35017],[128.65521,36.34894],[128.65598,36.34761],[128.65555,36.34679],[128.65491,36.34617],[128.65379,36.34718],[128.65246,36.34805],[128.65079,36.34933],[128.64795,36.34979],[128.64708,36.34979],[128.64639,36.35019],[128.64636,36.35072],[128.6445,36.35052],[128.64386,36.35008],[128.64281,36.35],[128.64227,36.3505],[128.64124,36.34963],[128.64116,36.34826],[128.64065,36.34783],[128.64025,36.34672],[128.63973,36.34607],[128.63876,36.34555],[128.6372,36.34374],[128.63594,36.34316],[128.63574,36.3423],[128.63487,36.34181],[128.63454,36.34112],[128.63401,36.34049],[128.63353,36.33961],[128.63257,36.34024],[128.63057,36.34049],[128.62955,36.34026],[128.62862,36.34045],[128.62799,36.33991],[128.62739,36.33869],[128.62716,36.33724],[128.62661,36.33595],[128.62669,36.33445],[128.62645,36.33362],[128.62598,36.33343],[128.62457,36.33401],[128.62251,36.33406],[128.6216,36.33321],[128.62009,36.33323],[128.6188,36.33458],[128.61779,36.33394],[128.61639,36.33346],[128.61567,36.33384],[128.61504,36.33375],[128.61371,36.33381],[128.61281,36.33468],[128.61218,36.33514],[128.61153,36.33482],[128.61039,36.33492],[128.6089,36.33435],[128.60789,36.33448],[128.60774,36.33466],[128.6067,36.33513],[128.60569,36.33633],[128.60424,36.33548],[128.60278,36.33546],[128.60145,36.33297],[128.6013,36.33215],[128.59933,36.33131],[128.59924,36.33102],[128.5985,36.33073],[128.59826,36.3301],[128.59762,36.32988],[128.59654,36.32976],[128.59582,36.32931],[128.5948,36.32965],[128.59407,36.32921],[128.59395,36.32872],[128.59277,36.3279],[128.59217,36.3277],[128.59162,36.32737],[128.59072,36.3276],[128.58998,36.32825],[128.58963,36.32914],[128.58922,36.3295],[128.58909,36.33015],[128.5886,36.33015],[128.58802,36.33027],[128.58743,36.33077],[128.58671,36.33117],[128.58702,36.33112],[128.58691,36.33117],[128.58654,36.33125],[128.58632,36.33119],[128.58563,36.33129],[128.58529,36.33118],[128.58481,36.33129],[128.58335,36.33107],[128.58273,36.33107],[128.58246,36.3311],[128.58222,36.33123],[128.58215,36.33118],[128.58173,36.3312],[128.5811,36.33146],[128.58105,36.33141],[128.58078,36.33157],[128.57981,36.3311],[128.58001,36.33148],[128.57962,36.33167],[128.57887,36.33226],[128.57877,36.33262],[128.57794,36.33317],[128.57693,36.33416],[128.57656,36.33468],[128.57476,36.3349],[128.5738,36.33455],[128.57239,36.33372],[128.57178,36.33376],[128.57095,36.33412],[128.57021,36.33415],[128.56924,36.33389],[128.56848,36.33432],[128.56843,36.33526],[128.56827,36.33598],[128.56776,36.33642],[128.56725,36.33724],[128.5665,36.3376],[128.56605,36.33949],[128.56478,36.33974],[128.56444,36.34058],[128.56391,36.34101],[128.56385,36.34137],[128.56222,36.34225],[128.56215,36.3426],[128.5618,36.34327],[128.5625,36.34414],[128.56275,36.34526],[128.56245,36.34638],[128.56262,36.34739],[128.56188,36.34829],[128.56057,36.3494],[128.55943,36.34995],[128.55894,36.35096],[128.5586,36.35194],[128.55916,36.35237],[128.56009,36.35373],[128.5593,36.35431],[128.55913,36.35539],[128.55893,36.35597],[128.55522,36.35725],[128.5542,36.35822],[128.55446,36.35922],[128.555,36.36015],[128.5548,36.36133],[128.55451,36.36192],[128.55426,36.36224],[128.55329,36.36294],[128.55272,36.3639],[128.55165,36.36484],[128.55183,36.36665],[128.5514,36.3677],[128.5508,36.36869],[128.54978,36.36891],[128.54958,36.36906],[128.54929,36.37094],[128.54902,36.37452],[128.54795,36.37569],[128.54746,36.37636],[128.5474,36.37701],[128.54653,36.37774],[128.54604,36.37884],[128.54431,36.38056],[128.54409,36.38101],[128.54167,36.38389],[128.54016,36.38499],[128.53953,36.38507],[128.53871,36.38477],[128.53759,36.38449],[128.53727,36.38424],[128.53608,36.38407],[128.53501,36.38406],[128.53442,36.38379],[128.53346,36.38405],[128.53213,36.38431],[128.53096,36.38362],[128.52969,36.38358],[128.5288,36.38337],[128.52841,36.38306],[128.52752,36.38344],[128.5271,36.38395],[128.52694,36.38427],[128.52603,36.38518],[128.52523,36.38552],[128.52341,36.38621],[128.52179,36.38659],[128.52097,36.38686],[128.5184,36.38709],[128.51855,36.38758],[128.51861,36.38834],[128.51816,36.38892],[128.51857,36.38942],[128.51846,36.39025],[128.51791,36.39063],[128.51804,36.39164],[128.51794,36.39224],[128.51773,36.39268],[128.51791,36.39309],[128.51746,36.39404],[128.51791,36.39447],[128.51806,36.39496],[128.5179,36.39572],[128.51851,36.3968],[128.51707,36.39964],[128.51717,36.40039],[128.51664,36.40136],[128.51651,36.40224],[128.51675,36.40284],[128.51701,36.40312],[128.51713,36.40371],[128.51839,36.40443],[128.51811,36.40545],[128.51747,36.40594],[128.51749,36.40656],[128.51697,36.40712],[128.51573,36.40717],[128.51541,36.40765],[128.51418,36.40823],[128.51441,36.40865],[128.5147,36.40971],[128.51496,36.41024],[128.51473,36.41061],[128.51479,36.41153],[128.51501,36.41231],[128.51555,36.41341],[128.51613,36.41547],[128.51674,36.4158],[128.51648,36.41654],[128.51607,36.41688],[128.51612,36.41745],[128.51534,36.41792],[128.51493,36.41884],[128.51399,36.41988],[128.51468,36.42174],[128.51563,36.42172],[128.51754,36.42216],[128.51818,36.42252],[128.51977,36.42268],[128.52115,36.42234],[128.52169,36.42185],[128.52222,36.42178],[128.52321,36.42228],[128.52483,36.42268],[128.52641,36.42282],[128.52693,36.42259],[128.52754,36.42284],[128.52821,36.42273],[128.52841,36.42284],[128.52849,36.42277],[128.52926,36.42362],[128.53007,36.42405],[128.53066,36.42453],[128.5312,36.42517],[128.53203,36.42573],[128.53181,36.42634],[128.53146,36.42649],[128.53144,36.42764],[128.53098,36.42824],[128.53108,36.42896],[128.53159,36.42972],[128.53224,36.43039],[128.5322,36.43083],[128.53234,36.43133],[128.53264,36.43176],[128.53276,36.43212],[128.53251,36.43281],[128.53222,36.43306],[128.53195,36.43376],[128.53106,36.43454],[128.53088,36.43522],[128.53028,36.43585],[128.52962,36.43715],[128.53022,36.43756],[128.53045,36.43763],[128.53085,36.43889],[128.53123,36.43908],[128.53162,36.43951],[128.532,36.43956],[128.53267,36.43993],[128.53551,36.43953],[128.53589,36.43975],[128.53757,36.43929],[128.53849,36.43936],[128.53962,36.43904],[128.54012,36.43919],[128.5413,36.43903],[128.54213,36.43909],[128.54276,36.43965],[128.5439,36.43969],[128.54423,36.44],[128.54527,36.4405],[128.54576,36.44135],[128.54679,36.44105],[128.54704,36.44112],[128.54766,36.44097],[128.54816,36.44097],[128.54946,36.43976],[128.55046,36.43928],[128.55067,36.43929],[128.55103,36.43915],[128.55138,36.43864],[128.55222,36.43901],[128.55318,36.43973],[128.55411,36.44024],[128.55452,36.44035],[128.55481,36.4408],[128.55524,36.44099],[128.5556,36.44128],[128.55569,36.44154],[128.55615,36.44194],[128.55632,36.44277],[128.55682,36.44347],[128.55726,36.44352],[128.5575,36.44363],[128.5575,36.44394],[128.55789,36.44432],[128.55902,36.44641],[128.5603,36.44784],[128.56103,36.44784],[128.56161,36.44766],[128.56216,36.44815],[128.56249,36.44872],[128.56509,36.44953],[128.56494,36.45031],[128.56558,36.45199],[128.56643,36.45244],[128.57002,36.45091],[128.5707,36.44995],[128.57084,36.44939],[128.57131,36.44878],[128.57143,36.44824],[128.57174,36.44761],[128.57217,36.447]]]}},{"type":"Feature","properties":{"spatial_region":"안사면","facility_count":28,"total_capacity":1226.4,"area_km2":61.67,"facilities_per_km2":0.454},"geometry":{"type":"Polygon","coordinates":[[[128.42512,36.52062],[128.42643,36.52076],[128.42732,36.52101],[128.42835,36.52036],[128.42776,36.52011],[128.4278,36.52007],[128.42849,36.52037],[128.42877,36.52015],[128.42933,36.5199],[128.43065,36.51964],[128.43279,36.51885],[128.43427,36.51894],[128.43564,36.51814],[128.4359,36.51757],[128.43705,36.51632],[128.43614,36.51541],[128.43544,36.51452],[128.43472,36.51404],[128.4338,36.51295],[128.43313,36.51268],[128.43256,36.51162],[128.43198,36.51108],[128.43225,36.50868],[128.43259,36.50797],[128.43295,36.50755],[128.43317,36.50682],[128.43315,36.50636],[128.43364,36.50467],[128.4331,36.50284],[128.43353,36.50241],[128.43446,36.5023],[128.43552,36.50283],[128.43694,36.50243],[128.4371,36.50232],[128.43755,36.50165],[128.43941,36.49988],[128.44094,36.499],[128.44255,36.49827],[128.44348,36.49796],[128.44433,36.49658],[128.44445,36.49595],[128.44512,36.49536],[128.44603,36.49512],[128.44662,36.49466],[128.44752,36.4945],[128.44819,36.49408],[128.4488,36.49403],[128.44992,36.49281],[128.45085,36.49246],[128.45153,36.49259],[128.4522,36.49165],[128.45328,36.49104],[128.45287,36.49045],[128.45277,36.48886],[128.45213,36.4884],[128.45214,36.48813],[128.45165,36.48734],[128.45129,36.48725],[128.45129,36.48655],[128.45165,36.48596],[128.45197,36.48575],[128.45276,36.48437],[128.45324,36.4839],[128.45414,36.48327],[128.45637,36.48301],[128.45824,36.48264],[128.4594,36.48211],[128.46105,36.48192],[128.46208,36.48139],[128.46305,36.48063],[128.46374,36.48038],[128.46432,36.47975],[128.46567,36.47881],[128.46868,36.4775],[128.46999,36.47744],[128.47103,36.47753],[128.47154,36.47683],[128.47262,36.47616],[128.47349,36.47581],[128.47395,36.47519],[128.47521,36.47403],[128.47652,36.47345],[128.47637,36.4732],[128.47645,36.46984],[128.47663,36.4691],[128.47589,36.46743],[128.47638,36.46726],[128.47652,36.46652],[128.47705,36.46579],[128.47784,36.46539],[128.47968,36.4642],[128.48151,36.46421],[128.48231,36.46397],[128.4829,36.46351],[128.48346,36.46269],[128.4838,36.46123],[128.48412,36.46044],[128.48398,36.45931],[128.48443,36.45867],[128.48472,36.45799],[128.48419,36.4562],[128.48408,36.45533],[128.48597,36.45445],[128.48683,36.45388],[128.4879,36.4534],[128.48887,36.4536],[128.48991,36.45362],[128.49057,36.4531],[128.49158,36.45218],[128.49319,36.4504],[128.49349,36.44938],[128.4935,36.44869],[128.49337,36.4483],[128.49343,36.44681],[128.49373,36.44579],[128.49437,36.44563],[128.4949,36.44507],[128.49517,36.44492],[128.49648,36.44452],[128.49761,36.44351],[128.49818,36.44335],[128.49873,36.44335],[128.49922,36.44319],[128.50029,36.44214],[128.50138,36.44144],[128.50096,36.44092],[128.50081,36.44033],[128.5004,36.43962],[128.50066,36.43802],[128.50085,36.43748],[128.5009,36.43683],[128.50011,36.43569],[128.49993,36.43512],[128.49951,36.43478],[128.49933,36.43427],[128.49875,36.43366],[128.49841,36.43268],[128.49923,36.43236],[128.50017,36.43179],[128.50167,36.43149],[128.50201,36.4313],[128.50255,36.43053],[128.50318,36.43018],[128.50366,36.43009],[128.50569,36.42837],[128.50674,36.42791],[128.50698,36.42672],[128.50664,36.42634],[128.50711,36.42536],[128.50859,36.4249],[128.50959,36.4236],[128.51025,36.42294],[128.51388,36.4223],[128.51468,36.42174],[128.51399,36.41988],[128.51493,36.41884],[128.51534,36.41792],[128.51612,36.41745],[128.51607,36.41688],[128.51648,36.41654],[128.51674,36.4158],[128.51613,36.41547],[128.51555,36.41341],[128.51501,36.41231],[128.51479,36.41153],[128.51473,36.41061],[128.51496,36.41024],[128.5147,36.40971],[128.51441,36.40865],[128.51418,36.40823],[128.51541,36.40765],[128.51573,36.40717],[128.51697,36.40712],[128.51749,36.40656],[128.51747,36.40594],[128.51811,36.40545],[128.51839,36.40443],[128.51713,36.40371],[128.51701,36.40312],[128.51675,36.40284],[128.51651,36.40224],[128.51664,36.40136],[128.51717,36.40039],[128.51707,36.39964],[128.51851,36.3968],[128.5179,36.39572],[128.51806,36.39496],[128.51791,36.39447],[128.51746,36.39404],[128.51791,36.39309],[128.51773,36.39268],[128.51794,36.39224],[128.51804,36.39164],[128.51791,36.39063],[128.51846,36.39025],[128.51857,36.38942],[128.51816,36.38892],[128.51861,36.38834],[128.51855,36.38758],[128.5184,36.38709],[128.51731,36.38644],[128.5154,36.38613],[128.51488,36.38588],[128.5143,36.3851],[128.51412,36.38414],[128.51419,36.38401],[128.51286,36.38317],[128.51168,36.38324],[128.50907,36.38396],[128.50913,36.38454],[128.50884,36.38501],[128.50834,36.3855],[128.50792,36.38569],[128.50743,36.38633],[128.50738,36.38672],[128.50765,36.38797],[128.5078,36.38851],[128.50846,36.39002],[128.50852,36.39053],[128.50817,36.39085],[128.50842,36.3915],[128.50692,36.39267],[128.50625,36.39408],[128.50558,36.3943],[128.5049,36.395],[128.50409,36.39509],[128.50299,36.39563],[128.50286,36.3959],[128.50206,36.39648],[128.50009,36.39679],[128.4993,36.39652],[128.49843,36.39642],[128.4966,36.3973],[128.49629,36.39754],[128.49502,36.3971],[128.49421,36.39713],[128.49297,36.39679],[128.49252,36.39646],[128.49183,36.39615],[128.4914,36.39621],[128.49013,36.39665],[128.4898,36.39716],[128.48914,36.39734],[128.48911,36.39859],[128.48898,36.39908],[128.48828,36.39942],[128.48762,36.39963],[128.48803,36.4009],[128.48779,36.40225],[128.48729,36.40268],[128.48687,36.40288],[128.48688,36.40425],[128.48642,36.40486],[128.48585,36.40614],[128.48625,36.40637],[128.48609,36.40772],[128.48769,36.40848],[128.48781,36.40899],[128.48907,36.40986],[128.48857,36.4105],[128.48822,36.41226],[128.48751,36.4123],[128.48696,36.41245],[128.48621,36.41293],[128.48607,36.41334],[128.48418,36.41389],[128.48204,36.41477],[128.48088,36.41445],[128.48003,36.41387],[128.47984,36.41317],[128.47872,36.41232],[128.47802,36.41198],[128.47631,36.41194],[128.4751,36.41216],[128.47456,36.41173],[128.47418,36.41177],[128.47398,36.41214],[128.47346,36.41235],[128.47149,36.41367],[128.47078,36.41586],[128.4704,36.41615],[128.47024,36.41657],[128.47036,36.4179],[128.47077,36.41899],[128.4709,36.41898],[128.4708,36.41906],[128.47092,36.41938],[128.47124,36.41976],[128.47116,36.42048],[128.47125,36.42079],[128.47135,36.42213],[128.47127,36.42234],[128.47004,36.4233],[128.46939,36.42365],[128.46899,36.42404],[128.46894,36.42503],[128.46874,36.42516],[128.46736,36.42532],[128.46718,36.42546],[128.46721,36.42648],[128.46651,36.42738],[128.46711,36.42792],[128.46677,36.42895],[128.46589,36.42956],[128.46495,36.43002],[128.46272,36.43018],[128.46293,36.43049],[128.46279,36.43058],[128.46266,36.43052],[128.4625,36.43021],[128.46135,36.43045],[128.45987,36.43044],[128.45846,36.43058],[128.45754,36.43022],[128.45703,36.42971],[128.45642,36.42961],[128.45605,36.42966],[128.45534,36.4302],[128.45502,36.43031],[128.45476,36.43064],[128.45449,36.42994],[128.4532,36.42856],[128.45254,36.42763],[128.45214,36.42685],[128.45083,36.42704],[128.44996,36.42705],[128.44896,36.42738],[128.44811,36.42716],[128.44679,36.42808],[128.44615,36.42865],[128.44489,36.42936],[128.44405,36.43033],[128.4435,36.43134],[128.44313,36.43176],[128.4432,36.43196],[128.44211,36.43252],[128.44155,36.43246],[128.44097,36.43262],[128.4407,36.43258],[128.44021,36.43282],[128.43978,36.43331],[128.43845,36.43399],[128.43735,36.43402],[128.4365,36.43418],[128.43581,36.43392],[128.43555,36.43394],[128.43469,36.43374],[128.43335,36.43488],[128.43279,36.435],[128.43214,36.43536],[128.43114,36.43574],[128.43038,36.4355],[128.42956,36.4357],[128.42922,36.43562],[128.42821,36.43648],[128.42722,36.43679],[128.42666,36.43749],[128.42583,36.43809],[128.42569,36.43842],[128.426,36.43912],[128.42493,36.44026],[128.42318,36.44118],[128.42279,36.44156],[128.42334,36.44272],[128.42226,36.44357],[128.42189,36.44415],[128.42142,36.44584],[128.41946,36.44714],[128.41872,36.44862],[128.42026,36.45057],[128.42226,36.45189],[128.42356,36.45347],[128.42393,36.45421],[128.42434,36.45552],[128.42438,36.45672],[128.42479,36.45814],[128.42588,36.45996],[128.42623,36.46091],[128.42638,36.46175],[128.42515,36.46303],[128.42425,36.4642],[128.42288,36.4655],[128.42188,36.46642],[128.42052,36.46716],[128.42042,36.46847],[128.42024,36.46931],[128.41955,36.47073],[128.41895,36.47285],[128.4191,36.47358],[128.41956,36.47436],[128.41831,36.47495],[128.41834,36.47612],[128.41712,36.47757],[128.41696,36.47866],[128.41677,36.47889],[128.41583,36.48123],[128.4151,36.4812],[128.41477,36.48182],[128.41464,36.48241],[128.41409,36.48272],[128.41332,36.4835],[128.41282,36.48368],[128.41249,36.48439],[128.41217,36.48478],[128.4122,36.48548],[128.41149,36.48685],[128.41118,36.48702],[128.41026,36.48697],[128.40945,36.48782],[128.40893,36.48788],[128.40812,36.4887],[128.40746,36.48878],[128.40658,36.48942],[128.40568,36.48952],[128.40418,36.49073],[128.40338,36.49051],[128.40281,36.49063],[128.40123,36.49121],[128.40051,36.49131],[128.39963,36.4919],[128.39869,36.49168],[128.39699,36.4916],[128.39622,36.49336],[128.3956,36.49386],[128.39558,36.49404],[128.39596,36.49447],[128.39501,36.49776],[128.39421,36.49847],[128.39298,36.49864],[128.39253,36.4991],[128.3922,36.49897],[128.39156,36.49911],[128.39108,36.49937],[128.38958,36.5008],[128.38839,36.50016],[128.38729,36.49981],[128.38647,36.5002],[128.38622,36.50076],[128.38578,36.50125],[128.38514,36.50143],[128.38482,36.50141],[128.38427,36.50184],[128.38424,36.50195],[128.38389,36.50225],[128.38381,36.50246],[128.38343,36.50277],[128.38304,36.50293],[128.38205,36.50448],[128.38417,36.50493],[128.38547,36.50545],[128.38668,36.50608],[128.39053,36.50707],[128.39269,36.50736],[128.39323,36.5075],[128.39593,36.5086],[128.39743,36.50911],[128.39782,36.50935],[128.39875,36.50961],[128.40003,36.51008],[128.40269,36.51184],[128.40267,36.51272],[128.40519,36.51467],[128.40892,36.51673],[128.41018,36.51809],[128.41273,36.52008],[128.41424,36.52082],[128.41447,36.52106],[128.41622,36.52175],[128.41938,36.52296],[128.42005,36.52203],[128.42118,36.52149],[128.42258,36.52098],[128.42344,36.52072],[128.42512,36.52062]]]}}]}