{
"type": "FeatureCollection",
"name": "uiseong_population",
"crs": { "type": "name", "properties": { "name": "urn:ogc:def:crs:OGC:1.3:CRS84" } },
"features": [
{ "type": "Feature", "properties": { "spatial_region": "의성읍", "facility_count": 41, "total_capacity": 622.0, "area_km2": 68.28, "facilities_per_km2": 0.6, "population_status": "AVAILABLE", "emd_code": "4773025000", "emd_name": "의성읍", "total_population": 12086, "youth_population": 1873, "youth_ratio": 15.497269568095318, "elderly_population": 4338, "elderly_ratio": 35.89276849247063, "population_change": -210, "year": 2025 }, "geometry": { "type": "Polygon", "coordinates": [ [ [ 128.696397147173229, 36.40244204055994 ], [ 128.697286653380814, 36.402260309780559 ], [ 128.6978625170822, 36.40192624481417 ], [ 128.69792975967286, 36.401874679926372 ], [ 128.697968880683561, 36.401822079296679 ], [ 128.698016776196397, 36.401757659657562 ], [ 128.698730559291221, 36.400797812220503 ], [ 128.699070631722435, 36.400672357605067 ], [ 128.699560930398718, 36.400519913506244 ], [ 128.700319730852669, 36.400305135319499 ], [ 128.700329682093354, 36.400294463594769 ], [ 128.700945740316428, 36.399632632449233 ], [ 128.701683873238807, 36.399339266092575 ], [ 128.702227621195163, 36.39885813735966 ], [ 128.702648026064026, 36.398715886781545 ], [ 128.70275521966812, 36.398686218246134 ], [ 128.702826098897276, 36.398655692829166 ], [ 128.702984599061978, 36.398562890633436 ], [ 128.703033787303468, 36.398511530034718 ], [ 128.703064725458773, 36.398475299426657 ], [ 128.703082123072988, 36.39835947118879 ], [ 128.70329592355165, 36.398088592459047 ], [ 128.703575796864016, 36.397874669521634 ], [ 128.70381497498812, 36.397691788749611 ], [ 128.704016756931708, 36.397745009559529 ], [ 128.704301779874385, 36.397820209296214 ], [ 128.704846448653882, 36.397963902127316 ], [ 128.705427963689431, 36.397906931415669 ], [ 128.705764894955848, 36.397698200271471 ], [ 128.705751210654512, 36.396961437369654 ], [ 128.705836074496176, 36.396613572627594 ], [ 128.705927688257447, 36.396358120918784 ], [ 128.706110841712217, 36.396048978841414 ], [ 128.706543672576828, 36.395585858412858 ], [ 128.706545803287582, 36.395570661023918 ], [ 128.706580529845951, 36.395575396775655 ], [ 128.706621939330489, 36.39555788123247 ], [ 128.706618782751576, 36.395552520521335 ], [ 128.706615915817054, 36.395523595065526 ], [ 128.706619411916364, 36.395447914863503 ], [ 128.70664045047883, 36.395293200749116 ], [ 128.706645199683607, 36.395287111585937 ], [ 128.706619845781262, 36.395271062336676 ], [ 128.70654165321784, 36.39502277860197 ], [ 128.706570931363302, 36.395017984601864 ], [ 128.706531973053359, 36.394944398412491 ], [ 128.706555339394242, 36.394911167077218 ], [ 128.706713424717833, 36.394682958795102 ], [ 128.707041638692345, 36.394457963394053 ], [ 128.707202715698799, 36.394310767539181 ], [ 128.707360773049402, 36.394174963764385 ], [ 128.708052656908421, 36.3939687936616 ], [ 128.70806846347233, 36.39393299315465 ], [ 128.707939454463713, 36.393790454313205 ], [ 128.707835166390907, 36.393675236349857 ], [ 128.707766223086082, 36.393616581227484 ], [ 128.707400332206447, 36.393304932196735 ], [ 128.70738031415587, 36.39328396686772 ], [ 128.706958938964419, 36.392842484154329 ], [ 128.706813904567156, 36.392573146661299 ], [ 128.707174439704858, 36.392207549606752 ], [ 128.706984868293688, 36.391828088285678 ], [ 128.707207573149731, 36.391327399920478 ], [ 128.707327736331393, 36.389851902089575 ], [ 128.70744404309022, 36.389665728242321 ], [ 128.707497978496946, 36.389502813077726 ], [ 128.708035364625204, 36.388907166134942 ], [ 128.708262824773101, 36.388575645059063 ], [ 128.708902343995135, 36.388112166440685 ], [ 128.709038685394745, 36.388145942568407 ], [ 128.709463256808363, 36.388298413147865 ], [ 128.709861819941608, 36.388333351744613 ], [ 128.710184607386367, 36.387996769790448 ], [ 128.710228038367234, 36.387929035910631 ], [ 128.710237029097328, 36.38793304999669 ], [ 128.710278800303087, 36.387951724863285 ], [ 128.710317483951513, 36.387901705313617 ], [ 128.710655118863258, 36.387333261164414 ], [ 128.711348165126935, 36.387320536775569 ], [ 128.711511381001884, 36.387317544692507 ], [ 128.711806333646223, 36.386474291078315 ], [ 128.711663424769483, 36.385934163837028 ], [ 128.711652390413406, 36.385892232829256 ], [ 128.71180290768865, 36.385766317468992 ], [ 128.712168125082286, 36.385460769896113 ], [ 128.711901340380365, 36.38419507488603 ], [ 128.712348935071049, 36.383829167918286 ], [ 128.713207449110627, 36.383473659720153 ], [ 128.714307201683397, 36.382720508825756 ], [ 128.715495209483834, 36.382460920893742 ], [ 128.716021921618761, 36.382173005151927 ], [ 128.71726812233203, 36.383506765791125 ], [ 128.717118054516732, 36.384131196645725 ], [ 128.71711385559783, 36.384148795449569 ], [ 128.717101700508067, 36.384199664414375 ], [ 128.717226309460074, 36.384246929795978 ], [ 128.717232887164926, 36.384249423655888 ], [ 128.717718715712266, 36.384433344292624 ], [ 128.718831402423433, 36.385148570721611 ], [ 128.719622324489507, 36.38511216692828 ], [ 128.720342884440782, 36.385264999544042 ], [ 128.720951370966816, 36.385504428138439 ], [ 128.721877407714402, 36.385322463796328 ], [ 128.721981535092368, 36.385413662224856 ], [ 128.72198844652155, 36.38541951795559 ], [ 128.722420513465266, 36.385785428472424 ], [ 128.723586439123011, 36.386719475090679 ], [ 128.724578668162508, 36.386021392497554 ], [ 128.725445310073241, 36.38598732450815 ], [ 128.726496999799764, 36.385908482826437 ], [ 128.727662542837521, 36.384766344796532 ], [ 128.727280192495215, 36.384328924489559 ], [ 128.727266043650047, 36.384082927489018 ], [ 128.727793698658729, 36.383020562061638 ], [ 128.728546100549465, 36.382840608123672 ], [ 128.728712046307123, 36.382937069593964 ], [ 128.729422115642876, 36.38275745503703 ], [ 128.729829743363979, 36.382740954078258 ], [ 128.729883041215999, 36.382720925161799 ], [ 128.730094101528579, 36.382641426221255 ], [ 128.73011894990961, 36.382617142138244 ], [ 128.73045650596768, 36.382286657331633 ], [ 128.730955236651653, 36.38219076807065 ], [ 128.731943171083145, 36.382084581714928 ], [ 128.73277077044159, 36.382601247003279 ], [ 128.733355450127647, 36.383274705374369 ], [ 128.734122842438723, 36.383453036041359 ], [ 128.734631042104041, 36.383382114984812 ], [ 128.735616488397937, 36.384353652725935 ], [ 128.73614540262875, 36.384426390360211 ], [ 128.736192302133162, 36.384432775655313 ], [ 128.736433450043563, 36.384521535200477 ], [ 128.736941145426073, 36.384837852771547 ], [ 128.737407787243654, 36.385252602028856 ], [ 128.737554979334135, 36.385293308612724 ], [ 128.737835433280821, 36.385064094243496 ], [ 128.737886995697892, 36.384924094564717 ], [ 128.738329868651704, 36.383721751361385 ], [ 128.739047871771191, 36.383150089240765 ], [ 128.739180843144538, 36.382585781828048 ], [ 128.739820098161658, 36.381998766333517 ], [ 128.739883516676997, 36.381771162135287 ], [ 128.739889929631858, 36.381277246162938 ], [ 128.740130665042329, 36.380824801075271 ], [ 128.740575024357014, 36.380311178477662 ], [ 128.740601997932288, 36.38028004796216 ], [ 128.740609538430846, 36.380271350134556 ], [ 128.7406083365033, 36.380257496559281 ], [ 128.740604666835594, 36.380215043537454 ], [ 128.740495715017346, 36.378944879617627 ], [ 128.74072481875308, 36.378167788915128 ], [ 128.7410795628156, 36.377639793168228 ], [ 128.740702687292384, 36.376688508830348 ], [ 128.740960113151488, 36.376328260620589 ], [ 128.740975999996976, 36.375123108422571 ], [ 128.740788115240804, 36.37475556246531 ], [ 128.740189981077918, 36.373919764511697 ], [ 128.740427392970105, 36.373654195361162 ], [ 128.740486944218532, 36.373587584897116 ], [ 128.739979470966802, 36.372606372868233 ], [ 128.740228292874463, 36.372213430744559 ], [ 128.740469091345204, 36.371833140982744 ], [ 128.740557512621081, 36.371693418588123 ], [ 128.74065545283645, 36.371499430470443 ], [ 128.740740253871792, 36.371302322581208 ], [ 128.741254996370003, 36.370920934491011 ], [ 128.741432189921369, 36.370099156410383 ], [ 128.741454474631382, 36.369995813737802 ], [ 128.741141091298459, 36.369562614996418 ], [ 128.74074168501906, 36.369223670286168 ], [ 128.740836775626121, 36.368239250781251 ], [ 128.740840215076588, 36.368203608009445 ], [ 128.740845626262796, 36.368111331019712 ], [ 128.74084889923725, 36.368055438599221 ], [ 128.740841839378817, 36.368030641030437 ], [ 128.740837764226512, 36.368016339588323 ], [ 128.740830693262296, 36.367991532982828 ], [ 128.740827987858609, 36.367954092488539 ], [ 128.740826229674013, 36.367943355720953 ], [ 128.740691410662436, 36.367159242032777 ], [ 128.74036863799617, 36.366672815519685 ], [ 128.740563308112399, 36.366186437757783 ], [ 128.740582040133404, 36.36617268174809 ], [ 128.74063422607864, 36.366134378807814 ], [ 128.741032855346702, 36.365879099809327 ], [ 128.741395962482642, 36.365562723918039 ], [ 128.741785589539376, 36.365476572421954 ], [ 128.741984592238566, 36.36545365545971 ], [ 128.742294665198131, 36.365036942470667 ], [ 128.742172938282238, 36.364720061197339 ], [ 128.742123270505886, 36.364507042900563 ], [ 128.741912817717036, 36.363583273755786 ], [ 128.74183072213674, 36.363506072347995 ], [ 128.74147920471799, 36.363175506609267 ], [ 128.741548922926455, 36.362833213486567 ], [ 128.741410142434432, 36.36244980586352 ], [ 128.741816369455961, 36.361772513336597 ], [ 128.741818958579159, 36.361747772814539 ], [ 128.74182214545749, 36.361717500402925 ], [ 128.741840634506843, 36.361541695129155 ], [ 128.742059188731304, 36.361157288786139 ], [ 128.742810715598324, 36.361158106979154 ], [ 128.743417963216672, 36.360727939362917 ], [ 128.743521657162546, 36.360262843634921 ], [ 128.74352973080363, 36.36022694939949 ], [ 128.744162140346162, 36.359819226329471 ], [ 128.744562886871904, 36.359292858466475 ], [ 128.74474428048336, 36.359052806850464 ], [ 128.744938213767995, 36.35900766916135 ], [ 128.745192469011613, 36.359040134240281 ], [ 128.745504260778517, 36.359201508424256 ], [ 128.74561476874581, 36.358798065445278 ], [ 128.745641730061436, 36.358393289989934 ], [ 128.745710364663921, 36.357840640373404 ], [ 128.745668975504884, 36.357527052255527 ], [ 128.745864327285858, 36.357264832880119 ], [ 128.745880655769582, 36.357228775888686 ], [ 128.745934466577751, 36.357109990406471 ], [ 128.745954655255986, 36.357065470646539 ], [ 128.74627123980548, 36.356896654853557 ], [ 128.746635411970288, 36.356370904523374 ], [ 128.74693107369481, 36.355944045882822 ], [ 128.747273154657222, 36.355404818988568 ], [ 128.747282015260936, 36.355074783649385 ], [ 128.747348769221105, 36.355003687993651 ], [ 128.747505931539109, 36.354836719556801 ], [ 128.747838470542774, 36.354770351623372 ], [ 128.747983138142416, 36.354587504413594 ], [ 128.748026749171629, 36.354039359920847 ], [ 128.747892158872645, 36.35394247775352 ], [ 128.747856663245614, 36.353853465753147 ], [ 128.747768941096012, 36.353685021703136 ], [ 128.747953580799276, 36.353546569983514 ], [ 128.748188374814248, 36.353370510236886 ], [ 128.748706272422197, 36.35330925474134 ], [ 128.748531687638774, 36.352733576986061 ], [ 128.748420038536153, 36.352753427735784 ], [ 128.748410781502201, 36.35272562499204 ], [ 128.748385570895067, 36.35271163947764 ], [ 128.7483500959504, 36.352691945819302 ], [ 128.747818562973862, 36.352396973494521 ], [ 128.747414057728434, 36.352040610720749 ], [ 128.746815784778761, 36.351740355325859 ], [ 128.746558123607343, 36.351300520468499 ], [ 128.746017674244769, 36.350909447077122 ], [ 128.745660726904532, 36.350714661064728 ], [ 128.745646414788951, 36.350706853307628 ], [ 128.744697939371321, 36.350525629913719 ], [ 128.744932225319559, 36.350276373134719 ], [ 128.745199173645148, 36.349989543953512 ], [ 128.746136078300111, 36.349529905778873 ], [ 128.74630620062527, 36.348864068193279 ], [ 128.746749754115655, 36.348368486249456 ], [ 128.746849699917846, 36.348263225968459 ], [ 128.746852275231618, 36.347619370423487 ], [ 128.746901023073008, 36.347585301797359 ], [ 128.747528678048724, 36.347294287651664 ], [ 128.747718886766648, 36.347185911086406 ], [ 128.747734578408171, 36.347176977732445 ], [ 128.747743934371329, 36.347174014714177 ], [ 128.747874304567006, 36.347132693290554 ], [ 128.747999656496404, 36.347092974180299 ], [ 128.748437099370449, 36.346954336524576 ], [ 128.74873328795158, 36.346860466279068 ], [ 128.749568607472298, 36.346739481159311 ], [ 128.749595175928562, 36.346704887050585 ], [ 128.749747302029874, 36.346320415630665 ], [ 128.749767225910546, 36.346238937463497 ], [ 128.750068705578457, 36.34506950659928 ], [ 128.750151014472692, 36.344809934492453 ], [ 128.750155504682311, 36.34478882944029 ], [ 128.750530878867437, 36.34463783358153 ], [ 128.750590931737435, 36.344613591932358 ], [ 128.751419108990262, 36.344449944268561 ], [ 128.751416239065207, 36.344281427815723 ], [ 128.751387232729883, 36.343992009284193 ], [ 128.751765208647299, 36.343334663479276 ], [ 128.75174153577575, 36.342920047042256 ], [ 128.751730026371177, 36.342742915300555 ], [ 128.752095461807215, 36.342400015740552 ], [ 128.752121254777734, 36.342370258725957 ], [ 128.752240073780939, 36.342269719283927 ], [ 128.752222326689122, 36.342130640147204 ], [ 128.752171726092485, 36.342059305816932 ], [ 128.752180234781747, 36.341906024863647 ], [ 128.75240976856054, 36.341783240854951 ], [ 128.752846669137028, 36.341603654412481 ], [ 128.753132842041992, 36.341709263215641 ], [ 128.753860332845818, 36.341977736478043 ], [ 128.754143371528926, 36.341599351846604 ], [ 128.754225210846784, 36.341489938417489 ], [ 128.754265960430018, 36.341436150526803 ], [ 128.754268935844124, 36.341432218550509 ], [ 128.75437307537689, 36.341294527238695 ], [ 128.754751690836855, 36.341287550339786 ], [ 128.755317536062989, 36.341763933260545 ], [ 128.755582991642257, 36.342270759282428 ], [ 128.755649196105026, 36.342382794249851 ], [ 128.755885656951534, 36.342766549672646 ], [ 128.755893512349502, 36.342577796911499 ], [ 128.755940267420982, 36.342587238151616 ], [ 128.755934573292876, 36.34270497383941 ], [ 128.755926721575094, 36.342803870556942 ], [ 128.756077314167271, 36.342757363883635 ], [ 128.756055625741084, 36.342693561292869 ], [ 128.756165215055262, 36.342682413470641 ], [ 128.75688356064947, 36.342358607038975 ], [ 128.75729711698807, 36.341729622151952 ], [ 128.757646860673788, 36.341794472763766 ], [ 128.758024093384364, 36.341860252490292 ], [ 128.758344747055276, 36.341905837779926 ], [ 128.758378283256548, 36.341910610128117 ], [ 128.758848378563272, 36.341399977855836 ], [ 128.759513398093731, 36.341138381459814 ], [ 128.759916613227546, 36.341234099766503 ], [ 128.760367443068134, 36.341049773754392 ], [ 128.760819175865834, 36.340998497223325 ], [ 128.761245464318421, 36.340951601619281 ], [ 128.761637834068324, 36.340908340257783 ], [ 128.761893007018585, 36.340180549963158 ], [ 128.761805552841281, 36.340123312254079 ], [ 128.7614941894156, 36.339919535701654 ], [ 128.760888009428044, 36.339261775317347 ], [ 128.760851743579536, 36.339221320676884 ], [ 128.76048912760325, 36.339067606676501 ], [ 128.759797866823334, 36.339216445671269 ], [ 128.758891581781739, 36.339239247725708 ], [ 128.758165884231573, 36.33893399564964 ], [ 128.758162191000139, 36.338932447122545 ], [ 128.757180579885699, 36.338280409480888 ], [ 128.756984570986162, 36.33783937031945 ], [ 128.756888337459316, 36.337229015047612 ], [ 128.756988872078267, 36.336626983629984 ], [ 128.756974589957082, 36.335405330646616 ], [ 128.75616913245517, 36.335156307686525 ], [ 128.755920997736439, 36.334982024567182 ], [ 128.755303605196133, 36.334279360938531 ], [ 128.75529434922413, 36.33426882515991 ], [ 128.755172877610619, 36.334141518212512 ], [ 128.755159125098004, 36.334119357008632 ], [ 128.755146392148248, 36.334098829031497 ], [ 128.755145383674346, 36.334097213849461 ], [ 128.754810418989962, 36.333196330043066 ], [ 128.754866031406465, 36.332768404516692 ], [ 128.754597079834724, 36.332396312693625 ], [ 128.753735351620918, 36.332571971143764 ], [ 128.753262539746743, 36.33240039770525 ], [ 128.752311753596274, 36.333085836041029 ], [ 128.752306651693232, 36.333691171865965 ], [ 128.75230602520287, 36.33376549047977 ], [ 128.752335145668667, 36.333938558797072 ], [ 128.752287887647213, 36.334207713395529 ], [ 128.751610378617414, 36.334938341507559 ], [ 128.750726572128087, 36.335114373546148 ], [ 128.749927518680465, 36.334941903838832 ], [ 128.749650638201729, 36.334975817770754 ], [ 128.749437927358997, 36.335001863959171 ], [ 128.749402688476806, 36.33502193090581 ], [ 128.749207347005523, 36.335132723758591 ], [ 128.749131250723423, 36.335257177591103 ], [ 128.749122505656374, 36.335271487808619 ], [ 128.748304293177767, 36.335502801296684 ], [ 128.747374189499681, 36.335402293071354 ], [ 128.747350762954113, 36.33539976503377 ], [ 128.747294650760153, 36.335388858653083 ], [ 128.746703286463912, 36.335273898335551 ], [ 128.745299887328741, 36.33471951477518 ], [ 128.745263790913242, 36.334705252910346 ], [ 128.745060664475119, 36.334569623049447 ], [ 128.743884329932939, 36.333784134813151 ], [ 128.743868097997535, 36.333775178197151 ], [ 128.743716866945078, 36.333690601302919 ], [ 128.743695332409516, 36.333678560221117 ], [ 128.742736249728694, 36.332689881408037 ], [ 128.743461969772227, 36.331959371470354 ], [ 128.743579908364211, 36.331840643822716 ], [ 128.743123212566019, 36.330887818106987 ], [ 128.741786602321071, 36.329549947245894 ], [ 128.741783658166554, 36.32954440763109 ], [ 128.741829774639541, 36.328414136086757 ], [ 128.741756878033385, 36.327794374268322 ], [ 128.741143089573427, 36.327479700193194 ], [ 128.740737169721911, 36.327405009132463 ], [ 128.740306776882107, 36.327088387601009 ], [ 128.740170592386391, 36.326615062691253 ], [ 128.739901646294499, 36.326311859543722 ], [ 128.73937893406702, 36.326462112134294 ], [ 128.738384320959767, 36.32698477203639 ], [ 128.738290714842663, 36.326984683126085 ], [ 128.73781867491914, 36.326984246655194 ], [ 128.737412888840794, 36.326970644333038 ], [ 128.736184204426507, 36.326953054304106 ], [ 128.735780244786582, 36.326926473561159 ], [ 128.734929815007831, 36.326896643767512 ], [ 128.734853159376286, 36.326893318693614 ], [ 128.734487853803131, 36.326877453672395 ], [ 128.734349282034401, 36.32688559710941 ], [ 128.734273328602001, 36.326999552258499 ], [ 128.734030594427708, 36.326850630803776 ], [ 128.733803193615472, 36.327064087977547 ], [ 128.733662074845512, 36.327207824837316 ], [ 128.733573499081615, 36.327286794643285 ], [ 128.73354534311818, 36.327310017917711 ], [ 128.733428330918571, 36.327422474644742 ], [ 128.733332546665196, 36.327482620565483 ], [ 128.73301624984316, 36.327639715490648 ], [ 128.732679935976677, 36.328018012199735 ], [ 128.732370179916614, 36.328798264989921 ], [ 128.732304232526047, 36.328948306412428 ], [ 128.732137421908078, 36.329461852996403 ], [ 128.731842987747626, 36.329421970026537 ], [ 128.731843955203203, 36.32937714774323 ], [ 128.731857279694424, 36.32931772725609 ], [ 128.732032770554468, 36.328919821438831 ], [ 128.732042965148139, 36.328879841238113 ], [ 128.731986179002206, 36.328843467944459 ], [ 128.731979611366, 36.328839262670975 ], [ 128.731973995168687, 36.328833671731999 ], [ 128.73170366417591, 36.328564475565372 ], [ 128.731218145673267, 36.328633003623644 ], [ 128.731067664518946, 36.328028785543644 ], [ 128.73074418832195, 36.327561379521292 ], [ 128.730267242852761, 36.32686406798549 ], [ 128.730074412254822, 36.326480125944109 ], [ 128.730021869802442, 36.326425097991532 ], [ 128.729715171988516, 36.326103906925837 ], [ 128.729703202600433, 36.326083873608376 ], [ 128.729437090574976, 36.325637546676951 ], [ 128.729369461111645, 36.325524187023262 ], [ 128.729760715861858, 36.325088655512289 ], [ 128.729767278466426, 36.32508135288014 ], [ 128.730110867751932, 36.324805319125851 ], [ 128.730246992766212, 36.324329266374846 ], [ 128.730248159577798, 36.324310713805232 ], [ 128.730276336952898, 36.323863424860868 ], [ 128.730072003170562, 36.323301474219413 ], [ 128.730057119502618, 36.323286958522694 ], [ 128.729530712050689, 36.322773488430926 ], [ 128.729593579812644, 36.322410358214434 ], [ 128.729575252217018, 36.322390310411492 ], [ 128.72883357957673, 36.321579265510969 ], [ 128.728750665749175, 36.321577409199158 ], [ 128.728746265049921, 36.321571559535094 ], [ 128.728728745007004, 36.321569158479477 ], [ 128.728632095408074, 36.321555906908472 ], [ 128.728168694234654, 36.321492378765761 ], [ 128.727827571169996, 36.320794349026556 ], [ 128.727699901898063, 36.320521910365066 ], [ 128.727026505563458, 36.319330209143779 ], [ 128.726985196145421, 36.319281207430308 ], [ 128.725944516273529, 36.318046426857613 ], [ 128.726046632633683, 36.316380890301147 ], [ 128.724923394180507, 36.314682326396877 ], [ 128.72441262543029, 36.314718785930978 ], [ 128.724352914285816, 36.314723054289338 ], [ 128.723694706385828, 36.314673863431096 ], [ 128.722149963685496, 36.313992236213103 ], [ 128.721410921793137, 36.3121810325543 ], [ 128.721205749795416, 36.311334985570184 ], [ 128.720161590421242, 36.310835155057539 ], [ 128.719058190203583, 36.309799983857275 ], [ 128.718377981046586, 36.307825506708575 ], [ 128.717714696256479, 36.307237032845038 ], [ 128.716810876227868, 36.306658914100844 ], [ 128.716764142526898, 36.306620169297965 ], [ 128.71625270424758, 36.306193494894082 ], [ 128.7165543446649, 36.305349449238079 ], [ 128.716235586784308, 36.305066539146857 ], [ 128.715999883316414, 36.30485866041932 ], [ 128.715214842348871, 36.304698599505997 ], [ 128.714966353892237, 36.304647934813339 ], [ 128.714818044126105, 36.30461954365196 ], [ 128.714197310899351, 36.304219192059271 ], [ 128.714159540964829, 36.304168752440511 ], [ 128.71395895911877, 36.303900836426713 ], [ 128.71346705713529, 36.304050275559263 ], [ 128.712655206075226, 36.304684999983927 ], [ 128.712636570785577, 36.304726535352316 ], [ 128.712081202560825, 36.304338379452879 ], [ 128.711997955411647, 36.30400697670197 ], [ 128.711400018958216, 36.304025074093893 ], [ 128.711270928650379, 36.304161920244589 ], [ 128.71126872769571, 36.304160968664675 ], [ 128.711238192141963, 36.30414779140461 ], [ 128.711153555841548, 36.304279329243862 ], [ 128.71083807024317, 36.30461227825635 ], [ 128.710273550304606, 36.304711854697409 ], [ 128.710182464609744, 36.304738785330073 ], [ 128.710180224252241, 36.304739446744023 ], [ 128.70976030636055, 36.304863596651714 ], [ 128.709378016310296, 36.304988621037815 ], [ 128.708950249848186, 36.304912110514948 ], [ 128.708568624125462, 36.304841208697958 ], [ 128.708201470958954, 36.305008765982024 ], [ 128.70797889444728, 36.305157220676421 ], [ 128.707298543136631, 36.305330368250999 ], [ 128.705893167589693, 36.305740119454008 ], [ 128.705650900557032, 36.305652520505049 ], [ 128.705502465795263, 36.305613411487379 ], [ 128.7054389208445, 36.305596672482359 ], [ 128.705146028128269, 36.305403302002595 ], [ 128.704693413475155, 36.30500335381749 ], [ 128.703061516598581, 36.305207013533433 ], [ 128.702756281108293, 36.304658163588641 ], [ 128.702711352583549, 36.304577377830562 ], [ 128.702706897653712, 36.304420120060776 ], [ 128.702695543296215, 36.30394670259281 ], [ 128.702766410564323, 36.303479231038999 ], [ 128.702667272215137, 36.303027988440427 ], [ 128.702557447252332, 36.302419075802803 ], [ 128.702525785564802, 36.302243519101083 ], [ 128.702355710170735, 36.301552637508308 ], [ 128.701974776448623, 36.301658951244782 ], [ 128.701917701275306, 36.301640000659809 ], [ 128.701911796779882, 36.301638084379206 ], [ 128.701850477517553, 36.3016110035067 ], [ 128.70175630923319, 36.301690152340754 ], [ 128.70133337274396, 36.302024717455524 ], [ 128.701070717675577, 36.302232491482386 ], [ 128.700873108182577, 36.30230546793819 ], [ 128.700840387871182, 36.302282009092757 ], [ 128.700083971441273, 36.301919633244886 ], [ 128.699646602032715, 36.301573991263965 ], [ 128.699664287159521, 36.301407885555122 ], [ 128.699436383303976, 36.300932541965082 ], [ 128.698831851116068, 36.300893866728536 ], [ 128.698266437454549, 36.300355800178977 ], [ 128.698107806604867, 36.300431871856937 ], [ 128.697998821618427, 36.300484134025986 ], [ 128.697651687022841, 36.300659523061661 ], [ 128.697375599021882, 36.300795872490504 ], [ 128.69684822953792, 36.300761078287699 ], [ 128.696400668958262, 36.300298930076202 ], [ 128.696436619989498, 36.300055379043748 ], [ 128.696167978835888, 36.299766388195586 ], [ 128.695679612267924, 36.299224865312979 ], [ 128.695985032363922, 36.298811761471761 ], [ 128.695885358044961, 36.298637858549426 ], [ 128.69534488608258, 36.298005506354123 ], [ 128.695302643658891, 36.297770163357697 ], [ 128.695281925849486, 36.297610538478551 ], [ 128.695273140997926, 36.297226244078189 ], [ 128.695271942552125, 36.297173972602529 ], [ 128.694824049331004, 36.297003511194511 ], [ 128.694613782868743, 36.296938861861094 ], [ 128.69447262912476, 36.29693657100713 ], [ 128.694058658338633, 36.296922665610666 ], [ 128.693114702227376, 36.296934743991521 ], [ 128.692778799581703, 36.297122926684196 ], [ 128.691968701668429, 36.297391267433341 ], [ 128.691880861083575, 36.297456835130063 ], [ 128.691076979448866, 36.298056882935306 ], [ 128.690560285917627, 36.298064047646378 ], [ 128.689776440647279, 36.298148628216161 ], [ 128.689312234450142, 36.298754622667246 ], [ 128.689240711600178, 36.298847987314623 ], [ 128.689269852091087, 36.299142748938074 ], [ 128.689290249806021, 36.299348991942345 ], [ 128.689323863884454, 36.299689031424712 ], [ 128.689643360758254, 36.300027653968932 ], [ 128.689824036803145, 36.300213308272511 ], [ 128.68971315462224, 36.30048922150052 ], [ 128.689579096325701, 36.300822830702494 ], [ 128.689674737983239, 36.301179126843635 ], [ 128.689634639289352, 36.301407597224241 ], [ 128.689595626268101, 36.301545078409575 ], [ 128.689205803620069, 36.301726423451264 ], [ 128.688906249420938, 36.301865773999545 ], [ 128.688069025316054, 36.301721863059299 ], [ 128.687537171539077, 36.301897107784804 ], [ 128.687266313684148, 36.302006430194012 ], [ 128.687253957846167, 36.302011417287403 ], [ 128.687217514764114, 36.302026136882894 ], [ 128.68721342218754, 36.302027784294559 ], [ 128.687210559372318, 36.30202816427677 ], [ 128.687164554214917, 36.302034171362216 ], [ 128.687107365667146, 36.302024883063098 ], [ 128.68710261504026, 36.302021274870278 ], [ 128.687072765500574, 36.302013157871421 ], [ 128.687015835630461, 36.301997679112574 ], [ 128.686902579122261, 36.301971778711973 ], [ 128.686890501560981, 36.301985093389071 ], [ 128.686861689334563, 36.301998688456358 ], [ 128.686839335589298, 36.302009236505448 ], [ 128.686785390043184, 36.302035201676397 ], [ 128.686752014262908, 36.302051271958533 ], [ 128.68666525055923, 36.302093047473811 ], [ 128.686634607717536, 36.302107800186171 ], [ 128.686468464584465, 36.302187801769662 ], [ 128.686157420849952, 36.302250776310601 ], [ 128.686079985012555, 36.302292909433639 ], [ 128.685848711987973, 36.302925088566802 ], [ 128.68591737511241, 36.303441302507629 ], [ 128.684689312010534, 36.303386660850023 ], [ 128.684029140630884, 36.303357279771205 ], [ 128.683685494176814, 36.302840415313547 ], [ 128.682962885418021, 36.302527613044816 ], [ 128.682855113686202, 36.302480951265061 ], [ 128.682800936715353, 36.302475823364503 ], [ 128.68258526401425, 36.302455386372159 ], [ 128.68229300769417, 36.302753788715336 ], [ 128.681826205151424, 36.303009269306429 ], [ 128.681794934481587, 36.303046602620185 ], [ 128.681435049703907, 36.303518839480233 ], [ 128.681718608186401, 36.304400824117927 ], [ 128.681592275010985, 36.304512205219609 ], [ 128.681221195715523, 36.304839375780837 ], [ 128.680734096014874, 36.304745672292512 ], [ 128.679693792773321, 36.305391788129491 ], [ 128.679257134992412, 36.30546419329557 ], [ 128.679009027135294, 36.305702120200408 ], [ 128.67912342196513, 36.306279939375344 ], [ 128.678891784489622, 36.306600187915492 ], [ 128.67844290442784, 36.307220788432957 ], [ 128.677694252457087, 36.307070447543495 ], [ 128.676967196534605, 36.306811622771846 ], [ 128.676882857429803, 36.306663438507897 ], [ 128.676405486406338, 36.306373034781217 ], [ 128.676378276724307, 36.306356478260959 ], [ 128.676138176254312, 36.306339171398825 ], [ 128.6757903271087, 36.306384589936869 ], [ 128.674483840041944, 36.306986416865641 ], [ 128.674061458921727, 36.30755031713074 ], [ 128.6740752899901, 36.307547083733091 ], [ 128.674079706538038, 36.307577276254868 ], [ 128.674009363806192, 36.307603136644808 ], [ 128.673875236354746, 36.30760958209958 ], [ 128.673743986371335, 36.307662761333084 ], [ 128.673680626608189, 36.307624296613312 ], [ 128.673626861424424, 36.3076823472203 ], [ 128.673640895357693, 36.307707798901617 ], [ 128.673657868718209, 36.307738575586633 ], [ 128.67373196870679, 36.307911128886758 ], [ 128.673667624669889, 36.308142365779602 ], [ 128.673596824018574, 36.308301391618798 ], [ 128.673040639161144, 36.308065937454437 ], [ 128.672921045753725, 36.307954484702286 ], [ 128.672708200679324, 36.307756136259314 ], [ 128.672459940997641, 36.307284254773244 ], [ 128.671884872142897, 36.306998529649 ], [ 128.671350149517252, 36.306553539949135 ], [ 128.670898965661735, 36.307091251407051 ], [ 128.670590610207682, 36.307427510800608 ], [ 128.6700850995785, 36.307505549474335 ], [ 128.67001589940557, 36.307534754046237 ], [ 128.66971661416747, 36.30763412583363 ], [ 128.669691415397665, 36.307642490925886 ], [ 128.669509560360012, 36.30770286965344 ], [ 128.66917025327507, 36.307160265496712 ], [ 128.668066192671972, 36.308022979641947 ], [ 128.667974170232043, 36.309206923586792 ], [ 128.668815557767431, 36.309387250104294 ], [ 128.668834191837021, 36.309404162970644 ], [ 128.66877718989079, 36.309449802168508 ], [ 128.66870908748524, 36.309513623226877 ], [ 128.668783968046966, 36.309529079534819 ], [ 128.668797545070731, 36.309530739433548 ], [ 128.668772356409903, 36.309560146835175 ], [ 128.668778056092492, 36.309678370061675 ], [ 128.668793014635639, 36.309795168155595 ], [ 128.668774687829455, 36.309834336371424 ], [ 128.668166697633893, 36.311241893979769 ], [ 128.668152167509277, 36.311275737708705 ], [ 128.668037553083849, 36.31218424558422 ], [ 128.667971067547313, 36.31271743038846 ], [ 128.667444986438738, 36.3129209702617 ], [ 128.667134358659411, 36.313217228781348 ], [ 128.667131882528622, 36.31322602634836 ], [ 128.667116369557846, 36.313281234078026 ], [ 128.667137778085902, 36.313673386706242 ], [ 128.66659002602637, 36.314117530248232 ], [ 128.666002821683833, 36.313850739886938 ], [ 128.665558758330747, 36.313447370151081 ], [ 128.664723338987102, 36.313748085378947 ], [ 128.66452722984522, 36.313801963849158 ], [ 128.66386643497006, 36.313909015734374 ], [ 128.663839947746681, 36.313931515391609 ], [ 128.663514626236861, 36.314488333991953 ], [ 128.662704511835642, 36.315043301221934 ], [ 128.66168198526907, 36.315058017252468 ], [ 128.661542117723769, 36.314693202140397 ], [ 128.661482992520206, 36.314625878379971 ], [ 128.661340039853997, 36.314525639480252 ], [ 128.660810328543761, 36.314492121433489 ], [ 128.660298979203304, 36.314292584753915 ], [ 128.659443011837652, 36.3147455030361 ], [ 128.659146715952062, 36.315221476061566 ], [ 128.657770129211173, 36.315690138812066 ], [ 128.656058513391201, 36.314776324911151 ], [ 128.654742268387338, 36.315700364977999 ], [ 128.654774401621466, 36.315824360792462 ], [ 128.65484722471885, 36.316576945318808 ], [ 128.654916761350023, 36.316688649351306 ], [ 128.654914455343771, 36.316739180580875 ], [ 128.654891942992862, 36.316776090541254 ], [ 128.654904292692407, 36.316798637704693 ], [ 128.654831458710589, 36.316865771366658 ], [ 128.654937295122863, 36.317000641710749 ], [ 128.654961520340436, 36.317067353846824 ], [ 128.654960719567669, 36.317162740932055 ], [ 128.654935114589506, 36.317289507133005 ], [ 128.655003048899346, 36.317443886119456 ], [ 128.655017764348514, 36.31753579457277 ], [ 128.654998772106467, 36.317562315187274 ], [ 128.654996696582884, 36.317648840017782 ], [ 128.655020345201024, 36.317737701351 ], [ 128.655106497386157, 36.317826779839088 ], [ 128.655098750430682, 36.317929193977399 ], [ 128.655130818069807, 36.317970173206071 ], [ 128.655126734621263, 36.318075139271564 ], [ 128.655195268225441, 36.31822266192448 ], [ 128.655166368063362, 36.318359277463287 ], [ 128.655206736577071, 36.318389160214714 ], [ 128.655226293294106, 36.318509487691202 ], [ 128.655244854392151, 36.31857293911866 ], [ 128.655303701962936, 36.31866220872314 ], [ 128.655342234174014, 36.318757376244463 ], [ 128.655335027808974, 36.318881131773168 ], [ 128.655316034856781, 36.318927910844486 ], [ 128.655326579026251, 36.318996241432657 ], [ 128.655341983851315, 36.319096091171879 ], [ 128.655323413486769, 36.319200916148354 ], [ 128.655298200470241, 36.3192616814624 ], [ 128.655324677255294, 36.319323101113312 ], [ 128.655341366646212, 36.319354068751842 ], [ 128.655342493883637, 36.319602850375453 ], [ 128.655408029163965, 36.319605275027072 ], [ 128.655715385746078, 36.319616681118504 ], [ 128.656191153144505, 36.319723529777406 ], [ 128.656496261739619, 36.319868670742828 ], [ 128.656833998754649, 36.320120306723588 ], [ 128.65719587426176, 36.32045700106837 ], [ 128.657293590450308, 36.32057409273618 ], [ 128.657485868942388, 36.320809014727089 ], [ 128.657681012092269, 36.321066410928552 ], [ 128.657856476692558, 36.321301482210899 ], [ 128.657872496488494, 36.321322949182658 ], [ 128.657865597106849, 36.321380153947743 ], [ 128.65794922986575, 36.321456255204346 ], [ 128.658007660384783, 36.321507249358433 ], [ 128.658071088407553, 36.321561402939999 ], [ 128.658185728270468, 36.321639242250058 ], [ 128.658343912600145, 36.321744656230663 ], [ 128.658439183706491, 36.321808020903077 ], [ 128.658488215027091, 36.321849029867671 ], [ 128.658534233216386, 36.321891499082604 ], [ 128.658595173287068, 36.321995155783448 ], [ 128.658604635465281, 36.32201124185648 ], [ 128.658668154102457, 36.322118636777567 ], [ 128.658729427520257, 36.322347170131813 ], [ 128.658753688526986, 36.322498384697333 ], [ 128.658756342750223, 36.322563655371354 ], [ 128.658702193497646, 36.322709616558939 ], [ 128.658717513978161, 36.322745941776958 ], [ 128.6588675509974, 36.323039280652516 ], [ 128.65887813399172, 36.323058857459287 ], [ 128.65894163214702, 36.323176300256229 ], [ 128.65898139441714, 36.323276913167597 ], [ 128.659038818303088, 36.323408279674638 ], [ 128.659054444975027, 36.323471415663477 ], [ 128.659058844040089, 36.323489199425062 ], [ 128.659062713944138, 36.323503205749738 ], [ 128.659088554027988, 36.323596614403243 ], [ 128.659093372344614, 36.323775700575432 ], [ 128.659094781203123, 36.323827873597509 ], [ 128.659073450599664, 36.324037587875495 ], [ 128.659061991458799, 36.324185158400823 ], [ 128.659078203950173, 36.324374090982374 ], [ 128.659098590780644, 36.324609301800578 ], [ 128.659189999231529, 36.324907491793041 ], [ 128.659233742458781, 36.324943519823876 ], [ 128.659309941162633, 36.324994113603573 ], [ 128.659358500929159, 36.325026361431981 ], [ 128.659362221904814, 36.325028606993634 ], [ 128.659534808124533, 36.325132907073893 ], [ 128.659800939299004, 36.325276378016348 ], [ 128.660030581276061, 36.325436587087381 ], [ 128.660098213805838, 36.325523617401331 ], [ 128.660141307517421, 36.325650022000843 ], [ 128.660165204369633, 36.325808976251281 ], [ 128.660171795615639, 36.325852792134327 ], [ 128.660180129851483, 36.325920854577319 ], [ 128.660187098664267, 36.325977693502793 ], [ 128.660190181465083, 36.326036918455472 ], [ 128.660164474800183, 36.326318498005499 ], [ 128.660090693574119, 36.326688597745573 ], [ 128.660073256976631, 36.32679239923722 ], [ 128.66002686961815, 36.326963895323665 ], [ 128.66001878751436, 36.326993764176926 ], [ 128.659958137280512, 36.327217974207855 ], [ 128.659931692214514, 36.327331599761216 ], [ 128.659875584033529, 36.327507636947352 ], [ 128.659685220671179, 36.328042696428966 ], [ 128.659625518872986, 36.328378276010525 ], [ 128.659627158437672, 36.32876528073632 ], [ 128.659720434127848, 36.329165353150671 ], [ 128.659870955321878, 36.329591245494896 ], [ 128.659907381440121, 36.329689153957439 ], [ 128.660016655308397, 36.329922770984354 ], [ 128.660085058412449, 36.330063810778725 ], [ 128.660182211170564, 36.330255073916106 ], [ 128.660287824063147, 36.330421894259835 ], [ 128.660357449961168, 36.330533018421342 ], [ 128.660486194925312, 36.330649006323121 ], [ 128.660561463758768, 36.33071764712296 ], [ 128.660647295623846, 36.330795473917064 ], [ 128.660788532903041, 36.330884434873937 ], [ 128.660926527325159, 36.330973891081243 ], [ 128.661048318305689, 36.331088632964118 ], [ 128.661184508545375, 36.331267858622716 ], [ 128.661341179592029, 36.33155257067137 ], [ 128.661348197800208, 36.331572722854197 ], [ 128.661374280201358, 36.331647477302745 ], [ 128.661414370747792, 36.331763941851946 ], [ 128.661440967421726, 36.331853657223121 ], [ 128.661463283206416, 36.331928932625829 ], [ 128.661470257621687, 36.332028387921142 ], [ 128.661487553166324, 36.332382435979056 ], [ 128.661484445113018, 36.332405650371136 ], [ 128.661127609031837, 36.332422207697462 ], [ 128.660961559285198, 36.332421554524295 ], [ 128.660911073116438, 36.332423834841009 ], [ 128.660707272868279, 36.332419144631494 ], [ 128.660288362151988, 36.332408469243269 ], [ 128.66028778342897, 36.332408368462254 ], [ 128.660185390687957, 36.332391296293885 ], [ 128.660145034609883, 36.332384566445015 ], [ 128.660145387986034, 36.33237760138573 ], [ 128.660126643512683, 36.332334120321732 ], [ 128.660103984885154, 36.332281535238465 ], [ 128.660100908557638, 36.332274407184343 ], [ 128.660088556833898, 36.332276958273376 ], [ 128.660039606925892, 36.332287082816471 ], [ 128.660031700254763, 36.332284275605119 ], [ 128.659983081465384, 36.332267014418711 ], [ 128.659862301186507, 36.332221745800503 ], [ 128.659864576262891, 36.33225933122349 ], [ 128.659700311497033, 36.332258086626254 ], [ 128.6594399099817, 36.332485248430174 ], [ 128.659232480817593, 36.332681263603391 ], [ 128.659154471356231, 36.332762839689217 ], [ 128.659075694376099, 36.332821244364979 ], [ 128.658958338151535, 36.332932572472721 ], [ 128.65886700527227, 36.333042596264107 ], [ 128.658776147701559, 36.333166102893685 ], [ 128.658498263687335, 36.333271626215556 ], [ 128.658289169319829, 36.33334602164863 ], [ 128.657565080026046, 36.333463751349257 ], [ 128.657570110189766, 36.333520449598126 ], [ 128.657829114655186, 36.33423474320945 ], [ 128.658071199065887, 36.334912327867798 ], [ 128.658324618967555, 36.335350322713126 ], [ 128.658331726962587, 36.335362599068041 ], [ 128.657878400476307, 36.336276437459397 ], [ 128.657907327772278, 36.336410606069087 ], [ 128.657902485966957, 36.336450423974078 ], [ 128.657959239043947, 36.336586646119741 ], [ 128.657973059276031, 36.336719122141119 ], [ 128.65797312354016, 36.336844015811032 ], [ 128.657631667561247, 36.338257757319248 ], [ 128.65763148621744, 36.338258468723531 ], [ 128.657615331178221, 36.338320224633804 ], [ 128.657663484987125, 36.338360384221133 ], [ 128.657671020467433, 36.33836666904439 ], [ 128.658079114689372, 36.338707007416943 ], [ 128.658170706645905, 36.338783392551491 ], [ 128.658240013623498, 36.339018968751581 ], [ 128.658416657709125, 36.339619386145685 ], [ 128.658049024656719, 36.340134025980369 ], [ 128.657612951540642, 36.340744442533655 ], [ 128.657668157380186, 36.341131906963014 ], [ 128.657758060983497, 36.341762931676868 ], [ 128.65705902566765, 36.343281510999603 ], [ 128.657030876469094, 36.343311916502799 ], [ 128.656515232920981, 36.343868903161642 ], [ 128.656469859705084, 36.343932620172815 ], [ 128.656228108177459, 36.344271861859681 ], [ 128.655727536258524, 36.344518705426616 ], [ 128.655156472491427, 36.34480030806607 ], [ 128.655134211088637, 36.344811427087919 ], [ 128.654892980994219, 36.346147218436109 ], [ 128.65490891816637, 36.346165657552262 ], [ 128.655550871829149, 36.34679385825126 ], [ 128.655905001337544, 36.347415023467747 ], [ 128.655935145987598, 36.347467937260582 ], [ 128.655982973133518, 36.347613371294997 ], [ 128.655698253450879, 36.348201796295207 ], [ 128.65520664782818, 36.34894103593723 ], [ 128.65489033746087, 36.350169865128528 ], [ 128.654957765436762, 36.350545371049691 ], [ 128.655299005858325, 36.350633160765462 ], [ 128.655881037155183, 36.350760675788351 ], [ 128.655933005297385, 36.351610638554696 ], [ 128.656100397228499, 36.352406233811223 ], [ 128.656062464772674, 36.352728761047167 ], [ 128.655956782045024, 36.352938626375661 ], [ 128.655966889900697, 36.35321773890449 ], [ 128.656272917441157, 36.354092541770328 ], [ 128.65633737044746, 36.354591507354513 ], [ 128.65626719546438, 36.3557291574148 ], [ 128.656643213315533, 36.356124126247806 ], [ 128.656962410652312, 36.356810827848804 ], [ 128.657002760166819, 36.357413520044005 ], [ 128.657003147413803, 36.357419189515049 ], [ 128.657037609069789, 36.357803195960962 ], [ 128.656999184975092, 36.358361431587468 ], [ 128.656978825465245, 36.358868019162031 ], [ 128.65695563895116, 36.359444655413412 ], [ 128.656265809664887, 36.36021619180277 ], [ 128.656265844667558, 36.361040833409213 ], [ 128.65554198476184, 36.361533923100403 ], [ 128.655807983417191, 36.36174870242079 ], [ 128.656914078986205, 36.362437821577068 ], [ 128.657021604950359, 36.362504836090594 ], [ 128.657030428328682, 36.362593581563608 ], [ 128.657107436427879, 36.362726374424277 ], [ 128.657213575434042, 36.362688479745053 ], [ 128.657290727241104, 36.362773547019032 ], [ 128.657586813646873, 36.363133794524266 ], [ 128.657758913979336, 36.363582440754037 ], [ 128.658744031023588, 36.364628507999967 ], [ 128.65942511019901, 36.365460048072471 ], [ 128.65953688119447, 36.36573484577162 ], [ 128.659648975271352, 36.366068427470559 ], [ 128.659675827705598, 36.366165487992085 ], [ 128.65953186636051, 36.366898843074594 ], [ 128.659656312322568, 36.367226377171818 ], [ 128.659677291532319, 36.367249876564593 ], [ 128.660453891214331, 36.368039391903899 ], [ 128.660547080163667, 36.368463017434131 ], [ 128.660755128338479, 36.369408719467792 ], [ 128.660778521889256, 36.369515060866654 ], [ 128.660814033065009, 36.36967647111063 ], [ 128.661128102752855, 36.370381934966268 ], [ 128.660916048487081, 36.371524830939549 ], [ 128.661054252577401, 36.371610709528795 ], [ 128.66119028636794, 36.371816310851898 ], [ 128.662146393471602, 36.37288719261668 ], [ 128.662142016581413, 36.373161162002134 ], [ 128.662141066163542, 36.373184995170455 ], [ 128.662123934043109, 36.373617065091921 ], [ 128.662882510969439, 36.37374356037472 ], [ 128.663188774051321, 36.374049211624595 ], [ 128.663197633461436, 36.374064610617459 ], [ 128.663413136058864, 36.37425118540947 ], [ 128.662932564847694, 36.374752459416669 ], [ 128.662464364233813, 36.375439569087852 ], [ 128.662621473846968, 36.376381742933305 ], [ 128.662641144051065, 36.376499698341647 ], [ 128.662642773266356, 36.376509471607569 ], [ 128.662691066866842, 36.376533660700957 ], [ 128.662739104773806, 36.376557713874817 ], [ 128.662789753429763, 36.376581071520754 ], [ 128.664513465469554, 36.377374880928627 ], [ 128.664950997152573, 36.377576371406654 ], [ 128.665132379324376, 36.377586831076904 ], [ 128.665727007668465, 36.377621179982391 ], [ 128.666294286101277, 36.377876910852024 ], [ 128.666904523848729, 36.378264032251536 ], [ 128.666635249098562, 36.378808997131003 ], [ 128.666785441842649, 36.379589251215755 ], [ 128.666576928570208, 36.380205388918895 ], [ 128.666658029031424, 36.380418228354081 ], [ 128.666712351004719, 36.380508479169585 ], [ 128.666949636335744, 36.380902683058409 ], [ 128.666169476447919, 36.381562294097272 ], [ 128.666402619244394, 36.381831117187531 ], [ 128.666342644929387, 36.382076264310228 ], [ 128.666316883274334, 36.382181547328351 ], [ 128.666249964087569, 36.382969654270156 ], [ 128.666716085948963, 36.383521943049395 ], [ 128.666815196648059, 36.384383347480217 ], [ 128.666816733390789, 36.384396652987448 ], [ 128.666879424228142, 36.385169433737715 ], [ 128.667489125363971, 36.385656877048795 ], [ 128.667116451308317, 36.386601021637269 ], [ 128.667089611611686, 36.386669029534318 ], [ 128.667223479314316, 36.387242049535907 ], [ 128.667676344261878, 36.387578729479216 ], [ 128.669027583250568, 36.387950145975488 ], [ 128.669152197469458, 36.38825522164948 ], [ 128.669486985141674, 36.389074806792628 ], [ 128.66908385645911, 36.389686468742276 ], [ 128.669529729626277, 36.389987174658835 ], [ 128.669864638175625, 36.390250794374708 ], [ 128.671512010117965, 36.390681922617382 ], [ 128.671695391715218, 36.390688232540256 ], [ 128.671861142816709, 36.390693943822598 ], [ 128.672101530315075, 36.39067530396499 ], [ 128.672293345501345, 36.390613823584175 ], [ 128.672297765293649, 36.390559531581417 ], [ 128.672299410589943, 36.390539404096671 ], [ 128.67236742984403, 36.390535292965893 ], [ 128.672775087236971, 36.390418191643597 ], [ 128.673249230357072, 36.390629629017639 ], [ 128.674102255915926, 36.390571952346704 ], [ 128.674477925356371, 36.390682905409939 ], [ 128.674873319043201, 36.39086975324502 ], [ 128.675235453938882, 36.391152807394889 ], [ 128.675987465097364, 36.391419026320513 ], [ 128.67619690513402, 36.391380666527489 ], [ 128.676495141089958, 36.391431934504439 ], [ 128.676535614954844, 36.391404631184066 ], [ 128.676568164710858, 36.391363734756361 ], [ 128.676646407334147, 36.391265405196648 ], [ 128.676959510351651, 36.390871906551446 ], [ 128.677022491895855, 36.390795307414216 ], [ 128.677282897193805, 36.390478597172866 ], [ 128.677692123287926, 36.390408740392566 ], [ 128.677782737404556, 36.390393323731935 ], [ 128.677803104396901, 36.390389855366955 ], [ 128.677848188408262, 36.390382173433757 ], [ 128.677887684589194, 36.390375377511212 ], [ 128.677893179719007, 36.390367272901919 ], [ 128.677924793645531, 36.390320615116167 ], [ 128.677940561303984, 36.390297353700923 ], [ 128.677990335190117, 36.390231090676494 ], [ 128.678010867857552, 36.390203759878609 ], [ 128.678054465324522, 36.390145915004055 ], [ 128.67850934295808, 36.38954246406751 ], [ 128.679085125958636, 36.388471299557651 ], [ 128.679296156055074, 36.38841266236436 ], [ 128.679339287246421, 36.3883809134853 ], [ 128.679632758281912, 36.388436702655184 ], [ 128.679731432241226, 36.388420278891999 ], [ 128.679956979031431, 36.388530828336165 ], [ 128.680121576841969, 36.388601868532241 ], [ 128.680554085215363, 36.388667608784594 ], [ 128.680660226842321, 36.388683763415386 ], [ 128.680734200127631, 36.388646059055091 ], [ 128.681433729000616, 36.388477804318043 ], [ 128.682053997023786, 36.388323337661966 ], [ 128.682155344868391, 36.38829884460381 ], [ 128.682251884586776, 36.388665282120996 ], [ 128.682308520235438, 36.388830644078006 ], [ 128.682537961409679, 36.389566193130882 ], [ 128.682923197040452, 36.389970528509927 ], [ 128.682961186455486, 36.389999602270045 ], [ 128.682991864651655, 36.390023087324927 ], [ 128.683091932813312, 36.390099691777117 ], [ 128.683295878253602, 36.390762501343481 ], [ 128.683574969698185, 36.391065125668995 ], [ 128.683655747310894, 36.391231731705254 ], [ 128.683720532202898, 36.391288371051566 ], [ 128.683748289449056, 36.391303980969276 ], [ 128.683826993796828, 36.391426919933025 ], [ 128.683947357145456, 36.391625252900482 ], [ 128.684110847965115, 36.391790149969495 ], [ 128.68425740578266, 36.391906293887786 ], [ 128.684347419740845, 36.39195916993738 ], [ 128.68449275868997, 36.392068209150736 ], [ 128.68450812678077, 36.392079829899551 ], [ 128.684514520589886, 36.392187932567005 ], [ 128.684519211580948, 36.392267950420624 ], [ 128.684624759241899, 36.392453852355203 ], [ 128.684767326300459, 36.392620044752206 ], [ 128.684823350587777, 36.392756764791315 ], [ 128.684852766224992, 36.392814382131711 ], [ 128.684865873731098, 36.392833773892328 ], [ 128.68518694119723, 36.393107028537095 ], [ 128.685353592635153, 36.393304842777553 ], [ 128.685448372402533, 36.393486173591889 ], [ 128.685456405625899, 36.39361918871252 ], [ 128.685464459271088, 36.393752672489278 ], [ 128.685453095317371, 36.393968867839114 ], [ 128.685378628013439, 36.394394948624893 ], [ 128.685363839540173, 36.39447953784002 ], [ 128.685052871363069, 36.394878425923842 ], [ 128.685017785855507, 36.39503414428841 ], [ 128.685327004009309, 36.395042839308914 ], [ 128.685802923509783, 36.395516749704441 ], [ 128.686239205031285, 36.395942377333412 ], [ 128.686313211176071, 36.396021830021262 ], [ 128.686612285024808, 36.39646561307238 ], [ 128.686712575353113, 36.396614443326776 ], [ 128.686626436977747, 36.396685092857254 ], [ 128.685485928869099, 36.397434309706249 ], [ 128.685367781247038, 36.398381345637212 ], [ 128.685736786353658, 36.399003962475341 ], [ 128.68672135508794, 36.399833387841745 ], [ 128.687494917873408, 36.400780456132509 ], [ 128.687566033599836, 36.400745740999021 ], [ 128.687687624919931, 36.400699975004244 ], [ 128.688151893917393, 36.4008308622589 ], [ 128.688350014585808, 36.400942990934148 ], [ 128.688424715941011, 36.401251051240578 ], [ 128.688430320492444, 36.401515764672816 ], [ 128.688433986433097, 36.401685715680053 ], [ 128.688481825194714, 36.401706883221244 ], [ 128.689190128304318, 36.402154200385347 ], [ 128.689235025295858, 36.402166825915479 ], [ 128.689288299754054, 36.402197577698381 ], [ 128.689389350711934, 36.402226192387488 ], [ 128.689469311945857, 36.40224881323293 ], [ 128.689559974143833, 36.402274444822474 ], [ 128.689917312061482, 36.402375469719395 ], [ 128.690125921881844, 36.402349708757335 ], [ 128.690221449138704, 36.40233791820161 ], [ 128.690637487514351, 36.402269368798507 ], [ 128.69122174865862, 36.402317424022684 ], [ 128.691451952828999, 36.402294014802706 ], [ 128.691519774323638, 36.402271860001534 ], [ 128.691714186011069, 36.402208363749978 ], [ 128.691771984830126, 36.402228537490998 ], [ 128.692116596516342, 36.402348798699315 ], [ 128.692473501342903, 36.40258548498192 ], [ 128.692913102983567, 36.402393484168385 ], [ 128.694916787500091, 36.403919681485945 ], [ 128.695726572954527, 36.403461911674441 ], [ 128.695998603170978, 36.402880987900517 ], [ 128.696397147173229, 36.40244204055994 ] ] ] } },
{ "type": "Feature", "properties": { "spatial_region": "단촌면", "facility_count": 38, "total_capacity": 401.7, "area_km2": 73.48, "facilities_per_km2": 0.517, "population_status": "AVAILABLE", "emd_code": "4773031000", "emd_name": "단촌면", "total_population": 1820, "youth_population": 122, "youth_ratio": 6.7032967032967035, "elderly_population": 1025, "elderly_ratio": 56.318681318681321, "population_change": -6, "year": 2025 }, "geometry": { "type": "Polygon", "coordinates": [ [ [ 128.751896232510745, 36.485749645601402 ], [ 128.752982923373082, 36.485230515877419 ], [ 128.753631953602081, 36.484740341175247 ], [ 128.754597178391322, 36.484742783591336 ], [ 128.755427333499199, 36.484987088414876 ], [ 128.755710907896002, 36.485146518909509 ], [ 128.756276700475325, 36.48546481636923 ], [ 128.756288386782046, 36.485457045415053 ], [ 128.75697688669834, 36.484986263316642 ], [ 128.75730275312938, 36.484763525874399 ], [ 128.75780386683698, 36.484579895071874 ], [ 128.75940003427354, 36.484497254959905 ], [ 128.760298352631651, 36.484054048784046 ], [ 128.761313133090965, 36.483103991629534 ], [ 128.761685722476386, 36.482773558266331 ], [ 128.76319193063685, 36.482631652015947 ], [ 128.76337314637658, 36.482427091577414 ], [ 128.763989953471508, 36.482180620804904 ], [ 128.764550036390631, 36.481677052423926 ], [ 128.765435352838665, 36.481386905377498 ], [ 128.766516286243899, 36.480943211088359 ], [ 128.767348915213915, 36.480820506459665 ], [ 128.767733746231329, 36.480570686198369 ], [ 128.768022975428437, 36.480194732511691 ], [ 128.768532666045616, 36.479531966002995 ], [ 128.768985517334585, 36.479145425225944 ], [ 128.769854078123956, 36.47874848894169 ], [ 128.77030672469516, 36.478092759082394 ], [ 128.770349599616083, 36.477494061540177 ], [ 128.770317111835112, 36.476984900796388 ], [ 128.770363442502031, 36.476308160888806 ], [ 128.771722477816468, 36.475787926500296 ], [ 128.772193939967423, 36.475699555897158 ], [ 128.77262299043349, 36.475709246794679 ], [ 128.772892634495832, 36.475715089394654 ], [ 128.77289787825805, 36.47571529769229 ], [ 128.772991703274243, 36.475104864347784 ], [ 128.773577111658824, 36.473284543583716 ], [ 128.773617895717223, 36.473207635833404 ], [ 128.77395887291317, 36.472565078316244 ], [ 128.773878589192066, 36.471657931123637 ], [ 128.774100495468332, 36.471236775895221 ], [ 128.774822481859871, 36.471006705640264 ], [ 128.775471082245758, 36.470111241473504 ], [ 128.77597913361177, 36.46860207381367 ], [ 128.777002505116428, 36.468258527085069 ], [ 128.777199363855829, 36.467963615618679 ], [ 128.777557344131168, 36.46742695586839 ], [ 128.778613493121327, 36.467329580293843 ], [ 128.779082360526729, 36.467359472090401 ], [ 128.779211178619647, 36.467367696293131 ], [ 128.779663626612006, 36.467396428783736 ], [ 128.780563223246673, 36.467068788035789 ], [ 128.780806572732331, 36.467024054277353 ], [ 128.781133429900621, 36.466743515648098 ], [ 128.781604440500587, 36.466333565458562 ], [ 128.782013419126002, 36.465894121650706 ], [ 128.782162493453484, 36.464730697119471 ], [ 128.782201871757451, 36.464649178814547 ], [ 128.782340884463906, 36.464549802324569 ], [ 128.782288629234898, 36.463946445523838 ], [ 128.782291463090502, 36.463550041190096 ], [ 128.782215686227715, 36.463027682034642 ], [ 128.782388152257397, 36.462738610447225 ], [ 128.782559138708393, 36.46241583263658 ], [ 128.78197493651092, 36.460575445431786 ], [ 128.781714088904891, 36.459696409861508 ], [ 128.78086520915133, 36.459507817864477 ], [ 128.780360197877059, 36.459395626596013 ], [ 128.779653071614604, 36.459821886341302 ], [ 128.778941811770153, 36.459751623915203 ], [ 128.778394254208507, 36.459432565606043 ], [ 128.777687108214536, 36.459566766821354 ], [ 128.77725081037093, 36.459636724849915 ], [ 128.77715050427264, 36.459746234167916 ], [ 128.776949856321551, 36.460755179206608 ], [ 128.776760220821558, 36.461208978112097 ], [ 128.776396332100859, 36.461702017978311 ], [ 128.77629601580756, 36.461798279517943 ], [ 128.775576586125425, 36.46213943152727 ], [ 128.775365062563537, 36.462231705904337 ], [ 128.774090759392038, 36.461924631194968 ], [ 128.77327299818765, 36.462791217252601 ], [ 128.772648602875989, 36.463567665340356 ], [ 128.772158895729973, 36.464084160156453 ], [ 128.771888651959415, 36.464700301521432 ], [ 128.770938549061384, 36.465228367693733 ], [ 128.770807111964615, 36.465766788502215 ], [ 128.770518820891084, 36.466150105205543 ], [ 128.769232750304184, 36.466234724316138 ], [ 128.769090047938221, 36.466255371380697 ], [ 128.768885874425308, 36.466286090565006 ], [ 128.768799916589273, 36.466299016810218 ], [ 128.768042190138658, 36.466401548580215 ], [ 128.767284765916997, 36.466232296677312 ], [ 128.766112253411308, 36.465956237247049 ], [ 128.765291632420968, 36.466611549400731 ], [ 128.76414315385486, 36.466997831283138 ], [ 128.76390142363195, 36.467068244233197 ], [ 128.763739421830167, 36.467277232966183 ], [ 128.763225404840512, 36.467642320279992 ], [ 128.762666735615312, 36.467860779189905 ], [ 128.762105535840533, 36.468360598020432 ], [ 128.762009275187154, 36.468791129945558 ], [ 128.761930783320423, 36.468867489493221 ], [ 128.761713665504658, 36.468877569996742 ], [ 128.760533227767809, 36.468902705016518 ], [ 128.760367634146604, 36.468891097152756 ], [ 128.76006409166871, 36.467469091831731 ], [ 128.759812467312429, 36.466688786041267 ], [ 128.759618888079871, 36.466162777120999 ], [ 128.759602436731996, 36.466118055493318 ], [ 128.759424725400407, 36.465530989047288 ], [ 128.759220173691034, 36.465284612691342 ], [ 128.758465723338531, 36.464879947108564 ], [ 128.758729560537205, 36.463540168334873 ], [ 128.758505663584742, 36.461672725259348 ], [ 128.758203323402, 36.460014036380201 ], [ 128.758177418851858, 36.459964149644378 ], [ 128.757037364226107, 36.45860710316569 ], [ 128.757697376937386, 36.457412131716453 ], [ 128.757711198998607, 36.457387098780934 ], [ 128.757412871065327, 36.455754368269112 ], [ 128.757355883574178, 36.455339755641731 ], [ 128.757112329218444, 36.4548099898267 ], [ 128.756958013798169, 36.453820032207474 ], [ 128.756952404101298, 36.453784073560236 ], [ 128.756455147458894, 36.452871281130363 ], [ 128.752823215453333, 36.453307536705736 ], [ 128.751514654516939, 36.452545596890403 ], [ 128.749559413263029, 36.453562046955469 ], [ 128.747608900167279, 36.453635711529145 ], [ 128.747363750450774, 36.453634081483706 ], [ 128.74697656038424, 36.453585513313584 ], [ 128.745862360127063, 36.453557972293829 ], [ 128.74549255233606, 36.453532749461345 ], [ 128.744882907984845, 36.453122396409384 ], [ 128.744968819475702, 36.452432574154983 ], [ 128.745010103233824, 36.451816028097319 ], [ 128.744861978773969, 36.451101371472326 ], [ 128.744773337262615, 36.450751162392784 ], [ 128.74429334222836, 36.450341950025688 ], [ 128.743835266907269, 36.449525784278912 ], [ 128.743811287880987, 36.449521470048701 ], [ 128.741112902157369, 36.449035586645302 ], [ 128.740393193712322, 36.448996670787679 ], [ 128.739946293473679, 36.448777026682812 ], [ 128.739078809733115, 36.448726406457077 ], [ 128.738494223379519, 36.448388456627328 ], [ 128.737165009307716, 36.448871380043535 ], [ 128.735861765038919, 36.448704233430988 ], [ 128.73545716457798, 36.448478286453167 ], [ 128.735189349492515, 36.448259492095943 ], [ 128.734105793230327, 36.448553586975528 ], [ 128.732528844542315, 36.448325214852439 ], [ 128.732437209630262, 36.448300028286027 ], [ 128.732244775784238, 36.448225717557229 ], [ 128.731485185747658, 36.447911669874465 ], [ 128.730324838106156, 36.448134158034456 ], [ 128.728971072659107, 36.448297933707337 ], [ 128.728844307945195, 36.447802683590673 ], [ 128.728633869286909, 36.447341621247183 ], [ 128.728541563122917, 36.447139370736259 ], [ 128.728326478684977, 36.445818628863279 ], [ 128.727657060853318, 36.444841655127767 ], [ 128.727464196827867, 36.444331950281594 ], [ 128.727460176604495, 36.444292100863592 ], [ 128.727309506093775, 36.443938708296344 ], [ 128.727313755597265, 36.443843609845125 ], [ 128.72725749940426, 36.443731845189539 ], [ 128.727219674073325, 36.443637704440711 ], [ 128.727176766046711, 36.44350144088677 ], [ 128.727169053141836, 36.443480894785445 ], [ 128.727137140913612, 36.443395842254724 ], [ 128.727063504006907, 36.443307386563355 ], [ 128.726861860227956, 36.443135910132561 ], [ 128.726750246350349, 36.443022053351221 ], [ 128.726725065015728, 36.442967313128825 ], [ 128.726626605709754, 36.44289656185979 ], [ 128.726571130542851, 36.442842103307882 ], [ 128.726517065375532, 36.442780024179783 ], [ 128.726432000749526, 36.44264953879194 ], [ 128.726351223514456, 36.442609494440326 ], [ 128.726113239425104, 36.442427001929858 ], [ 128.725891427595059, 36.442282737357722 ], [ 128.725762112957568, 36.442166549838063 ], [ 128.725702480200113, 36.44212111989274 ], [ 128.725681089848734, 36.442104822597642 ], [ 128.725655139460372, 36.442053378605522 ], [ 128.725654665312419, 36.442010869877862 ], [ 128.725498433769104, 36.441861331093364 ], [ 128.725378540323391, 36.441777949067323 ], [ 128.725311479513266, 36.441660246878115 ], [ 128.725282955327515, 36.441535785006046 ], [ 128.725271404144479, 36.441440334632823 ], [ 128.725245488015759, 36.441259781677111 ], [ 128.725250786207056, 36.441171561525458 ], [ 128.725253690889133, 36.441154464261132 ], [ 128.725263088202666, 36.441099199940084 ], [ 128.725177801431215, 36.441101697051373 ], [ 128.725315215659776, 36.441018189246996 ], [ 128.725328622421301, 36.440961375189978 ], [ 128.725319657448495, 36.440907230882125 ], [ 128.725388286602623, 36.440792969533341 ], [ 128.725439820738842, 36.440715634135131 ], [ 128.725575421186193, 36.440469985407212 ], [ 128.725593768778367, 36.440391041269791 ], [ 128.725637794037908, 36.440345877807971 ], [ 128.725688798008463, 36.440244858625952 ], [ 128.725801535073714, 36.440131050359199 ], [ 128.725939426138808, 36.44003502582742 ], [ 128.72604516957179, 36.439952768767363 ], [ 128.7262114383023, 36.439785906228096 ], [ 128.726269633530706, 36.439821095459287 ], [ 128.726320434855865, 36.439846652259604 ], [ 128.72638193174933, 36.439837530068118 ], [ 128.726478168700169, 36.439784664530343 ], [ 128.726528078887782, 36.439784626286851 ], [ 128.726608087188964, 36.439792064845371 ], [ 128.726678380129556, 36.439787144127749 ], [ 128.726713557153687, 36.439635226674213 ], [ 128.726727428742151, 36.439531616348184 ], [ 128.726756106473545, 36.439426273818789 ], [ 128.726793105000951, 36.439301737722857 ], [ 128.726839049601892, 36.439230588807739 ], [ 128.72682121057187, 36.439121336352159 ], [ 128.726746874354689, 36.439011025703671 ], [ 128.726732537446793, 36.438993555290985 ], [ 128.726694091117821, 36.438946678650602 ], [ 128.726610220957213, 36.438892875656215 ], [ 128.726494655174747, 36.43876293279726 ], [ 128.726414098921197, 36.438686680421405 ], [ 128.726226350812908, 36.438541323369428 ], [ 128.726137486770398, 36.438496466045194 ], [ 128.726021088131745, 36.43842585309374 ], [ 128.725966272245131, 36.438375207649528 ], [ 128.725885937734347, 36.438299586236994 ], [ 128.725849075598802, 36.438259120216443 ], [ 128.725813870349413, 36.438232662017384 ], [ 128.725766609754686, 36.438199651579069 ], [ 128.725699880661352, 36.438162261579627 ], [ 128.725646726130009, 36.43812445232598 ], [ 128.725595350529147, 36.438072462919742 ], [ 128.7255548748156, 36.438047839840451 ], [ 128.72548312188178, 36.438027695299702 ], [ 128.725415516764969, 36.437982661288963 ], [ 128.725323410696859, 36.437855294770507 ], [ 128.725311406954887, 36.437815309622394 ], [ 128.725223123510148, 36.437695125090329 ], [ 128.725160388027746, 36.437607333201868 ], [ 128.725112984637633, 36.437573889615933 ], [ 128.725005070784334, 36.43755178666629 ], [ 128.724942396252374, 36.437547514206969 ], [ 128.724884169188385, 36.437540800866188 ], [ 128.7248143723819, 36.437541594375183 ], [ 128.724722934835, 36.437546762370729 ], [ 128.724675412707654, 36.437543678377885 ], [ 128.724660101081895, 36.437543363518238 ], [ 128.724640209467964, 36.43754511971386 ], [ 128.724568397958933, 36.437519684684723 ], [ 128.72449855277344, 36.437487017868506 ], [ 128.724438679312613, 36.437441487578766 ], [ 128.72438539719397, 36.437411643709495 ], [ 128.72432564210439, 36.437395590544185 ], [ 128.724315048975512, 36.437391898236385 ], [ 128.724250318394752, 36.437366830905688 ], [ 128.724191478662732, 36.437341155421919 ], [ 128.724142983273396, 36.437310736808151 ], [ 128.724045277944469, 36.437272084392539 ], [ 128.723957125128635, 36.43722556896153 ], [ 128.723855646178976, 36.437175571040001 ], [ 128.723838072242359, 36.437159147105035 ], [ 128.723810007359049, 36.437147934502363 ], [ 128.723702280006876, 36.437133229323798 ], [ 128.72357647540457, 36.437093150395334 ], [ 128.723560482150077, 36.43701502774838 ], [ 128.723590374876267, 36.436982754734984 ], [ 128.723645111612541, 36.436948511922793 ], [ 128.723736482273864, 36.43683986451493 ], [ 128.723791605386367, 36.436765989562545 ], [ 128.723816667948199, 36.436737093614155 ], [ 128.723824405723661, 36.436728307286096 ], [ 128.723833998840036, 36.436699609658987 ], [ 128.723816081083186, 36.43668268027114 ], [ 128.723784941680549, 36.436664242228417 ], [ 128.723757271612044, 36.436648695956379 ], [ 128.723713770480543, 36.436634689876414 ], [ 128.723666280378353, 36.4366415633637 ], [ 128.723515938085143, 36.436696075996885 ], [ 128.723461146286468, 36.436717648328482 ], [ 128.7232886512042, 36.436763719297169 ], [ 128.723195505057362, 36.436775992288126 ], [ 128.723124622447187, 36.436781215981867 ], [ 128.722987503708538, 36.436780337501986 ], [ 128.722944686344448, 36.436777867571479 ], [ 128.722802735944811, 36.436758990475113 ], [ 128.72274486638122, 36.436752321984038 ], [ 128.722666873812898, 36.436731079792189 ], [ 128.722563467510582, 36.436696504111239 ], [ 128.722464368699349, 36.436673698531365 ], [ 128.72237318243171, 36.436655651462843 ], [ 128.722306950826294, 36.436657677418161 ], [ 128.722299903706755, 36.436623047424995 ], [ 128.722139732118251, 36.436585004339399 ], [ 128.721975538587628, 36.436558288203003 ], [ 128.721851887246117, 36.436530927850626 ], [ 128.72180542016082, 36.436498206069551 ], [ 128.721670702504781, 36.436403349835551 ], [ 128.721494199044628, 36.436338818591985 ], [ 128.72130167090063, 36.436249107148221 ], [ 128.721165700005685, 36.436180507174356 ], [ 128.721084747816292, 36.436151407905484 ], [ 128.721013717039, 36.43611423948073 ], [ 128.720933052138065, 36.436070424857398 ], [ 128.720790564949311, 36.436036963356138 ], [ 128.720595151260625, 36.435956147438759 ], [ 128.720414041136877, 36.435845933020858 ], [ 128.720392950923582, 36.435759552336066 ], [ 128.720436467414203, 36.435750435921378 ], [ 128.720420651928265, 36.435664166783695 ], [ 128.720208550361662, 36.435390030349502 ], [ 128.720046480754462, 36.435180561500395 ], [ 128.719912729352103, 36.435007755283806 ], [ 128.719754353087808, 36.434804368550502 ], [ 128.719767041288776, 36.434613911462911 ], [ 128.719787536203967, 36.434247485400341 ], [ 128.719788894477546, 36.434220345688416 ], [ 128.719789795363596, 36.434202504860743 ], [ 128.719796188473595, 36.434044303411959 ], [ 128.719796355186048, 36.434041375037658 ], [ 128.719797473136254, 36.434022101878227 ], [ 128.719830858165039, 36.433230097623436 ], [ 128.719879770709724, 36.43322722114528 ], [ 128.720470201322513, 36.433192457709936 ], [ 128.720710072712762, 36.433173872385375 ], [ 128.720693856363226, 36.43316180377218 ], [ 128.720668447937072, 36.433138106604716 ], [ 128.720605852216778, 36.433085151425907 ], [ 128.72112776703716, 36.43313604996294 ], [ 128.721271429728432, 36.43316681935984 ], [ 128.721291177253079, 36.433170731676874 ], [ 128.721816983684818, 36.433274903869481 ], [ 128.722171491325639, 36.433305183594555 ], [ 128.722270536723897, 36.433319887873473 ], [ 128.722677331326736, 36.433345584306245 ], [ 128.722751533074614, 36.433350029046665 ], [ 128.722854523518862, 36.433356208070869 ], [ 128.724291733734219, 36.433363212009638 ], [ 128.724933672785539, 36.433304007496851 ], [ 128.725652452059478, 36.43324713985163 ], [ 128.726038529052886, 36.433149074800582 ], [ 128.726331471684716, 36.433076864454442 ], [ 128.726548095873085, 36.433002621287741 ], [ 128.72698622948306, 36.432856776387311 ], [ 128.727007789444968, 36.432849598651288 ], [ 128.727031008386433, 36.432843181698814 ], [ 128.727394952293423, 36.432736635527604 ], [ 128.727859971061861, 36.432784445252864 ], [ 128.727975186292753, 36.432796289133954 ], [ 128.728513253566177, 36.432945571993827 ], [ 128.728568726022587, 36.43296096444648 ], [ 128.728677105184545, 36.432991986725256 ], [ 128.728970597945477, 36.4330486730289 ], [ 128.729431605684653, 36.433045092370108 ], [ 128.729906871334606, 36.433001503838426 ], [ 128.730548743858122, 36.432920875436139 ], [ 128.731238531601633, 36.432757751738826 ], [ 128.731443789007528, 36.432705263989881 ], [ 128.73182369120039, 36.432542075468213 ], [ 128.73225602482978, 36.432360611294477 ], [ 128.732554899981182, 36.432205158895108 ], [ 128.732971198995301, 36.431989718317091 ], [ 128.733030662599049, 36.431969909358166 ], [ 128.733138198185969, 36.431889731577215 ], [ 128.733367426276914, 36.431682294869056 ], [ 128.73367889185829, 36.431320916796771 ], [ 128.733739990933572, 36.431250069446108 ], [ 128.733843839527083, 36.431096672507593 ], [ 128.733875708376587, 36.431039096729542 ], [ 128.733902999308697, 36.430950663974329 ], [ 128.734014728301446, 36.430642158837799 ], [ 128.734030275307447, 36.430586474933015 ], [ 128.73413177169553, 36.430364115680348 ], [ 128.734372752898736, 36.429855337290391 ], [ 128.734604569979155, 36.429533880098901 ], [ 128.735159924147325, 36.4289516998575 ], [ 128.735400575841965, 36.428761713038433 ], [ 128.736036669478267, 36.428365239442051 ], [ 128.736496020272028, 36.42802064664177 ], [ 128.736566165915775, 36.427970436425802 ], [ 128.736975975474053, 36.427675827343123 ], [ 128.737273864295702, 36.427444654264356 ], [ 128.737597343846659, 36.427216691050397 ], [ 128.73787063862224, 36.427025671896025 ], [ 128.737926366812559, 36.426991100224654 ], [ 128.738459666863946, 36.426719314542979 ], [ 128.738567495724283, 36.426667410849539 ], [ 128.738904190758433, 36.426529697374384 ], [ 128.739133143605329, 36.426441220004179 ], [ 128.739593058284925, 36.426259951785326 ], [ 128.739775536503089, 36.426140109964727 ], [ 128.739863672156815, 36.426084476180897 ], [ 128.740162569922148, 36.425890597069227 ], [ 128.740294772981599, 36.425802013822391 ], [ 128.740355628755765, 36.425750780743797 ], [ 128.740442249505122, 36.425681076091458 ], [ 128.740533262210533, 36.42560512691572 ], [ 128.740655428499565, 36.425503184145974 ], [ 128.740728147589209, 36.425468900591355 ], [ 128.740744107980362, 36.425461257551213 ], [ 128.740815175747372, 36.425427240685714 ], [ 128.741047721987513, 36.425316283493352 ], [ 128.742253917148219, 36.424742462413391 ], [ 128.741643963525405, 36.424366830372733 ], [ 128.741461029134399, 36.424254363751025 ], [ 128.740802201128616, 36.423847765195006 ], [ 128.740483133017847, 36.423650840349332 ], [ 128.740491375563067, 36.423646875232016 ], [ 128.740492403116122, 36.423646372827548 ], [ 128.740491994663557, 36.423635143464807 ], [ 128.742590323559313, 36.419944011303663 ], [ 128.741982081802206, 36.419805263894965 ], [ 128.740305155762854, 36.419241950402458 ], [ 128.739795274651442, 36.419084518586686 ], [ 128.738182871017415, 36.418131654175454 ], [ 128.737094919131238, 36.417023794807008 ], [ 128.736934532270595, 36.416848515005292 ], [ 128.736932255012022, 36.416846022752615 ], [ 128.736875756568935, 36.416784267089938 ], [ 128.736878696035888, 36.416739449791088 ], [ 128.736880012813486, 36.416719401847786 ], [ 128.736895815495501, 36.416478411990113 ], [ 128.736951344253328, 36.415175436113138 ], [ 128.737085595931234, 36.414293828667546 ], [ 128.737610099114733, 36.41359168530505 ], [ 128.737836585734271, 36.412948638108531 ], [ 128.738526710678144, 36.412033037096585 ], [ 128.73866321888903, 36.411417879245271 ], [ 128.739168618207174, 36.410375794838252 ], [ 128.739892568517206, 36.409375514341455 ], [ 128.739908555313917, 36.408278130403353 ], [ 128.739915493660135, 36.407801339899336 ], [ 128.739917361604341, 36.407673117404592 ], [ 128.739902397078993, 36.407025535373506 ], [ 128.740379374627338, 36.40611796256492 ], [ 128.740279712681115, 36.406046931178402 ], [ 128.739208568489829, 36.405173500591083 ], [ 128.738467984881908, 36.405084648327069 ], [ 128.737993162093403, 36.404863942996634 ], [ 128.736666186592316, 36.404297510208856 ], [ 128.736216563369624, 36.404189724489683 ], [ 128.735546514046064, 36.404029088841575 ], [ 128.735119076025512, 36.403928521654244 ], [ 128.734441967166731, 36.403760276264308 ], [ 128.734330623004325, 36.403724034766213 ], [ 128.733922182935942, 36.403695400669456 ], [ 128.73341416784271, 36.403959483164975 ], [ 128.733219133388957, 36.404021342737487 ], [ 128.733069837276418, 36.404015573292533 ], [ 128.731533533101754, 36.403803464292359 ], [ 128.730427439318561, 36.403641534239931 ], [ 128.730583346667402, 36.402776490968137 ], [ 128.730434073427404, 36.402167803314029 ], [ 128.729955354253974, 36.401700859042414 ], [ 128.72986682990387, 36.401640261722939 ], [ 128.729805841057185, 36.401598669449378 ], [ 128.730984517343927, 36.399934370415046 ], [ 128.731944602082791, 36.399290576932003 ], [ 128.733157074481284, 36.398932940069841 ], [ 128.733193135620297, 36.398628120932102 ], [ 128.733196269965759, 36.39859835348215 ], [ 128.733221381643148, 36.39835917761728 ], [ 128.733615899450854, 36.397914896507501 ], [ 128.732993934769809, 36.397202156367008 ], [ 128.732878551388467, 36.396292017450861 ], [ 128.732489587481751, 36.395694985216863 ], [ 128.732430513464777, 36.395173095411813 ], [ 128.733017778251167, 36.394602465035092 ], [ 128.733136231343224, 36.393811778136268 ], [ 128.733767558179835, 36.393200825605192 ], [ 128.733853611402907, 36.39292360355519 ], [ 128.733982777341168, 36.392714921532395 ], [ 128.734381921820841, 36.392290022835724 ], [ 128.735233372181369, 36.39199380898129 ], [ 128.735027166877813, 36.391435148914589 ], [ 128.735740967199092, 36.390551117962822 ], [ 128.73596592566895, 36.390164990838834 ], [ 128.736965715186869, 36.389729233080907 ], [ 128.737455989299377, 36.388882644502871 ], [ 128.737081115578235, 36.387794972381364 ], [ 128.73779905640302, 36.386585508269803 ], [ 128.737994410255766, 36.386256409613928 ], [ 128.737650677618177, 36.385503059368922 ], [ 128.737554979334135, 36.385293308612724 ], [ 128.737407787243654, 36.385252602028856 ], [ 128.736941145426073, 36.384837852771547 ], [ 128.736433450043563, 36.384521535200477 ], [ 128.736192302133162, 36.384432775655313 ], [ 128.73614540262875, 36.384426390360211 ], [ 128.735616488397937, 36.384353652725935 ], [ 128.734631042104041, 36.383382114984812 ], [ 128.734122842438723, 36.383453036041359 ], [ 128.733355450127647, 36.383274705374369 ], [ 128.73277077044159, 36.382601247003279 ], [ 128.731943171083145, 36.382084581714928 ], [ 128.730955236651653, 36.38219076807065 ], [ 128.73045650596768, 36.382286657331633 ], [ 128.73011894990961, 36.382617142138244 ], [ 128.730094101528579, 36.382641426221255 ], [ 128.729883041215999, 36.382720925161799 ], [ 128.729829743363979, 36.382740954078258 ], [ 128.729422115642876, 36.38275745503703 ], [ 128.728712046307123, 36.382937069593964 ], [ 128.728546100549465, 36.382840608123672 ], [ 128.727793698658729, 36.383020562061638 ], [ 128.727266043650047, 36.384082927489018 ], [ 128.727280192495215, 36.384328924489559 ], [ 128.727662542837521, 36.384766344796532 ], [ 128.726496999799764, 36.385908482826437 ], [ 128.725445310073241, 36.38598732450815 ], [ 128.724578668162508, 36.386021392497554 ], [ 128.723586439123011, 36.386719475090679 ], [ 128.722420513465266, 36.385785428472424 ], [ 128.72198844652155, 36.38541951795559 ], [ 128.721981535092368, 36.385413662224856 ], [ 128.721877407714402, 36.385322463796328 ], [ 128.720951370966816, 36.385504428138439 ], [ 128.720342884440782, 36.385264999544042 ], [ 128.719622324489507, 36.38511216692828 ], [ 128.718831402423433, 36.385148570721611 ], [ 128.717718715712266, 36.384433344292624 ], [ 128.717232887164926, 36.384249423655888 ], [ 128.717226309460074, 36.384246929795978 ], [ 128.717101700508067, 36.384199664414375 ], [ 128.71711385559783, 36.384148795449569 ], [ 128.717118054516732, 36.384131196645725 ], [ 128.71726812233203, 36.383506765791125 ], [ 128.716021921618761, 36.382173005151927 ], [ 128.715495209483834, 36.382460920893742 ], [ 128.714307201683397, 36.382720508825756 ], [ 128.713207449110627, 36.383473659720153 ], [ 128.712348935071049, 36.383829167918286 ], [ 128.711901340380365, 36.38419507488603 ], [ 128.712168125082286, 36.385460769896113 ], [ 128.71180290768865, 36.385766317468992 ], [ 128.711652390413406, 36.385892232829256 ], [ 128.711663424769483, 36.385934163837028 ], [ 128.711806333646223, 36.386474291078315 ], [ 128.711511381001884, 36.387317544692507 ], [ 128.711348165126935, 36.387320536775569 ], [ 128.710655118863258, 36.387333261164414 ], [ 128.710317483951513, 36.387901705313617 ], [ 128.710278800303087, 36.387951724863285 ], [ 128.710237029097328, 36.38793304999669 ], [ 128.710228038367234, 36.387929035910631 ], [ 128.710184607386367, 36.387996769790448 ], [ 128.709861819941608, 36.388333351744613 ], [ 128.709463256808363, 36.388298413147865 ], [ 128.709038685394745, 36.388145942568407 ], [ 128.708902343995135, 36.388112166440685 ], [ 128.708262824773101, 36.388575645059063 ], [ 128.708035364625204, 36.388907166134942 ], [ 128.707497978496946, 36.389502813077726 ], [ 128.70744404309022, 36.389665728242321 ], [ 128.707327736331393, 36.389851902089575 ], [ 128.707207573149731, 36.391327399920478 ], [ 128.706984868293688, 36.391828088285678 ], [ 128.707174439704858, 36.392207549606752 ], [ 128.706813904567156, 36.392573146661299 ], [ 128.706958938964419, 36.392842484154329 ], [ 128.70738031415587, 36.39328396686772 ], [ 128.707400332206447, 36.393304932196735 ], [ 128.707766223086082, 36.393616581227484 ], [ 128.707835166390907, 36.393675236349857 ], [ 128.707939454463713, 36.393790454313205 ], [ 128.70806846347233, 36.39393299315465 ], [ 128.708052656908421, 36.3939687936616 ], [ 128.707360773049402, 36.394174963764385 ], [ 128.707202715698799, 36.394310767539181 ], [ 128.707041638692345, 36.394457963394053 ], [ 128.706713424717833, 36.394682958795102 ], [ 128.706555339394242, 36.394911167077218 ], [ 128.706531973053359, 36.394944398412491 ], [ 128.706570931363302, 36.395017984601864 ], [ 128.70654165321784, 36.39502277860197 ], [ 128.706619845781262, 36.395271062336676 ], [ 128.706645199683607, 36.395287111585937 ], [ 128.70664045047883, 36.395293200749116 ], [ 128.706619411916364, 36.395447914863503 ], [ 128.706615915817054, 36.395523595065526 ], [ 128.706618782751576, 36.395552520521335 ], [ 128.706621939330489, 36.39555788123247 ], [ 128.706580529845951, 36.395575396775655 ], [ 128.706545803287582, 36.395570661023918 ], [ 128.706543672576828, 36.395585858412858 ], [ 128.706110841712217, 36.396048978841414 ], [ 128.705927688257447, 36.396358120918784 ], [ 128.705836074496176, 36.396613572627594 ], [ 128.705751210654512, 36.396961437369654 ], [ 128.705764894955848, 36.397698200271471 ], [ 128.705427963689431, 36.397906931415669 ], [ 128.704846448653882, 36.397963902127316 ], [ 128.704301779874385, 36.397820209296214 ], [ 128.704016756931708, 36.397745009559529 ], [ 128.70381497498812, 36.397691788749611 ], [ 128.703575796864016, 36.397874669521634 ], [ 128.70329592355165, 36.398088592459047 ], [ 128.703082123072988, 36.39835947118879 ], [ 128.703064725458773, 36.398475299426657 ], [ 128.703033787303468, 36.398511530034718 ], [ 128.702984599061978, 36.398562890633436 ], [ 128.702826098897276, 36.398655692829166 ], [ 128.70275521966812, 36.398686218246134 ], [ 128.702648026064026, 36.398715886781545 ], [ 128.702227621195163, 36.39885813735966 ], [ 128.701683873238807, 36.399339266092575 ], [ 128.700945740316428, 36.399632632449233 ], [ 128.700329682093354, 36.400294463594769 ], [ 128.700319730852669, 36.400305135319499 ], [ 128.699560930398718, 36.400519913506244 ], [ 128.699070631722435, 36.400672357605067 ], [ 128.698730559291221, 36.400797812220503 ], [ 128.698016776196397, 36.401757659657562 ], [ 128.697968880683561, 36.401822079296679 ], [ 128.69792975967286, 36.401874679926372 ], [ 128.6978625170822, 36.40192624481417 ], [ 128.697286653380814, 36.402260309780559 ], [ 128.696397147173229, 36.40244204055994 ], [ 128.695998603170978, 36.402880987900517 ], [ 128.695726572954527, 36.403461911674441 ], [ 128.694916787500091, 36.403919681485945 ], [ 128.692913102983567, 36.402393484168385 ], [ 128.692473501342903, 36.40258548498192 ], [ 128.692116596516342, 36.402348798699315 ], [ 128.691771984830126, 36.402228537490998 ], [ 128.691714186011069, 36.402208363749978 ], [ 128.691519774323638, 36.402271860001534 ], [ 128.691451952828999, 36.402294014802706 ], [ 128.69122174865862, 36.402317424022684 ], [ 128.690637487514351, 36.402269368798507 ], [ 128.690221449138704, 36.40233791820161 ], [ 128.690125921881844, 36.402349708757335 ], [ 128.689917312061482, 36.402375469719395 ], [ 128.689559974143833, 36.402274444822474 ], [ 128.689469311945857, 36.40224881323293 ], [ 128.689389350711934, 36.402226192387488 ], [ 128.689288299754054, 36.402197577698381 ], [ 128.689235025295858, 36.402166825915479 ], [ 128.689190128304318, 36.402154200385347 ], [ 128.688481825194714, 36.401706883221244 ], [ 128.688433986433097, 36.401685715680053 ], [ 128.688430320492444, 36.401515764672816 ], [ 128.688424715941011, 36.401251051240578 ], [ 128.688350014585808, 36.400942990934148 ], [ 128.688151893917393, 36.4008308622589 ], [ 128.687687624919931, 36.400699975004244 ], [ 128.687566033599836, 36.400745740999021 ], [ 128.687494917873408, 36.400780456132509 ], [ 128.68672135508794, 36.399833387841745 ], [ 128.685736786353658, 36.399003962475341 ], [ 128.685367781247038, 36.398381345637212 ], [ 128.685485928869099, 36.397434309706249 ], [ 128.686626436977747, 36.396685092857254 ], [ 128.686712575353113, 36.396614443326776 ], [ 128.686612285024808, 36.39646561307238 ], [ 128.686313211176071, 36.396021830021262 ], [ 128.686239205031285, 36.395942377333412 ], [ 128.685802923509783, 36.395516749704441 ], [ 128.685327004009309, 36.395042839308914 ], [ 128.685017785855507, 36.39503414428841 ], [ 128.685052871363069, 36.394878425923842 ], [ 128.685363839540173, 36.39447953784002 ], [ 128.685378628013439, 36.394394948624893 ], [ 128.685453095317371, 36.393968867839114 ], [ 128.685464459271088, 36.393752672489278 ], [ 128.685456405625899, 36.39361918871252 ], [ 128.685448372402533, 36.393486173591889 ], [ 128.685353592635153, 36.393304842777553 ], [ 128.68518694119723, 36.393107028537095 ], [ 128.684865873731098, 36.392833773892328 ], [ 128.684852766224992, 36.392814382131711 ], [ 128.684823350587777, 36.392756764791315 ], [ 128.684767326300459, 36.392620044752206 ], [ 128.684624759241899, 36.392453852355203 ], [ 128.684519211580948, 36.392267950420624 ], [ 128.684514520589886, 36.392187932567005 ], [ 128.68450812678077, 36.392079829899551 ], [ 128.68449275868997, 36.392068209150736 ], [ 128.684347419740845, 36.39195916993738 ], [ 128.68425740578266, 36.391906293887786 ], [ 128.684110847965115, 36.391790149969495 ], [ 128.683947357145456, 36.391625252900482 ], [ 128.683826993796828, 36.391426919933025 ], [ 128.683748289449056, 36.391303980969276 ], [ 128.683720532202898, 36.391288371051566 ], [ 128.683655747310894, 36.391231731705254 ], [ 128.683574969698185, 36.391065125668995 ], [ 128.683295878253602, 36.390762501343481 ], [ 128.683091932813312, 36.390099691777117 ], [ 128.682991864651655, 36.390023087324927 ], [ 128.682961186455486, 36.389999602270045 ], [ 128.682923197040452, 36.389970528509927 ], [ 128.682537961409679, 36.389566193130882 ], [ 128.682308520235438, 36.388830644078006 ], [ 128.682251884586776, 36.388665282120996 ], [ 128.682155344868391, 36.38829884460381 ], [ 128.682053997023786, 36.388323337661966 ], [ 128.681433729000616, 36.388477804318043 ], [ 128.680734200127631, 36.388646059055091 ], [ 128.680660226842321, 36.388683763415386 ], [ 128.680554085215363, 36.388667608784594 ], [ 128.680121576841969, 36.388601868532241 ], [ 128.679956979031431, 36.388530828336165 ], [ 128.679731432241226, 36.388420278891999 ], [ 128.679632758281912, 36.388436702655184 ], [ 128.679339287246421, 36.3883809134853 ], [ 128.679296156055074, 36.38841266236436 ], [ 128.679085125958636, 36.388471299557651 ], [ 128.67850934295808, 36.38954246406751 ], [ 128.678054465324522, 36.390145915004055 ], [ 128.678010867857552, 36.390203759878609 ], [ 128.677990335190117, 36.390231090676494 ], [ 128.677940561303984, 36.390297353700923 ], [ 128.677924793645531, 36.390320615116167 ], [ 128.677893179719007, 36.390367272901919 ], [ 128.677887684589194, 36.390375377511212 ], [ 128.677848188408262, 36.390382173433757 ], [ 128.677803104396901, 36.390389855366955 ], [ 128.677782737404556, 36.390393323731935 ], [ 128.677692123287926, 36.390408740392566 ], [ 128.677282897193805, 36.390478597172866 ], [ 128.677022491895855, 36.390795307414216 ], [ 128.676959510351651, 36.390871906551446 ], [ 128.676646407334147, 36.391265405196648 ], [ 128.676568164710858, 36.391363734756361 ], [ 128.676535614954844, 36.391404631184066 ], [ 128.676495141089958, 36.391431934504439 ], [ 128.67619690513402, 36.391380666527489 ], [ 128.675987465097364, 36.391419026320513 ], [ 128.675235453938882, 36.391152807394889 ], [ 128.674873319043201, 36.39086975324502 ], [ 128.674477925356371, 36.390682905409939 ], [ 128.674102255915926, 36.390571952346704 ], [ 128.673249230357072, 36.390629629017639 ], [ 128.672775087236971, 36.390418191643597 ], [ 128.67236742984403, 36.390535292965893 ], [ 128.672299410589943, 36.390539404096671 ], [ 128.672297765293649, 36.390559531581417 ], [ 128.672293345501345, 36.390613823584175 ], [ 128.672101530315075, 36.39067530396499 ], [ 128.671861142816709, 36.390693943822598 ], [ 128.671695391715218, 36.390688232540256 ], [ 128.671512010117965, 36.390681922617382 ], [ 128.669864638175625, 36.390250794374708 ], [ 128.669529729626277, 36.389987174658835 ], [ 128.66908385645911, 36.389686468742276 ], [ 128.669486985141674, 36.389074806792628 ], [ 128.669152197469458, 36.38825522164948 ], [ 128.669027583250568, 36.387950145975488 ], [ 128.667676344261878, 36.387578729479216 ], [ 128.667223479314316, 36.387242049535907 ], [ 128.667089611611686, 36.386669029534318 ], [ 128.667116451308317, 36.386601021637269 ], [ 128.667489125363971, 36.385656877048795 ], [ 128.666879424228142, 36.385169433737715 ], [ 128.666816733390789, 36.384396652987448 ], [ 128.666815196648059, 36.384383347480217 ], [ 128.666716085948963, 36.383521943049395 ], [ 128.666249964087569, 36.382969654270156 ], [ 128.666316883274334, 36.382181547328351 ], [ 128.666342644929387, 36.382076264310228 ], [ 128.666402619244394, 36.381831117187531 ], [ 128.666169476447919, 36.381562294097272 ], [ 128.666949636335744, 36.380902683058409 ], [ 128.666712351004719, 36.380508479169585 ], [ 128.666658029031424, 36.380418228354081 ], [ 128.666576928570208, 36.380205388918895 ], [ 128.666785441842649, 36.379589251215755 ], [ 128.666635249098562, 36.378808997131003 ], [ 128.666904523848729, 36.378264032251536 ], [ 128.666294286101277, 36.377876910852024 ], [ 128.665727007668465, 36.377621179982391 ], [ 128.665132379324376, 36.377586831076904 ], [ 128.664950997152573, 36.377576371406654 ], [ 128.664513465469554, 36.377374880928627 ], [ 128.662789753429763, 36.376581071520754 ], [ 128.662739104773806, 36.376557713874817 ], [ 128.662691066866842, 36.376533660700957 ], [ 128.662642773266356, 36.376509471607569 ], [ 128.662641144051065, 36.376499698341647 ], [ 128.662621473846968, 36.376381742933305 ], [ 128.662464364233813, 36.375439569087852 ], [ 128.662932564847694, 36.374752459416669 ], [ 128.663413136058864, 36.37425118540947 ], [ 128.663197633461436, 36.374064610617459 ], [ 128.663188774051321, 36.374049211624595 ], [ 128.662882510969439, 36.37374356037472 ], [ 128.662123934043109, 36.373617065091921 ], [ 128.662141066163542, 36.373184995170455 ], [ 128.662142016581413, 36.373161162002134 ], [ 128.662146393471602, 36.37288719261668 ], [ 128.66119028636794, 36.371816310851898 ], [ 128.661054252577401, 36.371610709528795 ], [ 128.660834957488305, 36.371911056310161 ], [ 128.660747572081448, 36.372053957533204 ], [ 128.660679062260982, 36.372161325441532 ], [ 128.659948233743279, 36.372765435608414 ], [ 128.659630809652214, 36.372992532060309 ], [ 128.659482549336531, 36.373177414718789 ], [ 128.658926517956957, 36.374062344682471 ], [ 128.658871871610387, 36.374148240405134 ], [ 128.657955389538614, 36.374878870060591 ], [ 128.657672324916007, 36.375104528000222 ], [ 128.657503117948949, 36.375656122617677 ], [ 128.658343378440605, 36.3767371720703 ], [ 128.658289161574515, 36.377092562509198 ], [ 128.657808694774758, 36.37810581341396 ], [ 128.657235256067537, 36.378467494593679 ], [ 128.657325529042907, 36.379114134041785 ], [ 128.656828561134489, 36.379297350273028 ], [ 128.656812922633463, 36.379303054594999 ], [ 128.656060582931076, 36.380089870426872 ], [ 128.655756080373521, 36.380233509566338 ], [ 128.655009493584913, 36.380399801581298 ], [ 128.654621755175867, 36.381136839256271 ], [ 128.654443338753197, 36.381420566746648 ], [ 128.654268343878158, 36.381553547918848 ], [ 128.653144346137879, 36.381857293890924 ], [ 128.652246146537493, 36.381751911618373 ], [ 128.651592412291592, 36.382148485060092 ], [ 128.650172746940854, 36.381703387462814 ], [ 128.649343241398157, 36.38319177897322 ], [ 128.649363696033191, 36.383559325386045 ], [ 128.649258663036079, 36.383698227731209 ], [ 128.649022309407712, 36.38389101076114 ], [ 128.64869877814931, 36.384744945903421 ], [ 128.648714831298122, 36.385378187770186 ], [ 128.647933084300888, 36.385347417909578 ], [ 128.647250004698094, 36.385172190467621 ], [ 128.646081897569502, 36.385016856705356 ], [ 128.64556744030358, 36.384863767169058 ], [ 128.645206475394787, 36.384720712670244 ], [ 128.644672936051194, 36.38440531666064 ], [ 128.644354163757811, 36.385282522121955 ], [ 128.644424160240874, 36.385625336134737 ], [ 128.64432613254624, 36.386259994641527 ], [ 128.643991569903079, 36.386963596369931 ], [ 128.644124663662637, 36.3878392865129 ], [ 128.643955621034991, 36.388281657863857 ], [ 128.64399600523069, 36.388945603280099 ], [ 128.64333629035076, 36.389471961626008 ], [ 128.642579922505917, 36.390208772088798 ], [ 128.64255859256744, 36.390518401969558 ], [ 128.642419395559131, 36.391346153136134 ], [ 128.642514576559734, 36.391725892192447 ], [ 128.641664906857187, 36.392438499202918 ], [ 128.641418660891304, 36.392499387760907 ], [ 128.641255674719474, 36.39269133080311 ], [ 128.640969239385242, 36.393028655265468 ], [ 128.640822516224574, 36.393676085713246 ], [ 128.640892405705813, 36.394197142044582 ], [ 128.640483248044944, 36.394747120654714 ], [ 128.64042674403504, 36.39485115136381 ], [ 128.639911725044556, 36.395799419321584 ], [ 128.63899936276573, 36.396296204695787 ], [ 128.638860422697888, 36.396371859138291 ], [ 128.638805228808934, 36.396401907553141 ], [ 128.638183554074885, 36.396955972661985 ], [ 128.637675164556271, 36.397147364212387 ], [ 128.637527040145159, 36.397203127486272 ], [ 128.637322312087321, 36.397280201733963 ], [ 128.637036119637912, 36.39779938077583 ], [ 128.636890509404026, 36.398063508709967 ], [ 128.636902309277957, 36.398169575508369 ], [ 128.636949572934128, 36.398594491704927 ], [ 128.636957297006916, 36.39866391379708 ], [ 128.637112110218084, 36.398837986097689 ], [ 128.637374022025824, 36.399132545714338 ], [ 128.637383014890787, 36.399140350159229 ], [ 128.637432075876887, 36.399182953462798 ], [ 128.637571853777104, 36.399304360460832 ], [ 128.638207432441646, 36.399856382735003 ], [ 128.638219001179152, 36.399866438844903 ], [ 128.638195676434549, 36.400047041926719 ], [ 128.637477895792841, 36.400518210060319 ], [ 128.636955031674574, 36.400910639563612 ], [ 128.636709590740566, 36.401470196738146 ], [ 128.636420615247062, 36.401381333396188 ], [ 128.636017208260199, 36.401257298367675 ], [ 128.635638697712324, 36.400830628898525 ], [ 128.635388022956136, 36.400548058426914 ], [ 128.634996210914665, 36.400508043794247 ], [ 128.63441300055689, 36.400448488376924 ], [ 128.633843537160743, 36.400573269079999 ], [ 128.633711660893823, 36.400796080922149 ], [ 128.633603022023181, 36.400979619451299 ], [ 128.632880813707516, 36.401448276967443 ], [ 128.632457074691075, 36.401466604827114 ], [ 128.631720526957992, 36.401166483865751 ], [ 128.630964541479756, 36.401078179249858 ], [ 128.630898061106905, 36.401070412251549 ], [ 128.630464366792921, 36.401021187110921 ], [ 128.630260923049462, 36.4009980980207 ], [ 128.629545573722083, 36.401492259510157 ], [ 128.629279988171419, 36.401554225122922 ], [ 128.629249206601372, 36.40167875986478 ], [ 128.629158756726156, 36.401680721833912 ], [ 128.628315645016215, 36.401945708626741 ], [ 128.628129167341996, 36.402288270186737 ], [ 128.627644023449761, 36.402387592660197 ], [ 128.627201128091571, 36.402724051042689 ], [ 128.626872230086661, 36.40340346890877 ], [ 128.626471216068694, 36.405028247825179 ], [ 128.626428675659639, 36.405204408396493 ], [ 128.626885272832993, 36.405786504502181 ], [ 128.627172263461972, 36.406157817517126 ], [ 128.627522200374472, 36.40688269015758 ], [ 128.628574989976102, 36.407079623427386 ], [ 128.628040181519793, 36.408004183473679 ], [ 128.627465162032905, 36.408058048780767 ], [ 128.627248831037832, 36.408038212429204 ], [ 128.627028666769888, 36.408018021226361 ], [ 128.626715325236717, 36.408043874951225 ], [ 128.626108657303888, 36.408465533238363 ], [ 128.625912243792158, 36.40849985373589 ], [ 128.625227049399427, 36.409106214703336 ], [ 128.624990140306181, 36.409318790801962 ], [ 128.624456272386169, 36.409300651430158 ], [ 128.62430937555061, 36.40942324105427 ], [ 128.62281580488613, 36.409586446028278 ], [ 128.621887740462114, 36.409244852802864 ], [ 128.621634354511713, 36.409379707845133 ], [ 128.620867630102879, 36.409787754299806 ], [ 128.620290836541812, 36.410264989458895 ], [ 128.619313067553975, 36.410254763445792 ], [ 128.619196835867655, 36.41025354435579 ], [ 128.61872611200377, 36.410248621250581 ], [ 128.618491051136033, 36.410246155461934 ], [ 128.618439997621891, 36.410239962966649 ], [ 128.617833935902354, 36.410138033880934 ], [ 128.616688268317859, 36.410430658481999 ], [ 128.6162548677367, 36.410541347559985 ], [ 128.616141607598394, 36.410568197202331 ], [ 128.616093488527383, 36.410579594803473 ], [ 128.616038582934124, 36.410592610593419 ], [ 128.615971167165895, 36.410574261655164 ], [ 128.614872527166625, 36.410272119842155 ], [ 128.614752852966092, 36.409800281499685 ], [ 128.614666392888125, 36.409726358695302 ], [ 128.614322841197406, 36.4094326117606 ], [ 128.613613589357215, 36.410050317531152 ], [ 128.61363522527887, 36.410773325321593 ], [ 128.613490823425877, 36.411192859841222 ], [ 128.612950652425752, 36.411267549096848 ], [ 128.612406508610491, 36.411342790693034 ], [ 128.611930610150978, 36.411017623844778 ], [ 128.611581082008286, 36.410999370198617 ], [ 128.610634611915714, 36.411719069575746 ], [ 128.610856777586463, 36.412313867894916 ], [ 128.611363747251346, 36.412978931660376 ], [ 128.610863113904543, 36.413502301663904 ], [ 128.610624855952324, 36.413528547881441 ], [ 128.610069892849481, 36.414665579278868 ], [ 128.609361837008578, 36.414774017948893 ], [ 128.609349522022541, 36.414799606477445 ], [ 128.608820839457678, 36.41590658328839 ], [ 128.608820174473806, 36.415908004932987 ], [ 128.608849498306398, 36.415927881786928 ], [ 128.608987849363871, 36.416030762305617 ], [ 128.609341236757729, 36.416290411675341 ], [ 128.610254138208859, 36.417833567408962 ], [ 128.610363005045286, 36.418111706182678 ], [ 128.610364107370174, 36.418114233037279 ], [ 128.611024151028772, 36.4181230796015 ], [ 128.611563553931916, 36.418278841073651 ], [ 128.611564956147504, 36.418279377335764 ], [ 128.611568168730372, 36.41828356018997 ], [ 128.611794629383127, 36.418570525413024 ], [ 128.611839369214863, 36.418627363291492 ], [ 128.61187658553601, 36.418674732464773 ], [ 128.612401054262563, 36.418731863688862 ], [ 128.612639911393501, 36.418758486920915 ], [ 128.612698834302734, 36.418777395835185 ], [ 128.612700937539188, 36.418778222737004 ], [ 128.613009922821249, 36.418877670862564 ], [ 128.613039953998367, 36.418865656981112 ], [ 128.613105993709581, 36.418839197484296 ], [ 128.613184078052768, 36.418807730627627 ], [ 128.613299824482766, 36.418761120524799 ], [ 128.61342629516588, 36.418710417852409 ], [ 128.613960373690333, 36.418810784016948 ], [ 128.613967715095527, 36.418812087485811 ], [ 128.614480986252829, 36.419405182394982 ], [ 128.614487415938015, 36.419412718894733 ], [ 128.615143757767044, 36.41951169163913 ], [ 128.615590749898615, 36.419578290699548 ], [ 128.616236822362822, 36.41926244797034 ], [ 128.616368522024459, 36.419198061440163 ], [ 128.61663173716525, 36.419239822617882 ], [ 128.617273281470318, 36.419330274093646 ], [ 128.618284207695154, 36.418903498431419 ], [ 128.619207667717262, 36.419249168863722 ], [ 128.619213276730335, 36.419251340588616 ], [ 128.619566777593008, 36.419260915535538 ], [ 128.620111903000435, 36.41873484898526 ], [ 128.620243058032713, 36.418726310252858 ], [ 128.620765975873582, 36.418691346423209 ], [ 128.621036642686391, 36.418437631643648 ], [ 128.621039039955889, 36.418435341325697 ], [ 128.62133313181198, 36.418554401807832 ], [ 128.621441340798242, 36.418598272205891 ], [ 128.621451878629159, 36.418602631304729 ], [ 128.622657095510306, 36.41911001027961 ], [ 128.623211036615004, 36.418909050570498 ], [ 128.623862403630767, 36.418901613893745 ], [ 128.624139867476373, 36.419008773659293 ], [ 128.624339014770527, 36.419085757975694 ], [ 128.625559388760479, 36.419583882631386 ], [ 128.625561481006969, 36.419584709272421 ], [ 128.626423594388768, 36.419525663678748 ], [ 128.626805198604927, 36.419597341248277 ], [ 128.626821997909133, 36.419600493943278 ], [ 128.627088692804591, 36.419775947956303 ], [ 128.627426780618947, 36.42011713186772 ], [ 128.627432839344692, 36.42012324268002 ], [ 128.62804638029246, 36.419939461113977 ], [ 128.62804913862513, 36.419938577592525 ], [ 128.62867476014344, 36.420033108448408 ], [ 128.629027107912179, 36.420338880762678 ], [ 128.629091895666988, 36.420555099615918 ], [ 128.629134236118887, 36.42069700195831 ], [ 128.628752007633835, 36.421648036944717 ], [ 128.628520877772132, 36.422593081250078 ], [ 128.628648531172644, 36.423133940688935 ], [ 128.628361795439901, 36.423701856268394 ], [ 128.627853381242886, 36.424066380140353 ], [ 128.628300561548798, 36.424574463768067 ], [ 128.628460073957854, 36.425022252053104 ], [ 128.628502508865722, 36.425937366481612 ], [ 128.628855508240065, 36.426072497821437 ], [ 128.629599939290415, 36.426515412781413 ], [ 128.629665233826358, 36.426554221726335 ], [ 128.629700859704542, 36.426575708122876 ], [ 128.629710378880617, 36.426581207790115 ], [ 128.629716027906937, 36.426584514604855 ], [ 128.629846816776876, 36.426557093979589 ], [ 128.629963720456857, 36.426532414587605 ], [ 128.629954930579402, 36.426528314004578 ], [ 128.629891250610967, 36.426499332864246 ], [ 128.630894412551925, 36.425433109227562 ], [ 128.630971117623318, 36.425351522096314 ], [ 128.632410669600773, 36.425428442338287 ], [ 128.63330108308989, 36.425186229294361 ], [ 128.633766514963071, 36.426032490337597 ], [ 128.633767963878938, 36.426035009030876 ], [ 128.63377375703655, 36.426045615479417 ], [ 128.633775205910439, 36.426048143184062 ], [ 128.634492817530514, 36.426781505532773 ], [ 128.634582732213744, 36.426873384567237 ], [ 128.634797778414253, 36.427075985659364 ], [ 128.635178835198218, 36.427435140274262 ], [ 128.635180967113513, 36.427437084304124 ], [ 128.635669400059641, 36.427366759381393 ], [ 128.635850653064466, 36.42732392377394 ], [ 128.635923194397463, 36.42730678056494 ], [ 128.635964053205498, 36.42729714610509 ], [ 128.635996502436228, 36.427337797545171 ], [ 128.636149834070409, 36.427530249485997 ], [ 128.636152339874172, 36.427533321090038 ], [ 128.636156630626459, 36.427538615003904 ], [ 128.636374553996262, 36.427828192810232 ], [ 128.636365142759303, 36.427978125732231 ], [ 128.636396475161263, 36.428026388429998 ], [ 128.636400074455139, 36.428031707255379 ], [ 128.636469676991481, 36.42804454526938 ], [ 128.636565162111822, 36.428062103309962 ], [ 128.636574166778331, 36.428075224654329 ], [ 128.63657882892889, 36.42808218682994 ], [ 128.636633137952089, 36.428162835204276 ], [ 128.636609654716494, 36.428272118963143 ], [ 128.636647118769304, 36.428430422700281 ], [ 128.636616963885018, 36.428504603993517 ], [ 128.636612654970719, 36.4285150893161 ], [ 128.636608010495877, 36.42860920106493 ], [ 128.636593800286306, 36.428729047683625 ], [ 128.636682964930117, 36.428743891853202 ], [ 128.636787864775442, 36.428761027900272 ], [ 128.636818712267029, 36.42880341345213 ], [ 128.636824086860912, 36.428810657152212 ], [ 128.636891570625039, 36.428821271601571 ], [ 128.636892963276978, 36.42882154620127 ], [ 128.6368964513251, 36.428822052488499 ], [ 128.637025075841109, 36.428974046944965 ], [ 128.637029733504392, 36.428979603282265 ], [ 128.637035611193596, 36.429127348024785 ], [ 128.637036914265877, 36.429156333237309 ], [ 128.637120626401071, 36.429242766437227 ], [ 128.637434932915994, 36.429608171368081 ], [ 128.637458236529, 36.429690076551445 ], [ 128.63755171344522, 36.42967724965402 ], [ 128.638193103799864, 36.429589898109327 ], [ 128.638510952403578, 36.429559909988278 ], [ 128.638831462285054, 36.429540310441183 ], [ 128.638958993507458, 36.429539958762469 ], [ 128.639664899769883, 36.429554499837671 ], [ 128.640032132592552, 36.429270692991402 ], [ 128.640395710434433, 36.428930335293074 ], [ 128.640670445597777, 36.428755367904088 ], [ 128.641065650506448, 36.428510040687499 ], [ 128.641432715940965, 36.42838589613951 ], [ 128.641744150520907, 36.428282489734904 ], [ 128.642013133723538, 36.428265556014402 ], [ 128.642472113436668, 36.428236739091489 ], [ 128.642923752772504, 36.428206023952235 ], [ 128.64377459966471, 36.428335954625211 ], [ 128.644324855438754, 36.428355408681945 ], [ 128.644898225140253, 36.428380453331748 ], [ 128.64492577429408, 36.428381770186967 ], [ 128.645071640697239, 36.428392713178127 ], [ 128.6450737471352, 36.428392971789926 ], [ 128.645465651981141, 36.42842249137621 ], [ 128.645805531048239, 36.428445690793623 ], [ 128.64586939723813, 36.428450161520196 ], [ 128.64591480643864, 36.428472050709011 ], [ 128.646101373378372, 36.428561847825776 ], [ 128.646339002660142, 36.428676271992124 ], [ 128.646631082736178, 36.428813323390344 ], [ 128.646995413508535, 36.429004549943315 ], [ 128.647346444282931, 36.42919287926626 ], [ 128.647745532803356, 36.429446710934606 ], [ 128.647949391906366, 36.429580172438627 ], [ 128.648269699997911, 36.429781880384951 ], [ 128.64837461608721, 36.429848020293605 ], [ 128.648386248305485, 36.429855173841432 ], [ 128.648656082051502, 36.429976474340535 ], [ 128.648770410678736, 36.430027835687568 ], [ 128.648969061698381, 36.430095477502796 ], [ 128.649341800652621, 36.430222676408299 ], [ 128.649590430527326, 36.430231916341363 ], [ 128.649962532825555, 36.430245925987009 ], [ 128.650220287453863, 36.43022490355029 ], [ 128.650682073284088, 36.430065071017815 ], [ 128.651125550770615, 36.42991167130873 ], [ 128.651370683450864, 36.429805512985219 ], [ 128.651663493398956, 36.429678406745566 ], [ 128.651947594299912, 36.429618176272086 ], [ 128.652647926946656, 36.42958314168483 ], [ 128.653169588653185, 36.429617881269017 ], [ 128.65317551913742, 36.429618367171116 ], [ 128.653603796757096, 36.429718310570003 ], [ 128.653606593485961, 36.429718832378398 ], [ 128.653610792848355, 36.429719907979745 ], [ 128.653885270314476, 36.429879419319867 ], [ 128.654166182107701, 36.430046734750547 ], [ 128.654301288631785, 36.430173551151 ], [ 128.654327931607554, 36.430198239246337 ], [ 128.654586389702246, 36.430439906038345 ], [ 128.654788226149805, 36.43083836257572 ], [ 128.654778156715395, 36.431267068288015 ], [ 128.654869692913593, 36.431459803372462 ], [ 128.654911654776669, 36.431548202613619 ], [ 128.654953023314221, 36.431576916425087 ], [ 128.655044651330854, 36.43164124563723 ], [ 128.655479678404589, 36.431944692365278 ], [ 128.655642038026144, 36.432058158941054 ], [ 128.656333219752213, 36.43254304440503 ], [ 128.656770337599767, 36.433026633900099 ], [ 128.65677462265063, 36.433031079967648 ], [ 128.656975038075615, 36.433164588193222 ], [ 128.657421441129998, 36.433461374040924 ], [ 128.657648982564552, 36.433591967451648 ], [ 128.658063130552762, 36.433829776355616 ], [ 128.658361505037107, 36.433964735468628 ], [ 128.658388239728566, 36.433976770657893 ], [ 128.658424836188033, 36.433993150722316 ], [ 128.658816785303401, 36.434169884846973 ], [ 128.659163655339, 36.434291499806378 ], [ 128.659303753267039, 36.434455966159739 ], [ 128.659823111015385, 36.434757358723331 ], [ 128.660472173618132, 36.435127913917661 ], [ 128.660470512783206, 36.435540729450103 ], [ 128.660469040450408, 36.43586455619225 ], [ 128.660586583925664, 36.436000615186458 ], [ 128.660585640544042, 36.435989366047863 ], [ 128.660613713719073, 36.435965889943382 ], [ 128.660932866381216, 36.436356235878989 ], [ 128.661001707634114, 36.436119590019544 ], [ 128.661396278553696, 36.436435380732028 ], [ 128.661675782579835, 36.436599592438874 ], [ 128.661891055420966, 36.436726403014269 ], [ 128.661920674375551, 36.436742320591051 ], [ 128.662524526732739, 36.437067038290088 ], [ 128.662834550405023, 36.437241237638787 ], [ 128.662896527785875, 36.437271629221534 ], [ 128.663513156355776, 36.437573623920734 ], [ 128.664018011522415, 36.437781435011942 ], [ 128.664300600376464, 36.437910405020183 ], [ 128.664468201303634, 36.437991135300024 ], [ 128.664599530019132, 36.438054632002732 ], [ 128.664643186357608, 36.438058819397135 ], [ 128.664830355961243, 36.438076198951038 ], [ 128.665384422418271, 36.438173219568903 ], [ 128.665437937821224, 36.43818261608083 ], [ 128.665487816627177, 36.438184432613674 ], [ 128.665735782488127, 36.438193664145892 ], [ 128.666034869901154, 36.438213987868117 ], [ 128.666910116638263, 36.438451817056681 ], [ 128.667570814761319, 36.438597194030812 ], [ 128.667936529192076, 36.43868585383899 ], [ 128.668359438386204, 36.438711473966784 ], [ 128.668785967368535, 36.438678212056168 ], [ 128.669817447748329, 36.438090220092704 ], [ 128.670525789441172, 36.437824091393765 ], [ 128.670760877427, 36.437769267575248 ], [ 128.671614077980649, 36.437579086613788 ], [ 128.67188382438539, 36.437416785154205 ], [ 128.672350276630198, 36.437134036082185 ], [ 128.672719031184386, 36.436892911004392 ], [ 128.67305699046392, 36.436678401368219 ], [ 128.673467226349089, 36.436504001629494 ], [ 128.673804399950257, 36.436496735958478 ], [ 128.674204748250077, 36.436575594950035 ], [ 128.67475627046494, 36.43668388366909 ], [ 128.674951377009592, 36.436779129105986 ], [ 128.674976813804079, 36.436795671834069 ], [ 128.675068725240124, 36.43685632775162 ], [ 128.67520445825977, 36.43694566104972 ], [ 128.675720986100742, 36.437403859322764 ], [ 128.675767577485743, 36.437447692584001 ], [ 128.675998077273533, 36.437665220820634 ], [ 128.677019275503426, 36.4386282469005 ], [ 128.677086497310825, 36.438691780939401 ], [ 128.67718532765744, 36.438797953457993 ], [ 128.677832228441559, 36.439354560518467 ], [ 128.678083257119368, 36.439570383078276 ], [ 128.678508790455339, 36.439912145443728 ], [ 128.678600868432852, 36.440012224709484 ], [ 128.678902779851825, 36.440293228665659 ], [ 128.67938942175445, 36.440769001851045 ], [ 128.679907603140236, 36.441722453253256 ], [ 128.679924464317793, 36.441744730214467 ], [ 128.67992730035985, 36.441746684352402 ], [ 128.680165334880087, 36.441892844082481 ], [ 128.680327478806504, 36.441993912577743 ], [ 128.680941376585622, 36.442375255927644 ], [ 128.681415109060936, 36.442670988986883 ], [ 128.681680872681142, 36.442793690813133 ], [ 128.681839331907639, 36.442902118842305 ], [ 128.681872513900061, 36.442937406871025 ], [ 128.681921835183402, 36.442978108987248 ], [ 128.681944618883932, 36.442984270803144 ], [ 128.681966009520551, 36.442990158539338 ], [ 128.682057338388603, 36.442975632968455 ], [ 128.68274329220273, 36.443319076904196 ], [ 128.682799013703743, 36.44336587855372 ], [ 128.682860804272025, 36.443483256962601 ], [ 128.682930755176585, 36.44367263251398 ], [ 128.682973937123421, 36.443881239384929 ], [ 128.682998315034752, 36.444155138952972 ], [ 128.682998833177635, 36.444194836293477 ], [ 128.683005461528438, 36.444679901616603 ], [ 128.683249494787589, 36.444682661076875 ], [ 128.683249914671364, 36.444669973908979 ], [ 128.68327006693977, 36.444279997956187 ], [ 128.685201841944547, 36.444327656974707 ], [ 128.685333092045255, 36.444208385056498 ], [ 128.685996748895008, 36.444067811965638 ], [ 128.686519880679299, 36.44403704898329 ], [ 128.686770303058154, 36.444045351201964 ], [ 128.687092935132483, 36.444009244818375 ], [ 128.687703630806027, 36.443788031399023 ], [ 128.688053628229227, 36.443808433799497 ], [ 128.688063004443478, 36.443806656101152 ], [ 128.688071320238436, 36.44380508288436 ], [ 128.688318459152015, 36.44375879916528 ], [ 128.688554480259995, 36.443714630546204 ], [ 128.688900415250572, 36.443869111982842 ], [ 128.688909210210653, 36.443873208239928 ], [ 128.688914142482702, 36.443875401953562 ], [ 128.689932418953703, 36.443824381700509 ], [ 128.6906405271815, 36.444062988497997 ], [ 128.6906422972923, 36.444063822171316 ], [ 128.691074127821224, 36.444001107779052 ], [ 128.691239765813123, 36.444005233079388 ], [ 128.691241851636903, 36.44400521146504 ], [ 128.691409883358887, 36.444007621539875 ], [ 128.691414423181726, 36.444007552226779 ], [ 128.691525098338985, 36.444081166774332 ], [ 128.691606670225468, 36.44413041048724 ], [ 128.69196616390181, 36.444346926855197 ], [ 128.69227204512319, 36.444374682113576 ], [ 128.692305215906174, 36.444377597656093 ], [ 128.692995226268721, 36.444632220262143 ], [ 128.693017563012887, 36.444650201991273 ], [ 128.693756074003687, 36.445243996803271 ], [ 128.694494564391107, 36.445452317095025 ], [ 128.69452403525051, 36.445477219748028 ], [ 128.69474561208483, 36.445665851702046 ], [ 128.694806320932997, 36.445717355590169 ], [ 128.694826647186403, 36.445818427491126 ], [ 128.694889428690288, 36.446494167995283 ], [ 128.695662511427173, 36.446401259100547 ], [ 128.696433378953174, 36.446110148104601 ], [ 128.69742577337226, 36.446469709130881 ], [ 128.698387223283248, 36.4464481562065 ], [ 128.698920658041089, 36.44688940906358 ], [ 128.699568427955001, 36.447411521153846 ], [ 128.699572686063306, 36.447415118526472 ], [ 128.700307149340858, 36.447197154534479 ], [ 128.700569303212518, 36.447119640260141 ], [ 128.70110959422513, 36.446819672076245 ], [ 128.702039124697563, 36.446917088305781 ], [ 128.702541041090683, 36.446822931717207 ], [ 128.703158430193639, 36.446782310992027 ], [ 128.703528146192696, 36.446667787094846 ], [ 128.703852526334344, 36.446647950744776 ], [ 128.704166468733689, 36.446788214102114 ], [ 128.704880007446064, 36.446872922503367 ], [ 128.705281049792461, 36.447234651352233 ], [ 128.706040207911002, 36.44750933075531 ], [ 128.706344403189405, 36.447792469715672 ], [ 128.706506638072341, 36.447943616213152 ], [ 128.706897578786482, 36.448018557519354 ], [ 128.706907205408726, 36.448092187764878 ], [ 128.706988616827005, 36.448721756527519 ], [ 128.706566660032422, 36.449396248941746 ], [ 128.706410188461433, 36.450002178454959 ], [ 128.706352940162049, 36.450220936865783 ], [ 128.705818908504313, 36.451045696488919 ], [ 128.705466005794023, 36.452376109056843 ], [ 128.705259612823454, 36.452723704673581 ], [ 128.70535652692655, 36.453266603278301 ], [ 128.705459218873273, 36.453451829261859 ], [ 128.705891733918094, 36.454230679723203 ], [ 128.706380151051036, 36.454728289859908 ], [ 128.7065678548405, 36.45666256172975 ], [ 128.706413973009688, 36.457196368392871 ], [ 128.706292733878342, 36.457629190959523 ], [ 128.706270491991006, 36.457696244994388 ], [ 128.706352137911722, 36.457779272078156 ], [ 128.706377873842712, 36.45777637090552 ], [ 128.70642793501429, 36.457786632656635 ], [ 128.706463636830989, 36.457809213737832 ], [ 128.706482401246035, 36.457838511615897 ], [ 128.706508781047177, 36.457913039273372 ], [ 128.706564956843408, 36.457978962418792 ], [ 128.706579262178792, 36.457995651112434 ], [ 128.706617405195374, 36.458018769859898 ], [ 128.70670932902155, 36.458045049299955 ], [ 128.706636206984598, 36.458176734760393 ], [ 128.706584386735273, 36.458277437013507 ], [ 128.706541006757618, 36.458349863822058 ], [ 128.706505427756213, 36.45838020791799 ], [ 128.706455244729597, 36.458428520990431 ], [ 128.706392013097286, 36.458469971027 ], [ 128.706347936852325, 36.458511152988997 ], [ 128.706201724593001, 36.458583064036034 ], [ 128.705845840578803, 36.458775111455331 ], [ 128.705804237227625, 36.458849470860329 ], [ 128.705771510028228, 36.45889838559448 ], [ 128.705738899439638, 36.45893714458942 ], [ 128.705674325684214, 36.458996911399595 ], [ 128.705620846874865, 36.459069745389648 ], [ 128.705596131809813, 36.459103333260416 ], [ 128.705574911783458, 36.459121375852575 ], [ 128.705313138675109, 36.459423866190576 ], [ 128.705074966617218, 36.459706589133127 ], [ 128.705072242719837, 36.459710006758179 ], [ 128.705155286567873, 36.459745430085739 ], [ 128.705295509434819, 36.459797207030505 ], [ 128.705323748301652, 36.4598139755009 ], [ 128.705420830496536, 36.459868907433687 ], [ 128.70554945062139, 36.459932676708533 ], [ 128.704848555817819, 36.460749681267075 ], [ 128.704896652088223, 36.460892597781992 ], [ 128.704905578150516, 36.460918654324054 ], [ 128.704908202325868, 36.46092678926091 ], [ 128.704960582831802, 36.46109019964004 ], [ 128.704961705855908, 36.461094113441803 ], [ 128.704967682019657, 36.461112619984434 ], [ 128.704972180363683, 36.461126635104705 ], [ 128.704973304452523, 36.461130269550949 ], [ 128.705104760067712, 36.461243844153017 ], [ 128.705111509703016, 36.461249664349133 ], [ 128.7051214819395, 36.461258817807384 ], [ 128.705347691941199, 36.46146506782285 ], [ 128.70565241476632, 36.462407088546399 ], [ 128.705661803281373, 36.463075137707584 ], [ 128.705541660790004, 36.463494714802046 ], [ 128.705425619143682, 36.463592391531712 ], [ 128.704809467665655, 36.463982151902364 ], [ 128.704462071474012, 36.464451149791387 ], [ 128.703750533078392, 36.465199029194103 ], [ 128.703582665747007, 36.466019399512192 ], [ 128.703582031248345, 36.466021939182937 ], [ 128.703675575803544, 36.466186741371615 ], [ 128.703851406565974, 36.466496492056649 ], [ 128.703847945614683, 36.466529204326704 ], [ 128.703796021502512, 36.467007776810469 ], [ 128.703795172530533, 36.467016804255003 ], [ 128.703743747592853, 36.467487204455281 ], [ 128.703743150202968, 36.467491708734102 ], [ 128.703862287981707, 36.467663180039253 ], [ 128.703938596402679, 36.467772761354908 ], [ 128.704137888219179, 36.468724164420465 ], [ 128.704144874235965, 36.468755884409518 ], [ 128.704128030366007, 36.468974065805675 ], [ 128.70412776876779, 36.468978291564333 ], [ 128.704453946738482, 36.469307024536086 ], [ 128.704733424167529, 36.469588555228235 ], [ 128.704734847073638, 36.469589928519383 ], [ 128.704911750641031, 36.469644572613603 ], [ 128.705294997915615, 36.469761016145576 ], [ 128.705513864104205, 36.469821810216303 ], [ 128.705816033734948, 36.470008404043313 ], [ 128.705809158720626, 36.470411445916746 ], [ 128.70625473155448, 36.471176591815237 ], [ 128.70682613348751, 36.47130329123614 ], [ 128.707124703940224, 36.471597218215024 ], [ 128.707254785992035, 36.471725439656808 ], [ 128.708484470546267, 36.471950860448061 ], [ 128.710122183320067, 36.47303935357904 ], [ 128.710265108493047, 36.473419971000496 ], [ 128.7099940012979, 36.474648689086223 ], [ 128.710107117152432, 36.47500467737369 ], [ 128.709927436836068, 36.475380325663849 ], [ 128.709809213532111, 36.476077790321817 ], [ 128.709761890368299, 36.476542498189566 ], [ 128.709764035567133, 36.47654472928015 ], [ 128.710001097383696, 36.47678236570939 ], [ 128.710035336320374, 36.47681678324188 ], [ 128.710180459321634, 36.476963664963783 ], [ 128.710280750911096, 36.47724406902848 ], [ 128.710281856226743, 36.477246883321307 ], [ 128.71061577564663, 36.477353592065711 ], [ 128.710624201331228, 36.477356298035417 ], [ 128.71062667340226, 36.47735766480055 ], [ 128.711137927074759, 36.477649089825668 ], [ 128.711346994808707, 36.477849113432747 ], [ 128.71146025040872, 36.477957860436931 ], [ 128.711611047532386, 36.478092552586624 ], [ 128.711725901422085, 36.478194796897682 ], [ 128.711736555468946, 36.478192443722754 ], [ 128.711800513513907, 36.478178243631298 ], [ 128.712887243695747, 36.477938529640049 ], [ 128.713048549180456, 36.478171047462915 ], [ 128.713694364199256, 36.478650586827044 ], [ 128.713759400908231, 36.478912086836132 ], [ 128.713888246003279, 36.479918840285158 ], [ 128.713998681259596, 36.480089009601414 ], [ 128.714109096742334, 36.480258620049668 ], [ 128.714224965026204, 36.480722676936949 ], [ 128.714594519577417, 36.48094263598508 ], [ 128.714605013227299, 36.480959656938857 ], [ 128.714605744564693, 36.480961055482595 ], [ 128.714657485364427, 36.481046753248606 ], [ 128.714960706134178, 36.481547548912999 ], [ 128.715039954741172, 36.481678748629029 ], [ 128.715074507034757, 36.481671658390503 ], [ 128.715442242147333, 36.481596095672437 ], [ 128.716796758594654, 36.481670678865591 ], [ 128.717432714404055, 36.481621828909056 ], [ 128.718423625345338, 36.482221124501017 ], [ 128.71873335209844, 36.482361239927187 ], [ 128.71882477413476, 36.482402594089578 ], [ 128.719450890661818, 36.481639817482986 ], [ 128.719998127568971, 36.480431574111741 ], [ 128.720920122725715, 36.480137004845204 ], [ 128.721743690165539, 36.480326738341859 ], [ 128.722622589042828, 36.479880724354658 ], [ 128.722992259404521, 36.479790075570776 ], [ 128.723413658569342, 36.47986254663121 ], [ 128.723880167468451, 36.479357987073335 ], [ 128.724509708244256, 36.478925977435132 ], [ 128.724496507691754, 36.47829881666793 ], [ 128.725545377923936, 36.478114446515704 ], [ 128.726183935507606, 36.478011180284987 ], [ 128.72653236730747, 36.477545195414521 ], [ 128.72673609896853, 36.477314455831106 ], [ 128.727982062974718, 36.476381037858168 ], [ 128.728066422857523, 36.476443735131959 ], [ 128.728230181978176, 36.476564693480064 ], [ 128.728611956511514, 36.476847222368079 ], [ 128.729428954864915, 36.477385868370277 ], [ 128.729434265916865, 36.477389169685523 ], [ 128.729487573895, 36.477372070160989 ], [ 128.730032107214555, 36.477196080231252 ], [ 128.730650191568316, 36.477097862040473 ], [ 128.73158619492267, 36.477139471042925 ], [ 128.731607513047862, 36.477157190863124 ], [ 128.73166899413701, 36.477209245302305 ], [ 128.731866190192022, 36.47737560224531 ], [ 128.732008188732806, 36.477380023209797 ], [ 128.732528049868506, 36.477396416402563 ], [ 128.732621034355617, 36.477438142038963 ], [ 128.733001363344727, 36.477608613279372 ], [ 128.73312744217526, 36.477696317699696 ], [ 128.733254914232191, 36.477784565809245 ], [ 128.733256339686903, 36.477785389062248 ], [ 128.733259138654859, 36.477785918021752 ], [ 128.733634045984388, 36.477853120953576 ], [ 128.734290918797939, 36.478135014198031 ], [ 128.734329190880828, 36.478177814527051 ], [ 128.734978887864941, 36.478904695211469 ], [ 128.735828689732074, 36.479519121490789 ], [ 128.73610721764453, 36.479720617135598 ], [ 128.736142822457452, 36.479737845241402 ], [ 128.736451215275252, 36.479886247480593 ], [ 128.736606936985936, 36.479958315954391 ], [ 128.737133275896099, 36.480201820999596 ], [ 128.737550408734904, 36.480395113331326 ], [ 128.73757176476721, 36.480399026506106 ], [ 128.737815821521536, 36.480445038140957 ], [ 128.737722168867521, 36.480904797495619 ], [ 128.737942495510936, 36.481496836823567 ], [ 128.73797457449669, 36.481543956832624 ], [ 128.738285338834402, 36.482000652802185 ], [ 128.738571268130528, 36.482407297289349 ], [ 128.738577221767741, 36.482408887422494 ], [ 128.738791639369424, 36.482470259485979 ], [ 128.738895029672591, 36.482509858379196 ], [ 128.739186588045897, 36.482621909039111 ], [ 128.740368976614661, 36.483402935431528 ], [ 128.741523206447084, 36.483687678271927 ], [ 128.74153163583108, 36.483689805330634 ], [ 128.7423986072844, 36.484755852328895 ], [ 128.74319721360655, 36.485197246604109 ], [ 128.743921707936039, 36.485597761533697 ], [ 128.744041795352246, 36.485588126017916 ], [ 128.744160487733609, 36.48557850539602 ], [ 128.744211991992245, 36.485574381032855 ], [ 128.744262112429254, 36.485570262676148 ], [ 128.744777819542236, 36.48594313441545 ], [ 128.745330458112676, 36.486563809847041 ], [ 128.746129415248674, 36.487283082372336 ], [ 128.746134400325531, 36.487287517695087 ], [ 128.746181730179529, 36.487345112448352 ], [ 128.746774723807704, 36.488053891911235 ], [ 128.747065028905979, 36.48835767665971 ], [ 128.747312380556707, 36.488859757725137 ], [ 128.747314564483617, 36.48886423208868 ], [ 128.74737073123012, 36.488834136099662 ], [ 128.747605727815369, 36.488708204737357 ], [ 128.748028403063415, 36.488493097219049 ], [ 128.749149438702887, 36.487947320508276 ], [ 128.75006834837265, 36.487205990099248 ], [ 128.750221963231638, 36.486687898980662 ], [ 128.750298541281921, 36.486293977426087 ], [ 128.750499578030258, 36.485991442125524 ], [ 128.751896232510745, 36.485749645601402 ] ] ] } },
{ "type": "Feature", "properties": { "spatial_region": "점곡면", "facility_count": 29, "total_capacity": 1633.4, "area_km2": 65.38, "facilities_per_km2": 0.444, "population_status": "AVAILABLE", "emd_code": "4773032000", "emd_name": "점곡면", "total_population": 1476, "youth_population": 101, "youth_ratio": 6.8428184281842812, "elderly_population": 880, "elderly_ratio": 59.620596205962059, "population_change": -30, "year": 2025 }, "geometry": { "type": "Polygon", "coordinates": [ [ [ 128.765291632420968, 36.466611549400731 ], [ 128.766112253411308, 36.465956237247049 ], [ 128.767284765916997, 36.466232296677312 ], [ 128.768042190138658, 36.466401548580215 ], [ 128.768799916589273, 36.466299016810218 ], [ 128.768885874425308, 36.466286090565006 ], [ 128.769090047938221, 36.466255371380697 ], [ 128.769232750304184, 36.466234724316138 ], [ 128.770518820891084, 36.466150105205543 ], [ 128.770807111964615, 36.465766788502215 ], [ 128.770938549061384, 36.465228367693733 ], [ 128.771888651959415, 36.464700301521432 ], [ 128.772158895729973, 36.464084160156453 ], [ 128.772648602875989, 36.463567665340356 ], [ 128.77327299818765, 36.462791217252601 ], [ 128.774090759392038, 36.461924631194968 ], [ 128.775365062563537, 36.462231705904337 ], [ 128.775576586125425, 36.46213943152727 ], [ 128.77629601580756, 36.461798279517943 ], [ 128.776396332100859, 36.461702017978311 ], [ 128.776760220821558, 36.461208978112097 ], [ 128.776949856321551, 36.460755179206608 ], [ 128.77715050427264, 36.459746234167916 ], [ 128.77725081037093, 36.459636724849915 ], [ 128.777687108214536, 36.459566766821354 ], [ 128.778394254208507, 36.459432565606043 ], [ 128.778941811770153, 36.459751623915203 ], [ 128.779653071614604, 36.459821886341302 ], [ 128.780360197877059, 36.459395626596013 ], [ 128.78086520915133, 36.459507817864477 ], [ 128.781714088904891, 36.459696409861508 ], [ 128.78197493651092, 36.460575445431786 ], [ 128.782559138708393, 36.46241583263658 ], [ 128.782388152257397, 36.462738610447225 ], [ 128.782215686227715, 36.463027682034642 ], [ 128.782291463090502, 36.463550041190096 ], [ 128.782288629234898, 36.463946445523838 ], [ 128.782340884463906, 36.464549802324569 ], [ 128.782201871757451, 36.464649178814547 ], [ 128.782162493453484, 36.464730697119471 ], [ 128.782387040218708, 36.464763677288545 ], [ 128.783605660689318, 36.464943417688978 ], [ 128.783942281531267, 36.465318516024226 ], [ 128.784102897517101, 36.465497165419102 ], [ 128.784377995675015, 36.465803347189059 ], [ 128.784916459940945, 36.466087288333739 ], [ 128.784921395565306, 36.466089757444315 ], [ 128.784981803744785, 36.466200348728556 ], [ 128.785001796373791, 36.466236647498341 ], [ 128.785003627931161, 36.466240003119637 ], [ 128.785337308617898, 36.466517154525235 ], [ 128.785683426451897, 36.466804249200052 ], [ 128.785691252179674, 36.466810607484874 ], [ 128.786401980889821, 36.466290887182453 ], [ 128.786733139903873, 36.466153318275936 ], [ 128.78733423519131, 36.465899073803698 ], [ 128.7877310149849, 36.465538079108924 ], [ 128.788352144495178, 36.465367717907498 ], [ 128.788849319446797, 36.465173017771747 ], [ 128.789816117985936, 36.465451940781925 ], [ 128.791063532401495, 36.465655113209621 ], [ 128.791991696659892, 36.465602613469798 ], [ 128.791997967792838, 36.465602236979493 ], [ 128.792089640276714, 36.465678004824063 ], [ 128.792415509534209, 36.46594766122729 ], [ 128.792897351404406, 36.465601973758531 ], [ 128.793471664954581, 36.465382454156078 ], [ 128.793717476035738, 36.465217421037437 ], [ 128.794223352882398, 36.464418037881117 ], [ 128.795143482983349, 36.463715495650042 ], [ 128.795104337842673, 36.463604865106319 ], [ 128.795037101956126, 36.463409612443684 ], [ 128.795398741016044, 36.46311388311171 ], [ 128.796293611651834, 36.462888973228154 ], [ 128.79638580204707, 36.462865899862237 ], [ 128.796482518208677, 36.462827271226246 ], [ 128.797027115729918, 36.462318159764138 ], [ 128.797134440045141, 36.462271222078904 ], [ 128.798083037619705, 36.461806421702256 ], [ 128.798745886950428, 36.461090544079163 ], [ 128.798926459986603, 36.461030662386527 ], [ 128.799636751618124, 36.458821462830137 ], [ 128.799910935895014, 36.458771145956575 ], [ 128.801393081673837, 36.458847065936908 ], [ 128.801469396093154, 36.458891530768014 ], [ 128.802226585117836, 36.459332877219616 ], [ 128.803007540619717, 36.459294347178343 ], [ 128.803308352094689, 36.459279662481535 ], [ 128.803728917643468, 36.459315009473706 ], [ 128.804288010424585, 36.459362001577922 ], [ 128.804630397410364, 36.45929095176831 ], [ 128.805069398641251, 36.459116210642627 ], [ 128.80563151467058, 36.459020989817205 ], [ 128.80568880180212, 36.459011396359386 ], [ 128.806664857167561, 36.459209220367491 ], [ 128.806792348698167, 36.459235165430229 ], [ 128.807239472453546, 36.459201082176186 ], [ 128.808014216600554, 36.459151073579726 ], [ 128.808458131184267, 36.45912858746216 ], [ 128.809127280258451, 36.45927415921463 ], [ 128.809704613037809, 36.459263436226401 ], [ 128.81058012848618, 36.458389131069247 ], [ 128.811152188888343, 36.457762127130891 ], [ 128.811242274290237, 36.457409071074558 ], [ 128.811421186640615, 36.456947963416731 ], [ 128.81204180808848, 36.45638667267513 ], [ 128.81250666699674, 36.455182381335824 ], [ 128.813153210646192, 36.454446958851534 ], [ 128.813186989630879, 36.454206547136138 ], [ 128.813239611158991, 36.453831541111619 ], [ 128.813325822254455, 36.453691177472365 ], [ 128.812516234876881, 36.453128125659589 ], [ 128.813346202749813, 36.451695621661862 ], [ 128.812532437303702, 36.449989101123741 ], [ 128.812213053030547, 36.449652084497089 ], [ 128.812178896654643, 36.449445998419705 ], [ 128.812365598914454, 36.448164440953086 ], [ 128.812417249458292, 36.447821739920229 ], [ 128.812243582104742, 36.446814086071235 ], [ 128.812040573856763, 36.446370456865317 ], [ 128.811579923175202, 36.445587662937236 ], [ 128.811367197747728, 36.445257491034077 ], [ 128.8129405195169, 36.444464983306766 ], [ 128.81319848981633, 36.444388719788883 ], [ 128.813320431864611, 36.444292560069087 ], [ 128.813418876879382, 36.444088359237007 ], [ 128.813418371030281, 36.444002171538308 ], [ 128.813418046172615, 36.443938044510304 ], [ 128.813402348464507, 36.443773513094989 ], [ 128.813401466932504, 36.443006489648482 ], [ 128.813404272494267, 36.442481739720584 ], [ 128.81333235413598, 36.442445048323222 ], [ 128.813136929471966, 36.442345351260549 ], [ 128.812711746274857, 36.441784266429231 ], [ 128.812569618443206, 36.441733720847033 ], [ 128.812433051544787, 36.441685148429947 ], [ 128.812038426993666, 36.441050187380355 ], [ 128.811377396212691, 36.440482288938902 ], [ 128.811298592663462, 36.440146571407226 ], [ 128.810822695950662, 36.43872509720746 ], [ 128.810304172133641, 36.437588571596862 ], [ 128.810189872352964, 36.437531930812163 ], [ 128.809906813721767, 36.43739167091136 ], [ 128.808306498214478, 36.43707445214087 ], [ 128.80691065129659, 36.435946581839829 ], [ 128.806538506459333, 36.435645879260044 ], [ 128.805450969896839, 36.435193274918532 ], [ 128.805197574637276, 36.434675249850571 ], [ 128.804551040847855, 36.434197380980891 ], [ 128.804361210860463, 36.433388437947684 ], [ 128.803707029336294, 36.432814641222109 ], [ 128.803541228066791, 36.43242924623766 ], [ 128.803369340879925, 36.431977452353621 ], [ 128.803439320843324, 36.431941837403379 ], [ 128.803858404430287, 36.431623764002701 ], [ 128.804307116322633, 36.431265546243374 ], [ 128.804265951995347, 36.430988866768857 ], [ 128.804263528637506, 36.430972578779325 ], [ 128.803894917282207, 36.430179821393352 ], [ 128.803683837664437, 36.429529094588339 ], [ 128.803715483283185, 36.429121272229402 ], [ 128.803487830249111, 36.428499507890976 ], [ 128.803246615702193, 36.427945514951553 ], [ 128.80287352468855, 36.427463241955692 ], [ 128.802325506715164, 36.426824396614848 ], [ 128.80226429135206, 36.426735142539705 ], [ 128.802325297118102, 36.4264960308413 ], [ 128.802979965719288, 36.424794762476409 ], [ 128.803112740680604, 36.424031770669906 ], [ 128.80316454339021, 36.423967621856022 ], [ 128.803401992294795, 36.423654762885754 ], [ 128.803339494262985, 36.422591755940189 ], [ 128.801516570096311, 36.420710811101721 ], [ 128.799845750156379, 36.419500019568758 ], [ 128.799801900223002, 36.419468359752642 ], [ 128.797678217171267, 36.418881539458582 ], [ 128.797684247661465, 36.418609065044464 ], [ 128.797688483480755, 36.418417475965377 ], [ 128.797688950745652, 36.418396533729663 ], [ 128.797689173081892, 36.41838825241912 ], [ 128.797690356842054, 36.418344863430143 ], [ 128.797741428753056, 36.418172287699626 ], [ 128.797868808412574, 36.417966508045332 ], [ 128.798052593000506, 36.417697364425457 ], [ 128.79838058371962, 36.417199065702071 ], [ 128.798553347457499, 36.416960397898528 ], [ 128.798720057485724, 36.416755396034908 ], [ 128.798723737561517, 36.416750860419299 ], [ 128.799125075053325, 36.416596063425679 ], [ 128.799461439860949, 36.416256677988855 ], [ 128.799814913596833, 36.415939984739673 ], [ 128.799927172206338, 36.415843686669852 ], [ 128.800178536276491, 36.415560613573724 ], [ 128.800331515583821, 36.41534629525745 ], [ 128.800663745591066, 36.414880835579766 ], [ 128.800807940228509, 36.414660698357132 ], [ 128.800990342969811, 36.414384293348789 ], [ 128.801143231266224, 36.414368635373151 ], [ 128.80119002929365, 36.414258618677643 ], [ 128.801215871616819, 36.414098732456551 ], [ 128.801152079713091, 36.413766735790773 ], [ 128.800863347309189, 36.413149818860759 ], [ 128.799935600892326, 36.412581091097948 ], [ 128.799711901410404, 36.412336002236408 ], [ 128.799550704018117, 36.412160381255177 ], [ 128.79945643764097, 36.412057155676543 ], [ 128.798613253992585, 36.411176847856616 ], [ 128.798344160059258, 36.410899030082362 ], [ 128.798254699325412, 36.41080539108912 ], [ 128.798075956940096, 36.410613814649018 ], [ 128.797799826461841, 36.410325268797592 ], [ 128.797392786499017, 36.40990525306146 ], [ 128.797280347637297, 36.409791342913387 ], [ 128.797126645508143, 36.4096313305742 ], [ 128.797109952969237, 36.409598346422904 ], [ 128.797055758891418, 36.409538704717491 ], [ 128.796736442134488, 36.409196309945138 ], [ 128.796091071233462, 36.407812959342067 ], [ 128.795999430454202, 36.40761815010837 ], [ 128.795851711302419, 36.407284482893225 ], [ 128.795695163112754, 36.40693419179641 ], [ 128.795605262632563, 36.406727030261486 ], [ 128.795550921315339, 36.406606081342467 ], [ 128.795393491814224, 36.406261258366264 ], [ 128.795269720618421, 36.405992254230661 ], [ 128.795277218062921, 36.405930987951024 ], [ 128.795177151726932, 36.405930815141545 ], [ 128.79488348557507, 36.405930307510985 ], [ 128.794945049549, 36.405482552959548 ], [ 128.795010656697656, 36.40538984638674 ], [ 128.795013717438167, 36.405100983182862 ], [ 128.795178696655228, 36.404781282526116 ], [ 128.79526580064271, 36.404585726892677 ], [ 128.79519790646691, 36.404548688905884 ], [ 128.794588809649099, 36.404216493141305 ], [ 128.793950624343637, 36.403443141283205 ], [ 128.793617247874863, 36.402839771966541 ], [ 128.793287075680183, 36.402240678776145 ], [ 128.792066776822821, 36.401784033523832 ], [ 128.791834013481633, 36.401696887992188 ], [ 128.791380273851331, 36.402060062472202 ], [ 128.791237282086996, 36.40246567779554 ], [ 128.790771168275398, 36.402950079932538 ], [ 128.790647649111548, 36.403078440239902 ], [ 128.789923154418688, 36.403541601747953 ], [ 128.789777130575203, 36.403659774152196 ], [ 128.789703247044912, 36.403719561649687 ], [ 128.789026939362799, 36.403615474492057 ], [ 128.788024207347632, 36.403574017308763 ], [ 128.787274909628024, 36.402904263448924 ], [ 128.787070683675722, 36.402152712522152 ], [ 128.786755435236159, 36.400840562741358 ], [ 128.786573727396984, 36.399967123465167 ], [ 128.786155006069237, 36.399353756778424 ], [ 128.786146583101129, 36.399327914178386 ], [ 128.785863390265376, 36.398458535103394 ], [ 128.785643874096138, 36.397807460670137 ], [ 128.786050189549485, 36.396743781719159 ], [ 128.786077890816841, 36.396715102496316 ], [ 128.786471441050935, 36.396307682339724 ], [ 128.786691970769454, 36.396174075662962 ], [ 128.787144662279218, 36.395899816803997 ], [ 128.787304451512426, 36.395034560020136 ], [ 128.787605463271007, 36.394421963620175 ], [ 128.787909437348418, 36.39343779357683 ], [ 128.787756824025763, 36.392821383800943 ], [ 128.787894977156725, 36.392351041520023 ], [ 128.786815894320853, 36.391340232615192 ], [ 128.786518270704562, 36.391100788964629 ], [ 128.786312847258358, 36.390712502682128 ], [ 128.786077829466763, 36.390131601234565 ], [ 128.78606847023056, 36.389726329405072 ], [ 128.785576222137195, 36.389467814981472 ], [ 128.785509599494759, 36.389432828380279 ], [ 128.78554754807638, 36.389087353345225 ], [ 128.785122937299036, 36.388732741627379 ], [ 128.78521766964343, 36.388260358935149 ], [ 128.785289579476995, 36.387770073683605 ], [ 128.785709464955886, 36.387057955121691 ], [ 128.786034071563279, 36.38624475040524 ], [ 128.786223785400779, 36.386112755902552 ], [ 128.786245091704728, 36.386097943046067 ], [ 128.786309524248054, 36.386053144911536 ], [ 128.78628877616967, 36.385998857228067 ], [ 128.786288222874759, 36.385997414362635 ], [ 128.786094637849743, 36.385460050472119 ], [ 128.786367774267262, 36.384967234220738 ], [ 128.786718626616107, 36.384047403307363 ], [ 128.786824868844263, 36.383408260412445 ], [ 128.787209527957032, 36.38257171144646 ], [ 128.785905982087996, 36.381393341315714 ], [ 128.785963930349652, 36.380712324554977 ], [ 128.785771276960929, 36.380024682453126 ], [ 128.785015656133396, 36.379492851664615 ], [ 128.784519081370718, 36.379143333677753 ], [ 128.784839160920342, 36.378359636157377 ], [ 128.784741861196068, 36.378302911316631 ], [ 128.784763962648384, 36.378133369411032 ], [ 128.784843812774966, 36.378104775950142 ], [ 128.784932780762176, 36.377126691057818 ], [ 128.784165173953937, 36.37661716393329 ], [ 128.783255743234889, 36.376061269052741 ], [ 128.783009700918569, 36.375768227696476 ], [ 128.782361405156109, 36.375226528003338 ], [ 128.782504641975379, 36.374389919501361 ], [ 128.782130151636579, 36.374129515440082 ], [ 128.780857766011337, 36.373753115091638 ], [ 128.780291938449835, 36.373602411633648 ], [ 128.78030910057322, 36.373468241210354 ], [ 128.780385525059671, 36.372644641375231 ], [ 128.780546881901245, 36.372432227726364 ], [ 128.780587081172143, 36.372379304253954 ], [ 128.780649863043294, 36.372296656867348 ], [ 128.780746150027682, 36.372167769241123 ], [ 128.780888412774118, 36.371873691855953 ], [ 128.78098946011022, 36.371664743856407 ], [ 128.78089699282009, 36.371352768340635 ], [ 128.780917713650467, 36.371311379806393 ], [ 128.780954761583359, 36.371237633352436 ], [ 128.781341698965008, 36.370467314748943 ], [ 128.781351627508514, 36.370447552355813 ], [ 128.781272273087382, 36.370006003929056 ], [ 128.78139824645055, 36.369859516505592 ], [ 128.782329907183083, 36.369042263387193 ], [ 128.782873155733171, 36.368940777473775 ], [ 128.783099955796786, 36.368898395637594 ], [ 128.783554977703517, 36.368187644156478 ], [ 128.783673644457764, 36.367965487676834 ], [ 128.783744301972916, 36.367833234492572 ], [ 128.783739821147407, 36.36766577079414 ], [ 128.783728638155566, 36.367248292095255 ], [ 128.783111408619391, 36.36656631307855 ], [ 128.783078107745354, 36.36585496704474 ], [ 128.783083123464877, 36.364993105275254 ], [ 128.783098766364077, 36.364949616315378 ], [ 128.783168479507566, 36.364755910818161 ], [ 128.783233509653655, 36.364575200619235 ], [ 128.783115425344931, 36.364315114148525 ], [ 128.783016459196944, 36.364095885562982 ], [ 128.782991986953704, 36.36408527909002 ], [ 128.782179819343639, 36.363857200744278 ], [ 128.782112985040044, 36.363838441840166 ], [ 128.780882044708278, 36.363435794234476 ], [ 128.780487223451075, 36.362453671055512 ], [ 128.780171644451343, 36.362265697394456 ], [ 128.779115273777137, 36.361758728724212 ], [ 128.779123841778215, 36.361504190752761 ], [ 128.779156545280046, 36.361174431829006 ], [ 128.7794293899683, 36.360879363897368 ], [ 128.77973568623176, 36.360574327366116 ], [ 128.779637853723187, 36.360086260419628 ], [ 128.77959836158837, 36.359271852196933 ], [ 128.779699611784906, 36.358515533358386 ], [ 128.77970443806359, 36.358479477412629 ], [ 128.779459567437243, 36.357907769738212 ], [ 128.77893606274435, 36.357173169717399 ], [ 128.779357505651262, 36.356655221096119 ], [ 128.779466300534381, 36.356144900153041 ], [ 128.779081111411358, 36.355351927183634 ], [ 128.779273626187063, 36.354306105103255 ], [ 128.77903648561437, 36.35418314047935 ], [ 128.77886655704765, 36.353454189877063 ], [ 128.778764465366493, 36.352487266512 ], [ 128.778818433656255, 36.35241576889419 ], [ 128.778862113694203, 36.352357895843483 ], [ 128.778386287323542, 36.35165878869315 ], [ 128.778581310025601, 36.350823521855474 ], [ 128.778370668457626, 36.349940699982007 ], [ 128.778447679349057, 36.34944135040331 ], [ 128.778149890796129, 36.34915264408928 ], [ 128.777164630620973, 36.348198033177574 ], [ 128.77694471962019, 36.347618444972703 ], [ 128.776837651023925, 36.347336248513763 ], [ 128.777121500510191, 36.347070493929913 ], [ 128.777283321582786, 36.347003227610536 ], [ 128.777209472553324, 36.346685704676851 ], [ 128.776770990323286, 36.34671186215941 ], [ 128.776397986237498, 36.346723019676325 ], [ 128.775742781869411, 36.346767284136462 ], [ 128.7748166865494, 36.347204691216305 ], [ 128.773695347831648, 36.347318900701509 ], [ 128.773137744684362, 36.347145721458681 ], [ 128.772925789626242, 36.347079800972757 ], [ 128.772378958238988, 36.347265414017052 ], [ 128.770940435514717, 36.347029622213199 ], [ 128.770386198597151, 36.346274170325955 ], [ 128.770346648714508, 36.346267911791102 ], [ 128.770347169250698, 36.346246320676578 ], [ 128.769295423003882, 36.345908144179432 ], [ 128.769244386783868, 36.345538509713727 ], [ 128.769336837627662, 36.345180959382176 ], [ 128.769032532025591, 36.34477421785995 ], [ 128.768965816118538, 36.343931499461121 ], [ 128.768849795227169, 36.34355826874264 ], [ 128.768849476020307, 36.343556979442397 ], [ 128.768846559190848, 36.343545177396415 ], [ 128.768848704253713, 36.343535566044565 ], [ 128.768849617230075, 36.34353197213715 ], [ 128.769116552994859, 36.342480875268748 ], [ 128.769029343494481, 36.341810114870128 ], [ 128.767687027208865, 36.340378197950471 ], [ 128.767176514294249, 36.34036895247791 ], [ 128.766764888738123, 36.341058967120027 ], [ 128.76540261836152, 36.341562203300597 ], [ 128.764952172835962, 36.341386584011367 ], [ 128.763944487338165, 36.340760152798538 ], [ 128.763692751134812, 36.340692785077643 ], [ 128.763484299348704, 36.34066266745905 ], [ 128.763353495798157, 36.340636696411536 ], [ 128.763048099040674, 36.34077935624903 ], [ 128.761956091799675, 36.340226104610181 ], [ 128.761893007018585, 36.340180549963158 ], [ 128.761637834068324, 36.340908340257783 ], [ 128.761245464318421, 36.340951601619281 ], [ 128.760819175865834, 36.340998497223325 ], [ 128.760367443068134, 36.341049773754392 ], [ 128.759916613227546, 36.341234099766503 ], [ 128.759513398093731, 36.341138381459814 ], [ 128.758848378563272, 36.341399977855836 ], [ 128.758378283256548, 36.341910610128117 ], [ 128.758344747055276, 36.341905837779926 ], [ 128.758024093384364, 36.341860252490292 ], [ 128.757646860673788, 36.341794472763766 ], [ 128.75729711698807, 36.341729622151952 ], [ 128.75688356064947, 36.342358607038975 ], [ 128.756165215055262, 36.342682413470641 ], [ 128.756055625741084, 36.342693561292869 ], [ 128.756077314167271, 36.342757363883635 ], [ 128.755926721575094, 36.342803870556942 ], [ 128.755934573292876, 36.34270497383941 ], [ 128.755940267420982, 36.342587238151616 ], [ 128.755893512349502, 36.342577796911499 ], [ 128.755885656951534, 36.342766549672646 ], [ 128.755649196105026, 36.342382794249851 ], [ 128.755582991642257, 36.342270759282428 ], [ 128.755317536062989, 36.341763933260545 ], [ 128.754751690836855, 36.341287550339786 ], [ 128.75437307537689, 36.341294527238695 ], [ 128.754268935844124, 36.341432218550509 ], [ 128.754265960430018, 36.341436150526803 ], [ 128.754225210846784, 36.341489938417489 ], [ 128.754143371528926, 36.341599351846604 ], [ 128.753860332845818, 36.341977736478043 ], [ 128.753132842041992, 36.341709263215641 ], [ 128.752846669137028, 36.341603654412481 ], [ 128.75240976856054, 36.341783240854951 ], [ 128.752180234781747, 36.341906024863647 ], [ 128.752171726092485, 36.342059305816932 ], [ 128.752222326689122, 36.342130640147204 ], [ 128.752240073780939, 36.342269719283927 ], [ 128.752121254777734, 36.342370258725957 ], [ 128.752095461807215, 36.342400015740552 ], [ 128.751730026371177, 36.342742915300555 ], [ 128.75174153577575, 36.342920047042256 ], [ 128.751765208647299, 36.343334663479276 ], [ 128.751387232729883, 36.343992009284193 ], [ 128.751416239065207, 36.344281427815723 ], [ 128.751419108990262, 36.344449944268561 ], [ 128.750590931737435, 36.344613591932358 ], [ 128.750530878867437, 36.34463783358153 ], [ 128.750155504682311, 36.34478882944029 ], [ 128.750151014472692, 36.344809934492453 ], [ 128.750068705578457, 36.34506950659928 ], [ 128.749767225910546, 36.346238937463497 ], [ 128.749747302029874, 36.346320415630665 ], [ 128.749595175928562, 36.346704887050585 ], [ 128.749568607472298, 36.346739481159311 ], [ 128.74873328795158, 36.346860466279068 ], [ 128.748437099370449, 36.346954336524576 ], [ 128.747999656496404, 36.347092974180299 ], [ 128.747874304567006, 36.347132693290554 ], [ 128.747743934371329, 36.347174014714177 ], [ 128.747734578408171, 36.347176977732445 ], [ 128.747718886766648, 36.347185911086406 ], [ 128.747528678048724, 36.347294287651664 ], [ 128.746901023073008, 36.347585301797359 ], [ 128.746852275231618, 36.347619370423487 ], [ 128.746849699917846, 36.348263225968459 ], [ 128.746749754115655, 36.348368486249456 ], [ 128.74630620062527, 36.348864068193279 ], [ 128.746136078300111, 36.349529905778873 ], [ 128.745199173645148, 36.349989543953512 ], [ 128.744932225319559, 36.350276373134719 ], [ 128.744697939371321, 36.350525629913719 ], [ 128.745646414788951, 36.350706853307628 ], [ 128.745660726904532, 36.350714661064728 ], [ 128.746017674244769, 36.350909447077122 ], [ 128.746558123607343, 36.351300520468499 ], [ 128.746815784778761, 36.351740355325859 ], [ 128.747414057728434, 36.352040610720749 ], [ 128.747818562973862, 36.352396973494521 ], [ 128.7483500959504, 36.352691945819302 ], [ 128.748385570895067, 36.35271163947764 ], [ 128.748410781502201, 36.35272562499204 ], [ 128.748420038536153, 36.352753427735784 ], [ 128.748531687638774, 36.352733576986061 ], [ 128.748706272422197, 36.35330925474134 ], [ 128.748188374814248, 36.353370510236886 ], [ 128.747953580799276, 36.353546569983514 ], [ 128.747768941096012, 36.353685021703136 ], [ 128.747856663245614, 36.353853465753147 ], [ 128.747892158872645, 36.35394247775352 ], [ 128.748026749171629, 36.354039359920847 ], [ 128.747983138142416, 36.354587504413594 ], [ 128.747838470542774, 36.354770351623372 ], [ 128.747505931539109, 36.354836719556801 ], [ 128.747348769221105, 36.355003687993651 ], [ 128.747282015260936, 36.355074783649385 ], [ 128.747273154657222, 36.355404818988568 ], [ 128.74693107369481, 36.355944045882822 ], [ 128.746635411970288, 36.356370904523374 ], [ 128.74627123980548, 36.356896654853557 ], [ 128.745954655255986, 36.357065470646539 ], [ 128.745934466577751, 36.357109990406471 ], [ 128.745880655769582, 36.357228775888686 ], [ 128.745864327285858, 36.357264832880119 ], [ 128.745668975504884, 36.357527052255527 ], [ 128.745710364663921, 36.357840640373404 ], [ 128.745641730061436, 36.358393289989934 ], [ 128.74561476874581, 36.358798065445278 ], [ 128.745504260778517, 36.359201508424256 ], [ 128.745192469011613, 36.359040134240281 ], [ 128.744938213767995, 36.35900766916135 ], [ 128.74474428048336, 36.359052806850464 ], [ 128.744562886871904, 36.359292858466475 ], [ 128.744162140346162, 36.359819226329471 ], [ 128.74352973080363, 36.36022694939949 ], [ 128.743521657162546, 36.360262843634921 ], [ 128.743417963216672, 36.360727939362917 ], [ 128.742810715598324, 36.361158106979154 ], [ 128.742059188731304, 36.361157288786139 ], [ 128.741840634506843, 36.361541695129155 ], [ 128.74182214545749, 36.361717500402925 ], [ 128.741818958579159, 36.361747772814539 ], [ 128.741816369455961, 36.361772513336597 ], [ 128.741410142434432, 36.36244980586352 ], [ 128.741548922926455, 36.362833213486567 ], [ 128.74147920471799, 36.363175506609267 ], [ 128.74183072213674, 36.363506072347995 ], [ 128.741912817717036, 36.363583273755786 ], [ 128.742123270505886, 36.364507042900563 ], [ 128.742172938282238, 36.364720061197339 ], [ 128.742294665198131, 36.365036942470667 ], [ 128.741984592238566, 36.36545365545971 ], [ 128.741785589539376, 36.365476572421954 ], [ 128.741395962482642, 36.365562723918039 ], [ 128.741032855346702, 36.365879099809327 ], [ 128.74063422607864, 36.366134378807814 ], [ 128.740582040133404, 36.36617268174809 ], [ 128.740563308112399, 36.366186437757783 ], [ 128.74036863799617, 36.366672815519685 ], [ 128.740691410662436, 36.367159242032777 ], [ 128.740826229674013, 36.367943355720953 ], [ 128.740827987858609, 36.367954092488539 ], [ 128.740830693262296, 36.367991532982828 ], [ 128.740837764226512, 36.368016339588323 ], [ 128.740841839378817, 36.368030641030437 ], [ 128.74084889923725, 36.368055438599221 ], [ 128.740845626262796, 36.368111331019712 ], [ 128.740840215076588, 36.368203608009445 ], [ 128.740836775626121, 36.368239250781251 ], [ 128.74074168501906, 36.369223670286168 ], [ 128.741141091298459, 36.369562614996418 ], [ 128.741454474631382, 36.369995813737802 ], [ 128.741432189921369, 36.370099156410383 ], [ 128.741254996370003, 36.370920934491011 ], [ 128.740740253871792, 36.371302322581208 ], [ 128.74065545283645, 36.371499430470443 ], [ 128.740557512621081, 36.371693418588123 ], [ 128.740469091345204, 36.371833140982744 ], [ 128.740228292874463, 36.372213430744559 ], [ 128.739979470966802, 36.372606372868233 ], [ 128.740486944218532, 36.373587584897116 ], [ 128.740427392970105, 36.373654195361162 ], [ 128.740189981077918, 36.373919764511697 ], [ 128.740788115240804, 36.37475556246531 ], [ 128.740975999996976, 36.375123108422571 ], [ 128.740960113151488, 36.376328260620589 ], [ 128.740702687292384, 36.376688508830348 ], [ 128.7410795628156, 36.377639793168228 ], [ 128.74072481875308, 36.378167788915128 ], [ 128.740495715017346, 36.378944879617627 ], [ 128.740604666835594, 36.380215043537454 ], [ 128.7406083365033, 36.380257496559281 ], [ 128.740609538430846, 36.380271350134556 ], [ 128.740601997932288, 36.38028004796216 ], [ 128.740575024357014, 36.380311178477662 ], [ 128.740130665042329, 36.380824801075271 ], [ 128.739889929631858, 36.381277246162938 ], [ 128.739883516676997, 36.381771162135287 ], [ 128.739820098161658, 36.381998766333517 ], [ 128.739180843144538, 36.382585781828048 ], [ 128.739047871771191, 36.383150089240765 ], [ 128.738329868651704, 36.383721751361385 ], [ 128.737886995697892, 36.384924094564717 ], [ 128.737835433280821, 36.385064094243496 ], [ 128.737554979334135, 36.385293308612724 ], [ 128.737650677618177, 36.385503059368922 ], [ 128.737994410255766, 36.386256409613928 ], [ 128.73779905640302, 36.386585508269803 ], [ 128.737081115578235, 36.387794972381364 ], [ 128.737455989299377, 36.388882644502871 ], [ 128.736965715186869, 36.389729233080907 ], [ 128.73596592566895, 36.390164990838834 ], [ 128.735740967199092, 36.390551117962822 ], [ 128.735027166877813, 36.391435148914589 ], [ 128.735233372181369, 36.39199380898129 ], [ 128.734381921820841, 36.392290022835724 ], [ 128.733982777341168, 36.392714921532395 ], [ 128.733853611402907, 36.39292360355519 ], [ 128.733767558179835, 36.393200825605192 ], [ 128.733136231343224, 36.393811778136268 ], [ 128.733017778251167, 36.394602465035092 ], [ 128.732430513464777, 36.395173095411813 ], [ 128.732489587481751, 36.395694985216863 ], [ 128.732878551388467, 36.396292017450861 ], [ 128.732993934769809, 36.397202156367008 ], [ 128.733615899450854, 36.397914896507501 ], [ 128.733221381643148, 36.39835917761728 ], [ 128.733196269965759, 36.39859835348215 ], [ 128.733193135620297, 36.398628120932102 ], [ 128.733157074481284, 36.398932940069841 ], [ 128.731944602082791, 36.399290576932003 ], [ 128.730984517343927, 36.399934370415046 ], [ 128.729805841057185, 36.401598669449378 ], [ 128.72986682990387, 36.401640261722939 ], [ 128.729955354253974, 36.401700859042414 ], [ 128.730434073427404, 36.402167803314029 ], [ 128.730583346667402, 36.402776490968137 ], [ 128.730427439318561, 36.403641534239931 ], [ 128.731533533101754, 36.403803464292359 ], [ 128.733069837276418, 36.404015573292533 ], [ 128.733219133388957, 36.404021342737487 ], [ 128.73341416784271, 36.403959483164975 ], [ 128.733922182935942, 36.403695400669456 ], [ 128.734330623004325, 36.403724034766213 ], [ 128.734441967166731, 36.403760276264308 ], [ 128.735119076025512, 36.403928521654244 ], [ 128.735546514046064, 36.404029088841575 ], [ 128.736216563369624, 36.404189724489683 ], [ 128.736666186592316, 36.404297510208856 ], [ 128.737993162093403, 36.404863942996634 ], [ 128.738467984881908, 36.405084648327069 ], [ 128.739208568489829, 36.405173500591083 ], [ 128.740279712681115, 36.406046931178402 ], [ 128.740379374627338, 36.40611796256492 ], [ 128.739902397078993, 36.407025535373506 ], [ 128.739917361604341, 36.407673117404592 ], [ 128.739915493660135, 36.407801339899336 ], [ 128.739908555313917, 36.408278130403353 ], [ 128.739892568517206, 36.409375514341455 ], [ 128.739168618207174, 36.410375794838252 ], [ 128.73866321888903, 36.411417879245271 ], [ 128.738526710678144, 36.412033037096585 ], [ 128.737836585734271, 36.412948638108531 ], [ 128.737610099114733, 36.41359168530505 ], [ 128.737085595931234, 36.414293828667546 ], [ 128.736951344253328, 36.415175436113138 ], [ 128.736895815495501, 36.416478411990113 ], [ 128.736880012813486, 36.416719401847786 ], [ 128.736878696035888, 36.416739449791088 ], [ 128.736875756568935, 36.416784267089938 ], [ 128.736932255012022, 36.416846022752615 ], [ 128.736934532270595, 36.416848515005292 ], [ 128.737094919131238, 36.417023794807008 ], [ 128.738182871017415, 36.418131654175454 ], [ 128.739795274651442, 36.419084518586686 ], [ 128.740305155762854, 36.419241950402458 ], [ 128.741982081802206, 36.419805263894965 ], [ 128.742590323559313, 36.419944011303663 ], [ 128.740491994663557, 36.423635143464807 ], [ 128.740492403116122, 36.423646372827548 ], [ 128.740491375563067, 36.423646875232016 ], [ 128.740483133017847, 36.423650840349332 ], [ 128.740802201128616, 36.423847765195006 ], [ 128.741461029134399, 36.424254363751025 ], [ 128.741643963525405, 36.424366830372733 ], [ 128.742253917148219, 36.424742462413391 ], [ 128.741047721987513, 36.425316283493352 ], [ 128.740815175747372, 36.425427240685714 ], [ 128.740744107980362, 36.425461257551213 ], [ 128.740728147589209, 36.425468900591355 ], [ 128.740655428499565, 36.425503184145974 ], [ 128.740533262210533, 36.42560512691572 ], [ 128.740442249505122, 36.425681076091458 ], [ 128.740355628755765, 36.425750780743797 ], [ 128.740294772981599, 36.425802013822391 ], [ 128.740162569922148, 36.425890597069227 ], [ 128.739863672156815, 36.426084476180897 ], [ 128.739775536503089, 36.426140109964727 ], [ 128.739593058284925, 36.426259951785326 ], [ 128.739133143605329, 36.426441220004179 ], [ 128.738904190758433, 36.426529697374384 ], [ 128.738567495724283, 36.426667410849539 ], [ 128.738459666863946, 36.426719314542979 ], [ 128.737926366812559, 36.426991100224654 ], [ 128.73787063862224, 36.427025671896025 ], [ 128.737597343846659, 36.427216691050397 ], [ 128.737273864295702, 36.427444654264356 ], [ 128.736975975474053, 36.427675827343123 ], [ 128.736566165915775, 36.427970436425802 ], [ 128.736496020272028, 36.42802064664177 ], [ 128.736036669478267, 36.428365239442051 ], [ 128.735400575841965, 36.428761713038433 ], [ 128.735159924147325, 36.4289516998575 ], [ 128.734604569979155, 36.429533880098901 ], [ 128.734372752898736, 36.429855337290391 ], [ 128.73413177169553, 36.430364115680348 ], [ 128.734030275307447, 36.430586474933015 ], [ 128.734014728301446, 36.430642158837799 ], [ 128.733902999308697, 36.430950663974329 ], [ 128.733875708376587, 36.431039096729542 ], [ 128.733843839527083, 36.431096672507593 ], [ 128.733739990933572, 36.431250069446108 ], [ 128.73367889185829, 36.431320916796771 ], [ 128.733367426276914, 36.431682294869056 ], [ 128.733138198185969, 36.431889731577215 ], [ 128.733030662599049, 36.431969909358166 ], [ 128.732971198995301, 36.431989718317091 ], [ 128.732554899981182, 36.432205158895108 ], [ 128.73225602482978, 36.432360611294477 ], [ 128.73182369120039, 36.432542075468213 ], [ 128.731443789007528, 36.432705263989881 ], [ 128.731238531601633, 36.432757751738826 ], [ 128.730548743858122, 36.432920875436139 ], [ 128.729906871334606, 36.433001503838426 ], [ 128.729431605684653, 36.433045092370108 ], [ 128.728970597945477, 36.4330486730289 ], [ 128.728677105184545, 36.432991986725256 ], [ 128.728568726022587, 36.43296096444648 ], [ 128.728513253566177, 36.432945571993827 ], [ 128.727975186292753, 36.432796289133954 ], [ 128.727859971061861, 36.432784445252864 ], [ 128.727394952293423, 36.432736635527604 ], [ 128.727031008386433, 36.432843181698814 ], [ 128.727007789444968, 36.432849598651288 ], [ 128.72698622948306, 36.432856776387311 ], [ 128.726548095873085, 36.433002621287741 ], [ 128.726331471684716, 36.433076864454442 ], [ 128.726038529052886, 36.433149074800582 ], [ 128.725652452059478, 36.43324713985163 ], [ 128.724933672785539, 36.433304007496851 ], [ 128.724291733734219, 36.433363212009638 ], [ 128.722854523518862, 36.433356208070869 ], [ 128.722751533074614, 36.433350029046665 ], [ 128.722677331326736, 36.433345584306245 ], [ 128.722270536723897, 36.433319887873473 ], [ 128.722171491325639, 36.433305183594555 ], [ 128.721816983684818, 36.433274903869481 ], [ 128.721291177253079, 36.433170731676874 ], [ 128.721271429728432, 36.43316681935984 ], [ 128.72112776703716, 36.43313604996294 ], [ 128.720605852216778, 36.433085151425907 ], [ 128.720668447937072, 36.433138106604716 ], [ 128.720693856363226, 36.43316180377218 ], [ 128.720710072712762, 36.433173872385375 ], [ 128.720470201322513, 36.433192457709936 ], [ 128.719879770709724, 36.43322722114528 ], [ 128.719830858165039, 36.433230097623436 ], [ 128.719797473136254, 36.434022101878227 ], [ 128.719796355186048, 36.434041375037658 ], [ 128.719796188473595, 36.434044303411959 ], [ 128.719789795363596, 36.434202504860743 ], [ 128.719788894477546, 36.434220345688416 ], [ 128.719787536203967, 36.434247485400341 ], [ 128.719767041288776, 36.434613911462911 ], [ 128.719754353087808, 36.434804368550502 ], [ 128.719912729352103, 36.435007755283806 ], [ 128.720046480754462, 36.435180561500395 ], [ 128.720208550361662, 36.435390030349502 ], [ 128.720420651928265, 36.435664166783695 ], [ 128.720436467414203, 36.435750435921378 ], [ 128.720392950923582, 36.435759552336066 ], [ 128.720414041136877, 36.435845933020858 ], [ 128.720595151260625, 36.435956147438759 ], [ 128.720790564949311, 36.436036963356138 ], [ 128.720933052138065, 36.436070424857398 ], [ 128.721013717039, 36.43611423948073 ], [ 128.721084747816292, 36.436151407905484 ], [ 128.721165700005685, 36.436180507174356 ], [ 128.72130167090063, 36.436249107148221 ], [ 128.721494199044628, 36.436338818591985 ], [ 128.721670702504781, 36.436403349835551 ], [ 128.72180542016082, 36.436498206069551 ], [ 128.721851887246117, 36.436530927850626 ], [ 128.721975538587628, 36.436558288203003 ], [ 128.722139732118251, 36.436585004339399 ], [ 128.722299903706755, 36.436623047424995 ], [ 128.722306950826294, 36.436657677418161 ], [ 128.72237318243171, 36.436655651462843 ], [ 128.722464368699349, 36.436673698531365 ], [ 128.722563467510582, 36.436696504111239 ], [ 128.722666873812898, 36.436731079792189 ], [ 128.72274486638122, 36.436752321984038 ], [ 128.722802735944811, 36.436758990475113 ], [ 128.722944686344448, 36.436777867571479 ], [ 128.722987503708538, 36.436780337501986 ], [ 128.723124622447187, 36.436781215981867 ], [ 128.723195505057362, 36.436775992288126 ], [ 128.7232886512042, 36.436763719297169 ], [ 128.723461146286468, 36.436717648328482 ], [ 128.723515938085143, 36.436696075996885 ], [ 128.723666280378353, 36.4366415633637 ], [ 128.723713770480543, 36.436634689876414 ], [ 128.723757271612044, 36.436648695956379 ], [ 128.723784941680549, 36.436664242228417 ], [ 128.723816081083186, 36.43668268027114 ], [ 128.723833998840036, 36.436699609658987 ], [ 128.723824405723661, 36.436728307286096 ], [ 128.723816667948199, 36.436737093614155 ], [ 128.723791605386367, 36.436765989562545 ], [ 128.723736482273864, 36.43683986451493 ], [ 128.723645111612541, 36.436948511922793 ], [ 128.723590374876267, 36.436982754734984 ], [ 128.723560482150077, 36.43701502774838 ], [ 128.72357647540457, 36.437093150395334 ], [ 128.723702280006876, 36.437133229323798 ], [ 128.723810007359049, 36.437147934502363 ], [ 128.723838072242359, 36.437159147105035 ], [ 128.723855646178976, 36.437175571040001 ], [ 128.723957125128635, 36.43722556896153 ], [ 128.724045277944469, 36.437272084392539 ], [ 128.724142983273396, 36.437310736808151 ], [ 128.724191478662732, 36.437341155421919 ], [ 128.724250318394752, 36.437366830905688 ], [ 128.724315048975512, 36.437391898236385 ], [ 128.72432564210439, 36.437395590544185 ], [ 128.72438539719397, 36.437411643709495 ], [ 128.724438679312613, 36.437441487578766 ], [ 128.72449855277344, 36.437487017868506 ], [ 128.724568397958933, 36.437519684684723 ], [ 128.724640209467964, 36.43754511971386 ], [ 128.724660101081895, 36.437543363518238 ], [ 128.724675412707654, 36.437543678377885 ], [ 128.724722934835, 36.437546762370729 ], [ 128.7248143723819, 36.437541594375183 ], [ 128.724884169188385, 36.437540800866188 ], [ 128.724942396252374, 36.437547514206969 ], [ 128.725005070784334, 36.43755178666629 ], [ 128.725112984637633, 36.437573889615933 ], [ 128.725160388027746, 36.437607333201868 ], [ 128.725223123510148, 36.437695125090329 ], [ 128.725311406954887, 36.437815309622394 ], [ 128.725323410696859, 36.437855294770507 ], [ 128.725415516764969, 36.437982661288963 ], [ 128.72548312188178, 36.438027695299702 ], [ 128.7255548748156, 36.438047839840451 ], [ 128.725595350529147, 36.438072462919742 ], [ 128.725646726130009, 36.43812445232598 ], [ 128.725699880661352, 36.438162261579627 ], [ 128.725766609754686, 36.438199651579069 ], [ 128.725813870349413, 36.438232662017384 ], [ 128.725849075598802, 36.438259120216443 ], [ 128.725885937734347, 36.438299586236994 ], [ 128.725966272245131, 36.438375207649528 ], [ 128.726021088131745, 36.43842585309374 ], [ 128.726137486770398, 36.438496466045194 ], [ 128.726226350812908, 36.438541323369428 ], [ 128.726414098921197, 36.438686680421405 ], [ 128.726494655174747, 36.43876293279726 ], [ 128.726610220957213, 36.438892875656215 ], [ 128.726694091117821, 36.438946678650602 ], [ 128.726732537446793, 36.438993555290985 ], [ 128.726746874354689, 36.439011025703671 ], [ 128.72682121057187, 36.439121336352159 ], [ 128.726839049601892, 36.439230588807739 ], [ 128.726793105000951, 36.439301737722857 ], [ 128.726756106473545, 36.439426273818789 ], [ 128.726727428742151, 36.439531616348184 ], [ 128.726713557153687, 36.439635226674213 ], [ 128.726678380129556, 36.439787144127749 ], [ 128.726608087188964, 36.439792064845371 ], [ 128.726528078887782, 36.439784626286851 ], [ 128.726478168700169, 36.439784664530343 ], [ 128.72638193174933, 36.439837530068118 ], [ 128.726320434855865, 36.439846652259604 ], [ 128.726269633530706, 36.439821095459287 ], [ 128.7262114383023, 36.439785906228096 ], [ 128.72604516957179, 36.439952768767363 ], [ 128.725939426138808, 36.44003502582742 ], [ 128.725801535073714, 36.440131050359199 ], [ 128.725688798008463, 36.440244858625952 ], [ 128.725637794037908, 36.440345877807971 ], [ 128.725593768778367, 36.440391041269791 ], [ 128.725575421186193, 36.440469985407212 ], [ 128.725439820738842, 36.440715634135131 ], [ 128.725388286602623, 36.440792969533341 ], [ 128.725319657448495, 36.440907230882125 ], [ 128.725328622421301, 36.440961375189978 ], [ 128.725315215659776, 36.441018189246996 ], [ 128.725177801431215, 36.441101697051373 ], [ 128.725263088202666, 36.441099199940084 ], [ 128.725253690889133, 36.441154464261132 ], [ 128.725250786207056, 36.441171561525458 ], [ 128.725245488015759, 36.441259781677111 ], [ 128.725271404144479, 36.441440334632823 ], [ 128.725282955327515, 36.441535785006046 ], [ 128.725311479513266, 36.441660246878115 ], [ 128.725378540323391, 36.441777949067323 ], [ 128.725498433769104, 36.441861331093364 ], [ 128.725654665312419, 36.442010869877862 ], [ 128.725655139460372, 36.442053378605522 ], [ 128.725681089848734, 36.442104822597642 ], [ 128.725702480200113, 36.44212111989274 ], [ 128.725762112957568, 36.442166549838063 ], [ 128.725891427595059, 36.442282737357722 ], [ 128.726113239425104, 36.442427001929858 ], [ 128.726351223514456, 36.442609494440326 ], [ 128.726432000749526, 36.44264953879194 ], [ 128.726517065375532, 36.442780024179783 ], [ 128.726571130542851, 36.442842103307882 ], [ 128.726626605709754, 36.44289656185979 ], [ 128.726725065015728, 36.442967313128825 ], [ 128.726750246350349, 36.443022053351221 ], [ 128.726861860227956, 36.443135910132561 ], [ 128.727063504006907, 36.443307386563355 ], [ 128.727137140913612, 36.443395842254724 ], [ 128.727169053141836, 36.443480894785445 ], [ 128.727176766046711, 36.44350144088677 ], [ 128.727219674073325, 36.443637704440711 ], [ 128.72725749940426, 36.443731845189539 ], [ 128.727313755597265, 36.443843609845125 ], [ 128.727309506093775, 36.443938708296344 ], [ 128.727460176604495, 36.444292100863592 ], [ 128.727464196827867, 36.444331950281594 ], [ 128.727657060853318, 36.444841655127767 ], [ 128.728326478684977, 36.445818628863279 ], [ 128.728541563122917, 36.447139370736259 ], [ 128.728633869286909, 36.447341621247183 ], [ 128.728844307945195, 36.447802683590673 ], [ 128.728971072659107, 36.448297933707337 ], [ 128.730324838106156, 36.448134158034456 ], [ 128.731485185747658, 36.447911669874465 ], [ 128.732244775784238, 36.448225717557229 ], [ 128.732437209630262, 36.448300028286027 ], [ 128.732528844542315, 36.448325214852439 ], [ 128.734105793230327, 36.448553586975528 ], [ 128.735189349492515, 36.448259492095943 ], [ 128.73545716457798, 36.448478286453167 ], [ 128.735861765038919, 36.448704233430988 ], [ 128.737165009307716, 36.448871380043535 ], [ 128.738494223379519, 36.448388456627328 ], [ 128.739078809733115, 36.448726406457077 ], [ 128.739946293473679, 36.448777026682812 ], [ 128.740393193712322, 36.448996670787679 ], [ 128.741112902157369, 36.449035586645302 ], [ 128.743811287880987, 36.449521470048701 ], [ 128.743835266907269, 36.449525784278912 ], [ 128.74429334222836, 36.450341950025688 ], [ 128.744773337262615, 36.450751162392784 ], [ 128.744861978773969, 36.451101371472326 ], [ 128.745010103233824, 36.451816028097319 ], [ 128.744968819475702, 36.452432574154983 ], [ 128.744882907984845, 36.453122396409384 ], [ 128.74549255233606, 36.453532749461345 ], [ 128.745862360127063, 36.453557972293829 ], [ 128.74697656038424, 36.453585513313584 ], [ 128.747363750450774, 36.453634081483706 ], [ 128.747608900167279, 36.453635711529145 ], [ 128.749559413263029, 36.453562046955469 ], [ 128.751514654516939, 36.452545596890403 ], [ 128.752823215453333, 36.453307536705736 ], [ 128.756455147458894, 36.452871281130363 ], [ 128.756952404101298, 36.453784073560236 ], [ 128.756958013798169, 36.453820032207474 ], [ 128.757112329218444, 36.4548099898267 ], [ 128.757355883574178, 36.455339755641731 ], [ 128.757412871065327, 36.455754368269112 ], [ 128.757711198998607, 36.457387098780934 ], [ 128.757697376937386, 36.457412131716453 ], [ 128.757037364226107, 36.45860710316569 ], [ 128.758177418851858, 36.459964149644378 ], [ 128.758203323402, 36.460014036380201 ], [ 128.758505663584742, 36.461672725259348 ], [ 128.758729560537205, 36.463540168334873 ], [ 128.758465723338531, 36.464879947108564 ], [ 128.759220173691034, 36.465284612691342 ], [ 128.759424725400407, 36.465530989047288 ], [ 128.759602436731996, 36.466118055493318 ], [ 128.759618888079871, 36.466162777120999 ], [ 128.759812467312429, 36.466688786041267 ], [ 128.76006409166871, 36.467469091831731 ], [ 128.760367634146604, 36.468891097152756 ], [ 128.760533227767809, 36.468902705016518 ], [ 128.761713665504658, 36.468877569996742 ], [ 128.761930783320423, 36.468867489493221 ], [ 128.762009275187154, 36.468791129945558 ], [ 128.762105535840533, 36.468360598020432 ], [ 128.762666735615312, 36.467860779189905 ], [ 128.763225404840512, 36.467642320279992 ], [ 128.763739421830167, 36.467277232966183 ], [ 128.76390142363195, 36.467068244233197 ], [ 128.76414315385486, 36.466997831283138 ], [ 128.765291632420968, 36.466611549400731 ] ] ] } },
{ "type": "Feature", "properties": { "spatial_region": "옥산면", "facility_count": 0, "total_capacity": 0.0, "area_km2": 103.57, "facilities_per_km2": 0.0, "population_status": "AVAILABLE", "emd_code": "4773033000", "emd_name": "옥산면", "total_population": 1654, "youth_population": 98, "youth_ratio": 5.9250302297460697, "elderly_population": 899, "elderly_ratio": 54.353083434099162, "population_change": -43, "year": 2025 }, "geometry": { "type": "Polygon", "coordinates": [ [ [ 128.821073395020932, 36.453661666707596 ], [ 128.822713268195059, 36.453123637105641 ], [ 128.822993969907003, 36.452190168662952 ], [ 128.8242365598596, 36.452713493501776 ], [ 128.82484379457054, 36.452716898808369 ], [ 128.825297826193406, 36.452518485862562 ], [ 128.825671725373468, 36.452574151974495 ], [ 128.8263097666036, 36.452390109166934 ], [ 128.826899037230788, 36.452653371762068 ], [ 128.829082976823258, 36.452637693581515 ], [ 128.830450736913548, 36.452344729916028 ], [ 128.831297159641906, 36.450705695612797 ], [ 128.831269727546186, 36.448914765266437 ], [ 128.831177071986275, 36.447922808318395 ], [ 128.831261923592564, 36.447202380378918 ], [ 128.83125625454386, 36.447198524344905 ], [ 128.830476755419511, 36.446655209721008 ], [ 128.830410377833005, 36.446573730911318 ], [ 128.830362277660953, 36.44651450085621 ], [ 128.829797901073476, 36.445751354661191 ], [ 128.829793468755298, 36.445636819917141 ], [ 128.829691695697164, 36.443913493937394 ], [ 128.829984698357862, 36.44367248546402 ], [ 128.830394801825804, 36.443624240027596 ], [ 128.831334592287106, 36.443085274659069 ], [ 128.831856197368381, 36.442502587880753 ], [ 128.831836781648832, 36.442091514129316 ], [ 128.831921541697398, 36.441412475157513 ], [ 128.832018161398508, 36.440823352637075 ], [ 128.832027927309497, 36.440763790788289 ], [ 128.832031598752934, 36.440742339371333 ], [ 128.832036643939375, 36.44072001577841 ], [ 128.832103164594031, 36.440421096145606 ], [ 128.832213179477975, 36.440046324377242 ], [ 128.831988029318182, 36.439585466876295 ], [ 128.832689742291592, 36.438897812119706 ], [ 128.83258832196924, 36.437933021200969 ], [ 128.833135620941363, 36.437733718445813 ], [ 128.833687140524518, 36.437536041193098 ], [ 128.833767340891512, 36.437494258912167 ], [ 128.833911301546266, 36.43742136789416 ], [ 128.83545959454716, 36.436668051657819 ], [ 128.835425967384083, 36.436260571957661 ], [ 128.835396159469354, 36.436238226759279 ], [ 128.835388710151904, 36.436232701290585 ], [ 128.835075153547422, 36.435998179068918 ], [ 128.83504028488619, 36.435938185227187 ], [ 128.834702149292468, 36.435354896394863 ], [ 128.834778702960818, 36.43474326800969 ], [ 128.834899257428361, 36.43434272587055 ], [ 128.8348957367879, 36.43434108985636 ], [ 128.833979579316662, 36.433938421785108 ], [ 128.833670084291612, 36.433802398442324 ], [ 128.833733221639648, 36.433582648829514 ], [ 128.833615461499477, 36.43291629065989 ], [ 128.83357877986009, 36.432363277307623 ], [ 128.833405851133932, 36.432019042568321 ], [ 128.833344088254051, 36.431896379593944 ], [ 128.833605963597904, 36.431148450374614 ], [ 128.833867062600433, 36.430634803470397 ], [ 128.83404190655645, 36.430320417108149 ], [ 128.834179258060686, 36.42973010520916 ], [ 128.834136880642177, 36.428831695323048 ], [ 128.834075344429664, 36.428333987278911 ], [ 128.834074906826856, 36.428330048586247 ], [ 128.834070224262774, 36.427597189783071 ], [ 128.834232472076195, 36.427058594116509 ], [ 128.834573713265854, 36.426886381834919 ], [ 128.835121936816648, 36.426241049394839 ], [ 128.835825616986995, 36.425051015034263 ], [ 128.835816630765095, 36.424535888880996 ], [ 128.836553129658142, 36.424134025513553 ], [ 128.836624270863098, 36.42401861268614 ], [ 128.836663636376727, 36.423959154225955 ], [ 128.836937808674008, 36.423543852886752 ], [ 128.837451749891272, 36.423219744764872 ], [ 128.839368317474538, 36.422849280574695 ], [ 128.840920379369891, 36.422417089008235 ], [ 128.841775603289705, 36.421881304764 ], [ 128.841803952677481, 36.421857227544869 ], [ 128.842195615000605, 36.421431653546314 ], [ 128.842616463714876, 36.420973792325675 ], [ 128.842464904452811, 36.420324302258031 ], [ 128.842456789897369, 36.420290074270014 ], [ 128.842094830727689, 36.419257497944322 ], [ 128.841777900228919, 36.418760911746404 ], [ 128.841535894872152, 36.418381981878262 ], [ 128.842188629991313, 36.417830467909937 ], [ 128.842786450607349, 36.416118583438703 ], [ 128.842869439627805, 36.415487148744909 ], [ 128.843920539043836, 36.414840774193109 ], [ 128.844528922803278, 36.414271057095732 ], [ 128.844565105339967, 36.414225451647916 ], [ 128.844598583930207, 36.414182699328229 ], [ 128.84494356001548, 36.413243120152913 ], [ 128.844790505808589, 36.412913796049203 ], [ 128.845681915848616, 36.41164450909536 ], [ 128.844998933158109, 36.410972248205347 ], [ 128.844939474177352, 36.409989350579771 ], [ 128.845079710832977, 36.409541177574482 ], [ 128.84486213219563, 36.409340680544275 ], [ 128.844359819521259, 36.408750928964295 ], [ 128.844300693813153, 36.408371163139577 ], [ 128.844293896398284, 36.407965530602439 ], [ 128.844432246620727, 36.407452057263889 ], [ 128.845462602290837, 36.406007180952415 ], [ 128.845409887314474, 36.405530728772717 ], [ 128.845359488544574, 36.405078187492876 ], [ 128.845212242677036, 36.40461107378944 ], [ 128.845499214357829, 36.403959590440294 ], [ 128.84560927491151, 36.403782745098717 ], [ 128.84630058018638, 36.40377827435686 ], [ 128.847057307322899, 36.403506120707164 ], [ 128.847090874553345, 36.402598383256105 ], [ 128.847692033846926, 36.402228959683733 ], [ 128.848098870689483, 36.401905621643905 ], [ 128.848711250351471, 36.401260360212291 ], [ 128.849608974163573, 36.401354027866965 ], [ 128.85034506279078, 36.400593935359829 ], [ 128.850971947443696, 36.399915211181089 ], [ 128.85124424048351, 36.399471738332842 ], [ 128.851393490395367, 36.399229250736873 ], [ 128.851234587105267, 36.398035320073596 ], [ 128.851013527672478, 36.396688049158158 ], [ 128.851132882188551, 36.396477551592291 ], [ 128.851455517031212, 36.395909969488699 ], [ 128.851958743394363, 36.394453773040702 ], [ 128.850276603920975, 36.392514748560316 ], [ 128.850363147549388, 36.391551266169365 ], [ 128.850376216351918, 36.39060386660428 ], [ 128.850691716850491, 36.389559423725274 ], [ 128.85056046030266, 36.389266360209334 ], [ 128.850472208854569, 36.389069505583784 ], [ 128.850398663871516, 36.388904805156301 ], [ 128.850393050963845, 36.388873626639359 ], [ 128.850289618089334, 36.388297703152396 ], [ 128.850287148037097, 36.388283966217074 ], [ 128.850690450267052, 36.388154725742893 ], [ 128.850971764027605, 36.388064558133749 ], [ 128.851241757235755, 36.387978034367343 ], [ 128.852177184940814, 36.387405757515594 ], [ 128.852766991611503, 36.387650313447438 ], [ 128.852854916853261, 36.387686965266781 ], [ 128.852863002448458, 36.38769020151048 ], [ 128.853241801523581, 36.387700666145825 ], [ 128.855739232158157, 36.387193948076373 ], [ 128.856174403199361, 36.387246592804281 ], [ 128.856520526088218, 36.387332732504184 ], [ 128.856696752947954, 36.3874510714313 ], [ 128.857014910206544, 36.387665186820996 ], [ 128.857019151610615, 36.387667940515009 ], [ 128.858687164767957, 36.387736335163297 ], [ 128.859118199733501, 36.387761730903733 ], [ 128.859727446080598, 36.387797871362416 ], [ 128.859917611408179, 36.387583961148565 ], [ 128.860048281775448, 36.387436964076187 ], [ 128.860628744168082, 36.386542113330627 ], [ 128.861683666963245, 36.385171881340206 ], [ 128.862440201406343, 36.385120676705803 ], [ 128.863334920676579, 36.38515403968065 ], [ 128.863489027976669, 36.385052466780323 ], [ 128.86447522258743, 36.384402480064075 ], [ 128.865600205814474, 36.383724643730716 ], [ 128.866060904695985, 36.383593262692315 ], [ 128.866320025449795, 36.383259790001141 ], [ 128.866309972486761, 36.383246991030951 ], [ 128.866308537649701, 36.383245331255452 ], [ 128.865939423719851, 36.382764535578417 ], [ 128.865999885640207, 36.382102460751419 ], [ 128.866012387564552, 36.381313581909183 ], [ 128.866064684020785, 36.381316984540604 ], [ 128.867880615155173, 36.381431954756636 ], [ 128.869277466771052, 36.380491065250794 ], [ 128.869971407715241, 36.37957242143289 ], [ 128.87027078819753, 36.37888577056497 ], [ 128.870371119551578, 36.378654442171751 ], [ 128.870433797931526, 36.378480296702215 ], [ 128.871415258892426, 36.37812564128685 ], [ 128.87261196342493, 36.377250072282131 ], [ 128.873893291253637, 36.377015998732233 ], [ 128.875732990153352, 36.376253936820639 ], [ 128.876295199782504, 36.376654800228664 ], [ 128.87703718177579, 36.376348898018087 ], [ 128.87801337261547, 36.375922476571496 ], [ 128.878038164940307, 36.375882093693285 ], [ 128.878037641577691, 36.375874784657533 ], [ 128.878033947269529, 36.375807832862833 ], [ 128.878038496481167, 36.375707528242103 ], [ 128.878214083079001, 36.375494150075994 ], [ 128.877915797809436, 36.374716347740367 ], [ 128.876267927682164, 36.373603839635592 ], [ 128.876258815995868, 36.373601450994066 ], [ 128.875844951195631, 36.373490812283222 ], [ 128.874367534601134, 36.373095581928652 ], [ 128.874343094619348, 36.373048929327375 ], [ 128.87410050297845, 36.372588424772523 ], [ 128.874223478625254, 36.372112052499858 ], [ 128.874063667439117, 36.371792714321693 ], [ 128.873299740901643, 36.370265348761521 ], [ 128.873250036427265, 36.370268927147428 ], [ 128.872475282170655, 36.370324164016402 ], [ 128.872072567228855, 36.370357783780726 ], [ 128.87207171897947, 36.370351880188302 ], [ 128.87203556171238, 36.370034268156097 ], [ 128.871923393374061, 36.369813305461193 ], [ 128.871714287310482, 36.366736468771997 ], [ 128.871991857944096, 36.366012984481848 ], [ 128.872054026165671, 36.365997245279317 ], [ 128.872482559297708, 36.36588873896099 ], [ 128.874452400047801, 36.365105225426227 ], [ 128.875918500565234, 36.364918348960337 ], [ 128.876087234372704, 36.364797723993327 ], [ 128.876512546737132, 36.363922401122792 ], [ 128.877031129789742, 36.363307189139604 ], [ 128.877364072326202, 36.363095002878481 ], [ 128.877551487597941, 36.362635635353016 ], [ 128.878384012279724, 36.361844292893032 ], [ 128.878458660419426, 36.361386132339049 ], [ 128.878821625233115, 36.361105609857439 ], [ 128.878968662522993, 36.360907890138698 ], [ 128.879095728789736, 36.360342750508693 ], [ 128.880765171257281, 36.359394909523473 ], [ 128.88106541675802, 36.358909831488774 ], [ 128.880819054614363, 36.357177257119396 ], [ 128.880904321958923, 36.356698648739304 ], [ 128.880881672721841, 36.356669157502232 ], [ 128.880002345592629, 36.355524596155057 ], [ 128.879560474574561, 36.354562953994915 ], [ 128.879817600434194, 36.353500758808963 ], [ 128.879267400782396, 36.352752547178333 ], [ 128.879209378860168, 36.351235784242967 ], [ 128.878333182696991, 36.350116788183129 ], [ 128.877176045372892, 36.348689652279901 ], [ 128.877173176959019, 36.348686044596633 ], [ 128.877850225905604, 36.348151962681598 ], [ 128.878019202987417, 36.347795929921119 ], [ 128.87807353527765, 36.34768132953684 ], [ 128.878071346879494, 36.347677416177248 ], [ 128.877196064479108, 36.346158849019382 ], [ 128.877194913980901, 36.346153792229565 ], [ 128.877194536991482, 36.346152683391885 ], [ 128.877016758704372, 36.345445066723912 ], [ 128.876862472040443, 36.344831403729124 ], [ 128.880873679209543, 36.344739931350709 ], [ 128.881560723587967, 36.344724338478791 ], [ 128.882351209115797, 36.344335992425655 ], [ 128.883074956369654, 36.343980521992769 ], [ 128.884488985021619, 36.343586280403308 ], [ 128.885444126683439, 36.343589527604202 ], [ 128.886058004437899, 36.342979818757058 ], [ 128.886272285430181, 36.342643337189443 ], [ 128.886334543887017, 36.341832834460249 ], [ 128.886363436543292, 36.341645138310511 ], [ 128.886391732470997, 36.341461668089067 ], [ 128.886640308945601, 36.339847720362378 ], [ 128.887015107575763, 36.33952898236695 ], [ 128.887153902761526, 36.339410781741229 ], [ 128.887187746807086, 36.33899605666479 ], [ 128.887251167901155, 36.338219879877592 ], [ 128.887264869070634, 36.338051571205256 ], [ 128.888232587016034, 36.336430202687318 ], [ 128.889328095953772, 36.333962659344166 ], [ 128.889623318239757, 36.333332904911444 ], [ 128.889611621792369, 36.333295089574619 ], [ 128.889579882215855, 36.333191397431122 ], [ 128.889461595970715, 36.332803573076852 ], [ 128.889382995321114, 36.332617568455937 ], [ 128.88865813453782, 36.330902702491883 ], [ 128.888651497246826, 36.330886763404763 ], [ 128.888569193425127, 36.330691796989299 ], [ 128.888582756540046, 36.330662593618023 ], [ 128.888701537617237, 36.330408141052587 ], [ 128.888775744430319, 36.330324743957576 ], [ 128.888947661703668, 36.329907282100557 ], [ 128.888959832752278, 36.329877807018448 ], [ 128.890002542656646, 36.329595525792705 ], [ 128.890027433377327, 36.329588654992811 ], [ 128.891250422182367, 36.328313504693483 ], [ 128.891441936853965, 36.327727906320895 ], [ 128.891628982099462, 36.327087187407955 ], [ 128.892200477027984, 36.326155433177028 ], [ 128.892459413624664, 36.325841032157577 ], [ 128.89246853906451, 36.325829910925243 ], [ 128.892622688435182, 36.325642768480165 ], [ 128.892629448475077, 36.325634772170623 ], [ 128.892803071449464, 36.324295409178568 ], [ 128.892803343045159, 36.324292300358763 ], [ 128.892261179771396, 36.323109829062062 ], [ 128.892495563515212, 36.321578029578596 ], [ 128.892498868231343, 36.321556007772486 ], [ 128.892442121980281, 36.320633635117524 ], [ 128.892026372490847, 36.320087482938526 ], [ 128.892020614915964, 36.320079691476785 ], [ 128.891834714177065, 36.31998915985384 ], [ 128.891235094939105, 36.319696500078607 ], [ 128.890507323655299, 36.319485293155942 ], [ 128.890409211896781, 36.319456715755145 ], [ 128.890399760057477, 36.319454895602107 ], [ 128.889702458263088, 36.319323709786616 ], [ 128.889698868104432, 36.319318984249129 ], [ 128.889388422213159, 36.318897878772489 ], [ 128.889363332749184, 36.318867016880326 ], [ 128.888758884238854, 36.318127859681624 ], [ 128.88875457117291, 36.318122574701903 ], [ 128.888468486816123, 36.317772322454331 ], [ 128.888450556618892, 36.317750361776852 ], [ 128.887618794443313, 36.317193301238035 ], [ 128.887376196750012, 36.317030713379076 ], [ 128.887169990017441, 36.31689177974993 ], [ 128.887166735032054, 36.316886477700109 ], [ 128.887048415642028, 36.316683364730089 ], [ 128.887046605040325, 36.316680289973611 ], [ 128.88691806029334, 36.31645678239051 ], [ 128.886918457044203, 36.316444382535366 ], [ 128.886940114129715, 36.315364492283109 ], [ 128.887683778453919, 36.31410031500765 ], [ 128.887689459889742, 36.314090939128967 ], [ 128.887696470547468, 36.314078716785453 ], [ 128.887701817519172, 36.314069619953685 ], [ 128.887698960612823, 36.314066291879477 ], [ 128.887361968434789, 36.31368219403754 ], [ 128.886842901477792, 36.313090919637062 ], [ 128.886770877980155, 36.312917472452327 ], [ 128.886527836394691, 36.312331696997376 ], [ 128.886234555603323, 36.311565942853463 ], [ 128.886259815573538, 36.311531470005725 ], [ 128.887296164756862, 36.310127802865779 ], [ 128.888132848189855, 36.309808535619695 ], [ 128.888478100459992, 36.30926668494088 ], [ 128.889048975938152, 36.308717061133791 ], [ 128.889225817098207, 36.308418891294394 ], [ 128.890672713614407, 36.307005900138194 ], [ 128.890692414835598, 36.306986723232328 ], [ 128.890735240289956, 36.306944939080353 ], [ 128.891483392127327, 36.305627174183044 ], [ 128.891775432634574, 36.305518660872373 ], [ 128.891941615558267, 36.305456893050177 ], [ 128.891971269366422, 36.305446015916687 ], [ 128.892281138587606, 36.304823051100719 ], [ 128.892279014709771, 36.304821120632084 ], [ 128.89226625802408, 36.304811177957788 ], [ 128.891619730277057, 36.30429966065352 ], [ 128.891377235191271, 36.30388056828486 ], [ 128.891212439278121, 36.303568093815699 ], [ 128.891128985949109, 36.302632058246751 ], [ 128.890681297155965, 36.301378523441976 ], [ 128.890681265731445, 36.301377126580405 ], [ 128.890686585328069, 36.301323547214658 ], [ 128.890763308025612, 36.300163643438154 ], [ 128.890760482894649, 36.300161730315459 ], [ 128.890030458388992, 36.299690643874833 ], [ 128.890028553055004, 36.299683919277641 ], [ 128.889865646278793, 36.299102504598878 ], [ 128.889879840485776, 36.298969944880014 ], [ 128.889830366332717, 36.298648888438635 ], [ 128.889827905690794, 36.298633439870734 ], [ 128.889760484569166, 36.29847710281414 ], [ 128.889505160729612, 36.29788532766316 ], [ 128.889490408102063, 36.297403505487267 ], [ 128.889490345324049, 36.297400693738091 ], [ 128.888113711446294, 36.296696735203064 ], [ 128.887994808194918, 36.296646976247018 ], [ 128.887868371638064, 36.296602563041603 ], [ 128.886044722633784, 36.295787291524441 ], [ 128.885908179407949, 36.295728312378905 ], [ 128.884993255233269, 36.29598594695527 ], [ 128.884983024413856, 36.296000887613928 ], [ 128.884193019036928, 36.297154737884483 ], [ 128.883635725323529, 36.297671495885005 ], [ 128.882942085352084, 36.29740424942063 ], [ 128.882579452605455, 36.297413946576896 ], [ 128.881195110490182, 36.297253593372034 ], [ 128.880551882418928, 36.296025749841199 ], [ 128.879595762970808, 36.296301352112451 ], [ 128.879572014877056, 36.29628841395261 ], [ 128.878636481051615, 36.296615775438951 ], [ 128.878327035852436, 36.296849908850824 ], [ 128.877785572537874, 36.296786744786587 ], [ 128.876934919348429, 36.297691235006191 ], [ 128.875702840813631, 36.298402059817406 ], [ 128.874572303047302, 36.297719940733209 ], [ 128.87327837833638, 36.297173876635085 ], [ 128.872490747175789, 36.296760197779506 ], [ 128.871785607845595, 36.296580946785156 ], [ 128.87120257805941, 36.297062653013391 ], [ 128.869722312641727, 36.296816161721466 ], [ 128.869088364098587, 36.296088603543033 ], [ 128.868968060740968, 36.295623703261185 ], [ 128.869120048233299, 36.295086442153206 ], [ 128.868726635255172, 36.294870866625097 ], [ 128.868433507467614, 36.294654013598773 ], [ 128.867053009701237, 36.29568554066568 ], [ 128.866361787041086, 36.296047947276371 ], [ 128.865681103888051, 36.295933131496156 ], [ 128.865194269382414, 36.296499700926546 ], [ 128.865072714597147, 36.296977594662003 ], [ 128.864651224624907, 36.297247639095694 ], [ 128.863530603624753, 36.297143283260503 ], [ 128.863129345145921, 36.297275617927028 ], [ 128.86296513014787, 36.298532343028704 ], [ 128.862400669807215, 36.298937967838363 ], [ 128.861748010172363, 36.299572945924297 ], [ 128.861205229486842, 36.299937892954127 ], [ 128.860882982833431, 36.300109928633908 ], [ 128.860873287657398, 36.300115108042235 ], [ 128.860349203942633, 36.300114896135455 ], [ 128.859954985181815, 36.300166085937505 ], [ 128.859490784668111, 36.300566246193746 ], [ 128.858489506688187, 36.300521940430372 ], [ 128.85800056440749, 36.300766827673769 ], [ 128.857847532036544, 36.301504495635953 ], [ 128.856779432412736, 36.302267418955644 ], [ 128.856408995636087, 36.302371191741599 ], [ 128.856030212247731, 36.302682405242351 ], [ 128.855428444740937, 36.302818975724712 ], [ 128.854824696275301, 36.30328107455987 ], [ 128.854441211209149, 36.303475628267549 ], [ 128.854143909810546, 36.30392493381229 ], [ 128.853215431275913, 36.304626410149247 ], [ 128.852773185041372, 36.305030608474205 ], [ 128.852562276193908, 36.305094762405659 ], [ 128.852297562936315, 36.305179080361235 ], [ 128.851485578778664, 36.305475021692736 ], [ 128.850199922892529, 36.306233710356835 ], [ 128.849152025349809, 36.306441832361791 ], [ 128.849104419854115, 36.30645127915971 ], [ 128.8481336843235, 36.306427661738219 ], [ 128.846502483416231, 36.306703798092009 ], [ 128.846499409369784, 36.306704316792256 ], [ 128.846480162685793, 36.306707806447861 ], [ 128.84647467900146, 36.306693803999096 ], [ 128.846474014343926, 36.30669209089362 ], [ 128.846215166541413, 36.306052565396662 ], [ 128.845228023592085, 36.305739569902236 ], [ 128.844929332605602, 36.305677961952199 ], [ 128.844455781364218, 36.30537834711059 ], [ 128.84418057972897, 36.305391421976537 ], [ 128.843827983051938, 36.305549763700874 ], [ 128.843283735900883, 36.305785136239443 ], [ 128.842139524528704, 36.306952700794923 ], [ 128.841148701801444, 36.307895867685779 ], [ 128.840451663748752, 36.308035461024893 ], [ 128.840186416354641, 36.308124707872153 ], [ 128.839968449662564, 36.308195390606343 ], [ 128.839328967720149, 36.308401345968086 ], [ 128.83740132994717, 36.306636700607612 ], [ 128.837029993831777, 36.306372540972468 ], [ 128.83629696227365, 36.306228567156296 ], [ 128.836266796558107, 36.306230246731886 ], [ 128.834195547864056, 36.306345628653446 ], [ 128.832715275905599, 36.305625631672591 ], [ 128.831991542946184, 36.305312817352807 ], [ 128.830521867284858, 36.30695906571404 ], [ 128.829694941162444, 36.30702637017604 ], [ 128.828088555382863, 36.30766138424714 ], [ 128.828673832189054, 36.307826003143489 ], [ 128.82874185927011, 36.30792852060997 ], [ 128.828948313331495, 36.308943628959334 ], [ 128.829686333171594, 36.309417829383442 ], [ 128.830300885464112, 36.309812860065335 ], [ 128.829631531575899, 36.310812137680813 ], [ 128.829687607016638, 36.311730394513042 ], [ 128.829713348882251, 36.311817557573626 ], [ 128.829805764590333, 36.311925858936831 ], [ 128.829897391451283, 36.312191027473716 ], [ 128.829999045133462, 36.312708270300014 ], [ 128.829326282539057, 36.314515592450952 ], [ 128.82932576728831, 36.314516970513594 ], [ 128.829320958723059, 36.314531319378411 ], [ 128.829319131360535, 36.314531857454597 ], [ 128.829313782954642, 36.314533444840166 ], [ 128.829312557229997, 36.314533830582143 ], [ 128.828110988115128, 36.314910418285415 ], [ 128.827797049895963, 36.315016229683287 ], [ 128.827626295010788, 36.315059075886701 ], [ 128.826682673477109, 36.31493605872727 ], [ 128.825522181054424, 36.315542859630064 ], [ 128.824561228187008, 36.315879149309183 ], [ 128.823530704541895, 36.315975001238144 ], [ 128.822583716496268, 36.316285341806662 ], [ 128.82217110160758, 36.316407112780077 ], [ 128.82211175478497, 36.31642904856912 ], [ 128.821680544789331, 36.31658843219288 ], [ 128.821227269172653, 36.317325292529105 ], [ 128.820720303845832, 36.318137480518317 ], [ 128.820210796945332, 36.318696133774765 ], [ 128.819592009210595, 36.318313959239838 ], [ 128.818690399576241, 36.317241397827331 ], [ 128.818738127570299, 36.316220083531945 ], [ 128.818460240274248, 36.315167856199324 ], [ 128.818118636483177, 36.314437819110807 ], [ 128.818205295216558, 36.314160001242875 ], [ 128.817577613189883, 36.313573243693476 ], [ 128.816894887850111, 36.312935021585773 ], [ 128.816574685571283, 36.31287536434111 ], [ 128.815530685698377, 36.312858407020173 ], [ 128.815139584329103, 36.312482213470318 ], [ 128.814593337005562, 36.312193037422951 ], [ 128.813382718841865, 36.311654387253022 ], [ 128.810667741211972, 36.310304073841166 ], [ 128.80920479805107, 36.31022564342328 ], [ 128.808399553087128, 36.310853423241916 ], [ 128.808384727341206, 36.310873693865062 ], [ 128.808334619197183, 36.310942192701049 ], [ 128.808099271708954, 36.311263929925374 ], [ 128.807486616548232, 36.31209007605711 ], [ 128.807352893639006, 36.312195008623988 ], [ 128.807225072210315, 36.312295318565383 ], [ 128.807204086576974, 36.312311785061866 ], [ 128.807192416735745, 36.312320940104897 ], [ 128.807075584218865, 36.312412625430284 ], [ 128.806614622026103, 36.312774329347029 ], [ 128.805443961310459, 36.313959935508898 ], [ 128.804184910652594, 36.315408969923077 ], [ 128.803513063586479, 36.316182170205998 ], [ 128.803506551612372, 36.316185674019792 ], [ 128.802762228743347, 36.317025941803458 ], [ 128.802657930289172, 36.317149716504638 ], [ 128.802657517037659, 36.317150202453853 ], [ 128.802646973257055, 36.31716271130135 ], [ 128.802642461846574, 36.31717206704424 ], [ 128.802642237945264, 36.317172535284733 ], [ 128.802557853218332, 36.317347484903117 ], [ 128.802148048431434, 36.318227515106024 ], [ 128.801970527386942, 36.318658072399948 ], [ 128.801436510561786, 36.318705411057536 ], [ 128.800833453465088, 36.318951629681514 ], [ 128.800596995155331, 36.319120645091552 ], [ 128.80041523781145, 36.319241034342873 ], [ 128.800188151059075, 36.319376612957029 ], [ 128.800147295731051, 36.319367027714257 ], [ 128.799868445918662, 36.319334881344112 ], [ 128.799158979380962, 36.319674210957118 ], [ 128.798965251107489, 36.319788846233422 ], [ 128.798686703650077, 36.319579399815701 ], [ 128.798510930938704, 36.319537539168351 ], [ 128.798493669745852, 36.319533427522707 ], [ 128.798218554717863, 36.319533996416745 ], [ 128.797554166089071, 36.320348935810649 ], [ 128.797256228149621, 36.320704680910552 ], [ 128.796012748510037, 36.322129934830265 ], [ 128.796012606279618, 36.32214169495618 ], [ 128.7960054783305, 36.322710479071652 ], [ 128.796005082703658, 36.322742407118078 ], [ 128.796047097603036, 36.323235693871077 ], [ 128.795717685649947, 36.323513447005851 ], [ 128.795570181497766, 36.323776327855164 ], [ 128.795240675282315, 36.324515248038011 ], [ 128.795173614959509, 36.324665610925116 ], [ 128.795164563002828, 36.324685916852793 ], [ 128.794558955043811, 36.324823191790827 ], [ 128.794119940161636, 36.32499790829889 ], [ 128.793490973841756, 36.324963490046947 ], [ 128.79320594286412, 36.325113346191451 ], [ 128.793150689256692, 36.325119125584401 ], [ 128.793158957267508, 36.325314082664448 ], [ 128.793170893678337, 36.325595279780167 ], [ 128.792885480844404, 36.326204915065766 ], [ 128.792131505099547, 36.326349479522833 ], [ 128.791685416821593, 36.326656629638748 ], [ 128.791558582013863, 36.326796314699607 ], [ 128.791275064714682, 36.326979980996796 ], [ 128.79088014784648, 36.327294057972722 ], [ 128.79062925064872, 36.327567555426533 ], [ 128.790636048203254, 36.328120060916724 ], [ 128.790143918720815, 36.329250276750628 ], [ 128.789897070237799, 36.329588358035245 ], [ 128.789676992981384, 36.329889772296625 ], [ 128.789486537702572, 36.330541381769137 ], [ 128.78945562207096, 36.330614601588344 ], [ 128.78913468118688, 36.331374705804301 ], [ 128.789016963459517, 36.331478780737193 ], [ 128.788495804780439, 36.331816560326168 ], [ 128.788462234595727, 36.331866092230023 ], [ 128.788363698442936, 36.33279885015282 ], [ 128.788213484953047, 36.333619355294523 ], [ 128.787805104758149, 36.334233840681705 ], [ 128.787780752535667, 36.334215088734744 ], [ 128.787138687663855, 36.334402789464605 ], [ 128.786738748778532, 36.334335465693421 ], [ 128.786467662840778, 36.334289766358737 ], [ 128.784369003312122, 36.334737912310374 ], [ 128.784022719164625, 36.335106764817262 ], [ 128.783513943861777, 36.33595271781391 ], [ 128.782414243747553, 36.337888423491329 ], [ 128.781678412497627, 36.33814075334508 ], [ 128.78152291265323, 36.338194078182333 ], [ 128.781116622439896, 36.338830289321848 ], [ 128.781105378488149, 36.338847886561695 ], [ 128.781062684688862, 36.338914810194524 ], [ 128.781055524149167, 36.338910273090384 ], [ 128.781021155732105, 36.338888518419097 ], [ 128.780945908218087, 36.338953732808115 ], [ 128.780734010217429, 36.339137586852765 ], [ 128.780730805560466, 36.339140365564475 ], [ 128.780475700619519, 36.33936712537686 ], [ 128.779478449936789, 36.340441586306277 ], [ 128.779298243808967, 36.341073263266246 ], [ 128.779631899466153, 36.341839935531006 ], [ 128.780676301279129, 36.342219407666718 ], [ 128.780861229566909, 36.342347292402039 ], [ 128.781119305108462, 36.343176659728172 ], [ 128.780949781032177, 36.34370825615779 ], [ 128.780927063041815, 36.344401298307837 ], [ 128.78092614693071, 36.344429899884851 ], [ 128.779648711010339, 36.345173734777461 ], [ 128.779333894673442, 36.345726867347224 ], [ 128.778643537710764, 36.346437824876077 ], [ 128.777283321582786, 36.347003227610536 ], [ 128.777121500510191, 36.347070493929913 ], [ 128.776837651023925, 36.347336248513763 ], [ 128.77694471962019, 36.347618444972703 ], [ 128.777164630620973, 36.348198033177574 ], [ 128.778149890796129, 36.34915264408928 ], [ 128.778447679349057, 36.34944135040331 ], [ 128.778370668457626, 36.349940699982007 ], [ 128.778581310025601, 36.350823521855474 ], [ 128.778386287323542, 36.35165878869315 ], [ 128.778862113694203, 36.352357895843483 ], [ 128.778818433656255, 36.35241576889419 ], [ 128.778764465366493, 36.352487266512 ], [ 128.77886655704765, 36.353454189877063 ], [ 128.77903648561437, 36.35418314047935 ], [ 128.779273626187063, 36.354306105103255 ], [ 128.779081111411358, 36.355351927183634 ], [ 128.779466300534381, 36.356144900153041 ], [ 128.779357505651262, 36.356655221096119 ], [ 128.77893606274435, 36.357173169717399 ], [ 128.779459567437243, 36.357907769738212 ], [ 128.77970443806359, 36.358479477412629 ], [ 128.779699611784906, 36.358515533358386 ], [ 128.77959836158837, 36.359271852196933 ], [ 128.779637853723187, 36.360086260419628 ], [ 128.77973568623176, 36.360574327366116 ], [ 128.7794293899683, 36.360879363897368 ], [ 128.779156545280046, 36.361174431829006 ], [ 128.779123841778215, 36.361504190752761 ], [ 128.779115273777137, 36.361758728724212 ], [ 128.780171644451343, 36.362265697394456 ], [ 128.780487223451075, 36.362453671055512 ], [ 128.780882044708278, 36.363435794234476 ], [ 128.782112985040044, 36.363838441840166 ], [ 128.782179819343639, 36.363857200744278 ], [ 128.782991986953704, 36.36408527909002 ], [ 128.783016459196944, 36.364095885562982 ], [ 128.783115425344931, 36.364315114148525 ], [ 128.783233509653655, 36.364575200619235 ], [ 128.783168479507566, 36.364755910818161 ], [ 128.783098766364077, 36.364949616315378 ], [ 128.783083123464877, 36.364993105275254 ], [ 128.783078107745354, 36.36585496704474 ], [ 128.783111408619391, 36.36656631307855 ], [ 128.783728638155566, 36.367248292095255 ], [ 128.783739821147407, 36.36766577079414 ], [ 128.783744301972916, 36.367833234492572 ], [ 128.783673644457764, 36.367965487676834 ], [ 128.783554977703517, 36.368187644156478 ], [ 128.783099955796786, 36.368898395637594 ], [ 128.782873155733171, 36.368940777473775 ], [ 128.782329907183083, 36.369042263387193 ], [ 128.78139824645055, 36.369859516505592 ], [ 128.781272273087382, 36.370006003929056 ], [ 128.781351627508514, 36.370447552355813 ], [ 128.781341698965008, 36.370467314748943 ], [ 128.780954761583359, 36.371237633352436 ], [ 128.780917713650467, 36.371311379806393 ], [ 128.78089699282009, 36.371352768340635 ], [ 128.78098946011022, 36.371664743856407 ], [ 128.780888412774118, 36.371873691855953 ], [ 128.780746150027682, 36.372167769241123 ], [ 128.780649863043294, 36.372296656867348 ], [ 128.780587081172143, 36.372379304253954 ], [ 128.780546881901245, 36.372432227726364 ], [ 128.780385525059671, 36.372644641375231 ], [ 128.78030910057322, 36.373468241210354 ], [ 128.780291938449835, 36.373602411633648 ], [ 128.780857766011337, 36.373753115091638 ], [ 128.782130151636579, 36.374129515440082 ], [ 128.782504641975379, 36.374389919501361 ], [ 128.782361405156109, 36.375226528003338 ], [ 128.783009700918569, 36.375768227696476 ], [ 128.783255743234889, 36.376061269052741 ], [ 128.784165173953937, 36.37661716393329 ], [ 128.784932780762176, 36.377126691057818 ], [ 128.784843812774966, 36.378104775950142 ], [ 128.784763962648384, 36.378133369411032 ], [ 128.784741861196068, 36.378302911316631 ], [ 128.784839160920342, 36.378359636157377 ], [ 128.784519081370718, 36.379143333677753 ], [ 128.785015656133396, 36.379492851664615 ], [ 128.785771276960929, 36.380024682453126 ], [ 128.785963930349652, 36.380712324554977 ], [ 128.785905982087996, 36.381393341315714 ], [ 128.787209527957032, 36.38257171144646 ], [ 128.786824868844263, 36.383408260412445 ], [ 128.786718626616107, 36.384047403307363 ], [ 128.786367774267262, 36.384967234220738 ], [ 128.786094637849743, 36.385460050472119 ], [ 128.786288222874759, 36.385997414362635 ], [ 128.78628877616967, 36.385998857228067 ], [ 128.786309524248054, 36.386053144911536 ], [ 128.786245091704728, 36.386097943046067 ], [ 128.786223785400779, 36.386112755902552 ], [ 128.786034071563279, 36.38624475040524 ], [ 128.785709464955886, 36.387057955121691 ], [ 128.785289579476995, 36.387770073683605 ], [ 128.78521766964343, 36.388260358935149 ], [ 128.785122937299036, 36.388732741627379 ], [ 128.78554754807638, 36.389087353345225 ], [ 128.785509599494759, 36.389432828380279 ], [ 128.785576222137195, 36.389467814981472 ], [ 128.78606847023056, 36.389726329405072 ], [ 128.786077829466763, 36.390131601234565 ], [ 128.786312847258358, 36.390712502682128 ], [ 128.786518270704562, 36.391100788964629 ], [ 128.786815894320853, 36.391340232615192 ], [ 128.787894977156725, 36.392351041520023 ], [ 128.787756824025763, 36.392821383800943 ], [ 128.787909437348418, 36.39343779357683 ], [ 128.787605463271007, 36.394421963620175 ], [ 128.787304451512426, 36.395034560020136 ], [ 128.787144662279218, 36.395899816803997 ], [ 128.786691970769454, 36.396174075662962 ], [ 128.786471441050935, 36.396307682339724 ], [ 128.786077890816841, 36.396715102496316 ], [ 128.786050189549485, 36.396743781719159 ], [ 128.785643874096138, 36.397807460670137 ], [ 128.785863390265376, 36.398458535103394 ], [ 128.786146583101129, 36.399327914178386 ], [ 128.786155006069237, 36.399353756778424 ], [ 128.786573727396984, 36.399967123465167 ], [ 128.786755435236159, 36.400840562741358 ], [ 128.787070683675722, 36.402152712522152 ], [ 128.787274909628024, 36.402904263448924 ], [ 128.788024207347632, 36.403574017308763 ], [ 128.789026939362799, 36.403615474492057 ], [ 128.789703247044912, 36.403719561649687 ], [ 128.789777130575203, 36.403659774152196 ], [ 128.789923154418688, 36.403541601747953 ], [ 128.790647649111548, 36.403078440239902 ], [ 128.790771168275398, 36.402950079932538 ], [ 128.791237282086996, 36.40246567779554 ], [ 128.791380273851331, 36.402060062472202 ], [ 128.791834013481633, 36.401696887992188 ], [ 128.792066776822821, 36.401784033523832 ], [ 128.793287075680183, 36.402240678776145 ], [ 128.793617247874863, 36.402839771966541 ], [ 128.793950624343637, 36.403443141283205 ], [ 128.794588809649099, 36.404216493141305 ], [ 128.79519790646691, 36.404548688905884 ], [ 128.79526580064271, 36.404585726892677 ], [ 128.795178696655228, 36.404781282526116 ], [ 128.795013717438167, 36.405100983182862 ], [ 128.795010656697656, 36.40538984638674 ], [ 128.794945049549, 36.405482552959548 ], [ 128.79488348557507, 36.405930307510985 ], [ 128.795177151726932, 36.405930815141545 ], [ 128.795277218062921, 36.405930987951024 ], [ 128.795269720618421, 36.405992254230661 ], [ 128.795393491814224, 36.406261258366264 ], [ 128.795550921315339, 36.406606081342467 ], [ 128.795605262632563, 36.406727030261486 ], [ 128.795695163112754, 36.40693419179641 ], [ 128.795851711302419, 36.407284482893225 ], [ 128.795999430454202, 36.40761815010837 ], [ 128.796091071233462, 36.407812959342067 ], [ 128.796736442134488, 36.409196309945138 ], [ 128.797055758891418, 36.409538704717491 ], [ 128.797109952969237, 36.409598346422904 ], [ 128.797126645508143, 36.4096313305742 ], [ 128.797280347637297, 36.409791342913387 ], [ 128.797392786499017, 36.40990525306146 ], [ 128.797799826461841, 36.410325268797592 ], [ 128.798075956940096, 36.410613814649018 ], [ 128.798254699325412, 36.41080539108912 ], [ 128.798344160059258, 36.410899030082362 ], [ 128.798613253992585, 36.411176847856616 ], [ 128.79945643764097, 36.412057155676543 ], [ 128.799550704018117, 36.412160381255177 ], [ 128.799711901410404, 36.412336002236408 ], [ 128.799935600892326, 36.412581091097948 ], [ 128.800863347309189, 36.413149818860759 ], [ 128.801152079713091, 36.413766735790773 ], [ 128.801215871616819, 36.414098732456551 ], [ 128.80119002929365, 36.414258618677643 ], [ 128.801143231266224, 36.414368635373151 ], [ 128.800990342969811, 36.414384293348789 ], [ 128.800807940228509, 36.414660698357132 ], [ 128.800663745591066, 36.414880835579766 ], [ 128.800331515583821, 36.41534629525745 ], [ 128.800178536276491, 36.415560613573724 ], [ 128.799927172206338, 36.415843686669852 ], [ 128.799814913596833, 36.415939984739673 ], [ 128.799461439860949, 36.416256677988855 ], [ 128.799125075053325, 36.416596063425679 ], [ 128.798723737561517, 36.416750860419299 ], [ 128.798720057485724, 36.416755396034908 ], [ 128.798553347457499, 36.416960397898528 ], [ 128.79838058371962, 36.417199065702071 ], [ 128.798052593000506, 36.417697364425457 ], [ 128.797868808412574, 36.417966508045332 ], [ 128.797741428753056, 36.418172287699626 ], [ 128.797690356842054, 36.418344863430143 ], [ 128.797689173081892, 36.41838825241912 ], [ 128.797688950745652, 36.418396533729663 ], [ 128.797688483480755, 36.418417475965377 ], [ 128.797684247661465, 36.418609065044464 ], [ 128.797678217171267, 36.418881539458582 ], [ 128.799801900223002, 36.419468359752642 ], [ 128.799845750156379, 36.419500019568758 ], [ 128.801516570096311, 36.420710811101721 ], [ 128.803339494262985, 36.422591755940189 ], [ 128.803401992294795, 36.423654762885754 ], [ 128.80316454339021, 36.423967621856022 ], [ 128.803112740680604, 36.424031770669906 ], [ 128.802979965719288, 36.424794762476409 ], [ 128.802325297118102, 36.4264960308413 ], [ 128.80226429135206, 36.426735142539705 ], [ 128.802325506715164, 36.426824396614848 ], [ 128.80287352468855, 36.427463241955692 ], [ 128.803246615702193, 36.427945514951553 ], [ 128.803487830249111, 36.428499507890976 ], [ 128.803715483283185, 36.429121272229402 ], [ 128.803683837664437, 36.429529094588339 ], [ 128.803894917282207, 36.430179821393352 ], [ 128.804263528637506, 36.430972578779325 ], [ 128.804265951995347, 36.430988866768857 ], [ 128.804307116322633, 36.431265546243374 ], [ 128.803858404430287, 36.431623764002701 ], [ 128.803439320843324, 36.431941837403379 ], [ 128.803369340879925, 36.431977452353621 ], [ 128.803541228066791, 36.43242924623766 ], [ 128.803707029336294, 36.432814641222109 ], [ 128.804361210860463, 36.433388437947684 ], [ 128.804551040847855, 36.434197380980891 ], [ 128.805197574637276, 36.434675249850571 ], [ 128.805450969896839, 36.435193274918532 ], [ 128.806538506459333, 36.435645879260044 ], [ 128.80691065129659, 36.435946581839829 ], [ 128.808306498214478, 36.43707445214087 ], [ 128.809906813721767, 36.43739167091136 ], [ 128.810189872352964, 36.437531930812163 ], [ 128.810304172133641, 36.437588571596862 ], [ 128.810822695950662, 36.43872509720746 ], [ 128.811298592663462, 36.440146571407226 ], [ 128.811377396212691, 36.440482288938902 ], [ 128.812038426993666, 36.441050187380355 ], [ 128.812433051544787, 36.441685148429947 ], [ 128.812569618443206, 36.441733720847033 ], [ 128.812711746274857, 36.441784266429231 ], [ 128.813136929471966, 36.442345351260549 ], [ 128.81333235413598, 36.442445048323222 ], [ 128.813404272494267, 36.442481739720584 ], [ 128.813401466932504, 36.443006489648482 ], [ 128.813402348464507, 36.443773513094989 ], [ 128.813418046172615, 36.443938044510304 ], [ 128.813418371030281, 36.444002171538308 ], [ 128.813418876879382, 36.444088359237007 ], [ 128.813320431864611, 36.444292560069087 ], [ 128.81319848981633, 36.444388719788883 ], [ 128.8129405195169, 36.444464983306766 ], [ 128.811367197747728, 36.445257491034077 ], [ 128.811579923175202, 36.445587662937236 ], [ 128.812040573856763, 36.446370456865317 ], [ 128.812243582104742, 36.446814086071235 ], [ 128.812417249458292, 36.447821739920229 ], [ 128.812365598914454, 36.448164440953086 ], [ 128.812178896654643, 36.449445998419705 ], [ 128.812213053030547, 36.449652084497089 ], [ 128.812532437303702, 36.449989101123741 ], [ 128.813346202749813, 36.451695621661862 ], [ 128.812516234876881, 36.453128125659589 ], [ 128.813325822254455, 36.453691177472365 ], [ 128.813239611158991, 36.453831541111619 ], [ 128.813336820406164, 36.453830063270395 ], [ 128.814291814611124, 36.453814154280032 ], [ 128.816491462549379, 36.453558563479092 ], [ 128.816900384191456, 36.453337781918137 ], [ 128.819741593868827, 36.453855414097944 ], [ 128.82047435418869, 36.453815813139649 ], [ 128.820773203034236, 36.453747056973931 ], [ 128.821073395020932, 36.453661666707596 ] ] ] } },
{ "type": "Feature", "properties": { "spatial_region": "사곡면", "facility_count": 0, "total_capacity": 0.0, "area_km2": 72.72, "facilities_per_km2": 0.0, "population_status": "AVAILABLE", "emd_code": "4773034000", "emd_name": "사곡면", "total_population": 1500, "youth_population": 80, "youth_ratio": 5.3333333333333339, "elderly_population": 882, "elderly_ratio": 58.8, "population_change": -18, "year": 2025 }, "geometry": { "type": "Polygon", "coordinates": [ [ [ 128.7748166865494, 36.347204691216305 ], [ 128.775742781869411, 36.346767284136462 ], [ 128.776397986237498, 36.346723019676325 ], [ 128.776770990323286, 36.34671186215941 ], [ 128.777209472553324, 36.346685704676851 ], [ 128.777283321582786, 36.347003227610536 ], [ 128.778643537710764, 36.346437824876077 ], [ 128.779333894673442, 36.345726867347224 ], [ 128.779648711010339, 36.345173734777461 ], [ 128.78092614693071, 36.344429899884851 ], [ 128.780927063041815, 36.344401298307837 ], [ 128.780949781032177, 36.34370825615779 ], [ 128.781119305108462, 36.343176659728172 ], [ 128.780861229566909, 36.342347292402039 ], [ 128.780676301279129, 36.342219407666718 ], [ 128.779631899466153, 36.341839935531006 ], [ 128.779298243808967, 36.341073263266246 ], [ 128.779478449936789, 36.340441586306277 ], [ 128.780475700619519, 36.33936712537686 ], [ 128.780730805560466, 36.339140365564475 ], [ 128.780734010217429, 36.339137586852765 ], [ 128.780945908218087, 36.338953732808115 ], [ 128.781021155732105, 36.338888518419097 ], [ 128.781055524149167, 36.338910273090384 ], [ 128.781062684688862, 36.338914810194524 ], [ 128.781105378488149, 36.338847886561695 ], [ 128.781116622439896, 36.338830289321848 ], [ 128.78152291265323, 36.338194078182333 ], [ 128.781678412497627, 36.33814075334508 ], [ 128.782414243747553, 36.337888423491329 ], [ 128.783513943861777, 36.33595271781391 ], [ 128.784022719164625, 36.335106764817262 ], [ 128.784369003312122, 36.334737912310374 ], [ 128.786467662840778, 36.334289766358737 ], [ 128.786738748778532, 36.334335465693421 ], [ 128.787138687663855, 36.334402789464605 ], [ 128.787780752535667, 36.334215088734744 ], [ 128.787805104758149, 36.334233840681705 ], [ 128.788213484953047, 36.333619355294523 ], [ 128.788363698442936, 36.33279885015282 ], [ 128.788462234595727, 36.331866092230023 ], [ 128.788495804780439, 36.331816560326168 ], [ 128.789016963459517, 36.331478780737193 ], [ 128.78913468118688, 36.331374705804301 ], [ 128.78945562207096, 36.330614601588344 ], [ 128.789486537702572, 36.330541381769137 ], [ 128.789676992981384, 36.329889772296625 ], [ 128.789897070237799, 36.329588358035245 ], [ 128.790143918720815, 36.329250276750628 ], [ 128.790636048203254, 36.328120060916724 ], [ 128.79062925064872, 36.327567555426533 ], [ 128.79088014784648, 36.327294057972722 ], [ 128.791275064714682, 36.326979980996796 ], [ 128.791558582013863, 36.326796314699607 ], [ 128.791685416821593, 36.326656629638748 ], [ 128.792131505099547, 36.326349479522833 ], [ 128.792885480844404, 36.326204915065766 ], [ 128.793170893678337, 36.325595279780167 ], [ 128.793158957267508, 36.325314082664448 ], [ 128.793150689256692, 36.325119125584401 ], [ 128.79320594286412, 36.325113346191451 ], [ 128.793490973841756, 36.324963490046947 ], [ 128.794119940161636, 36.32499790829889 ], [ 128.794558955043811, 36.324823191790827 ], [ 128.795164563002828, 36.324685916852793 ], [ 128.795173614959509, 36.324665610925116 ], [ 128.795240675282315, 36.324515248038011 ], [ 128.795570181497766, 36.323776327855164 ], [ 128.795717685649947, 36.323513447005851 ], [ 128.796047097603036, 36.323235693871077 ], [ 128.796005082703658, 36.322742407118078 ], [ 128.7960054783305, 36.322710479071652 ], [ 128.796012606279618, 36.32214169495618 ], [ 128.796012748510037, 36.322129934830265 ], [ 128.797256228149621, 36.320704680910552 ], [ 128.797554166089071, 36.320348935810649 ], [ 128.798218554717863, 36.319533996416745 ], [ 128.798493669745852, 36.319533427522707 ], [ 128.798510930938704, 36.319537539168351 ], [ 128.798686703650077, 36.319579399815701 ], [ 128.798965251107489, 36.319788846233422 ], [ 128.799158979380962, 36.319674210957118 ], [ 128.799868445918662, 36.319334881344112 ], [ 128.800147295731051, 36.319367027714257 ], [ 128.800188151059075, 36.319376612957029 ], [ 128.80041523781145, 36.319241034342873 ], [ 128.800596995155331, 36.319120645091552 ], [ 128.800833453465088, 36.318951629681514 ], [ 128.801436510561786, 36.318705411057536 ], [ 128.801970527386942, 36.318658072399948 ], [ 128.802148048431434, 36.318227515106024 ], [ 128.802557853218332, 36.317347484903117 ], [ 128.802642237945264, 36.317172535284733 ], [ 128.802642461846574, 36.31717206704424 ], [ 128.802646973257055, 36.31716271130135 ], [ 128.802657517037659, 36.317150202453853 ], [ 128.802657930289172, 36.317149716504638 ], [ 128.802762228743347, 36.317025941803458 ], [ 128.803506551612372, 36.316185674019792 ], [ 128.803513063586479, 36.316182170205998 ], [ 128.804184910652594, 36.315408969923077 ], [ 128.805443961310459, 36.313959935508898 ], [ 128.806614622026103, 36.312774329347029 ], [ 128.807075584218865, 36.312412625430284 ], [ 128.807192416735745, 36.312320940104897 ], [ 128.807204086576974, 36.312311785061866 ], [ 128.807225072210315, 36.312295318565383 ], [ 128.807352893639006, 36.312195008623988 ], [ 128.807486616548232, 36.31209007605711 ], [ 128.808099271708954, 36.311263929925374 ], [ 128.808334619197183, 36.310942192701049 ], [ 128.808384727341206, 36.310873693865062 ], [ 128.808399553087128, 36.310853423241916 ], [ 128.80920479805107, 36.31022564342328 ], [ 128.810667741211972, 36.310304073841166 ], [ 128.813382718841865, 36.311654387253022 ], [ 128.814593337005562, 36.312193037422951 ], [ 128.815139584329103, 36.312482213470318 ], [ 128.815530685698377, 36.312858407020173 ], [ 128.816574685571283, 36.31287536434111 ], [ 128.816894887850111, 36.312935021585773 ], [ 128.817577613189883, 36.313573243693476 ], [ 128.818205295216558, 36.314160001242875 ], [ 128.818118636483177, 36.314437819110807 ], [ 128.818460240274248, 36.315167856199324 ], [ 128.818738127570299, 36.316220083531945 ], [ 128.818690399576241, 36.317241397827331 ], [ 128.819592009210595, 36.318313959239838 ], [ 128.820210796945332, 36.318696133774765 ], [ 128.820720303845832, 36.318137480518317 ], [ 128.821227269172653, 36.317325292529105 ], [ 128.821680544789331, 36.31658843219288 ], [ 128.82211175478497, 36.31642904856912 ], [ 128.82217110160758, 36.316407112780077 ], [ 128.822583716496268, 36.316285341806662 ], [ 128.823530704541895, 36.315975001238144 ], [ 128.824561228187008, 36.315879149309183 ], [ 128.825522181054424, 36.315542859630064 ], [ 128.826682673477109, 36.31493605872727 ], [ 128.827626295010788, 36.315059075886701 ], [ 128.827797049895963, 36.315016229683287 ], [ 128.828110988115128, 36.314910418285415 ], [ 128.829312557229997, 36.314533830582143 ], [ 128.829313782954642, 36.314533444840166 ], [ 128.829319131360535, 36.314531857454597 ], [ 128.829320958723059, 36.314531319378411 ], [ 128.82932576728831, 36.314516970513594 ], [ 128.829326282539057, 36.314515592450952 ], [ 128.829999045133462, 36.312708270300014 ], [ 128.829897391451283, 36.312191027473716 ], [ 128.829805764590333, 36.311925858936831 ], [ 128.829713348882251, 36.311817557573626 ], [ 128.829687607016638, 36.311730394513042 ], [ 128.829631531575899, 36.310812137680813 ], [ 128.830300885464112, 36.309812860065335 ], [ 128.829686333171594, 36.309417829383442 ], [ 128.828948313331495, 36.308943628959334 ], [ 128.82874185927011, 36.30792852060997 ], [ 128.828673832189054, 36.307826003143489 ], [ 128.828088555382863, 36.30766138424714 ], [ 128.829694941162444, 36.30702637017604 ], [ 128.830521867284858, 36.30695906571404 ], [ 128.831991542946184, 36.305312817352807 ], [ 128.832715275905599, 36.305625631672591 ], [ 128.834195547864056, 36.306345628653446 ], [ 128.836266796558107, 36.306230246731886 ], [ 128.83629696227365, 36.306228567156296 ], [ 128.837029993831777, 36.306372540972468 ], [ 128.83740132994717, 36.306636700607612 ], [ 128.839328967720149, 36.308401345968086 ], [ 128.839968449662564, 36.308195390606343 ], [ 128.840186416354641, 36.308124707872153 ], [ 128.840451663748752, 36.308035461024893 ], [ 128.841148701801444, 36.307895867685779 ], [ 128.842139524528704, 36.306952700794923 ], [ 128.843283735900883, 36.305785136239443 ], [ 128.843827983051938, 36.305549763700874 ], [ 128.84418057972897, 36.305391421976537 ], [ 128.844455781364218, 36.30537834711059 ], [ 128.844929332605602, 36.305677961952199 ], [ 128.845228023592085, 36.305739569902236 ], [ 128.846215166541413, 36.306052565396662 ], [ 128.846474014343926, 36.30669209089362 ], [ 128.84647467900146, 36.306693803999096 ], [ 128.846480162685793, 36.306707806447861 ], [ 128.846499409369784, 36.306704316792256 ], [ 128.846502483416231, 36.306703798092009 ], [ 128.8481336843235, 36.306427661738219 ], [ 128.849104419854115, 36.30645127915971 ], [ 128.849152025349809, 36.306441832361791 ], [ 128.850199922892529, 36.306233710356835 ], [ 128.851485578778664, 36.305475021692736 ], [ 128.852297562936315, 36.305179080361235 ], [ 128.852562276193908, 36.305094762405659 ], [ 128.852773185041372, 36.305030608474205 ], [ 128.853215431275913, 36.304626410149247 ], [ 128.854143909810546, 36.30392493381229 ], [ 128.854441211209149, 36.303475628267549 ], [ 128.854824696275301, 36.30328107455987 ], [ 128.855428444740937, 36.302818975724712 ], [ 128.856030212247731, 36.302682405242351 ], [ 128.856408995636087, 36.302371191741599 ], [ 128.856779432412736, 36.302267418955644 ], [ 128.857847532036544, 36.301504495635953 ], [ 128.85800056440749, 36.300766827673769 ], [ 128.858489506688187, 36.300521940430372 ], [ 128.859490784668111, 36.300566246193746 ], [ 128.859954985181815, 36.300166085937505 ], [ 128.860349203942633, 36.300114896135455 ], [ 128.860873287657398, 36.300115108042235 ], [ 128.860882982833431, 36.300109928633908 ], [ 128.861205229486842, 36.299937892954127 ], [ 128.861748010172363, 36.299572945924297 ], [ 128.862400669807215, 36.298937967838363 ], [ 128.86296513014787, 36.298532343028704 ], [ 128.863129345145921, 36.297275617927028 ], [ 128.863530603624753, 36.297143283260503 ], [ 128.864651224624907, 36.297247639095694 ], [ 128.865072714597147, 36.296977594662003 ], [ 128.865194269382414, 36.296499700926546 ], [ 128.865681103888051, 36.295933131496156 ], [ 128.866361787041086, 36.296047947276371 ], [ 128.867053009701237, 36.29568554066568 ], [ 128.868433507467614, 36.294654013598773 ], [ 128.868726635255172, 36.294870866625097 ], [ 128.869120048233299, 36.295086442153206 ], [ 128.868968060740968, 36.295623703261185 ], [ 128.869088364098587, 36.296088603543033 ], [ 128.869722312641727, 36.296816161721466 ], [ 128.87120257805941, 36.297062653013391 ], [ 128.871785607845595, 36.296580946785156 ], [ 128.872490747175789, 36.296760197779506 ], [ 128.87327837833638, 36.297173876635085 ], [ 128.874572303047302, 36.297719940733209 ], [ 128.875702840813631, 36.298402059817406 ], [ 128.876934919348429, 36.297691235006191 ], [ 128.877785572537874, 36.296786744786587 ], [ 128.878327035852436, 36.296849908850824 ], [ 128.878636481051615, 36.296615775438951 ], [ 128.879572014877056, 36.29628841395261 ], [ 128.879595762970808, 36.296301352112451 ], [ 128.879000977017228, 36.295340804281714 ], [ 128.878992157526966, 36.294608881388058 ], [ 128.879307627415443, 36.294002302307618 ], [ 128.878849630773999, 36.293562164208602 ], [ 128.878575083169522, 36.292996633118108 ], [ 128.878500302776956, 36.2928298823674 ], [ 128.878460572165324, 36.292744733739717 ], [ 128.878268805329697, 36.292209413570433 ], [ 128.878300593929197, 36.29207070010834 ], [ 128.878461722135683, 36.291395194588866 ], [ 128.878463757023269, 36.291346992370457 ], [ 128.878464643492009, 36.290463103307815 ], [ 128.878465741614775, 36.290345040352321 ], [ 128.877926408447678, 36.290067703748086 ], [ 128.877843312921698, 36.289494131495587 ], [ 128.877822908126831, 36.289346226118106 ], [ 128.877833507084802, 36.289246421945819 ], [ 128.87790835202938, 36.288606658681225 ], [ 128.87793403670733, 36.288420410476888 ], [ 128.878023106239112, 36.288338801115756 ], [ 128.878124588733243, 36.288263305508139 ], [ 128.877850406602846, 36.287318761609164 ], [ 128.877830591711785, 36.2872417980129 ], [ 128.87779780561695, 36.287138650606956 ], [ 128.877780188112354, 36.287065942862469 ], [ 128.877766715927322, 36.287025691048584 ], [ 128.87895297543281, 36.286126034406642 ], [ 128.879057593809705, 36.285708018999522 ], [ 128.87905715221342, 36.285691427741078 ], [ 128.878818446007926, 36.28532069717447 ], [ 128.87882275156332, 36.28476011070839 ], [ 128.878652462652951, 36.28439492009911 ], [ 128.878004148505511, 36.282297456717721 ], [ 128.877966364779837, 36.281976433622589 ], [ 128.877992301037608, 36.281699634379031 ], [ 128.878021575931456, 36.281635094691893 ], [ 128.878157212568709, 36.281253339414775 ], [ 128.878122428523852, 36.280553758526381 ], [ 128.87748626113347, 36.27977070959318 ], [ 128.877062952546936, 36.279041670571374 ], [ 128.877076077825251, 36.277770228536063 ], [ 128.877428994035654, 36.277077403049063 ], [ 128.877466741009556, 36.276306928304237 ], [ 128.877366719232384, 36.275166580964893 ], [ 128.877300928980958, 36.274135231298494 ], [ 128.876619817882613, 36.273867257393178 ], [ 128.875844010661865, 36.2735717660807 ], [ 128.875084520343364, 36.273355104727074 ], [ 128.874932614713316, 36.273307118142974 ], [ 128.874862045123962, 36.273299058945767 ], [ 128.874099658865674, 36.27339545138507 ], [ 128.873449660583077, 36.273182023325809 ], [ 128.872792358246187, 36.273264344212805 ], [ 128.872747295223064, 36.273264430897363 ], [ 128.872075236637812, 36.273702547328476 ], [ 128.871412616438619, 36.274088824968281 ], [ 128.871354989850971, 36.274114464115954 ], [ 128.870839434437443, 36.274163224017656 ], [ 128.870666277004062, 36.274052486251236 ], [ 128.870181019147338, 36.273767053531394 ], [ 128.869834856216585, 36.273842039222949 ], [ 128.869354025485592, 36.274022989891115 ], [ 128.869295469810879, 36.274025015942712 ], [ 128.868868766710079, 36.273997715285525 ], [ 128.86845940659407, 36.274053972351531 ], [ 128.867994317524506, 36.274216568876206 ], [ 128.867333874949423, 36.274337039486987 ], [ 128.866994875499017, 36.274605969231395 ], [ 128.866764458704324, 36.274652021873564 ], [ 128.866757644518572, 36.274653699416092 ], [ 128.866205461924096, 36.27491795274846 ], [ 128.86494764811917, 36.274393736497743 ], [ 128.863999218248267, 36.274389378763786 ], [ 128.863441531764693, 36.274380887091027 ], [ 128.863434990512047, 36.274391874010938 ], [ 128.863146588161413, 36.273951635830578 ], [ 128.863319249936353, 36.273023577607077 ], [ 128.863939399026833, 36.272243351341153 ], [ 128.864077462840072, 36.271960654656041 ], [ 128.86410965741598, 36.271555265881872 ], [ 128.862942973043062, 36.270701442858254 ], [ 128.863083365350519, 36.268746435706859 ], [ 128.862792053354696, 36.268397384016005 ], [ 128.86266274134104, 36.267961582209217 ], [ 128.862203460430266, 36.267831259353329 ], [ 128.861471175013179, 36.267401313246637 ], [ 128.860917487233451, 36.267393886939786 ], [ 128.860607841978521, 36.267247656522954 ], [ 128.859904729656563, 36.267137052782758 ], [ 128.859391352897489, 36.266876902160234 ], [ 128.858890657404174, 36.266768389181173 ], [ 128.858304644952312, 36.266414108393882 ], [ 128.857777326591815, 36.26620680678802 ], [ 128.855983153688811, 36.266158587186546 ], [ 128.854893357845071, 36.265970837037138 ], [ 128.853907417020054, 36.26645136332349 ], [ 128.853867663545174, 36.266452837277868 ], [ 128.853451569954217, 36.266459856991034 ], [ 128.852893371845624, 36.266428749828059 ], [ 128.852109944453787, 36.266515513655044 ], [ 128.851500497210225, 36.266305495404069 ], [ 128.850917991575812, 36.26600449706963 ], [ 128.85053103794769, 36.265882313064097 ], [ 128.850260573279172, 36.265836975169421 ], [ 128.85016776833578, 36.265788067534793 ], [ 128.849734885242725, 36.265559266469026 ], [ 128.849619155411631, 36.26550527366215 ], [ 128.849596211241106, 36.26547532511529 ], [ 128.849330609779827, 36.265195673599401 ], [ 128.848405135012712, 36.264160858016098 ], [ 128.847821419672982, 36.263656499040337 ], [ 128.847673193902381, 36.263531917634573 ], [ 128.847405324224809, 36.263110817467734 ], [ 128.84718560269377, 36.262686633644549 ], [ 128.84692110487839, 36.261613022712737 ], [ 128.84692121064208, 36.26157628142419 ], [ 128.844842193047356, 36.262486200864572 ], [ 128.84483327156417, 36.262490244526077 ], [ 128.844799891133619, 36.262505394831415 ], [ 128.844656590271711, 36.262570371922443 ], [ 128.843286405294577, 36.263177419042947 ], [ 128.841833547344606, 36.263693401254216 ], [ 128.841586502258053, 36.263700325842876 ], [ 128.841437504522133, 36.263533497037301 ], [ 128.84009871641635, 36.263674491463497 ], [ 128.839723771969801, 36.26393746516564 ], [ 128.837724489806305, 36.264515307724928 ], [ 128.837338064962637, 36.264573923001429 ], [ 128.83614579120848, 36.264750121260406 ], [ 128.836013128624785, 36.264746576392731 ], [ 128.834980492970118, 36.264718963996501 ], [ 128.834936825522988, 36.264703483894245 ], [ 128.833802768042091, 36.264254505204249 ], [ 128.833648185184046, 36.264198414807886 ], [ 128.833268467286871, 36.26406067568395 ], [ 128.832693757699928, 36.263678051118468 ], [ 128.83200851461919, 36.263416233595741 ], [ 128.831502598200302, 36.262899802307096 ], [ 128.831154770098493, 36.262839712022441 ], [ 128.830323477405329, 36.262490153458202 ], [ 128.829842918188177, 36.262288076540372 ], [ 128.829537735237693, 36.262045480182138 ], [ 128.829021886154891, 36.261457469746439 ], [ 128.828915479724344, 36.261418511157267 ], [ 128.828203270900644, 36.261157777382152 ], [ 128.82787208803245, 36.260906983332148 ], [ 128.827811687225676, 36.260896955553328 ], [ 128.827298042374878, 36.260798907509994 ], [ 128.827199639702997, 36.26067422005589 ], [ 128.826959437720973, 36.260369863217043 ], [ 128.826477044667001, 36.260121629247102 ], [ 128.826343621665728, 36.260113503529162 ], [ 128.825238513291794, 36.260059800831975 ], [ 128.824656908995706, 36.260352459358373 ], [ 128.824460275729962, 36.260909066425697 ], [ 128.823943032455048, 36.261154017668218 ], [ 128.823553526012972, 36.261524223521043 ], [ 128.823490733004377, 36.261774083449986 ], [ 128.823254019181746, 36.262197280051645 ], [ 128.822670554472325, 36.263037226038882 ], [ 128.82265759997648, 36.263047687480672 ], [ 128.822234378385616, 36.26329306913204 ], [ 128.821915562047991, 36.263477911092551 ], [ 128.821793837593845, 36.263607075691411 ], [ 128.821245191264012, 36.264189273240618 ], [ 128.821072233653894, 36.264172025135089 ], [ 128.820890030789457, 36.264153861635087 ], [ 128.820617122419378, 36.264377295142154 ], [ 128.820241020528925, 36.264157872621844 ], [ 128.820156316482468, 36.264108458335208 ], [ 128.81968360629628, 36.263892618486707 ], [ 128.819072617935802, 36.264109252907225 ], [ 128.818546225960603, 36.263894732547421 ], [ 128.818527794954662, 36.263886458497964 ], [ 128.818289338460858, 36.263917076357281 ], [ 128.817543663543773, 36.26399580426056 ], [ 128.817038935648327, 36.263684928630198 ], [ 128.816834831638317, 36.263323021455719 ], [ 128.816760528805304, 36.263191288364666 ], [ 128.815963924727356, 36.262541408111154 ], [ 128.815483236595213, 36.262357594490581 ], [ 128.814667811073264, 36.262586802426263 ], [ 128.813865881788672, 36.262377409166199 ], [ 128.813803716036574, 36.262361180397825 ], [ 128.813795062890506, 36.262364032596466 ], [ 128.812522263628978, 36.262783721277629 ], [ 128.811877917099309, 36.262842459409768 ], [ 128.811885002468586, 36.26396725112221 ], [ 128.811811635597223, 36.264477981593465 ], [ 128.811805694016897, 36.265075954654016 ], [ 128.811456622115543, 36.26616558412433 ], [ 128.811374721930463, 36.267265721560541 ], [ 128.811364725461232, 36.267400135644138 ], [ 128.811341689841953, 36.267455035349329 ], [ 128.810980133516409, 36.268316832262265 ], [ 128.810974962103188, 36.268329170277127 ], [ 128.810897531762521, 36.268529470740873 ], [ 128.810778345360973, 36.268606458361219 ], [ 128.81056906363122, 36.268741626863033 ], [ 128.810411348621557, 36.268841559894561 ], [ 128.809765811916805, 36.26956199850602 ], [ 128.809695508311364, 36.269640460209011 ], [ 128.809105426409047, 36.270246966006908 ], [ 128.808554249926658, 36.270370865458283 ], [ 128.808274068745419, 36.270361176052518 ], [ 128.808256297328569, 36.270360552562209 ], [ 128.808095930756366, 36.270386914419902 ], [ 128.80792121901527, 36.270304975367765 ], [ 128.80714078876224, 36.270265040000091 ], [ 128.806730475138323, 36.270332439193972 ], [ 128.806152541410853, 36.270656969066636 ], [ 128.805728878808196, 36.270417660478458 ], [ 128.805302895729369, 36.270702214898556 ], [ 128.80460114391073, 36.270636095377256 ], [ 128.80375786664257, 36.271253927073687 ], [ 128.802310690692195, 36.271659069183244 ], [ 128.801912672323226, 36.271902266554029 ], [ 128.801829865694316, 36.271926298156536 ], [ 128.801092567148032, 36.272140232223798 ], [ 128.800780907270479, 36.27218704894112 ], [ 128.800495979495338, 36.272312006499071 ], [ 128.79956874230831, 36.272871486772708 ], [ 128.798732078403305, 36.273261393135527 ], [ 128.798194088805218, 36.273036499370598 ], [ 128.79713275384853, 36.273005294119095 ], [ 128.795953710062207, 36.273180176568992 ], [ 128.795929374976737, 36.27311889020131 ], [ 128.795208818126724, 36.273414373945279 ], [ 128.794534191007841, 36.273442650301263 ], [ 128.794476439125646, 36.273434764122882 ], [ 128.794427580748817, 36.273439104371775 ], [ 128.794330381198193, 36.273424724377087 ], [ 128.794167648385638, 36.273466374567917 ], [ 128.794144691461128, 36.273452600712524 ], [ 128.794015657539802, 36.273414617304987 ], [ 128.79387412087317, 36.273487665103907 ], [ 128.793864027650443, 36.273470416924035 ], [ 128.793759146558557, 36.273494729033224 ], [ 128.793704690183944, 36.273532610387186 ], [ 128.793601319487607, 36.273570677066445 ], [ 128.79349206212413, 36.273604209470136 ], [ 128.793148774853108, 36.273637848038675 ], [ 128.793054923296495, 36.273624202799439 ], [ 128.792920179618847, 36.273645037625563 ], [ 128.792895118409291, 36.273593977833606 ], [ 128.792791898898997, 36.273621058629395 ], [ 128.792572756423596, 36.273630976612388 ], [ 128.791953585284404, 36.273796405506481 ], [ 128.79137458483325, 36.274191830104556 ], [ 128.791276454435405, 36.274258850034407 ], [ 128.790475861765856, 36.274023961312054 ], [ 128.790058809666988, 36.273882549848963 ], [ 128.789786606165762, 36.273898749308962 ], [ 128.789692090719342, 36.273904376604335 ], [ 128.789043311172719, 36.273899801526625 ], [ 128.788566735855255, 36.273785278628623 ], [ 128.788474685039489, 36.273694834015188 ], [ 128.788357163593247, 36.273713342275492 ], [ 128.788335157517281, 36.273677661193574 ], [ 128.788189288159572, 36.273676166531239 ], [ 128.788195341120797, 36.273631685820725 ], [ 128.788145548083463, 36.273623504375827 ], [ 128.788133187173372, 36.273568897550284 ], [ 128.788112157490048, 36.273567093713886 ], [ 128.788021805635111, 36.273605097683841 ], [ 128.787882479041826, 36.273645005752215 ], [ 128.787890495758262, 36.27367639933091 ], [ 128.787778899459028, 36.273676956986591 ], [ 128.78768399260116, 36.273687403335956 ], [ 128.787614707316067, 36.273668679008615 ], [ 128.787515767033312, 36.273672638492094 ], [ 128.787450895464417, 36.273712733299007 ], [ 128.787379427641355, 36.273690373154388 ], [ 128.787376403009887, 36.273689430507673 ], [ 128.787317211058991, 36.273748550412066 ], [ 128.787157095227059, 36.273771739472728 ], [ 128.787095079681563, 36.273780721285938 ], [ 128.786313137001741, 36.27389398391616 ], [ 128.786221197649752, 36.27391790715712 ], [ 128.786207049095054, 36.273898731512205 ], [ 128.786190692708658, 36.273893249902784 ], [ 128.786118395477729, 36.273869031071683 ], [ 128.785482957097969, 36.273894046604944 ], [ 128.784960171097595, 36.27391490101369 ], [ 128.784573481909177, 36.273913470406924 ], [ 128.783696992479236, 36.273901387864115 ], [ 128.78361165504478, 36.273900214107464 ], [ 128.782689677253046, 36.27390900287471 ], [ 128.782644626070322, 36.273912678395995 ], [ 128.781987992458966, 36.273807658681982 ], [ 128.781262723443746, 36.273873761173633 ], [ 128.780757814511105, 36.274011784155803 ], [ 128.780710255039025, 36.274024790594105 ], [ 128.780712721480995, 36.274014458556714 ], [ 128.780531677030638, 36.27399516331711 ], [ 128.780216030484866, 36.274008268796699 ], [ 128.780213806968675, 36.274019259138086 ], [ 128.779993476526982, 36.274007514422784 ], [ 128.779396820329595, 36.274091849363273 ], [ 128.778479451772768, 36.274302650840696 ], [ 128.778043295650178, 36.274482875836384 ], [ 128.777626159684473, 36.27461960761304 ], [ 128.777315108195467, 36.27408710075705 ], [ 128.77705482544107, 36.273989005325731 ], [ 128.777044871606364, 36.2739709899882 ], [ 128.776997716208882, 36.273955383091227 ], [ 128.776909387488359, 36.273926136044523 ], [ 128.776712556391004, 36.27384688560754 ], [ 128.776680311245514, 36.273886801563151 ], [ 128.776607504589492, 36.273878256645318 ], [ 128.776515842211552, 36.273905480289926 ], [ 128.776504096528583, 36.27394570510851 ], [ 128.776416500442139, 36.273975360512111 ], [ 128.776175833092822, 36.273930172587754 ], [ 128.775491774817226, 36.274033419472246 ], [ 128.774620963870632, 36.27425139865958 ], [ 128.774384982303161, 36.274432936059739 ], [ 128.774336765998953, 36.274449399262423 ], [ 128.774250783173926, 36.274478758747925 ], [ 128.773984707118927, 36.274437303118013 ], [ 128.773474073592183, 36.27449069022299 ], [ 128.773459702452158, 36.274503171268329 ], [ 128.772515258186019, 36.275323526658482 ], [ 128.77160735362159, 36.275324434623641 ], [ 128.770964147968556, 36.27556688595493 ], [ 128.770928382007043, 36.275580370829587 ], [ 128.770897726313336, 36.275475927541493 ], [ 128.770886167073172, 36.275436550531971 ], [ 128.770718608950204, 36.274865759570581 ], [ 128.770598435176538, 36.27457725674055 ], [ 128.769931692549193, 36.274201868072666 ], [ 128.769816178548325, 36.273991208768763 ], [ 128.769558610558249, 36.273810130226842 ], [ 128.768739513886288, 36.273518655072657 ], [ 128.768720213631241, 36.273511786534698 ], [ 128.76868112394888, 36.273497877272327 ], [ 128.768616452553204, 36.273474870299772 ], [ 128.768589436673722, 36.273465256129079 ], [ 128.768598601337487, 36.273456018807138 ], [ 128.768540966097873, 36.27344347022396 ], [ 128.768527702865356, 36.273438713172624 ], [ 128.768362863120217, 36.27337959871565 ], [ 128.767779881377237, 36.27340656898253 ], [ 128.767295751886792, 36.27373867285614 ], [ 128.767232566145395, 36.27377725500186 ], [ 128.767047468521241, 36.273890261364869 ], [ 128.765639197975645, 36.274750512107524 ], [ 128.765329236083858, 36.274566788840211 ], [ 128.764237704080415, 36.273919795150533 ], [ 128.764177702816056, 36.273898507295129 ], [ 128.76320369009369, 36.27355296719346 ], [ 128.762830312279334, 36.272893817298382 ], [ 128.761979153329946, 36.272343645945355 ], [ 128.761957393177994, 36.27233717692372 ], [ 128.760726476579009, 36.271971428999926 ], [ 128.76064409320864, 36.271983987873284 ], [ 128.760432617559644, 36.272016229814746 ], [ 128.760235361515271, 36.272150856624009 ], [ 128.759962311575748, 36.272203403379187 ], [ 128.75966409155447, 36.272268902719752 ], [ 128.759404985944855, 36.272281725135421 ], [ 128.759357818229802, 36.272358095181552 ], [ 128.758929427705027, 36.27263647729761 ], [ 128.758895493129586, 36.272658523546937 ], [ 128.758540531298735, 36.272491174053833 ], [ 128.75843139996195, 36.272522809217683 ], [ 128.757449302941353, 36.272807548405538 ], [ 128.757408795866553, 36.272842161357957 ], [ 128.757247291491382, 36.272980226588274 ], [ 128.75639049843835, 36.273735874438366 ], [ 128.756229571500427, 36.27393368797393 ], [ 128.756013795007391, 36.274217677127439 ], [ 128.755810746433042, 36.274271610659731 ], [ 128.755789315417331, 36.274277307182047 ], [ 128.755630956561419, 36.274322536642622 ], [ 128.755469545284825, 36.27436864277503 ], [ 128.755282449013066, 36.274555866334758 ], [ 128.754983622370474, 36.274488067558018 ], [ 128.754728678991995, 36.274526689306711 ], [ 128.754485450020638, 36.274715228674452 ], [ 128.754028520237114, 36.274766309554494 ], [ 128.75356704829133, 36.274944347109184 ], [ 128.753253467247475, 36.275065329531941 ], [ 128.751963339501714, 36.275594992466324 ], [ 128.751349973642448, 36.275782590431646 ], [ 128.751132102626883, 36.276077542688228 ], [ 128.75107776986502, 36.276156850286831 ], [ 128.751008788651006, 36.276257548324715 ], [ 128.750548841609003, 36.27663238689496 ], [ 128.749969414653862, 36.276832521311484 ], [ 128.749666230722227, 36.277094425222451 ], [ 128.749544079396145, 36.277084227918657 ], [ 128.748843239925804, 36.277025695618214 ], [ 128.748561540288392, 36.277002165115192 ], [ 128.747022208893981, 36.277849509207485 ], [ 128.746425077653583, 36.27785482492142 ], [ 128.746540874873574, 36.278494767918254 ], [ 128.747463346183252, 36.27910368678171 ], [ 128.747968989386806, 36.279665178558744 ], [ 128.747976913732913, 36.279675631058652 ], [ 128.748563377976865, 36.280448763224612 ], [ 128.748768869420559, 36.282716655263279 ], [ 128.747882769871325, 36.283282993356451 ], [ 128.746891515705471, 36.283595607321068 ], [ 128.746029925337893, 36.283731506813233 ], [ 128.745559182255647, 36.284126200647727 ], [ 128.744371255315883, 36.284466714795045 ], [ 128.744247663429547, 36.284502144859388 ], [ 128.742528747130223, 36.284841380197896 ], [ 128.741158772378384, 36.285700756290829 ], [ 128.738738887773536, 36.286278754360104 ], [ 128.737201728535808, 36.286861766421616 ], [ 128.736845751705886, 36.287012909482215 ], [ 128.736630538570807, 36.287125035728991 ], [ 128.735366461159629, 36.287329537381744 ], [ 128.73507663791159, 36.287380818193945 ], [ 128.734752493081857, 36.287403598480537 ], [ 128.733944220527775, 36.287753118699911 ], [ 128.733591894259462, 36.287907918996623 ], [ 128.732292990479067, 36.28815391763208 ], [ 128.730953662159493, 36.288276763351384 ], [ 128.729892705672484, 36.289061567676079 ], [ 128.729521267844916, 36.289513513140307 ], [ 128.729040052878304, 36.289780555299977 ], [ 128.728841735855781, 36.290086216599889 ], [ 128.728810936155099, 36.29013368368981 ], [ 128.728755261882213, 36.290371666850916 ], [ 128.728664601796112, 36.290682673985657 ], [ 128.728450143984759, 36.29155908786047 ], [ 128.728459752236603, 36.291977284842069 ], [ 128.728460303433252, 36.292001203444784 ], [ 128.728783943844917, 36.29284916016902 ], [ 128.728372450208667, 36.29406449972862 ], [ 128.728221713668347, 36.294509699083626 ], [ 128.727769281574922, 36.294720441772526 ], [ 128.727796557008531, 36.295309804185337 ], [ 128.727815583041121, 36.295720822072028 ], [ 128.72777767864136, 36.296740132518337 ], [ 128.727486639751277, 36.297086294216726 ], [ 128.727440755029704, 36.297673893721225 ], [ 128.727440043941186, 36.297683039069916 ], [ 128.727432620859304, 36.297710967653224 ], [ 128.727419241196031, 36.297761321968665 ], [ 128.727350010405274, 36.297823732207576 ], [ 128.727287547371361, 36.297880038911934 ], [ 128.727254098933344, 36.297910196799037 ], [ 128.726626477099472, 36.298470785720845 ], [ 128.726786284558131, 36.299186897101478 ], [ 128.726791249741808, 36.29920916765132 ], [ 128.726271804333663, 36.299763829944112 ], [ 128.726356867574282, 36.300313691276379 ], [ 128.726491409728766, 36.301075641771781 ], [ 128.726495241444212, 36.301097314941501 ], [ 128.726655636604221, 36.302005658134171 ], [ 128.726685489879117, 36.302051975277529 ], [ 128.72684069192448, 36.302292802589449 ], [ 128.726852119470266, 36.302310546024735 ], [ 128.726815325750351, 36.302516254837727 ], [ 128.726761559542297, 36.302837618041174 ], [ 128.726478627565569, 36.304567781417717 ], [ 128.726420933799346, 36.304909763305602 ], [ 128.726395632962578, 36.305215466117666 ], [ 128.726148431879011, 36.305568880202301 ], [ 128.726060285625266, 36.30581236496824 ], [ 128.725919491803808, 36.30619347351297 ], [ 128.725748418806631, 36.306455592490479 ], [ 128.725083547541402, 36.306910044743589 ], [ 128.724916874939112, 36.306977896569755 ], [ 128.724359120310424, 36.307160670833852 ], [ 128.724344874315335, 36.307165341965735 ], [ 128.723155603209932, 36.308079447435105 ], [ 128.722722092019438, 36.308457211774602 ], [ 128.722281508302643, 36.309146747662012 ], [ 128.721742824643485, 36.310031770208049 ], [ 128.721205749795416, 36.311334985570184 ], [ 128.721410921793137, 36.3121810325543 ], [ 128.722149963685496, 36.313992236213103 ], [ 128.723694706385828, 36.314673863431096 ], [ 128.724352914285816, 36.314723054289338 ], [ 128.72441262543029, 36.314718785930978 ], [ 128.724923394180507, 36.314682326396877 ], [ 128.726046632633683, 36.316380890301147 ], [ 128.725944516273529, 36.318046426857613 ], [ 128.726985196145421, 36.319281207430308 ], [ 128.727026505563458, 36.319330209143779 ], [ 128.727699901898063, 36.320521910365066 ], [ 128.727827571169996, 36.320794349026556 ], [ 128.728168694234654, 36.321492378765761 ], [ 128.728632095408074, 36.321555906908472 ], [ 128.728728745007004, 36.321569158479477 ], [ 128.728746265049921, 36.321571559535094 ], [ 128.728750665749175, 36.321577409199158 ], [ 128.72883357957673, 36.321579265510969 ], [ 128.729575252217018, 36.322390310411492 ], [ 128.729593579812644, 36.322410358214434 ], [ 128.729530712050689, 36.322773488430926 ], [ 128.730057119502618, 36.323286958522694 ], [ 128.730072003170562, 36.323301474219413 ], [ 128.730276336952898, 36.323863424860868 ], [ 128.730248159577798, 36.324310713805232 ], [ 128.730246992766212, 36.324329266374846 ], [ 128.730110867751932, 36.324805319125851 ], [ 128.729767278466426, 36.32508135288014 ], [ 128.729760715861858, 36.325088655512289 ], [ 128.729369461111645, 36.325524187023262 ], [ 128.729437090574976, 36.325637546676951 ], [ 128.729703202600433, 36.326083873608376 ], [ 128.729715171988516, 36.326103906925837 ], [ 128.730021869802442, 36.326425097991532 ], [ 128.730074412254822, 36.326480125944109 ], [ 128.730267242852761, 36.32686406798549 ], [ 128.73074418832195, 36.327561379521292 ], [ 128.731067664518946, 36.328028785543644 ], [ 128.731218145673267, 36.328633003623644 ], [ 128.73170366417591, 36.328564475565372 ], [ 128.731973995168687, 36.328833671731999 ], [ 128.731979611366, 36.328839262670975 ], [ 128.731986179002206, 36.328843467944459 ], [ 128.732042965148139, 36.328879841238113 ], [ 128.732032770554468, 36.328919821438831 ], [ 128.731857279694424, 36.32931772725609 ], [ 128.731843955203203, 36.32937714774323 ], [ 128.731842987747626, 36.329421970026537 ], [ 128.732137421908078, 36.329461852996403 ], [ 128.732304232526047, 36.328948306412428 ], [ 128.732370179916614, 36.328798264989921 ], [ 128.732679935976677, 36.328018012199735 ], [ 128.73301624984316, 36.327639715490648 ], [ 128.733332546665196, 36.327482620565483 ], [ 128.733428330918571, 36.327422474644742 ], [ 128.73354534311818, 36.327310017917711 ], [ 128.733573499081615, 36.327286794643285 ], [ 128.733662074845512, 36.327207824837316 ], [ 128.733803193615472, 36.327064087977547 ], [ 128.734030594427708, 36.326850630803776 ], [ 128.734273328602001, 36.326999552258499 ], [ 128.734349282034401, 36.32688559710941 ], [ 128.734487853803131, 36.326877453672395 ], [ 128.734853159376286, 36.326893318693614 ], [ 128.734929815007831, 36.326896643767512 ], [ 128.735780244786582, 36.326926473561159 ], [ 128.736184204426507, 36.326953054304106 ], [ 128.737412888840794, 36.326970644333038 ], [ 128.73781867491914, 36.326984246655194 ], [ 128.738290714842663, 36.326984683126085 ], [ 128.738384320959767, 36.32698477203639 ], [ 128.73937893406702, 36.326462112134294 ], [ 128.739901646294499, 36.326311859543722 ], [ 128.740170592386391, 36.326615062691253 ], [ 128.740306776882107, 36.327088387601009 ], [ 128.740737169721911, 36.327405009132463 ], [ 128.741143089573427, 36.327479700193194 ], [ 128.741756878033385, 36.327794374268322 ], [ 128.741829774639541, 36.328414136086757 ], [ 128.741783658166554, 36.32954440763109 ], [ 128.741786602321071, 36.329549947245894 ], [ 128.743123212566019, 36.330887818106987 ], [ 128.743579908364211, 36.331840643822716 ], [ 128.743461969772227, 36.331959371470354 ], [ 128.742736249728694, 36.332689881408037 ], [ 128.743695332409516, 36.333678560221117 ], [ 128.743716866945078, 36.333690601302919 ], [ 128.743868097997535, 36.333775178197151 ], [ 128.743884329932939, 36.333784134813151 ], [ 128.745060664475119, 36.334569623049447 ], [ 128.745263790913242, 36.334705252910346 ], [ 128.745299887328741, 36.33471951477518 ], [ 128.746703286463912, 36.335273898335551 ], [ 128.747294650760153, 36.335388858653083 ], [ 128.747350762954113, 36.33539976503377 ], [ 128.747374189499681, 36.335402293071354 ], [ 128.748304293177767, 36.335502801296684 ], [ 128.749122505656374, 36.335271487808619 ], [ 128.749131250723423, 36.335257177591103 ], [ 128.749207347005523, 36.335132723758591 ], [ 128.749402688476806, 36.33502193090581 ], [ 128.749437927358997, 36.335001863959171 ], [ 128.749650638201729, 36.334975817770754 ], [ 128.749927518680465, 36.334941903838832 ], [ 128.750726572128087, 36.335114373546148 ], [ 128.751610378617414, 36.334938341507559 ], [ 128.752287887647213, 36.334207713395529 ], [ 128.752335145668667, 36.333938558797072 ], [ 128.75230602520287, 36.33376549047977 ], [ 128.752306651693232, 36.333691171865965 ], [ 128.752311753596274, 36.333085836041029 ], [ 128.753262539746743, 36.33240039770525 ], [ 128.753735351620918, 36.332571971143764 ], [ 128.754597079834724, 36.332396312693625 ], [ 128.754866031406465, 36.332768404516692 ], [ 128.754810418989962, 36.333196330043066 ], [ 128.755145383674346, 36.334097213849461 ], [ 128.755146392148248, 36.334098829031497 ], [ 128.755159125098004, 36.334119357008632 ], [ 128.755172877610619, 36.334141518212512 ], [ 128.75529434922413, 36.33426882515991 ], [ 128.755303605196133, 36.334279360938531 ], [ 128.755920997736439, 36.334982024567182 ], [ 128.75616913245517, 36.335156307686525 ], [ 128.756974589957082, 36.335405330646616 ], [ 128.756988872078267, 36.336626983629984 ], [ 128.756888337459316, 36.337229015047612 ], [ 128.756984570986162, 36.33783937031945 ], [ 128.757180579885699, 36.338280409480888 ], [ 128.758162191000139, 36.338932447122545 ], [ 128.758165884231573, 36.33893399564964 ], [ 128.758891581781739, 36.339239247725708 ], [ 128.759797866823334, 36.339216445671269 ], [ 128.76048912760325, 36.339067606676501 ], [ 128.760851743579536, 36.339221320676884 ], [ 128.760888009428044, 36.339261775317347 ], [ 128.7614941894156, 36.339919535701654 ], [ 128.761805552841281, 36.340123312254079 ], [ 128.761893007018585, 36.340180549963158 ], [ 128.761956091799675, 36.340226104610181 ], [ 128.763048099040674, 36.34077935624903 ], [ 128.763353495798157, 36.340636696411536 ], [ 128.763484299348704, 36.34066266745905 ], [ 128.763692751134812, 36.340692785077643 ], [ 128.763944487338165, 36.340760152798538 ], [ 128.764952172835962, 36.341386584011367 ], [ 128.76540261836152, 36.341562203300597 ], [ 128.766764888738123, 36.341058967120027 ], [ 128.767176514294249, 36.34036895247791 ], [ 128.767687027208865, 36.340378197950471 ], [ 128.769029343494481, 36.341810114870128 ], [ 128.769116552994859, 36.342480875268748 ], [ 128.768849617230075, 36.34353197213715 ], [ 128.768848704253713, 36.343535566044565 ], [ 128.768846559190848, 36.343545177396415 ], [ 128.768849476020307, 36.343556979442397 ], [ 128.768849795227169, 36.34355826874264 ], [ 128.768965816118538, 36.343931499461121 ], [ 128.769032532025591, 36.34477421785995 ], [ 128.769336837627662, 36.345180959382176 ], [ 128.769244386783868, 36.345538509713727 ], [ 128.769295423003882, 36.345908144179432 ], [ 128.770347169250698, 36.346246320676578 ], [ 128.770346648714508, 36.346267911791102 ], [ 128.770386198597151, 36.346274170325955 ], [ 128.770940435514717, 36.347029622213199 ], [ 128.772378958238988, 36.347265414017052 ], [ 128.772925789626242, 36.347079800972757 ], [ 128.773137744684362, 36.347145721458681 ], [ 128.773695347831648, 36.347318900701509 ], [ 128.7748166865494, 36.347204691216305 ] ] ] } },
{ "type": "Feature", "properties": { "spatial_region": "춘산면", "facility_count": 29, "total_capacity": 351.3, "area_km2": 66.47, "facilities_per_km2": 0.436, "population_status": "AVAILABLE", "emd_code": "4773035000", "emd_name": "춘산면", "total_population": 1465, "youth_population": 88, "youth_ratio": 6.0068259385665526, "elderly_population": 841, "elderly_ratio": 57.406143344709889, "population_change": -17, "year": 2025 }, "geometry": { "type": "Polygon", "coordinates": [ [ [ 128.747022208893981, 36.277849509207485 ], [ 128.748561540288392, 36.277002165115192 ], [ 128.748843239925804, 36.277025695618214 ], [ 128.749544079396145, 36.277084227918657 ], [ 128.749666230722227, 36.277094425222451 ], [ 128.749969414653862, 36.276832521311484 ], [ 128.750548841609003, 36.27663238689496 ], [ 128.751008788651006, 36.276257548324715 ], [ 128.75107776986502, 36.276156850286831 ], [ 128.751132102626883, 36.276077542688228 ], [ 128.751349973642448, 36.275782590431646 ], [ 128.751963339501714, 36.275594992466324 ], [ 128.753253467247475, 36.275065329531941 ], [ 128.75356704829133, 36.274944347109184 ], [ 128.754028520237114, 36.274766309554494 ], [ 128.754485450020638, 36.274715228674452 ], [ 128.754728678991995, 36.274526689306711 ], [ 128.754983622370474, 36.274488067558018 ], [ 128.755282449013066, 36.274555866334758 ], [ 128.755469545284825, 36.27436864277503 ], [ 128.755630956561419, 36.274322536642622 ], [ 128.755789315417331, 36.274277307182047 ], [ 128.755810746433042, 36.274271610659731 ], [ 128.756013795007391, 36.274217677127439 ], [ 128.756229571500427, 36.27393368797393 ], [ 128.75639049843835, 36.273735874438366 ], [ 128.757247291491382, 36.272980226588274 ], [ 128.757408795866553, 36.272842161357957 ], [ 128.757449302941353, 36.272807548405538 ], [ 128.75843139996195, 36.272522809217683 ], [ 128.758540531298735, 36.272491174053833 ], [ 128.758895493129586, 36.272658523546937 ], [ 128.758929427705027, 36.27263647729761 ], [ 128.759357818229802, 36.272358095181552 ], [ 128.759404985944855, 36.272281725135421 ], [ 128.75966409155447, 36.272268902719752 ], [ 128.759962311575748, 36.272203403379187 ], [ 128.760235361515271, 36.272150856624009 ], [ 128.760432617559644, 36.272016229814746 ], [ 128.76064409320864, 36.271983987873284 ], [ 128.760726476579009, 36.271971428999926 ], [ 128.761957393177994, 36.27233717692372 ], [ 128.761979153329946, 36.272343645945355 ], [ 128.762830312279334, 36.272893817298382 ], [ 128.76320369009369, 36.27355296719346 ], [ 128.764177702816056, 36.273898507295129 ], [ 128.764237704080415, 36.273919795150533 ], [ 128.765329236083858, 36.274566788840211 ], [ 128.765639197975645, 36.274750512107524 ], [ 128.767047468521241, 36.273890261364869 ], [ 128.767232566145395, 36.27377725500186 ], [ 128.767295751886792, 36.27373867285614 ], [ 128.767779881377237, 36.27340656898253 ], [ 128.768362863120217, 36.27337959871565 ], [ 128.768527702865356, 36.273438713172624 ], [ 128.768540966097873, 36.27344347022396 ], [ 128.768598601337487, 36.273456018807138 ], [ 128.768589436673722, 36.273465256129079 ], [ 128.768616452553204, 36.273474870299772 ], [ 128.76868112394888, 36.273497877272327 ], [ 128.768720213631241, 36.273511786534698 ], [ 128.768739513886288, 36.273518655072657 ], [ 128.769558610558249, 36.273810130226842 ], [ 128.769816178548325, 36.273991208768763 ], [ 128.769931692549193, 36.274201868072666 ], [ 128.770598435176538, 36.27457725674055 ], [ 128.770718608950204, 36.274865759570581 ], [ 128.770886167073172, 36.275436550531971 ], [ 128.770897726313336, 36.275475927541493 ], [ 128.770928382007043, 36.275580370829587 ], [ 128.770964147968556, 36.27556688595493 ], [ 128.77160735362159, 36.275324434623641 ], [ 128.772515258186019, 36.275323526658482 ], [ 128.773459702452158, 36.274503171268329 ], [ 128.773474073592183, 36.27449069022299 ], [ 128.773984707118927, 36.274437303118013 ], [ 128.774250783173926, 36.274478758747925 ], [ 128.774336765998953, 36.274449399262423 ], [ 128.774384982303161, 36.274432936059739 ], [ 128.774620963870632, 36.27425139865958 ], [ 128.775491774817226, 36.274033419472246 ], [ 128.776175833092822, 36.273930172587754 ], [ 128.776416500442139, 36.273975360512111 ], [ 128.776504096528583, 36.27394570510851 ], [ 128.776515842211552, 36.273905480289926 ], [ 128.776607504589492, 36.273878256645318 ], [ 128.776680311245514, 36.273886801563151 ], [ 128.776712556391004, 36.27384688560754 ], [ 128.776909387488359, 36.273926136044523 ], [ 128.776997716208882, 36.273955383091227 ], [ 128.777044871606364, 36.2739709899882 ], [ 128.77705482544107, 36.273989005325731 ], [ 128.777315108195467, 36.27408710075705 ], [ 128.777626159684473, 36.27461960761304 ], [ 128.778043295650178, 36.274482875836384 ], [ 128.778479451772768, 36.274302650840696 ], [ 128.779396820329595, 36.274091849363273 ], [ 128.779993476526982, 36.274007514422784 ], [ 128.780213806968675, 36.274019259138086 ], [ 128.780216030484866, 36.274008268796699 ], [ 128.780531677030638, 36.27399516331711 ], [ 128.780712721480995, 36.274014458556714 ], [ 128.780710255039025, 36.274024790594105 ], [ 128.780757814511105, 36.274011784155803 ], [ 128.781262723443746, 36.273873761173633 ], [ 128.781987992458966, 36.273807658681982 ], [ 128.782644626070322, 36.273912678395995 ], [ 128.782689677253046, 36.27390900287471 ], [ 128.78361165504478, 36.273900214107464 ], [ 128.783696992479236, 36.273901387864115 ], [ 128.784573481909177, 36.273913470406924 ], [ 128.784960171097595, 36.27391490101369 ], [ 128.785482957097969, 36.273894046604944 ], [ 128.786118395477729, 36.273869031071683 ], [ 128.786190692708658, 36.273893249902784 ], [ 128.786207049095054, 36.273898731512205 ], [ 128.786221197649752, 36.27391790715712 ], [ 128.786313137001741, 36.27389398391616 ], [ 128.787095079681563, 36.273780721285938 ], [ 128.787157095227059, 36.273771739472728 ], [ 128.787317211058991, 36.273748550412066 ], [ 128.787376403009887, 36.273689430507673 ], [ 128.787379427641355, 36.273690373154388 ], [ 128.787450895464417, 36.273712733299007 ], [ 128.787515767033312, 36.273672638492094 ], [ 128.787614707316067, 36.273668679008615 ], [ 128.78768399260116, 36.273687403335956 ], [ 128.787778899459028, 36.273676956986591 ], [ 128.787890495758262, 36.27367639933091 ], [ 128.787882479041826, 36.273645005752215 ], [ 128.788021805635111, 36.273605097683841 ], [ 128.788112157490048, 36.273567093713886 ], [ 128.788133187173372, 36.273568897550284 ], [ 128.788145548083463, 36.273623504375827 ], [ 128.788195341120797, 36.273631685820725 ], [ 128.788189288159572, 36.273676166531239 ], [ 128.788335157517281, 36.273677661193574 ], [ 128.788357163593247, 36.273713342275492 ], [ 128.788474685039489, 36.273694834015188 ], [ 128.788566735855255, 36.273785278628623 ], [ 128.789043311172719, 36.273899801526625 ], [ 128.789692090719342, 36.273904376604335 ], [ 128.789786606165762, 36.273898749308962 ], [ 128.790058809666988, 36.273882549848963 ], [ 128.790475861765856, 36.274023961312054 ], [ 128.791276454435405, 36.274258850034407 ], [ 128.79137458483325, 36.274191830104556 ], [ 128.791953585284404, 36.273796405506481 ], [ 128.792572756423596, 36.273630976612388 ], [ 128.792791898898997, 36.273621058629395 ], [ 128.792895118409291, 36.273593977833606 ], [ 128.792920179618847, 36.273645037625563 ], [ 128.793054923296495, 36.273624202799439 ], [ 128.793148774853108, 36.273637848038675 ], [ 128.79349206212413, 36.273604209470136 ], [ 128.793601319487607, 36.273570677066445 ], [ 128.793704690183944, 36.273532610387186 ], [ 128.793759146558557, 36.273494729033224 ], [ 128.793864027650443, 36.273470416924035 ], [ 128.79387412087317, 36.273487665103907 ], [ 128.794015657539802, 36.273414617304987 ], [ 128.794144691461128, 36.273452600712524 ], [ 128.794167648385638, 36.273466374567917 ], [ 128.794330381198193, 36.273424724377087 ], [ 128.794427580748817, 36.273439104371775 ], [ 128.794476439125646, 36.273434764122882 ], [ 128.794534191007841, 36.273442650301263 ], [ 128.795208818126724, 36.273414373945279 ], [ 128.795929374976737, 36.27311889020131 ], [ 128.795953710062207, 36.273180176568992 ], [ 128.79713275384853, 36.273005294119095 ], [ 128.798194088805218, 36.273036499370598 ], [ 128.798732078403305, 36.273261393135527 ], [ 128.79956874230831, 36.272871486772708 ], [ 128.800495979495338, 36.272312006499071 ], [ 128.800780907270479, 36.27218704894112 ], [ 128.801092567148032, 36.272140232223798 ], [ 128.801829865694316, 36.271926298156536 ], [ 128.801912672323226, 36.271902266554029 ], [ 128.802310690692195, 36.271659069183244 ], [ 128.80375786664257, 36.271253927073687 ], [ 128.80460114391073, 36.270636095377256 ], [ 128.805302895729369, 36.270702214898556 ], [ 128.805728878808196, 36.270417660478458 ], [ 128.806152541410853, 36.270656969066636 ], [ 128.806730475138323, 36.270332439193972 ], [ 128.80714078876224, 36.270265040000091 ], [ 128.80792121901527, 36.270304975367765 ], [ 128.808095930756366, 36.270386914419902 ], [ 128.808256297328569, 36.270360552562209 ], [ 128.808274068745419, 36.270361176052518 ], [ 128.808554249926658, 36.270370865458283 ], [ 128.809105426409047, 36.270246966006908 ], [ 128.809695508311364, 36.269640460209011 ], [ 128.809765811916805, 36.26956199850602 ], [ 128.810411348621557, 36.268841559894561 ], [ 128.81056906363122, 36.268741626863033 ], [ 128.810778345360973, 36.268606458361219 ], [ 128.810897531762521, 36.268529470740873 ], [ 128.810974962103188, 36.268329170277127 ], [ 128.810980133516409, 36.268316832262265 ], [ 128.811341689841953, 36.267455035349329 ], [ 128.811364725461232, 36.267400135644138 ], [ 128.811374721930463, 36.267265721560541 ], [ 128.811456622115543, 36.26616558412433 ], [ 128.811805694016897, 36.265075954654016 ], [ 128.811811635597223, 36.264477981593465 ], [ 128.811885002468586, 36.26396725112221 ], [ 128.811877917099309, 36.262842459409768 ], [ 128.812522263628978, 36.262783721277629 ], [ 128.813795062890506, 36.262364032596466 ], [ 128.813803716036574, 36.262361180397825 ], [ 128.813865881788672, 36.262377409166199 ], [ 128.814667811073264, 36.262586802426263 ], [ 128.815483236595213, 36.262357594490581 ], [ 128.815963924727356, 36.262541408111154 ], [ 128.816760528805304, 36.263191288364666 ], [ 128.816834831638317, 36.263323021455719 ], [ 128.817038935648327, 36.263684928630198 ], [ 128.817543663543773, 36.26399580426056 ], [ 128.818289338460858, 36.263917076357281 ], [ 128.818527794954662, 36.263886458497964 ], [ 128.818546225960603, 36.263894732547421 ], [ 128.819072617935802, 36.264109252907225 ], [ 128.81968360629628, 36.263892618486707 ], [ 128.820156316482468, 36.264108458335208 ], [ 128.820241020528925, 36.264157872621844 ], [ 128.820617122419378, 36.264377295142154 ], [ 128.820890030789457, 36.264153861635087 ], [ 128.821072233653894, 36.264172025135089 ], [ 128.821245191264012, 36.264189273240618 ], [ 128.821793837593845, 36.263607075691411 ], [ 128.821915562047991, 36.263477911092551 ], [ 128.822234378385616, 36.26329306913204 ], [ 128.82265759997648, 36.263047687480672 ], [ 128.822670554472325, 36.263037226038882 ], [ 128.823254019181746, 36.262197280051645 ], [ 128.823490733004377, 36.261774083449986 ], [ 128.823553526012972, 36.261524223521043 ], [ 128.823943032455048, 36.261154017668218 ], [ 128.824460275729962, 36.260909066425697 ], [ 128.824656908995706, 36.260352459358373 ], [ 128.825238513291794, 36.260059800831975 ], [ 128.826343621665728, 36.260113503529162 ], [ 128.826477044667001, 36.260121629247102 ], [ 128.826959437720973, 36.260369863217043 ], [ 128.827199639702997, 36.26067422005589 ], [ 128.827298042374878, 36.260798907509994 ], [ 128.827811687225676, 36.260896955553328 ], [ 128.82787208803245, 36.260906983332148 ], [ 128.828203270900644, 36.261157777382152 ], [ 128.828915479724344, 36.261418511157267 ], [ 128.829021886154891, 36.261457469746439 ], [ 128.829537735237693, 36.262045480182138 ], [ 128.829842918188177, 36.262288076540372 ], [ 128.830323477405329, 36.262490153458202 ], [ 128.831154770098493, 36.262839712022441 ], [ 128.831502598200302, 36.262899802307096 ], [ 128.83200851461919, 36.263416233595741 ], [ 128.832693757699928, 36.263678051118468 ], [ 128.833268467286871, 36.26406067568395 ], [ 128.833648185184046, 36.264198414807886 ], [ 128.833802768042091, 36.264254505204249 ], [ 128.834936825522988, 36.264703483894245 ], [ 128.834980492970118, 36.264718963996501 ], [ 128.836013128624785, 36.264746576392731 ], [ 128.83614579120848, 36.264750121260406 ], [ 128.837338064962637, 36.264573923001429 ], [ 128.837724489806305, 36.264515307724928 ], [ 128.839723771969801, 36.26393746516564 ], [ 128.84009871641635, 36.263674491463497 ], [ 128.841437504522133, 36.263533497037301 ], [ 128.841586502258053, 36.263700325842876 ], [ 128.841833547344606, 36.263693401254216 ], [ 128.843286405294577, 36.263177419042947 ], [ 128.844656590271711, 36.262570371922443 ], [ 128.844799891133619, 36.262505394831415 ], [ 128.84483327156417, 36.262490244526077 ], [ 128.844842193047356, 36.262486200864572 ], [ 128.84692121064208, 36.26157628142419 ], [ 128.846921940569331, 36.261313081461637 ], [ 128.846888373410991, 36.261248386872403 ], [ 128.847581043311095, 36.26095631287415 ], [ 128.849649042233494, 36.260832581993256 ], [ 128.850491984843643, 36.261270328539737 ], [ 128.852053186608657, 36.259120540254337 ], [ 128.852798188843224, 36.25809174376036 ], [ 128.854132684016207, 36.257110567823005 ], [ 128.855738847996605, 36.256276863180652 ], [ 128.85587489713356, 36.256103153502082 ], [ 128.856472631974981, 36.255328992366863 ], [ 128.85658928118329, 36.254566106076901 ], [ 128.859786411833909, 36.255004705174102 ], [ 128.860513790039505, 36.255105217966353 ], [ 128.861509337969096, 36.255461320184175 ], [ 128.862326505604756, 36.255310702549266 ], [ 128.864329163811959, 36.255269325649557 ], [ 128.865552174992445, 36.255535950452469 ], [ 128.86653686819767, 36.255025559406725 ], [ 128.867314797036528, 36.25488307323635 ], [ 128.869031502038951, 36.254646297269538 ], [ 128.869399366412665, 36.255034503663367 ], [ 128.869766787936072, 36.255151747919399 ], [ 128.870104077942642, 36.255096875915712 ], [ 128.870963784755816, 36.255528648377798 ], [ 128.871233704181833, 36.255660417016571 ], [ 128.871544644250037, 36.255889386785505 ], [ 128.871742180387656, 36.256293243686777 ], [ 128.871778632572415, 36.256407562973727 ], [ 128.871816413721064, 36.256364130579797 ], [ 128.871876574003693, 36.25635267857821 ], [ 128.871915330658283, 36.25634511452639 ], [ 128.872083595272528, 36.25630995202183 ], [ 128.872114136297967, 36.256304740133615 ], [ 128.872262121361672, 36.25622593790353 ], [ 128.872488967488664, 36.256198480172735 ], [ 128.872534712528847, 36.256190436813064 ], [ 128.873443685470164, 36.256033470757608 ], [ 128.874815545135817, 36.255635605324521 ], [ 128.875266604434756, 36.255464117171719 ], [ 128.875344323631936, 36.254973817108784 ], [ 128.875983162288179, 36.254532302503286 ], [ 128.876469343316757, 36.254414422312855 ], [ 128.877740744148156, 36.25419822409004 ], [ 128.879145468009483, 36.25417515646064 ], [ 128.880666515671891, 36.253793813909752 ], [ 128.882174075360183, 36.252709132242856 ], [ 128.882394292218208, 36.250632758285427 ], [ 128.882433799005923, 36.250054738362373 ], [ 128.882658138368072, 36.248839463313004 ], [ 128.883045976417407, 36.247895923243711 ], [ 128.88412923287612, 36.24703662426441 ], [ 128.884240307348051, 36.244663051223547 ], [ 128.884237993468503, 36.244484135550188 ], [ 128.884237238025548, 36.244483413857289 ], [ 128.884205184948286, 36.242882894410691 ], [ 128.884013206583262, 36.242751735988172 ], [ 128.882266037603785, 36.241711745600298 ], [ 128.881087264905318, 36.241486357933383 ], [ 128.881536100071145, 36.238783315544005 ], [ 128.88154655963757, 36.238730669401328 ], [ 128.879900035398293, 36.236934221193735 ], [ 128.879770876482496, 36.236737476846947 ], [ 128.8796198570613, 36.236534942464857 ], [ 128.879605975510827, 36.236519689170642 ], [ 128.87917653885512, 36.236047603158582 ], [ 128.879107649948367, 36.235974482099259 ], [ 128.878417156687959, 36.235731975096186 ], [ 128.87618884399015, 36.235387660192174 ], [ 128.874656707438902, 36.234460008077107 ], [ 128.872180626326809, 36.233361553344459 ], [ 128.86961025177348, 36.232820484094532 ], [ 128.868982292306072, 36.232508212139408 ], [ 128.868981874778854, 36.232505147622767 ], [ 128.868922241646857, 36.232056666220771 ], [ 128.869292312169108, 36.231579975254142 ], [ 128.870266486170834, 36.231232367002328 ], [ 128.871625302802329, 36.230431021735619 ], [ 128.873434840848205, 36.229409036352536 ], [ 128.873518588828716, 36.229203185315647 ], [ 128.87353273838022, 36.229168477478957 ], [ 128.873730702067604, 36.228597566896376 ], [ 128.875133762482562, 36.228577788360525 ], [ 128.875295282433882, 36.228437976461073 ], [ 128.875915000974487, 36.227979425353247 ], [ 128.876712491492441, 36.227659750121617 ], [ 128.876773615227904, 36.227622648624703 ], [ 128.876792351313981, 36.227612430592799 ], [ 128.877485095012787, 36.227522427270266 ], [ 128.878420554523046, 36.227216329304937 ], [ 128.878686168813147, 36.226888729977624 ], [ 128.878735166023773, 36.226852354007207 ], [ 128.879515117022834, 36.226273648027089 ], [ 128.880202768207113, 36.226151279911747 ], [ 128.880604771207516, 36.225915997492798 ], [ 128.881069663236701, 36.224916114174064 ], [ 128.881048831739065, 36.224661505977039 ], [ 128.881338342706812, 36.22422282547474 ], [ 128.881405615817215, 36.224030587236591 ], [ 128.881600055075126, 36.223449196678821 ], [ 128.881687022972642, 36.22306827697092 ], [ 128.881947940007763, 36.22189877889835 ], [ 128.881716332282878, 36.221395951316389 ], [ 128.882540674692251, 36.220375035315051 ], [ 128.882550055650853, 36.220364248328522 ], [ 128.882569184056649, 36.220320973955118 ], [ 128.882712837057142, 36.220105758162305 ], [ 128.883132970123569, 36.21864024617782 ], [ 128.883763838206534, 36.218674771309367 ], [ 128.884888491696103, 36.217581127829192 ], [ 128.885354305060673, 36.21753552965631 ], [ 128.885610084249663, 36.217191232722321 ], [ 128.886652183013524, 36.216827559540079 ], [ 128.887508959541265, 36.216845762558776 ], [ 128.887517745363112, 36.216845815984883 ], [ 128.887916332839922, 36.217048125628963 ], [ 128.888915823761124, 36.217088515166324 ], [ 128.889989371186118, 36.21671494735795 ], [ 128.890108409414438, 36.216585033764773 ], [ 128.890954535603271, 36.215697681307276 ], [ 128.891285386103505, 36.215154736863653 ], [ 128.893049300599671, 36.214880987694016 ], [ 128.893067038906423, 36.214856707535894 ], [ 128.893076643881557, 36.214706171546304 ], [ 128.893165863462315, 36.214112598835499 ], [ 128.893966904647613, 36.213977934492412 ], [ 128.895444541438735, 36.21342385491343 ], [ 128.895932753567138, 36.213180531052551 ], [ 128.895843071312839, 36.212843909415383 ], [ 128.895749120319209, 36.212622375630772 ], [ 128.895307157248396, 36.211379559765533 ], [ 128.895186246663627, 36.211080624883422 ], [ 128.895136437473468, 36.210957423195893 ], [ 128.895812371800702, 36.209738036664298 ], [ 128.895949273353068, 36.208662336386666 ], [ 128.8957011298059, 36.207791264220816 ], [ 128.895693617120344, 36.207754858255548 ], [ 128.896134466663597, 36.207303729592866 ], [ 128.896620844420653, 36.206746496222763 ], [ 128.896508356451733, 36.2066453734801 ], [ 128.896059119903072, 36.206240314313575 ], [ 128.896091108716291, 36.205761518626822 ], [ 128.895799487733825, 36.205094123516325 ], [ 128.8955276088532, 36.204789927473655 ], [ 128.895558866233131, 36.204781718197758 ], [ 128.895586281523975, 36.204736529404514 ], [ 128.89554785408663, 36.204759674187521 ], [ 128.895509957609733, 36.204760118277548 ], [ 128.895458347760751, 36.204729657178873 ], [ 128.895461100442276, 36.204708625680517 ], [ 128.895419517043678, 36.204672549976188 ], [ 128.895394986588514, 36.204664651776639 ], [ 128.895407541385282, 36.204532268058351 ], [ 128.895390241907279, 36.204513787201016 ], [ 128.895405216682718, 36.20445036521749 ], [ 128.895373598144118, 36.204437891663062 ], [ 128.895391296546592, 36.204342010979232 ], [ 128.895376127678787, 36.204277354673337 ], [ 128.894986581625773, 36.204345779076924 ], [ 128.89488572748084, 36.204361559384999 ], [ 128.894785348681694, 36.204362983963748 ], [ 128.894708437823851, 36.204196572441617 ], [ 128.894675030623148, 36.204117597778932 ], [ 128.894398406645877, 36.203898549003576 ], [ 128.894332505977815, 36.203813308885188 ], [ 128.89433602739291, 36.203775065233764 ], [ 128.894336798085959, 36.203764377726358 ], [ 128.894288630034367, 36.203754899067725 ], [ 128.894247252651411, 36.203707134609573 ], [ 128.893937590651859, 36.203613402659187 ], [ 128.893890030666398, 36.203549708369032 ], [ 128.893782973353041, 36.203394489035283 ], [ 128.893697885231518, 36.2033633481838 ], [ 128.893679758603128, 36.20336471069205 ], [ 128.893538282893701, 36.203374631544406 ], [ 128.893446858664191, 36.20331784574222 ], [ 128.893300431615842, 36.203354356171893 ], [ 128.893130690560014, 36.203372046349081 ], [ 128.893092658204893, 36.203423136829279 ], [ 128.893068994539675, 36.203408011335924 ], [ 128.892971731307227, 36.203457110543738 ], [ 128.892449156244254, 36.203539554828829 ], [ 128.891063411703868, 36.202714581370948 ], [ 128.889998398104524, 36.201803547201401 ], [ 128.888591027340794, 36.20163702070473 ], [ 128.886749375561607, 36.201549277449487 ], [ 128.885894218722967, 36.200300683837 ], [ 128.884530119499743, 36.199181225015941 ], [ 128.883173107484453, 36.198394939317566 ], [ 128.883130401031906, 36.198423969742791 ], [ 128.88189425652584, 36.198703428267812 ], [ 128.880766070815952, 36.19885753620779 ], [ 128.878309029494943, 36.19882122931925 ], [ 128.87721555033886, 36.198713640706679 ], [ 128.877084092612478, 36.198699490546275 ], [ 128.877068994800766, 36.19869851057441 ], [ 128.877050070352368, 36.198698644108127 ], [ 128.876873979711576, 36.198699803722391 ], [ 128.876050240980845, 36.198693274892321 ], [ 128.874356254522581, 36.199807846382292 ], [ 128.873105101206534, 36.202144685501828 ], [ 128.872510236038977, 36.203008257954764 ], [ 128.872074522810664, 36.203649043378157 ], [ 128.87147732724398, 36.204677571995951 ], [ 128.87121591730704, 36.2051593739357 ], [ 128.868692508441313, 36.20553231900648 ], [ 128.867086925442294, 36.205393815533988 ], [ 128.865906379416344, 36.205402974140355 ], [ 128.864867589073555, 36.205987435574848 ], [ 128.863777776183156, 36.206641707995431 ], [ 128.861630554004847, 36.207319828902691 ], [ 128.860341112379416, 36.206945481499581 ], [ 128.859351727889731, 36.207243967509648 ], [ 128.858374441786623, 36.207807249219641 ], [ 128.858081134116759, 36.208235993660132 ], [ 128.857487274768175, 36.208756901937633 ], [ 128.857421853676129, 36.208969667663794 ], [ 128.857105206718558, 36.209779461175572 ], [ 128.855577186189635, 36.210451252042546 ], [ 128.85473420367299, 36.210859238099744 ], [ 128.853152662335816, 36.211696265527486 ], [ 128.85263816624061, 36.212652885512867 ], [ 128.851169148032028, 36.212638523013325 ], [ 128.85049239948296, 36.212993697370443 ], [ 128.849811257813172, 36.213363182296277 ], [ 128.848510858493654, 36.214711598548604 ], [ 128.847973940110194, 36.214798831674706 ], [ 128.846674581008529, 36.214670792516941 ], [ 128.845604753218367, 36.214565433107509 ], [ 128.845376727824032, 36.214682570615317 ], [ 128.843666378806574, 36.215560046887596 ], [ 128.843180020364372, 36.216208994701653 ], [ 128.842861376403903, 36.216185276933942 ], [ 128.842053065230459, 36.216143676196786 ], [ 128.840540732019804, 36.21557056504335 ], [ 128.83896336761623, 36.21514547583849 ], [ 128.837278137534099, 36.215107587432186 ], [ 128.836484463030189, 36.215151564645282 ], [ 128.835372436184514, 36.214578687017408 ], [ 128.834217221194507, 36.214601212126638 ], [ 128.833859183663975, 36.214854280370574 ], [ 128.833412385403875, 36.215170045195784 ], [ 128.832474092819979, 36.215765449877608 ], [ 128.83213947643489, 36.216256136892021 ], [ 128.831989460109213, 36.216447446374573 ], [ 128.831658064653709, 36.216870456846024 ], [ 128.831168044871049, 36.217378655930361 ], [ 128.830679909132442, 36.218045600996902 ], [ 128.828752690927786, 36.217897823897935 ], [ 128.826556868307506, 36.218241927789414 ], [ 128.825210745753594, 36.217904735561568 ], [ 128.823807691976782, 36.217228486542503 ], [ 128.823444767593713, 36.217149309005379 ], [ 128.822957578729131, 36.21708731108329 ], [ 128.822478917561483, 36.216831413978241 ], [ 128.822234788608256, 36.216701321688539 ], [ 128.821863157714802, 36.216501600595663 ], [ 128.821783382373042, 36.216429529493183 ], [ 128.821183229304239, 36.215887486744478 ], [ 128.820277335106425, 36.215430141308026 ], [ 128.819756908419635, 36.215420484482252 ], [ 128.819379494671296, 36.215245232321898 ], [ 128.818536916690533, 36.214832146558891 ], [ 128.81832612047333, 36.214372242007407 ], [ 128.817786266710982, 36.213960668195355 ], [ 128.817221707187429, 36.213838769936082 ], [ 128.816846279829662, 36.213349058975687 ], [ 128.8163742536276, 36.213070554636481 ], [ 128.815582734838642, 36.212094117983582 ], [ 128.814717401477139, 36.211484734653752 ], [ 128.814201845669572, 36.210977583677845 ], [ 128.81383609285345, 36.210720512703908 ], [ 128.813374942153644, 36.210532187073497 ], [ 128.812350892057765, 36.210498950344963 ], [ 128.811413607682226, 36.210059809249742 ], [ 128.810902452342702, 36.210337186340411 ], [ 128.810002599658077, 36.210271765302579 ], [ 128.809778997997341, 36.210254672186984 ], [ 128.809678732498924, 36.210247013611664 ], [ 128.807867277824869, 36.210107412814089 ], [ 128.80671427603545, 36.210139940746231 ], [ 128.805657755151287, 36.210207798110403 ], [ 128.804981745385618, 36.210287184920006 ], [ 128.804976517240988, 36.210287798161183 ], [ 128.804971289096358, 36.210288411402061 ], [ 128.804099985626635, 36.209807713218744 ], [ 128.804093869759384, 36.20982971932623 ], [ 128.803945401887148, 36.209957894671007 ], [ 128.803398054770213, 36.210430423816376 ], [ 128.8032320969225, 36.211487016224808 ], [ 128.803067270030112, 36.211917586245981 ], [ 128.802929752110771, 36.212251998791103 ], [ 128.802668580441008, 36.213232957054075 ], [ 128.802648909774405, 36.213306840344316 ], [ 128.803357801038999, 36.214276574558127 ], [ 128.803888680778641, 36.214893066994371 ], [ 128.803813532697774, 36.215309817305076 ], [ 128.803814000712407, 36.215322714166192 ], [ 128.803838169334341, 36.215980688849513 ], [ 128.803859413537026, 36.216559011105836 ], [ 128.803855753256499, 36.2172273394714 ], [ 128.803837284131731, 36.217318780147558 ], [ 128.803720195814293, 36.217898405800447 ], [ 128.803425823863932, 36.218492634757297 ], [ 128.803065517572634, 36.219131092351773 ], [ 128.802569650666214, 36.219704572800914 ], [ 128.802550428857188, 36.219749834834246 ], [ 128.80248158612855, 36.21991187211664 ], [ 128.802468226992744, 36.21994333760027 ], [ 128.80210694639689, 36.220043967329843 ], [ 128.802091921287598, 36.220048159883056 ], [ 128.801704698276637, 36.221021388672391 ], [ 128.80138586476653, 36.22191671411607 ], [ 128.800804239701336, 36.222885874507128 ], [ 128.800323306013667, 36.223380029248389 ], [ 128.800098355396187, 36.223658543062562 ], [ 128.799617665301383, 36.224136563950076 ], [ 128.799140313948953, 36.225298179139124 ], [ 128.799086296652717, 36.225684780490297 ], [ 128.799310018979099, 36.226570102584695 ], [ 128.799388280760724, 36.227905279011516 ], [ 128.797658029089064, 36.227197999675148 ], [ 128.797211455396507, 36.226142482740372 ], [ 128.796417359498321, 36.225261353519812 ], [ 128.796312296830422, 36.225282225297242 ], [ 128.795585309368306, 36.2254030161847 ], [ 128.79427564607272, 36.224766568512607 ], [ 128.793255159217296, 36.224753135790017 ], [ 128.792280127200939, 36.223704997467316 ], [ 128.791594046726487, 36.223708617528565 ], [ 128.791567364558659, 36.223708489621586 ], [ 128.791020669978479, 36.224035707732575 ], [ 128.790212072748915, 36.22480888496834 ], [ 128.788924832545405, 36.225026649672884 ], [ 128.78754345273893, 36.224616236329268 ], [ 128.786550274509608, 36.2248346450234 ], [ 128.785745449333945, 36.224753900912305 ], [ 128.785683398166867, 36.224753455592307 ], [ 128.784548097006905, 36.224953017708557 ], [ 128.784013143610764, 36.224392144961882 ], [ 128.783179004166925, 36.224020173070009 ], [ 128.782742791206914, 36.223546214441711 ], [ 128.782328926532415, 36.223104720030911 ], [ 128.781854144880469, 36.223035169751412 ], [ 128.781447418242522, 36.222950737879614 ], [ 128.780636201312433, 36.223059513525278 ], [ 128.780312618794113, 36.223088177667442 ], [ 128.779623475056638, 36.223142478609851 ], [ 128.778604392839412, 36.223375498865963 ], [ 128.777951446428347, 36.224028654871056 ], [ 128.77722510974084, 36.224554763823598 ], [ 128.775692621291938, 36.224118183433276 ], [ 128.77561472235908, 36.224090279709849 ], [ 128.774886668269062, 36.223829513189173 ], [ 128.774596461710615, 36.223637613170602 ], [ 128.774051048463321, 36.223286689946178 ], [ 128.773659364560615, 36.222926684576528 ], [ 128.773233976279158, 36.222764605617407 ], [ 128.772592623744146, 36.222558954175675 ], [ 128.7705702852694, 36.222280178399991 ], [ 128.769528140870676, 36.222125690283455 ], [ 128.768376135551449, 36.222113989387459 ], [ 128.768131020243743, 36.22261037512007 ], [ 128.767458371932861, 36.222864549665843 ], [ 128.767012393961437, 36.223281676734224 ], [ 128.76641464865213, 36.223973313626203 ], [ 128.766100302740938, 36.224194100633021 ], [ 128.76524249937026, 36.224796578499337 ], [ 128.764280096874728, 36.225307074478529 ], [ 128.763730012533671, 36.225320311823488 ], [ 128.763122747090989, 36.22562675268172 ], [ 128.761906858110876, 36.225662724462552 ], [ 128.760696119738185, 36.225306144116921 ], [ 128.760373412008647, 36.225211139582385 ], [ 128.759476481185743, 36.225072996804045 ], [ 128.758561405081224, 36.225523649190258 ], [ 128.757107698454234, 36.226022472967102 ], [ 128.756186071265063, 36.226308436983707 ], [ 128.754600281858046, 36.225597974835338 ], [ 128.753859973849757, 36.225548105346952 ], [ 128.752886801427906, 36.226107205612564 ], [ 128.752823297955615, 36.226143644028561 ], [ 128.752463142679943, 36.226432267714365 ], [ 128.752608897408834, 36.226357726974712 ], [ 128.752786386070795, 36.226328500835542 ], [ 128.752867507128229, 36.226313448269735 ], [ 128.753094077465136, 36.2263202271021 ], [ 128.752783477878779, 36.226681473469945 ], [ 128.752546784011713, 36.227050523882632 ], [ 128.752498275616034, 36.227696811465435 ], [ 128.752471434711396, 36.227714779441797 ], [ 128.752395230477703, 36.227785319302455 ], [ 128.752281854887798, 36.22791846857546 ], [ 128.752460487076434, 36.229143667371851 ], [ 128.75246345917472, 36.22917103371762 ], [ 128.752250837811317, 36.229718893711386 ], [ 128.751966704710895, 36.230447977856315 ], [ 128.751797255281247, 36.231279901145491 ], [ 128.751557413808285, 36.231684945281323 ], [ 128.752031263734409, 36.232139818693518 ], [ 128.752934875203067, 36.23300722944721 ], [ 128.753244056057639, 36.233176511029555 ], [ 128.753415342636004, 36.233305493163584 ], [ 128.753695794424544, 36.233516673438942 ], [ 128.753706967896591, 36.233589053155725 ], [ 128.753700101387267, 36.233621788197098 ], [ 128.753722133275943, 36.233633711507082 ], [ 128.753707622081862, 36.233670819516981 ], [ 128.753818133467632, 36.233721172509853 ], [ 128.753893827502083, 36.233888004317606 ], [ 128.753965829273568, 36.234202912033837 ], [ 128.754018749374296, 36.23426163490825 ], [ 128.754064562389118, 36.234365952305666 ], [ 128.754105763205047, 36.234447784462731 ], [ 128.754131584722046, 36.2345245201249 ], [ 128.754153840971952, 36.23458892914018 ], [ 128.754525372855483, 36.235050601251885 ], [ 128.754786079362361, 36.235374558172346 ], [ 128.75537638339128, 36.236326376117809 ], [ 128.755805679955131, 36.236516643407342 ], [ 128.756088325427584, 36.237088812164274 ], [ 128.75640670304125, 36.237733310800984 ], [ 128.756697382900398, 36.238321724901596 ], [ 128.756776920632092, 36.238497214060459 ], [ 128.757118945836311, 36.238563681886816 ], [ 128.75721792174366, 36.238570273417395 ], [ 128.757618285551587, 36.238596927180474 ], [ 128.75826950111076, 36.238858615381666 ], [ 128.758532979553252, 36.238964490721877 ], [ 128.758716675630325, 36.239051747269578 ], [ 128.758858534658117, 36.239131195511227 ], [ 128.759021885889268, 36.239207262616794 ], [ 128.759842990351558, 36.23952091554105 ], [ 128.759807985546388, 36.239631583025975 ], [ 128.759389268146549, 36.240955358993531 ], [ 128.759870600235757, 36.241657952925131 ], [ 128.760096614332156, 36.242714224418805 ], [ 128.759736241887595, 36.243407700828733 ], [ 128.759121120492324, 36.244161499560803 ], [ 128.75905116086102, 36.244238499597493 ], [ 128.758597832074685, 36.244737442611509 ], [ 128.758543313542305, 36.244782030889503 ], [ 128.758527438559554, 36.244817703755366 ], [ 128.758146559793317, 36.245267370907534 ], [ 128.758108854946613, 36.24526048122906 ], [ 128.757799123899588, 36.24528920250453 ], [ 128.757586962105762, 36.245378889069691 ], [ 128.757478240298298, 36.245383858235762 ], [ 128.757334922946171, 36.245355187431848 ], [ 128.757178496237884, 36.245367043180757 ], [ 128.757028342109749, 36.245383147128216 ], [ 128.757017957081473, 36.245374041927029 ], [ 128.756901297019709, 36.245455865744439 ], [ 128.756787490604211, 36.245500142750558 ], [ 128.756757462770707, 36.245528793205111 ], [ 128.756737087067506, 36.245548253248707 ], [ 128.756675248699736, 36.24562420508186 ], [ 128.756656642471796, 36.245647048189468 ], [ 128.756576714913592, 36.245697729670724 ], [ 128.75651679706101, 36.24573571827343 ], [ 128.756422849202352, 36.245783487140152 ], [ 128.756306575343274, 36.245883749479937 ], [ 128.756247271104314, 36.245913979969522 ], [ 128.756235990827861, 36.245927916258985 ], [ 128.756213184349207, 36.245956157817851 ], [ 128.756135421789025, 36.245986719897516 ], [ 128.756132171644708, 36.245987199874364 ], [ 128.756085512040613, 36.24599408839233 ], [ 128.75604252892208, 36.246020702440639 ], [ 128.755989457861375, 36.246042825879044 ], [ 128.75585994771393, 36.246042244652777 ], [ 128.755747290631803, 36.24604587941721 ], [ 128.755659705818402, 36.246029667348914 ], [ 128.755634508072546, 36.246025632320361 ], [ 128.755515252128646, 36.24601552820441 ], [ 128.75540673005213, 36.246002598291142 ], [ 128.755392529448329, 36.246032416448749 ], [ 128.755373834107473, 36.246026754576583 ], [ 128.754982346908264, 36.246254508074109 ], [ 128.754985336746785, 36.24625898412917 ], [ 128.7549442126369, 36.246306355982554 ], [ 128.754866763832013, 36.246364268952242 ], [ 128.754848914447848, 36.246400955590111 ], [ 128.754824967289323, 36.246402537373577 ], [ 128.754762214432503, 36.246506702528762 ], [ 128.754753520648478, 36.246532981280531 ], [ 128.754715243611486, 36.246584143915385 ], [ 128.754708826995227, 36.246597396175034 ], [ 128.754683143508828, 36.246655812305264 ], [ 128.754633418893036, 36.246720883671358 ], [ 128.754591290807383, 36.246779572254326 ], [ 128.754560777142615, 36.246842006700952 ], [ 128.754558497667091, 36.246845138132194 ], [ 128.754522285765944, 36.246932920249826 ], [ 128.754486421448377, 36.2469879989454 ], [ 128.754432673711449, 36.247026819311792 ], [ 128.754393177683369, 36.247040958502019 ], [ 128.754369536432961, 36.247054860070946 ], [ 128.754314732357585, 36.247072256953857 ], [ 128.754257206009527, 36.247116791980538 ], [ 128.754268065204315, 36.247155475401037 ], [ 128.754257842574845, 36.247222007039063 ], [ 128.754260537296176, 36.247231871608129 ], [ 128.75427307593597, 36.247277795040304 ], [ 128.75424377534344, 36.247315241953523 ], [ 128.754356237893802, 36.24739520243881 ], [ 128.754297363688238, 36.24765218083283 ], [ 128.753776957961946, 36.247898895236389 ], [ 128.753406786151743, 36.248337484542851 ], [ 128.753401124147473, 36.24834419566622 ], [ 128.753302064653269, 36.249229407538856 ], [ 128.75322913875425, 36.249579692210077 ], [ 128.753219400268364, 36.249626443658492 ], [ 128.752686107507742, 36.250511257604657 ], [ 128.752318958350003, 36.251120417410476 ], [ 128.752007437224762, 36.251858390636251 ], [ 128.751912878222498, 36.252319114815869 ], [ 128.751886105042047, 36.252449532892932 ], [ 128.751127107912254, 36.253115114066816 ], [ 128.751188994032361, 36.253655712661619 ], [ 128.750974620417736, 36.253951313000933 ], [ 128.750461118574776, 36.254444375616856 ], [ 128.749966316279085, 36.254919478585272 ], [ 128.749851992896083, 36.255029255094414 ], [ 128.748242430768443, 36.257193447514695 ], [ 128.74786949951087, 36.257694861779491 ], [ 128.747863889281263, 36.257702410841482 ], [ 128.747233037449149, 36.258917430233844 ], [ 128.747203904797402, 36.258941871571842 ], [ 128.746352555596218, 36.259656276764431 ], [ 128.746530289426289, 36.261246627521956 ], [ 128.745557671804903, 36.262428456653069 ], [ 128.744692118942595, 36.263423799820337 ], [ 128.743657423905574, 36.264742739247104 ], [ 128.742728217455493, 36.265986062864535 ], [ 128.741770183800242, 36.267127671695206 ], [ 128.741769211093469, 36.26712903938455 ], [ 128.741759572991128, 36.267142734494385 ], [ 128.741762600812478, 36.267145832133593 ], [ 128.741765368800515, 36.267153462169532 ], [ 128.74198455597346, 36.267600736423489 ], [ 128.74275618229359, 36.267703602014862 ], [ 128.743212519484644, 36.268055392493835 ], [ 128.743638208959851, 36.268059537129808 ], [ 128.744313939348132, 36.267869291780976 ], [ 128.744204142726176, 36.268673976056334 ], [ 128.744326624925293, 36.26931901918686 ], [ 128.744345747982038, 36.26941970461715 ], [ 128.744631061268791, 36.270546762480137 ], [ 128.745053117306242, 36.272102049146937 ], [ 128.744394870251568, 36.272516154194882 ], [ 128.744736077657706, 36.273907864965025 ], [ 128.744749981902032, 36.27396457028042 ], [ 128.744890781071348, 36.27520255856021 ], [ 128.745016722181816, 36.276064072079386 ], [ 128.745018645936199, 36.276064589879304 ], [ 128.74569552196553, 36.27680230651832 ], [ 128.746244786587539, 36.27748090871642 ], [ 128.746425077653583, 36.27785482492142 ], [ 128.747022208893981, 36.277849509207485 ] ] ] } },
{ "type": "Feature", "properties": { "spatial_region": "가음면", "facility_count": 28, "total_capacity": 5099.4, "area_km2": 41.4, "facilities_per_km2": 0.676, "population_status": "AVAILABLE", "emd_code": "4773036000", "emd_name": "가음면", "total_population": 1396, "youth_population": 85, "youth_ratio": 6.088825214899714, "elderly_population": 797, "elderly_ratio": 57.091690544412607, "population_change": -32, "year": 2025 }, "geometry": { "type": "Polygon", "coordinates": [ [ [ 128.754982346908264, 36.246254508074109 ], [ 128.755373834107473, 36.246026754576583 ], [ 128.755392529448329, 36.246032416448749 ], [ 128.75540673005213, 36.246002598291142 ], [ 128.755515252128646, 36.24601552820441 ], [ 128.755634508072546, 36.246025632320361 ], [ 128.755659705818402, 36.246029667348914 ], [ 128.755747290631803, 36.24604587941721 ], [ 128.75585994771393, 36.246042244652777 ], [ 128.755989457861375, 36.246042825879044 ], [ 128.75604252892208, 36.246020702440639 ], [ 128.756085512040613, 36.24599408839233 ], [ 128.756132171644708, 36.245987199874364 ], [ 128.756135421789025, 36.245986719897516 ], [ 128.756213184349207, 36.245956157817851 ], [ 128.756235990827861, 36.245927916258985 ], [ 128.756247271104314, 36.245913979969522 ], [ 128.756306575343274, 36.245883749479937 ], [ 128.756422849202352, 36.245783487140152 ], [ 128.75651679706101, 36.24573571827343 ], [ 128.756576714913592, 36.245697729670724 ], [ 128.756656642471796, 36.245647048189468 ], [ 128.756675248699736, 36.24562420508186 ], [ 128.756737087067506, 36.245548253248707 ], [ 128.756757462770707, 36.245528793205111 ], [ 128.756787490604211, 36.245500142750558 ], [ 128.756901297019709, 36.245455865744439 ], [ 128.757017957081473, 36.245374041927029 ], [ 128.757028342109749, 36.245383147128216 ], [ 128.757178496237884, 36.245367043180757 ], [ 128.757334922946171, 36.245355187431848 ], [ 128.757478240298298, 36.245383858235762 ], [ 128.757586962105762, 36.245378889069691 ], [ 128.757799123899588, 36.24528920250453 ], [ 128.758108854946613, 36.24526048122906 ], [ 128.758146559793317, 36.245267370907534 ], [ 128.758527438559554, 36.244817703755366 ], [ 128.758543313542305, 36.244782030889503 ], [ 128.758597832074685, 36.244737442611509 ], [ 128.75905116086102, 36.244238499597493 ], [ 128.759121120492324, 36.244161499560803 ], [ 128.759736241887595, 36.243407700828733 ], [ 128.760096614332156, 36.242714224418805 ], [ 128.759870600235757, 36.241657952925131 ], [ 128.759389268146549, 36.240955358993531 ], [ 128.759807985546388, 36.239631583025975 ], [ 128.759842990351558, 36.23952091554105 ], [ 128.759021885889268, 36.239207262616794 ], [ 128.758858534658117, 36.239131195511227 ], [ 128.758716675630325, 36.239051747269578 ], [ 128.758532979553252, 36.238964490721877 ], [ 128.75826950111076, 36.238858615381666 ], [ 128.757618285551587, 36.238596927180474 ], [ 128.75721792174366, 36.238570273417395 ], [ 128.757118945836311, 36.238563681886816 ], [ 128.756776920632092, 36.238497214060459 ], [ 128.756697382900398, 36.238321724901596 ], [ 128.75640670304125, 36.237733310800984 ], [ 128.756088325427584, 36.237088812164274 ], [ 128.755805679955131, 36.236516643407342 ], [ 128.75537638339128, 36.236326376117809 ], [ 128.754786079362361, 36.235374558172346 ], [ 128.754525372855483, 36.235050601251885 ], [ 128.754153840971952, 36.23458892914018 ], [ 128.754131584722046, 36.2345245201249 ], [ 128.754105763205047, 36.234447784462731 ], [ 128.754064562389118, 36.234365952305666 ], [ 128.754018749374296, 36.23426163490825 ], [ 128.753965829273568, 36.234202912033837 ], [ 128.753893827502083, 36.233888004317606 ], [ 128.753818133467632, 36.233721172509853 ], [ 128.753707622081862, 36.233670819516981 ], [ 128.753722133275943, 36.233633711507082 ], [ 128.753700101387267, 36.233621788197098 ], [ 128.753706967896591, 36.233589053155725 ], [ 128.753695794424544, 36.233516673438942 ], [ 128.753415342636004, 36.233305493163584 ], [ 128.753244056057639, 36.233176511029555 ], [ 128.752934875203067, 36.23300722944721 ], [ 128.752031263734409, 36.232139818693518 ], [ 128.751557413808285, 36.231684945281323 ], [ 128.751797255281247, 36.231279901145491 ], [ 128.751966704710895, 36.230447977856315 ], [ 128.752250837811317, 36.229718893711386 ], [ 128.75246345917472, 36.22917103371762 ], [ 128.752460487076434, 36.229143667371851 ], [ 128.752281854887798, 36.22791846857546 ], [ 128.752395230477703, 36.227785319302455 ], [ 128.752471434711396, 36.227714779441797 ], [ 128.752498275616034, 36.227696811465435 ], [ 128.752546784011713, 36.227050523882632 ], [ 128.752783477878779, 36.226681473469945 ], [ 128.753094077465136, 36.2263202271021 ], [ 128.752867507128229, 36.226313448269735 ], [ 128.752786386070795, 36.226328500835542 ], [ 128.752608897408834, 36.226357726974712 ], [ 128.752463142679943, 36.226432267714365 ], [ 128.752823297955615, 36.226143644028561 ], [ 128.752886801427906, 36.226107205612564 ], [ 128.753859973849757, 36.225548105346952 ], [ 128.754600281858046, 36.225597974835338 ], [ 128.756186071265063, 36.226308436983707 ], [ 128.757107698454234, 36.226022472967102 ], [ 128.758561405081224, 36.225523649190258 ], [ 128.759476481185743, 36.225072996804045 ], [ 128.760373412008647, 36.225211139582385 ], [ 128.760696119738185, 36.225306144116921 ], [ 128.761906858110876, 36.225662724462552 ], [ 128.763122747090989, 36.22562675268172 ], [ 128.763730012533671, 36.225320311823488 ], [ 128.764280096874728, 36.225307074478529 ], [ 128.76524249937026, 36.224796578499337 ], [ 128.766100302740938, 36.224194100633021 ], [ 128.76641464865213, 36.223973313626203 ], [ 128.767012393961437, 36.223281676734224 ], [ 128.767458371932861, 36.222864549665843 ], [ 128.768131020243743, 36.22261037512007 ], [ 128.768376135551449, 36.222113989387459 ], [ 128.769528140870676, 36.222125690283455 ], [ 128.7705702852694, 36.222280178399991 ], [ 128.772592623744146, 36.222558954175675 ], [ 128.773233976279158, 36.222764605617407 ], [ 128.773659364560615, 36.222926684576528 ], [ 128.774051048463321, 36.223286689946178 ], [ 128.774596461710615, 36.223637613170602 ], [ 128.774886668269062, 36.223829513189173 ], [ 128.77561472235908, 36.224090279709849 ], [ 128.775692621291938, 36.224118183433276 ], [ 128.77722510974084, 36.224554763823598 ], [ 128.777951446428347, 36.224028654871056 ], [ 128.778604392839412, 36.223375498865963 ], [ 128.779623475056638, 36.223142478609851 ], [ 128.780312618794113, 36.223088177667442 ], [ 128.780636201312433, 36.223059513525278 ], [ 128.781447418242522, 36.222950737879614 ], [ 128.781854144880469, 36.223035169751412 ], [ 128.782328926532415, 36.223104720030911 ], [ 128.782742791206914, 36.223546214441711 ], [ 128.783179004166925, 36.224020173070009 ], [ 128.784013143610764, 36.224392144961882 ], [ 128.784548097006905, 36.224953017708557 ], [ 128.785683398166867, 36.224753455592307 ], [ 128.785745449333945, 36.224753900912305 ], [ 128.786550274509608, 36.2248346450234 ], [ 128.78754345273893, 36.224616236329268 ], [ 128.788924832545405, 36.225026649672884 ], [ 128.790212072748915, 36.22480888496834 ], [ 128.791020669978479, 36.224035707732575 ], [ 128.791567364558659, 36.223708489621586 ], [ 128.791594046726487, 36.223708617528565 ], [ 128.792280127200939, 36.223704997467316 ], [ 128.793255159217296, 36.224753135790017 ], [ 128.79427564607272, 36.224766568512607 ], [ 128.795585309368306, 36.2254030161847 ], [ 128.796312296830422, 36.225282225297242 ], [ 128.796417359498321, 36.225261353519812 ], [ 128.797211455396507, 36.226142482740372 ], [ 128.797658029089064, 36.227197999675148 ], [ 128.799388280760724, 36.227905279011516 ], [ 128.799310018979099, 36.226570102584695 ], [ 128.799086296652717, 36.225684780490297 ], [ 128.799140313948953, 36.225298179139124 ], [ 128.799617665301383, 36.224136563950076 ], [ 128.800098355396187, 36.223658543062562 ], [ 128.800323306013667, 36.223380029248389 ], [ 128.800804239701336, 36.222885874507128 ], [ 128.80138586476653, 36.22191671411607 ], [ 128.801704698276637, 36.221021388672391 ], [ 128.802091921287598, 36.220048159883056 ], [ 128.80210694639689, 36.220043967329843 ], [ 128.802468226992744, 36.21994333760027 ], [ 128.80248158612855, 36.21991187211664 ], [ 128.802550428857188, 36.219749834834246 ], [ 128.802569650666214, 36.219704572800914 ], [ 128.803065517572634, 36.219131092351773 ], [ 128.803425823863932, 36.218492634757297 ], [ 128.803720195814293, 36.217898405800447 ], [ 128.803837284131731, 36.217318780147558 ], [ 128.803855753256499, 36.2172273394714 ], [ 128.803859413537026, 36.216559011105836 ], [ 128.803838169334341, 36.215980688849513 ], [ 128.803814000712407, 36.215322714166192 ], [ 128.803813532697774, 36.215309817305076 ], [ 128.803888680778641, 36.214893066994371 ], [ 128.803357801038999, 36.214276574558127 ], [ 128.802648909774405, 36.213306840344316 ], [ 128.802668580441008, 36.213232957054075 ], [ 128.802929752110771, 36.212251998791103 ], [ 128.803067270030112, 36.211917586245981 ], [ 128.8032320969225, 36.211487016224808 ], [ 128.803398054770213, 36.210430423816376 ], [ 128.803945401887148, 36.209957894671007 ], [ 128.804093869759384, 36.20982971932623 ], [ 128.804099985626635, 36.209807713218744 ], [ 128.804187340659837, 36.209708473460374 ], [ 128.80420239793699, 36.2096950614619 ], [ 128.80447406245753, 36.208605928014961 ], [ 128.80455901279629, 36.208262901690077 ], [ 128.805154933798207, 36.207135349787706 ], [ 128.805225556517172, 36.207001890420393 ], [ 128.803366228828452, 36.206264767606285 ], [ 128.801672369916702, 36.205801332959368 ], [ 128.801642461217455, 36.205786791804471 ], [ 128.802292939625119, 36.204587528500511 ], [ 128.802902404355535, 36.204192456600374 ], [ 128.803790562257376, 36.203178504274959 ], [ 128.803190273536018, 36.202519331855513 ], [ 128.803376253827423, 36.202083199537078 ], [ 128.803291718259231, 36.201715308481518 ], [ 128.803208251111187, 36.201118037629058 ], [ 128.80320870506938, 36.201052656590335 ], [ 128.802339809193455, 36.199406810149441 ], [ 128.801759994649871, 36.198372324867684 ], [ 128.801521346287075, 36.197871942526881 ], [ 128.801038073528957, 36.197531193851901 ], [ 128.800866920747637, 36.197410516262764 ], [ 128.798864437988641, 36.196040784943747 ], [ 128.798453118632978, 36.19458657430993 ], [ 128.797988070655691, 36.19345434954311 ], [ 128.796499678744539, 36.190909315746943 ], [ 128.796447170344891, 36.19081953863143 ], [ 128.796417944638478, 36.190818497256274 ], [ 128.795140585201722, 36.190756057361931 ], [ 128.794389331511127, 36.190713178891144 ], [ 128.793603956297403, 36.190906728758037 ], [ 128.792045716277926, 36.191296736740703 ], [ 128.792014706868429, 36.191310002187421 ], [ 128.791127584298664, 36.191689391901349 ], [ 128.789665732205634, 36.192301800452299 ], [ 128.787703129565102, 36.193100828014565 ], [ 128.785277394576951, 36.193544006157175 ], [ 128.78421086178821, 36.193845075691129 ], [ 128.783733616944431, 36.193784666475892 ], [ 128.783636812126474, 36.19377241431463 ], [ 128.782827755789043, 36.193673366702214 ], [ 128.781915373634405, 36.193720397446889 ], [ 128.781104113915916, 36.194146822109161 ], [ 128.780661210919533, 36.194380425288671 ], [ 128.780039254586313, 36.194239861243965 ], [ 128.778534027640205, 36.194253018588419 ], [ 128.777705304619985, 36.194263467253101 ], [ 128.776958485801828, 36.194504833295234 ], [ 128.775489932277168, 36.194533494678552 ], [ 128.774854390175335, 36.194900981803805 ], [ 128.772787751745824, 36.194835004154335 ], [ 128.772386832331478, 36.194718794273669 ], [ 128.76995778993728, 36.193425653052358 ], [ 128.769232347197516, 36.193877685010143 ], [ 128.767505321964279, 36.195351212013549 ], [ 128.766499369959433, 36.196050453547606 ], [ 128.765846523924381, 36.1965791728299 ], [ 128.765772251726418, 36.196976309962558 ], [ 128.765052657955295, 36.197557171749125 ], [ 128.764295758470467, 36.197512281833504 ], [ 128.764692950136435, 36.198021640149733 ], [ 128.763360113779072, 36.199319061489746 ], [ 128.763343922772606, 36.199334376645425 ], [ 128.761369221119992, 36.199384602793025 ], [ 128.760634308756408, 36.199706944036947 ], [ 128.759587156040794, 36.200210664655962 ], [ 128.758850174962873, 36.200762552229214 ], [ 128.758568475004381, 36.201157749905768 ], [ 128.758635910708136, 36.201648010867459 ], [ 128.757976673266143, 36.202861996504616 ], [ 128.755980733657083, 36.202469693654926 ], [ 128.755598324265065, 36.202588443261405 ], [ 128.754992103770519, 36.202444510218577 ], [ 128.754206833959842, 36.202632078488428 ], [ 128.752691132935126, 36.202811132376418 ], [ 128.752321493346386, 36.202421020210807 ], [ 128.751604499655201, 36.201664432212738 ], [ 128.7518121493313, 36.201139693965622 ], [ 128.751409359616787, 36.200058941734859 ], [ 128.750725660783985, 36.199767056165982 ], [ 128.749969156642777, 36.198878413264566 ], [ 128.750167380095405, 36.198614914449884 ], [ 128.7505166732237, 36.198089934753924 ], [ 128.75048996637662, 36.197832046654405 ], [ 128.750391362155796, 36.197122833063659 ], [ 128.749828355374774, 36.196732262087011 ], [ 128.749590848767809, 36.195959356494768 ], [ 128.748699595930191, 36.195610301037185 ], [ 128.747426474160193, 36.195229094531676 ], [ 128.747087677457188, 36.194926501372457 ], [ 128.745919584778392, 36.194446469533091 ], [ 128.745449720667494, 36.194801068518068 ], [ 128.745113467288803, 36.194976334452939 ], [ 128.744594921578738, 36.195579051200276 ], [ 128.744371202513776, 36.195683109639461 ], [ 128.744047636732518, 36.19599529145313 ], [ 128.743252074609217, 36.196220679307224 ], [ 128.743093359033594, 36.196829743458615 ], [ 128.743079435635224, 36.197439750810013 ], [ 128.741737891109466, 36.198532079368427 ], [ 128.740467121816238, 36.19917335451818 ], [ 128.740446095302843, 36.199183627354856 ], [ 128.740437703971764, 36.19918259971702 ], [ 128.739866843583314, 36.199114457725614 ], [ 128.739225313917643, 36.199236022038725 ], [ 128.738468817024341, 36.199944783483268 ], [ 128.737873459734828, 36.199952341638259 ], [ 128.737510908667275, 36.200079953983249 ], [ 128.73713183373917, 36.200243900970172 ], [ 128.736921767479174, 36.200315045841386 ], [ 128.73658801367182, 36.200078942605167 ], [ 128.735567727706695, 36.200163357384248 ], [ 128.734996261525424, 36.200729190548635 ], [ 128.733066684529632, 36.199688306747639 ], [ 128.732419546309899, 36.199407104910584 ], [ 128.732014223889763, 36.199343785404679 ], [ 128.731614603100951, 36.199281342528444 ], [ 128.730859962506116, 36.199311153639613 ], [ 128.730521491188682, 36.199185743662035 ], [ 128.729515766770078, 36.198813143791241 ], [ 128.729266125007769, 36.198977612216751 ], [ 128.728801100269578, 36.199542486299428 ], [ 128.728476572759803, 36.199805057753423 ], [ 128.72814790619347, 36.20007100735333 ], [ 128.727475902651065, 36.200758596682661 ], [ 128.726918769921269, 36.200497460543758 ], [ 128.726444559381576, 36.20037504403863 ], [ 128.725548424461124, 36.200763874903053 ], [ 128.724773545572162, 36.200517727204179 ], [ 128.724991561290835, 36.200336189627514 ], [ 128.725361201039135, 36.200099001247438 ], [ 128.725551531490424, 36.199862606117591 ], [ 128.724978699779172, 36.199298100547587 ], [ 128.72392986148472, 36.198943783643486 ], [ 128.723676808123713, 36.199079123875677 ], [ 128.723242790720491, 36.19914950850243 ], [ 128.72262297743552, 36.199194495772709 ], [ 128.721718011247987, 36.198645034397948 ], [ 128.720999598491659, 36.198107403533918 ], [ 128.719131787507308, 36.198083123111815 ], [ 128.719126695333273, 36.198683829650633 ], [ 128.718631198635904, 36.200111702506447 ], [ 128.717907561820311, 36.200038228273421 ], [ 128.716679987184648, 36.200442068072782 ], [ 128.715253842098207, 36.200126177191059 ], [ 128.714933937976042, 36.200107775443612 ], [ 128.71349877751706, 36.20003475007546 ], [ 128.7121814626407, 36.199120429786987 ], [ 128.711133491880673, 36.199441889966032 ], [ 128.710108874671846, 36.19898582003605 ], [ 128.709573096585615, 36.198798805508559 ], [ 128.708574198895263, 36.198579754295608 ], [ 128.70754225506866, 36.198832524195794 ], [ 128.706710804857011, 36.19899192865465 ], [ 128.706735227584915, 36.199040815515488 ], [ 128.705828470540183, 36.199225505149229 ], [ 128.704792177368148, 36.199102875003689 ], [ 128.70473785284841, 36.199096413960923 ], [ 128.704521023405931, 36.199391089539496 ], [ 128.704518688146322, 36.199282228465243 ], [ 128.704666840364467, 36.199095471885776 ], [ 128.704579582473059, 36.199047618349091 ], [ 128.704567449897951, 36.199009846229274 ], [ 128.704516418810528, 36.199014586091089 ], [ 128.70451903796743, 36.199065933640703 ], [ 128.704420524210633, 36.199054388226955 ], [ 128.704297008343588, 36.199041753301195 ], [ 128.704107588095582, 36.199150489634306 ], [ 128.704041931252362, 36.199271023485551 ], [ 128.703926032916712, 36.199543049372529 ], [ 128.703658509276835, 36.200260113289559 ], [ 128.702937254033571, 36.200239274374695 ], [ 128.702134663667692, 36.200650719875348 ], [ 128.701886590997844, 36.201081401766942 ], [ 128.701691600526146, 36.201030365594988 ], [ 128.70136284338875, 36.201175580284712 ], [ 128.7009419114151, 36.201118974563471 ], [ 128.700027008481243, 36.201278231036142 ], [ 128.699136713962901, 36.201190291065444 ], [ 128.698839794364176, 36.20127545155578 ], [ 128.696403169526207, 36.202125860019805 ], [ 128.696332444146094, 36.202150543679402 ], [ 128.696256483684806, 36.202761873083141 ], [ 128.696279251830987, 36.203854367112427 ], [ 128.696296250663238, 36.204479604458577 ], [ 128.696514155272183, 36.204767865858727 ], [ 128.696655229533434, 36.205031878362348 ], [ 128.696848216864481, 36.205257217436682 ], [ 128.69715956053679, 36.205509262135564 ], [ 128.697399965169978, 36.205757611166767 ], [ 128.697884813304341, 36.205995720592085 ], [ 128.697951660240619, 36.206152643686877 ], [ 128.698327858099759, 36.207746609212968 ], [ 128.698951507315286, 36.207904823516323 ], [ 128.699885632325589, 36.208839852600867 ], [ 128.69989946834167, 36.208853702751391 ], [ 128.700136549164711, 36.209089258898508 ], [ 128.70034119179391, 36.209200449451188 ], [ 128.700284684882007, 36.209236535220285 ], [ 128.700236267516487, 36.210179511633939 ], [ 128.700244358946264, 36.21022123919829 ], [ 128.700251185570011, 36.21025640289561 ], [ 128.700540190751013, 36.210780110046692 ], [ 128.700978559709682, 36.211574432179233 ], [ 128.700974244068192, 36.211827710512324 ], [ 128.700967458128275, 36.212226804581846 ], [ 128.701213577074242, 36.212626740653725 ], [ 128.701217279562343, 36.21263275188376 ], [ 128.701957710966838, 36.212869016316645 ], [ 128.702216621966926, 36.212951636442376 ], [ 128.70292465659756, 36.213368538992491 ], [ 128.703407413817331, 36.213652788747744 ], [ 128.703723280315359, 36.213826090233916 ], [ 128.704118409549778, 36.214042863095905 ], [ 128.705617639697465, 36.21432271296672 ], [ 128.705955545287111, 36.214483978050559 ], [ 128.706273903195324, 36.214635902673152 ], [ 128.706349629526869, 36.216311216261353 ], [ 128.706017154116978, 36.217267930308125 ], [ 128.706395779928641, 36.218071267567453 ], [ 128.706814525405406, 36.218789602804407 ], [ 128.708204270944577, 36.218769279139217 ], [ 128.709281695484378, 36.21855533118643 ], [ 128.710712199332136, 36.218729735302091 ], [ 128.710697834704803, 36.219281518074283 ], [ 128.710682477699351, 36.220290716148078 ], [ 128.710460495866585, 36.220963627873573 ], [ 128.710005220137276, 36.221644000736902 ], [ 128.709988846690436, 36.221668473258433 ], [ 128.709001215688005, 36.22231227171951 ], [ 128.708213280436041, 36.22265772553618 ], [ 128.706762587045205, 36.224002406363702 ], [ 128.707297860490769, 36.225113711018551 ], [ 128.706616982419263, 36.226044659360134 ], [ 128.70648934611512, 36.226907631143135 ], [ 128.706394838930919, 36.227350973021274 ], [ 128.706387332089122, 36.227386218085485 ], [ 128.705751561094047, 36.228021528737379 ], [ 128.70563259849888, 36.228140408071305 ], [ 128.704654254505698, 36.228647383003192 ], [ 128.704779377515848, 36.229074343693121 ], [ 128.705204459343321, 36.231314970776459 ], [ 128.704850922432144, 36.231533417428061 ], [ 128.704934046190402, 36.231622237431111 ], [ 128.704963294127111, 36.231653482059052 ], [ 128.705213231707148, 36.231920555865287 ], [ 128.705299783009366, 36.23214193105418 ], [ 128.704969052778978, 36.232715070543208 ], [ 128.704804664178653, 36.232931110753555 ], [ 128.704535396834615, 36.233298245257082 ], [ 128.704447896949887, 36.233422040747222 ], [ 128.704308416875335, 36.233619009824501 ], [ 128.704289844092784, 36.233641511452966 ], [ 128.704271769720151, 36.233667519942713 ], [ 128.70399572397676, 36.234187090515768 ], [ 128.703807783564002, 36.234546107475097 ], [ 128.703766544402527, 36.234740571605791 ], [ 128.703691811501415, 36.235105033774303 ], [ 128.703669263561181, 36.235187094001702 ], [ 128.703568051269571, 36.235581770105242 ], [ 128.703431268716741, 36.236030681164358 ], [ 128.703299335308401, 36.236206976464878 ], [ 128.703216693931836, 36.236315471891757 ], [ 128.703196951724834, 36.236464019705394 ], [ 128.703514506064437, 36.236574125115162 ], [ 128.704130369408517, 36.236780488380681 ], [ 128.704256904812695, 36.236822185355784 ], [ 128.704206880060354, 36.236836696387989 ], [ 128.704456655539815, 36.236938520184729 ], [ 128.704589475159935, 36.236992353396673 ], [ 128.704645328617318, 36.237039750310167 ], [ 128.704768383221591, 36.237087232752685 ], [ 128.70487593545829, 36.23714231872183 ], [ 128.704946909927884, 36.237153597283069 ], [ 128.705049466966045, 36.237214744728732 ], [ 128.705093653419254, 36.237285219006921 ], [ 128.705290471527945, 36.237368642774982 ], [ 128.70546528703801, 36.23740759219487 ], [ 128.705477901457925, 36.237419528104951 ], [ 128.705534832018202, 36.237429293624736 ], [ 128.705738536126631, 36.237397723980294 ], [ 128.705790715673174, 36.237390021609343 ], [ 128.705803847015602, 36.237362180291221 ], [ 128.70581384075939, 36.237316758037551 ], [ 128.705850506488161, 36.237269428081561 ], [ 128.705895873344616, 36.237135857818721 ], [ 128.705953349581335, 36.237083352341806 ], [ 128.706085524662683, 36.237090032104653 ], [ 128.706279065478384, 36.2372020408799 ], [ 128.706280953171159, 36.237238462575988 ], [ 128.706338402375167, 36.23728485330529 ], [ 128.706347669159413, 36.237284777032102 ], [ 128.706422559942524, 36.23728415066261 ], [ 128.706495358783087, 36.237274795581449 ], [ 128.70662061501838, 36.23729330832878 ], [ 128.706647427680537, 36.237310226630335 ], [ 128.706664285573765, 36.237320839112613 ], [ 128.706735618658172, 36.23731967207987 ], [ 128.706830943076682, 36.237334307854645 ], [ 128.706931095124105, 36.237363861100249 ], [ 128.707117332732565, 36.237385893876372 ], [ 128.707214109835661, 36.237422575997407 ], [ 128.707299804943204, 36.237450966893114 ], [ 128.707377781959281, 36.2374580076185 ], [ 128.707422510170034, 36.237470553956001 ], [ 128.707506205039465, 36.237522181446593 ], [ 128.707662259664716, 36.237556999178437 ], [ 128.707746421765762, 36.237564081887349 ], [ 128.707843728552461, 36.237539574081815 ], [ 128.70791766083218, 36.237536520226968 ], [ 128.707955066492985, 36.237534962818998 ], [ 128.707972578883982, 36.237534221743985 ], [ 128.708013400339723, 36.237532492458932 ], [ 128.708103193505764, 36.237583656859215 ], [ 128.708134298093029, 36.237613147922545 ], [ 128.708162312874123, 36.237674668663956 ], [ 128.708183531847197, 36.237759720802394 ], [ 128.708204860593327, 36.237845178739953 ], [ 128.708208762388637, 36.237860832939973 ], [ 128.708224825653673, 36.23785792542337 ], [ 128.708307358542044, 36.237842627228666 ], [ 128.708380256444826, 36.237785949823731 ], [ 128.708395064306217, 36.23775875217197 ], [ 128.708511428615509, 36.237674199236693 ], [ 128.708609803207708, 36.237607941346589 ], [ 128.708648434461651, 36.23757306076034 ], [ 128.708672704376539, 36.237567974366968 ], [ 128.708723810507166, 36.237573632719695 ], [ 128.708794149012107, 36.237624469631889 ], [ 128.708842003609902, 36.237660859529925 ], [ 128.708939492664143, 36.237817291961377 ], [ 128.708943906308775, 36.23783892227069 ], [ 128.708965828947584, 36.237899562787163 ], [ 128.708963345504827, 36.237936126955212 ], [ 128.709007424810494, 36.238021487163962 ], [ 128.709023455686236, 36.238033250813643 ], [ 128.709084295349186, 36.238077909215832 ], [ 128.709306756423672, 36.238156684836184 ], [ 128.709388894285524, 36.238154902762702 ], [ 128.70953109140433, 36.238132503803797 ], [ 128.709547119863828, 36.238129983536084 ], [ 128.709600399869004, 36.238158455905435 ], [ 128.709679736792339, 36.238141058210751 ], [ 128.709848658035867, 36.238084767252872 ], [ 128.709876429839539, 36.2380893048351 ], [ 128.709923485090826, 36.238101504445531 ], [ 128.709974227925414, 36.238115245042366 ], [ 128.709996242734405, 36.238091354089846 ], [ 128.710150622954444, 36.238074355157501 ], [ 128.710397675620527, 36.238103587196434 ], [ 128.710507598875125, 36.238147697394581 ], [ 128.71070578710453, 36.238148656821004 ], [ 128.710855085848351, 36.238185112159719 ], [ 128.710870963009484, 36.238187394683166 ], [ 128.710920932910625, 36.238205647957159 ], [ 128.710915140158562, 36.238249918305137 ], [ 128.710935397742332, 36.238337085412901 ], [ 128.711005870034086, 36.238376386132018 ], [ 128.711080077460593, 36.238404394968377 ], [ 128.711310869393344, 36.238264567708143 ], [ 128.711313793037903, 36.238244054730373 ], [ 128.711383759770655, 36.238206437541294 ], [ 128.711421365651375, 36.23816580399086 ], [ 128.711524489596286, 36.238093228873851 ], [ 128.711603599847365, 36.238019577148556 ], [ 128.711653612478642, 36.238017229044814 ], [ 128.711758850896757, 36.238031749731036 ], [ 128.711839285252978, 36.238045399214265 ], [ 128.711942286841349, 36.238072233575409 ], [ 128.712021643207891, 36.238067505087905 ], [ 128.712105110689265, 36.237985617692793 ], [ 128.712168647744875, 36.237899473497173 ], [ 128.712227929514739, 36.237857143792674 ], [ 128.712285089790441, 36.237871304459219 ], [ 128.712441707044064, 36.237865861215873 ], [ 128.712593104577678, 36.237773377357684 ], [ 128.712723796170593, 36.237727155434072 ], [ 128.712919653645997, 36.237711244322597 ], [ 128.713001596107375, 36.237738279316694 ], [ 128.713065382352738, 36.237847467927871 ], [ 128.713124483992914, 36.237966134732311 ], [ 128.71319907472261, 36.238032254456805 ], [ 128.713246398529179, 36.238041128021777 ], [ 128.713281409809781, 36.238022143200936 ], [ 128.713328545975315, 36.238033647752872 ], [ 128.713333114716534, 36.238052754946921 ], [ 128.713335868010375, 36.238054266562791 ], [ 128.713414525562087, 36.238097478714252 ], [ 128.713485626490836, 36.238153712828037 ], [ 128.713548678991401, 36.238217542577139 ], [ 128.7136442792943, 36.23835482538685 ], [ 128.713644924793044, 36.238357782838911 ], [ 128.713666216541412, 36.238455000231966 ], [ 128.713692283802288, 36.238606012051449 ], [ 128.713679658281421, 36.238748468636444 ], [ 128.713707885341591, 36.238865673039697 ], [ 128.71374103416656, 36.238929998505029 ], [ 128.713788032799471, 36.238976171274395 ], [ 128.713815161362845, 36.239028901967977 ], [ 128.713816658171339, 36.239030266361532 ], [ 128.713887385138833, 36.239094754219479 ], [ 128.713927265158816, 36.239143721531349 ], [ 128.714050870349553, 36.239295472293776 ], [ 128.714147487533296, 36.239486828442438 ], [ 128.714480291496102, 36.23970857160635 ], [ 128.714588716510775, 36.239816884146933 ], [ 128.714638622522642, 36.239941457943694 ], [ 128.714706921898625, 36.239897364290563 ], [ 128.71471264878906, 36.23990712887705 ], [ 128.714637477082078, 36.239950485107222 ], [ 128.714640147693785, 36.239983790427502 ], [ 128.71463988529905, 36.239997758221335 ], [ 128.714643045437469, 36.240018871633524 ], [ 128.714655701725178, 36.240038115314263 ], [ 128.714662962995021, 36.2403130583102 ], [ 128.714714222294845, 36.240387042587002 ], [ 128.714719113626302, 36.240394101604352 ], [ 128.714961871685489, 36.240617997685355 ], [ 128.715077949892986, 36.240717856925073 ], [ 128.715113737153303, 36.240748637063113 ], [ 128.715164934113517, 36.240836859771377 ], [ 128.715168737104364, 36.240843420511837 ], [ 128.715365537369053, 36.240982926636626 ], [ 128.715832098861426, 36.241218485588853 ], [ 128.715833978685453, 36.241221617200587 ], [ 128.715880068400566, 36.24129817503897 ], [ 128.715883352643516, 36.241303626056421 ], [ 128.715867614973405, 36.241470740912412 ], [ 128.715949132569278, 36.241790325642164 ], [ 128.715950712056753, 36.241796511563464 ], [ 128.71600780795427, 36.24183547099878 ], [ 128.716225190134111, 36.24193297535389 ], [ 128.716234819728697, 36.241937296980105 ], [ 128.716566387108571, 36.242001512632832 ], [ 128.716700834697235, 36.242108046770888 ], [ 128.716760975810018, 36.242178680850763 ], [ 128.716858579160345, 36.242300267089597 ], [ 128.716863624719849, 36.242301693957764 ], [ 128.716936251735149, 36.242322278616697 ], [ 128.717046560040217, 36.242388652074133 ], [ 128.717123432636896, 36.242434993661014 ], [ 128.717208272734581, 36.242483877456067 ], [ 128.717336709152448, 36.24255500692972 ], [ 128.717361456929495, 36.24257492788891 ], [ 128.71746810671695, 36.242622601624426 ], [ 128.717543779071264, 36.242656422586684 ], [ 128.717621041384774, 36.242727439311587 ], [ 128.717603203326433, 36.242867180294041 ], [ 128.717608315028741, 36.24287494264081 ], [ 128.717746751125503, 36.243085356007434 ], [ 128.717741514956174, 36.24316127770539 ], [ 128.71777292505692, 36.243209430578958 ], [ 128.717715835601581, 36.243294367353968 ], [ 128.717649497551207, 36.243327959496057 ], [ 128.717600814403397, 36.24339555927255 ], [ 128.71755300831714, 36.243435954240297 ], [ 128.717508836617668, 36.243489614291853 ], [ 128.717483109076539, 36.243546697563687 ], [ 128.717477265920166, 36.24355967882623 ], [ 128.717471834567817, 36.243578762109344 ], [ 128.71748404345584, 36.24364207251768 ], [ 128.717489766129034, 36.243650097663377 ], [ 128.717476672297977, 36.243686871104174 ], [ 128.717391953143903, 36.243859337607056 ], [ 128.718593418938781, 36.244726414682923 ], [ 128.71948899711964, 36.245741662312703 ], [ 128.720105345940965, 36.246440335387163 ], [ 128.720305063812589, 36.246864984961356 ], [ 128.720414366214584, 36.247171366222581 ], [ 128.720420153123939, 36.247276575447763 ], [ 128.720456326122672, 36.247521116566269 ], [ 128.720396633288004, 36.247593539959979 ], [ 128.720403048752218, 36.247656818398767 ], [ 128.720383001735513, 36.247690565832123 ], [ 128.72039794621756, 36.247817217792473 ], [ 128.720409762481722, 36.247894693608686 ], [ 128.720431201643265, 36.247984853713128 ], [ 128.720431067871175, 36.248099898994084 ], [ 128.720408894252898, 36.248137165076329 ], [ 128.720257948519276, 36.248352040958757 ], [ 128.720260981448803, 36.248399856081456 ], [ 128.720240526479643, 36.248451130622698 ], [ 128.720208618335164, 36.248584431347545 ], [ 128.720196356263813, 36.248584817064717 ], [ 128.720110411842512, 36.249263758766702 ], [ 128.720322847155188, 36.250271100614953 ], [ 128.720592541886219, 36.251437428610217 ], [ 128.721864263310664, 36.252526959779402 ], [ 128.72254121297351, 36.253094557506913 ], [ 128.722649207660083, 36.253185108177732 ], [ 128.722930816421695, 36.253417954970857 ], [ 128.723008296838117, 36.253482020478266 ], [ 128.723367388733038, 36.253778931698008 ], [ 128.723378099267421, 36.253802144130425 ], [ 128.723707842083201, 36.254517109643324 ], [ 128.723940534226017, 36.255030046362386 ], [ 128.72394943339026, 36.255049559672408 ], [ 128.724551182968241, 36.255881181212366 ], [ 128.724554571230925, 36.255885875225118 ], [ 128.724588021411108, 36.255916629038765 ], [ 128.724619164681656, 36.255945268727771 ], [ 128.725398090940303, 36.256236529964703 ], [ 128.725946350242367, 36.256711394463238 ], [ 128.726743431541621, 36.256861274589617 ], [ 128.727004266818284, 36.256983443374459 ], [ 128.728490107476432, 36.257565026404457 ], [ 128.728682106383218, 36.257724965348018 ], [ 128.728819414774136, 36.258388001688715 ], [ 128.729049855007503, 36.259572018281318 ], [ 128.729871150164229, 36.260017936234362 ], [ 128.729891828680309, 36.26002009195907 ], [ 128.730856074038599, 36.260118650089581 ], [ 128.731727449207369, 36.260353863175816 ], [ 128.732188446875, 36.260676147581997 ], [ 128.732202511869872, 36.260685948098732 ], [ 128.732524907898295, 36.261241930028433 ], [ 128.736514603276532, 36.261954065219321 ], [ 128.736697956095838, 36.26198678773649 ], [ 128.73761754576023, 36.263140616147624 ], [ 128.738518580810563, 36.263968410709829 ], [ 128.739536687415807, 36.264900866172056 ], [ 128.74040567263296, 36.265714157198104 ], [ 128.741744378096655, 36.267127291235347 ], [ 128.741759572991128, 36.267142734494385 ], [ 128.741769211093469, 36.26712903938455 ], [ 128.741770183800242, 36.267127671695206 ], [ 128.742728217455493, 36.265986062864535 ], [ 128.743657423905574, 36.264742739247104 ], [ 128.744692118942595, 36.263423799820337 ], [ 128.745557671804903, 36.262428456653069 ], [ 128.746530289426289, 36.261246627521956 ], [ 128.746352555596218, 36.259656276764431 ], [ 128.747203904797402, 36.258941871571842 ], [ 128.747233037449149, 36.258917430233844 ], [ 128.747863889281263, 36.257702410841482 ], [ 128.74786949951087, 36.257694861779491 ], [ 128.748242430768443, 36.257193447514695 ], [ 128.749851992896083, 36.255029255094414 ], [ 128.749966316279085, 36.254919478585272 ], [ 128.750461118574776, 36.254444375616856 ], [ 128.750974620417736, 36.253951313000933 ], [ 128.751188994032361, 36.253655712661619 ], [ 128.751127107912254, 36.253115114066816 ], [ 128.751886105042047, 36.252449532892932 ], [ 128.751912878222498, 36.252319114815869 ], [ 128.752007437224762, 36.251858390636251 ], [ 128.752318958350003, 36.251120417410476 ], [ 128.752686107507742, 36.250511257604657 ], [ 128.753219400268364, 36.249626443658492 ], [ 128.75322913875425, 36.249579692210077 ], [ 128.753302064653269, 36.249229407538856 ], [ 128.753401124147473, 36.24834419566622 ], [ 128.753406786151743, 36.248337484542851 ], [ 128.753776957961946, 36.247898895236389 ], [ 128.754297363688238, 36.24765218083283 ], [ 128.754356237893802, 36.24739520243881 ], [ 128.75424377534344, 36.247315241953523 ], [ 128.75427307593597, 36.247277795040304 ], [ 128.754260537296176, 36.247231871608129 ], [ 128.754257842574845, 36.247222007039063 ], [ 128.754268065204315, 36.247155475401037 ], [ 128.754257206009527, 36.247116791980538 ], [ 128.754314732357585, 36.247072256953857 ], [ 128.754369536432961, 36.247054860070946 ], [ 128.754393177683369, 36.247040958502019 ], [ 128.754432673711449, 36.247026819311792 ], [ 128.754486421448377, 36.2469879989454 ], [ 128.754522285765944, 36.246932920249826 ], [ 128.754558497667091, 36.246845138132194 ], [ 128.754560777142615, 36.246842006700952 ], [ 128.754591290807383, 36.246779572254326 ], [ 128.754633418893036, 36.246720883671358 ], [ 128.754683143508828, 36.246655812305264 ], [ 128.754708826995227, 36.246597396175034 ], [ 128.754715243611486, 36.246584143915385 ], [ 128.754753520648478, 36.246532981280531 ], [ 128.754762214432503, 36.246506702528762 ], [ 128.754824967289323, 36.246402537373577 ], [ 128.754848914447848, 36.246400955590111 ], [ 128.754866763832013, 36.246364268952242 ], [ 128.7549442126369, 36.246306355982554 ], [ 128.754985336746785, 36.24625898412917 ], [ 128.754982346908264, 36.246254508074109 ] ] ] } },
{ "type": "Feature", "properties": { "spatial_region": "금성면", "facility_count": 0, "total_capacity": 0.0, "area_km2": 73.62, "facilities_per_km2": 0.0, "population_status": "AVAILABLE", "emd_code": "4773037000", "emd_name": "금성면", "total_population": 3988, "youth_population": 321, "youth_ratio": 8.0491474423269818, "elderly_population": 2154, "elderly_ratio": 54.012036108324978, "population_change": -80, "year": 2025 }, "geometry": { "type": "Polygon", "coordinates": [ [ [ 128.726761559542297, 36.302837618041174 ], [ 128.726815325750351, 36.302516254837727 ], [ 128.726852119470266, 36.302310546024735 ], [ 128.72684069192448, 36.302292802589449 ], [ 128.726685489879117, 36.302051975277529 ], [ 128.726655636604221, 36.302005658134171 ], [ 128.726495241444212, 36.301097314941501 ], [ 128.726491409728766, 36.301075641771781 ], [ 128.726356867574282, 36.300313691276379 ], [ 128.726271804333663, 36.299763829944112 ], [ 128.726791249741808, 36.29920916765132 ], [ 128.726786284558131, 36.299186897101478 ], [ 128.726626477099472, 36.298470785720845 ], [ 128.727254098933344, 36.297910196799037 ], [ 128.727287547371361, 36.297880038911934 ], [ 128.727350010405274, 36.297823732207576 ], [ 128.727419241196031, 36.297761321968665 ], [ 128.727432620859304, 36.297710967653224 ], [ 128.727440043941186, 36.297683039069916 ], [ 128.727440755029704, 36.297673893721225 ], [ 128.727486639751277, 36.297086294216726 ], [ 128.72777767864136, 36.296740132518337 ], [ 128.727815583041121, 36.295720822072028 ], [ 128.727796557008531, 36.295309804185337 ], [ 128.727769281574922, 36.294720441772526 ], [ 128.728221713668347, 36.294509699083626 ], [ 128.728372450208667, 36.29406449972862 ], [ 128.728783943844917, 36.29284916016902 ], [ 128.728460303433252, 36.292001203444784 ], [ 128.728459752236603, 36.291977284842069 ], [ 128.728450143984759, 36.29155908786047 ], [ 128.728664601796112, 36.290682673985657 ], [ 128.728755261882213, 36.290371666850916 ], [ 128.728810936155099, 36.29013368368981 ], [ 128.728841735855781, 36.290086216599889 ], [ 128.729040052878304, 36.289780555299977 ], [ 128.729521267844916, 36.289513513140307 ], [ 128.729892705672484, 36.289061567676079 ], [ 128.730953662159493, 36.288276763351384 ], [ 128.732292990479067, 36.28815391763208 ], [ 128.733591894259462, 36.287907918996623 ], [ 128.733944220527775, 36.287753118699911 ], [ 128.734752493081857, 36.287403598480537 ], [ 128.73507663791159, 36.287380818193945 ], [ 128.735366461159629, 36.287329537381744 ], [ 128.736630538570807, 36.287125035728991 ], [ 128.736845751705886, 36.287012909482215 ], [ 128.737201728535808, 36.286861766421616 ], [ 128.738738887773536, 36.286278754360104 ], [ 128.741158772378384, 36.285700756290829 ], [ 128.742528747130223, 36.284841380197896 ], [ 128.744247663429547, 36.284502144859388 ], [ 128.744371255315883, 36.284466714795045 ], [ 128.745559182255647, 36.284126200647727 ], [ 128.746029925337893, 36.283731506813233 ], [ 128.746891515705471, 36.283595607321068 ], [ 128.747882769871325, 36.283282993356451 ], [ 128.748768869420559, 36.282716655263279 ], [ 128.748563377976865, 36.280448763224612 ], [ 128.747976913732913, 36.279675631058652 ], [ 128.747968989386806, 36.279665178558744 ], [ 128.747463346183252, 36.27910368678171 ], [ 128.746540874873574, 36.278494767918254 ], [ 128.746425077653583, 36.27785482492142 ], [ 128.746244786587539, 36.27748090871642 ], [ 128.74569552196553, 36.27680230651832 ], [ 128.745018645936199, 36.276064589879304 ], [ 128.745016722181816, 36.276064072079386 ], [ 128.744890781071348, 36.27520255856021 ], [ 128.744749981902032, 36.27396457028042 ], [ 128.744736077657706, 36.273907864965025 ], [ 128.744394870251568, 36.272516154194882 ], [ 128.745053117306242, 36.272102049146937 ], [ 128.744631061268791, 36.270546762480137 ], [ 128.744345747982038, 36.26941970461715 ], [ 128.744326624925293, 36.26931901918686 ], [ 128.744204142726176, 36.268673976056334 ], [ 128.744313939348132, 36.267869291780976 ], [ 128.743638208959851, 36.268059537129808 ], [ 128.743212519484644, 36.268055392493835 ], [ 128.74275618229359, 36.267703602014862 ], [ 128.74198455597346, 36.267600736423489 ], [ 128.741765368800515, 36.267153462169532 ], [ 128.741762600812478, 36.267145832133593 ], [ 128.741759572991128, 36.267142734494385 ], [ 128.741744378096655, 36.267127291235347 ], [ 128.74040567263296, 36.265714157198104 ], [ 128.739536687415807, 36.264900866172056 ], [ 128.738518580810563, 36.263968410709829 ], [ 128.73761754576023, 36.263140616147624 ], [ 128.736697956095838, 36.26198678773649 ], [ 128.736514603276532, 36.261954065219321 ], [ 128.732524907898295, 36.261241930028433 ], [ 128.732202511869872, 36.260685948098732 ], [ 128.732188446875, 36.260676147581997 ], [ 128.731727449207369, 36.260353863175816 ], [ 128.730856074038599, 36.260118650089581 ], [ 128.729891828680309, 36.26002009195907 ], [ 128.729871150164229, 36.260017936234362 ], [ 128.729049855007503, 36.259572018281318 ], [ 128.728819414774136, 36.258388001688715 ], [ 128.728682106383218, 36.257724965348018 ], [ 128.728490107476432, 36.257565026404457 ], [ 128.727004266818284, 36.256983443374459 ], [ 128.726743431541621, 36.256861274589617 ], [ 128.725946350242367, 36.256711394463238 ], [ 128.725398090940303, 36.256236529964703 ], [ 128.724619164681656, 36.255945268727771 ], [ 128.724588021411108, 36.255916629038765 ], [ 128.724554571230925, 36.255885875225118 ], [ 128.724551182968241, 36.255881181212366 ], [ 128.72394943339026, 36.255049559672408 ], [ 128.723940534226017, 36.255030046362386 ], [ 128.723707842083201, 36.254517109643324 ], [ 128.723378099267421, 36.253802144130425 ], [ 128.723367388733038, 36.253778931698008 ], [ 128.723008296838117, 36.253482020478266 ], [ 128.722930816421695, 36.253417954970857 ], [ 128.722649207660083, 36.253185108177732 ], [ 128.72254121297351, 36.253094557506913 ], [ 128.721864263310664, 36.252526959779402 ], [ 128.720592541886219, 36.251437428610217 ], [ 128.720322847155188, 36.250271100614953 ], [ 128.720110411842512, 36.249263758766702 ], [ 128.720196356263813, 36.248584817064717 ], [ 128.720208618335164, 36.248584431347545 ], [ 128.720240526479643, 36.248451130622698 ], [ 128.720260981448803, 36.248399856081456 ], [ 128.720257948519276, 36.248352040958757 ], [ 128.720408894252898, 36.248137165076329 ], [ 128.720431067871175, 36.248099898994084 ], [ 128.720431201643265, 36.247984853713128 ], [ 128.720409762481722, 36.247894693608686 ], [ 128.72039794621756, 36.247817217792473 ], [ 128.720383001735513, 36.247690565832123 ], [ 128.720403048752218, 36.247656818398767 ], [ 128.720396633288004, 36.247593539959979 ], [ 128.720456326122672, 36.247521116566269 ], [ 128.720420153123939, 36.247276575447763 ], [ 128.720414366214584, 36.247171366222581 ], [ 128.720305063812589, 36.246864984961356 ], [ 128.720105345940965, 36.246440335387163 ], [ 128.71948899711964, 36.245741662312703 ], [ 128.718593418938781, 36.244726414682923 ], [ 128.717391953143903, 36.243859337607056 ], [ 128.717476672297977, 36.243686871104174 ], [ 128.717489766129034, 36.243650097663377 ], [ 128.71748404345584, 36.24364207251768 ], [ 128.717471834567817, 36.243578762109344 ], [ 128.717477265920166, 36.24355967882623 ], [ 128.717483109076539, 36.243546697563687 ], [ 128.717508836617668, 36.243489614291853 ], [ 128.71755300831714, 36.243435954240297 ], [ 128.717600814403397, 36.24339555927255 ], [ 128.717649497551207, 36.243327959496057 ], [ 128.717715835601581, 36.243294367353968 ], [ 128.71777292505692, 36.243209430578958 ], [ 128.717741514956174, 36.24316127770539 ], [ 128.717746751125503, 36.243085356007434 ], [ 128.717608315028741, 36.24287494264081 ], [ 128.717603203326433, 36.242867180294041 ], [ 128.717621041384774, 36.242727439311587 ], [ 128.717543779071264, 36.242656422586684 ], [ 128.71746810671695, 36.242622601624426 ], [ 128.717361456929495, 36.24257492788891 ], [ 128.717336709152448, 36.24255500692972 ], [ 128.717208272734581, 36.242483877456067 ], [ 128.717123432636896, 36.242434993661014 ], [ 128.717046560040217, 36.242388652074133 ], [ 128.716936251735149, 36.242322278616697 ], [ 128.716863624719849, 36.242301693957764 ], [ 128.716858579160345, 36.242300267089597 ], [ 128.716760975810018, 36.242178680850763 ], [ 128.716700834697235, 36.242108046770888 ], [ 128.716566387108571, 36.242001512632832 ], [ 128.716234819728697, 36.241937296980105 ], [ 128.716225190134111, 36.24193297535389 ], [ 128.71600780795427, 36.24183547099878 ], [ 128.715950712056753, 36.241796511563464 ], [ 128.715949132569278, 36.241790325642164 ], [ 128.715867614973405, 36.241470740912412 ], [ 128.715883352643516, 36.241303626056421 ], [ 128.715880068400566, 36.24129817503897 ], [ 128.715833978685453, 36.241221617200587 ], [ 128.715832098861426, 36.241218485588853 ], [ 128.715365537369053, 36.240982926636626 ], [ 128.715168737104364, 36.240843420511837 ], [ 128.715164934113517, 36.240836859771377 ], [ 128.715113737153303, 36.240748637063113 ], [ 128.715077949892986, 36.240717856925073 ], [ 128.714961871685489, 36.240617997685355 ], [ 128.714719113626302, 36.240394101604352 ], [ 128.714714222294845, 36.240387042587002 ], [ 128.714662962995021, 36.2403130583102 ], [ 128.714655701725178, 36.240038115314263 ], [ 128.714643045437469, 36.240018871633524 ], [ 128.71463988529905, 36.239997758221335 ], [ 128.714640147693785, 36.239983790427502 ], [ 128.714637477082078, 36.239950485107222 ], [ 128.71471264878906, 36.23990712887705 ], [ 128.714706921898625, 36.239897364290563 ], [ 128.714638622522642, 36.239941457943694 ], [ 128.714588716510775, 36.239816884146933 ], [ 128.714480291496102, 36.23970857160635 ], [ 128.714147487533296, 36.239486828442438 ], [ 128.714050870349553, 36.239295472293776 ], [ 128.713927265158816, 36.239143721531349 ], [ 128.713887385138833, 36.239094754219479 ], [ 128.713816658171339, 36.239030266361532 ], [ 128.713815161362845, 36.239028901967977 ], [ 128.713788032799471, 36.238976171274395 ], [ 128.71374103416656, 36.238929998505029 ], [ 128.713707885341591, 36.238865673039697 ], [ 128.713679658281421, 36.238748468636444 ], [ 128.713692283802288, 36.238606012051449 ], [ 128.713666216541412, 36.238455000231966 ], [ 128.713644924793044, 36.238357782838911 ], [ 128.7136442792943, 36.23835482538685 ], [ 128.713548678991401, 36.238217542577139 ], [ 128.713485626490836, 36.238153712828037 ], [ 128.713414525562087, 36.238097478714252 ], [ 128.713335868010375, 36.238054266562791 ], [ 128.713333114716534, 36.238052754946921 ], [ 128.713328545975315, 36.238033647752872 ], [ 128.713281409809781, 36.238022143200936 ], [ 128.713246398529179, 36.238041128021777 ], [ 128.71319907472261, 36.238032254456805 ], [ 128.713124483992914, 36.237966134732311 ], [ 128.713065382352738, 36.237847467927871 ], [ 128.713001596107375, 36.237738279316694 ], [ 128.712919653645997, 36.237711244322597 ], [ 128.712723796170593, 36.237727155434072 ], [ 128.712593104577678, 36.237773377357684 ], [ 128.712441707044064, 36.237865861215873 ], [ 128.712285089790441, 36.237871304459219 ], [ 128.712227929514739, 36.237857143792674 ], [ 128.712168647744875, 36.237899473497173 ], [ 128.712105110689265, 36.237985617692793 ], [ 128.712021643207891, 36.238067505087905 ], [ 128.711942286841349, 36.238072233575409 ], [ 128.711839285252978, 36.238045399214265 ], [ 128.711758850896757, 36.238031749731036 ], [ 128.711653612478642, 36.238017229044814 ], [ 128.711603599847365, 36.238019577148556 ], [ 128.711524489596286, 36.238093228873851 ], [ 128.711421365651375, 36.23816580399086 ], [ 128.711383759770655, 36.238206437541294 ], [ 128.711313793037903, 36.238244054730373 ], [ 128.711310869393344, 36.238264567708143 ], [ 128.711080077460593, 36.238404394968377 ], [ 128.711005870034086, 36.238376386132018 ], [ 128.710935397742332, 36.238337085412901 ], [ 128.710915140158562, 36.238249918305137 ], [ 128.710920932910625, 36.238205647957159 ], [ 128.710870963009484, 36.238187394683166 ], [ 128.710855085848351, 36.238185112159719 ], [ 128.71070578710453, 36.238148656821004 ], [ 128.710507598875125, 36.238147697394581 ], [ 128.710397675620527, 36.238103587196434 ], [ 128.710150622954444, 36.238074355157501 ], [ 128.709996242734405, 36.238091354089846 ], [ 128.709974227925414, 36.238115245042366 ], [ 128.709923485090826, 36.238101504445531 ], [ 128.709876429839539, 36.2380893048351 ], [ 128.709848658035867, 36.238084767252872 ], [ 128.709679736792339, 36.238141058210751 ], [ 128.709600399869004, 36.238158455905435 ], [ 128.709547119863828, 36.238129983536084 ], [ 128.70953109140433, 36.238132503803797 ], [ 128.709388894285524, 36.238154902762702 ], [ 128.709306756423672, 36.238156684836184 ], [ 128.709084295349186, 36.238077909215832 ], [ 128.709023455686236, 36.238033250813643 ], [ 128.709007424810494, 36.238021487163962 ], [ 128.708963345504827, 36.237936126955212 ], [ 128.708965828947584, 36.237899562787163 ], [ 128.708943906308775, 36.23783892227069 ], [ 128.708939492664143, 36.237817291961377 ], [ 128.708842003609902, 36.237660859529925 ], [ 128.708794149012107, 36.237624469631889 ], [ 128.708723810507166, 36.237573632719695 ], [ 128.708672704376539, 36.237567974366968 ], [ 128.708648434461651, 36.23757306076034 ], [ 128.708609803207708, 36.237607941346589 ], [ 128.708511428615509, 36.237674199236693 ], [ 128.708395064306217, 36.23775875217197 ], [ 128.708380256444826, 36.237785949823731 ], [ 128.708307358542044, 36.237842627228666 ], [ 128.708224825653673, 36.23785792542337 ], [ 128.708208762388637, 36.237860832939973 ], [ 128.708204860593327, 36.237845178739953 ], [ 128.708183531847197, 36.237759720802394 ], [ 128.708162312874123, 36.237674668663956 ], [ 128.708134298093029, 36.237613147922545 ], [ 128.708103193505764, 36.237583656859215 ], [ 128.708013400339723, 36.237532492458932 ], [ 128.707972578883982, 36.237534221743985 ], [ 128.707955066492985, 36.237534962818998 ], [ 128.70791766083218, 36.237536520226968 ], [ 128.707843728552461, 36.237539574081815 ], [ 128.707746421765762, 36.237564081887349 ], [ 128.707662259664716, 36.237556999178437 ], [ 128.707506205039465, 36.237522181446593 ], [ 128.707422510170034, 36.237470553956001 ], [ 128.707377781959281, 36.2374580076185 ], [ 128.707299804943204, 36.237450966893114 ], [ 128.707214109835661, 36.237422575997407 ], [ 128.707117332732565, 36.237385893876372 ], [ 128.706931095124105, 36.237363861100249 ], [ 128.706830943076682, 36.237334307854645 ], [ 128.706735618658172, 36.23731967207987 ], [ 128.706664285573765, 36.237320839112613 ], [ 128.706647427680537, 36.237310226630335 ], [ 128.70662061501838, 36.23729330832878 ], [ 128.706495358783087, 36.237274795581449 ], [ 128.706422559942524, 36.23728415066261 ], [ 128.706347669159413, 36.237284777032102 ], [ 128.706338402375167, 36.23728485330529 ], [ 128.706280953171159, 36.237238462575988 ], [ 128.706279065478384, 36.2372020408799 ], [ 128.706085524662683, 36.237090032104653 ], [ 128.705953349581335, 36.237083352341806 ], [ 128.705895873344616, 36.237135857818721 ], [ 128.705850506488161, 36.237269428081561 ], [ 128.70581384075939, 36.237316758037551 ], [ 128.705803847015602, 36.237362180291221 ], [ 128.705790715673174, 36.237390021609343 ], [ 128.705738536126631, 36.237397723980294 ], [ 128.705534832018202, 36.237429293624736 ], [ 128.705477901457925, 36.237419528104951 ], [ 128.70546528703801, 36.23740759219487 ], [ 128.705290471527945, 36.237368642774982 ], [ 128.705093653419254, 36.237285219006921 ], [ 128.705049466966045, 36.237214744728732 ], [ 128.704946909927884, 36.237153597283069 ], [ 128.70487593545829, 36.23714231872183 ], [ 128.704768383221591, 36.237087232752685 ], [ 128.704645328617318, 36.237039750310167 ], [ 128.704589475159935, 36.236992353396673 ], [ 128.704456655539815, 36.236938520184729 ], [ 128.704206880060354, 36.236836696387989 ], [ 128.704256904812695, 36.236822185355784 ], [ 128.704130369408517, 36.236780488380681 ], [ 128.703514506064437, 36.236574125115162 ], [ 128.703196951724834, 36.236464019705394 ], [ 128.703216693931836, 36.236315471891757 ], [ 128.703299335308401, 36.236206976464878 ], [ 128.703431268716741, 36.236030681164358 ], [ 128.703568051269571, 36.235581770105242 ], [ 128.703669263561181, 36.235187094001702 ], [ 128.703691811501415, 36.235105033774303 ], [ 128.703766544402527, 36.234740571605791 ], [ 128.703807783564002, 36.234546107475097 ], [ 128.70399572397676, 36.234187090515768 ], [ 128.704271769720151, 36.233667519942713 ], [ 128.704289844092784, 36.233641511452966 ], [ 128.704308416875335, 36.233619009824501 ], [ 128.704447896949887, 36.233422040747222 ], [ 128.704535396834615, 36.233298245257082 ], [ 128.704804664178653, 36.232931110753555 ], [ 128.704969052778978, 36.232715070543208 ], [ 128.705299783009366, 36.23214193105418 ], [ 128.705213231707148, 36.231920555865287 ], [ 128.704963294127111, 36.231653482059052 ], [ 128.704934046190402, 36.231622237431111 ], [ 128.704850922432144, 36.231533417428061 ], [ 128.705204459343321, 36.231314970776459 ], [ 128.704779377515848, 36.229074343693121 ], [ 128.704654254505698, 36.228647383003192 ], [ 128.70563259849888, 36.228140408071305 ], [ 128.705751561094047, 36.228021528737379 ], [ 128.706387332089122, 36.227386218085485 ], [ 128.706394838930919, 36.227350973021274 ], [ 128.70648934611512, 36.226907631143135 ], [ 128.706616982419263, 36.226044659360134 ], [ 128.707297860490769, 36.225113711018551 ], [ 128.706762587045205, 36.224002406363702 ], [ 128.708213280436041, 36.22265772553618 ], [ 128.709001215688005, 36.22231227171951 ], [ 128.709988846690436, 36.221668473258433 ], [ 128.710005220137276, 36.221644000736902 ], [ 128.710460495866585, 36.220963627873573 ], [ 128.710682477699351, 36.220290716148078 ], [ 128.710697834704803, 36.219281518074283 ], [ 128.710712199332136, 36.218729735302091 ], [ 128.709281695484378, 36.21855533118643 ], [ 128.708204270944577, 36.218769279139217 ], [ 128.706814525405406, 36.218789602804407 ], [ 128.706395779928641, 36.218071267567453 ], [ 128.706017154116978, 36.217267930308125 ], [ 128.706349629526869, 36.216311216261353 ], [ 128.706273903195324, 36.214635902673152 ], [ 128.705955545287111, 36.214483978050559 ], [ 128.705617639697465, 36.21432271296672 ], [ 128.704118409549778, 36.214042863095905 ], [ 128.703723280315359, 36.213826090233916 ], [ 128.703407413817331, 36.213652788747744 ], [ 128.70292465659756, 36.213368538992491 ], [ 128.702216621966926, 36.212951636442376 ], [ 128.701957710966838, 36.212869016316645 ], [ 128.701217279562343, 36.21263275188376 ], [ 128.701213577074242, 36.212626740653725 ], [ 128.700967458128275, 36.212226804581846 ], [ 128.700974244068192, 36.211827710512324 ], [ 128.700978559709682, 36.211574432179233 ], [ 128.700540190751013, 36.210780110046692 ], [ 128.700251185570011, 36.21025640289561 ], [ 128.700244358946264, 36.21022123919829 ], [ 128.700236267516487, 36.210179511633939 ], [ 128.700284684882007, 36.209236535220285 ], [ 128.70034119179391, 36.209200449451188 ], [ 128.700136549164711, 36.209089258898508 ], [ 128.69989946834167, 36.208853702751391 ], [ 128.699885632325589, 36.208839852600867 ], [ 128.697898936736266, 36.210213835225794 ], [ 128.697779966571431, 36.210341511775496 ], [ 128.697810298001485, 36.210745818680884 ], [ 128.698125922863852, 36.211367378509308 ], [ 128.698068888075994, 36.211666303670413 ], [ 128.6977892762593, 36.21166789255458 ], [ 128.697352682321764, 36.211670379708629 ], [ 128.696960609573978, 36.211872403420664 ], [ 128.696254781344152, 36.212768950023452 ], [ 128.69498231663718, 36.213140621150217 ], [ 128.694208393778979, 36.213963308567841 ], [ 128.693383014890202, 36.213870941302496 ], [ 128.693080469441213, 36.213837088342054 ], [ 128.692755523880493, 36.21360294999922 ], [ 128.692291363218317, 36.213268608138918 ], [ 128.692053613794968, 36.212982532108043 ], [ 128.691589091586536, 36.21254131419402 ], [ 128.691176478098356, 36.212578113230791 ], [ 128.690174401420961, 36.212187223344245 ], [ 128.689294469253639, 36.212589539604451 ], [ 128.689063038515656, 36.212608347396333 ], [ 128.688781558236883, 36.212687376819481 ], [ 128.688463083070673, 36.213214850110177 ], [ 128.688410539557509, 36.213320332375623 ], [ 128.688351854277585, 36.213434918609622 ], [ 128.68798164212555, 36.213757972999332 ], [ 128.686664262305186, 36.213998728983199 ], [ 128.685657032969942, 36.214182748181472 ], [ 128.685110488561037, 36.214755706251609 ], [ 128.68477440023193, 36.214705801546707 ], [ 128.684282378144729, 36.214723549728049 ], [ 128.683854099870871, 36.21473899580829 ], [ 128.683572060594742, 36.214854068112651 ], [ 128.6834483235059, 36.214904557562612 ], [ 128.682712251640567, 36.21529428420353 ], [ 128.681977468974338, 36.215247481590588 ], [ 128.681528451380245, 36.214786422047709 ], [ 128.680621634654557, 36.214564536217935 ], [ 128.680087874232868, 36.214318773008266 ], [ 128.679900799762095, 36.214236559458669 ], [ 128.67979586655207, 36.214216487297747 ], [ 128.67929400026506, 36.214058915767772 ], [ 128.678655635172674, 36.213855941486365 ], [ 128.678116968238953, 36.213645816401353 ], [ 128.677977117134418, 36.213566196688674 ], [ 128.677792279387205, 36.213492709423129 ], [ 128.676992702441595, 36.213532530795028 ], [ 128.676176063721158, 36.212718304214384 ], [ 128.67553029073278, 36.212694567193267 ], [ 128.674847959754061, 36.212720076179743 ], [ 128.674713001893252, 36.212269814869806 ], [ 128.673890865166555, 36.211937731260548 ], [ 128.673318178859347, 36.211022975727836 ], [ 128.673098183056084, 36.210232072064727 ], [ 128.672776509122485, 36.210153506323223 ], [ 128.672754307055413, 36.2101309515946 ], [ 128.672610506217751, 36.210001442777845 ], [ 128.672655966847799, 36.209852447436617 ], [ 128.672666090682867, 36.209742421676445 ], [ 128.672641954116557, 36.209549671487885 ], [ 128.672617930583101, 36.209329930895137 ], [ 128.672610668235933, 36.20926633183624 ], [ 128.672569370128656, 36.209108915266647 ], [ 128.672473780164296, 36.20876359507217 ], [ 128.67242143704749, 36.208622883217949 ], [ 128.672108339577875, 36.208224244780581 ], [ 128.672084605911607, 36.208206462026503 ], [ 128.672012518060342, 36.208152471448173 ], [ 128.671980924427316, 36.208155457543342 ], [ 128.671896665454966, 36.208150602439304 ], [ 128.671932710037879, 36.208335256851093 ], [ 128.671899981997683, 36.208343565847443 ], [ 128.671861253802945, 36.208353399349697 ], [ 128.671808276864709, 36.208366798362988 ], [ 128.671757526595457, 36.208379563640285 ], [ 128.671693262759334, 36.208472461723233 ], [ 128.671551076558529, 36.208523726206657 ], [ 128.671488943873499, 36.20854594954691 ], [ 128.671380648854836, 36.20854228046538 ], [ 128.671374422012178, 36.208542173172717 ], [ 128.671282025807272, 36.208597467795734 ], [ 128.671113221300715, 36.208716599198056 ], [ 128.671034201198182, 36.2087959653418 ], [ 128.670891342449778, 36.20887205502293 ], [ 128.670667571294103, 36.209019818031415 ], [ 128.670560846893352, 36.209010087525066 ], [ 128.670459039310401, 36.208994683999677 ], [ 128.67033797168267, 36.209010922029563 ], [ 128.670235734354492, 36.209047371718825 ], [ 128.670161583542665, 36.209068732008326 ], [ 128.670029296165467, 36.209134900755885 ], [ 128.669950654106657, 36.209221828223313 ], [ 128.669803965576108, 36.209219466232142 ], [ 128.669715877714708, 36.209246825608645 ], [ 128.669622824873016, 36.209291239731286 ], [ 128.669563505701376, 36.209247331383182 ], [ 128.669513200362218, 36.209254581643187 ], [ 128.669378364068848, 36.209371119231818 ], [ 128.6693791590302, 36.209393525071256 ], [ 128.66926574935647, 36.209576260460118 ], [ 128.668745966772207, 36.210665772467891 ], [ 128.668606056994406, 36.210831959724807 ], [ 128.668323587339017, 36.211232934078438 ], [ 128.668310675857668, 36.211259294042968 ], [ 128.668241319826194, 36.211295346888257 ], [ 128.668185806026941, 36.211324192659418 ], [ 128.668057481756506, 36.211479840534572 ], [ 128.667937910846433, 36.211548547667107 ], [ 128.667890654345484, 36.211531410476788 ], [ 128.667410914229038, 36.212153642897334 ], [ 128.667662235070367, 36.213055878064942 ], [ 128.667687165356369, 36.213344518093791 ], [ 128.667704602228127, 36.213546298409099 ], [ 128.667533375783933, 36.214721064278812 ], [ 128.6661339730517, 36.215452937831465 ], [ 128.665845054924887, 36.215565371595979 ], [ 128.66536132472163, 36.215753597581191 ], [ 128.665875549682568, 36.216888180037316 ], [ 128.665424462453473, 36.217175529599423 ], [ 128.664549931200156, 36.217702340018924 ], [ 128.66453868989035, 36.218306106059877 ], [ 128.66464139065269, 36.218961488550868 ], [ 128.662453175998309, 36.219028279033353 ], [ 128.662389585512159, 36.220112573235575 ], [ 128.662500048349784, 36.220390741130245 ], [ 128.661871016866371, 36.220625475085207 ], [ 128.661697564965863, 36.220698943412877 ], [ 128.66156157114554, 36.220757017418698 ], [ 128.661452340581945, 36.220803848366593 ], [ 128.661183699731822, 36.220950807853782 ], [ 128.660923076453457, 36.221051657630987 ], [ 128.660267794578942, 36.221241140762494 ], [ 128.659755356850923, 36.221380282261016 ], [ 128.659045034591429, 36.220238363647525 ], [ 128.658267767746423, 36.220265551911197 ], [ 128.656993183727934, 36.220141508810634 ], [ 128.655857625372789, 36.220118768988549 ], [ 128.655809671281986, 36.220118062737342 ], [ 128.655668200092776, 36.220115968801402 ], [ 128.655712454585057, 36.219991930710265 ], [ 128.655776943444721, 36.219831588033578 ], [ 128.655866460896902, 36.21906325758755 ], [ 128.655851549563266, 36.219022165311721 ], [ 128.655608838889663, 36.218353267610219 ], [ 128.65559634043575, 36.218350248548795 ], [ 128.654339320146988, 36.218044755308881 ], [ 128.653030955292678, 36.217131273548823 ], [ 128.652031637643091, 36.217087716143446 ], [ 128.651456872227357, 36.21755756631817 ], [ 128.650435092526834, 36.217504809830345 ], [ 128.64992343854405, 36.217699073484638 ], [ 128.649920842884711, 36.217700048157141 ], [ 128.649145417260229, 36.217986292841054 ], [ 128.649050573360057, 36.218033362109601 ], [ 128.648993026832756, 36.218039185545692 ], [ 128.648701222926036, 36.218068452523852 ], [ 128.647959574234022, 36.217161162713246 ], [ 128.647362438098099, 36.216711100250421 ], [ 128.6474289741316, 36.216326633034193 ], [ 128.647501493236888, 36.215939579010509 ], [ 128.647108396825161, 36.215568567158535 ], [ 128.647017879990528, 36.215497456525732 ], [ 128.646404498490455, 36.214757896718133 ], [ 128.645696476120975, 36.214519952479726 ], [ 128.645399205113279, 36.214256317280551 ], [ 128.645249759563967, 36.214173341521082 ], [ 128.645155429581649, 36.214114924909339 ], [ 128.644941211490618, 36.213957002141669 ], [ 128.644650279325248, 36.213736046318139 ], [ 128.644593848264094, 36.213727055401968 ], [ 128.644531915765839, 36.213717318087234 ], [ 128.644513879905276, 36.213714380484909 ], [ 128.644333460142093, 36.213666664900671 ], [ 128.644205906985746, 36.213685497586191 ], [ 128.644036237218558, 36.21358978919487 ], [ 128.643908473171535, 36.213061003404171 ], [ 128.643771796485538, 36.212961283769012 ], [ 128.642540898941633, 36.212112515949805 ], [ 128.642401474259657, 36.21187504849248 ], [ 128.642364387133227, 36.211806861261039 ], [ 128.642285922511576, 36.211660317464684 ], [ 128.641992572079943, 36.210913899484453 ], [ 128.641922859284165, 36.210736092366652 ], [ 128.641233580801412, 36.209755524454195 ], [ 128.640751577188126, 36.209150626095102 ], [ 128.639437090772361, 36.20751516748102 ], [ 128.639411649424858, 36.207483512775624 ], [ 128.638286946760132, 36.207946309564221 ], [ 128.63783141721953, 36.208272338232668 ], [ 128.637334528724665, 36.208430176167028 ], [ 128.636332126169322, 36.208748559125034 ], [ 128.635628314179371, 36.208938282474229 ], [ 128.635410830161476, 36.208996897848387 ], [ 128.634872934748046, 36.210892303432956 ], [ 128.634563998644438, 36.212080585986442 ], [ 128.6345615649536, 36.212089743633776 ], [ 128.634526849659864, 36.212186677403473 ], [ 128.634631284175782, 36.2122485578804 ], [ 128.634718564221885, 36.21234758684524 ], [ 128.63469379478471, 36.212396031038423 ], [ 128.634693276704581, 36.21244509026365 ], [ 128.634755358771883, 36.212562912904119 ], [ 128.634724986075639, 36.212637222124243 ], [ 128.634728478565791, 36.212689528911277 ], [ 128.634758689324286, 36.212766718329583 ], [ 128.634611023995205, 36.212791399984269 ], [ 128.634561606061425, 36.212836082719207 ], [ 128.634540342694777, 36.21285523992254 ], [ 128.634516778176931, 36.212855158661938 ], [ 128.634430816017016, 36.213031086808179 ], [ 128.634397021073056, 36.213180851128243 ], [ 128.634350387501229, 36.213324556101043 ], [ 128.634336909453253, 36.213393509892285 ], [ 128.634310820222595, 36.213671969773685 ], [ 128.633528972592472, 36.214226585329691 ], [ 128.633102160010537, 36.214793932389895 ], [ 128.632079100043256, 36.215901730062491 ], [ 128.631815203397764, 36.216214204893781 ], [ 128.632027787451875, 36.216578167008542 ], [ 128.63202371595645, 36.216864633666859 ], [ 128.63383873294174, 36.217415118371278 ], [ 128.634552324792196, 36.218125364091392 ], [ 128.634895020725679, 36.218471524876563 ], [ 128.635118681118712, 36.219197820582444 ], [ 128.635820151282473, 36.220790880679012 ], [ 128.635893938611133, 36.221387450083625 ], [ 128.636028569016361, 36.222566526556385 ], [ 128.636272976937875, 36.223827711601153 ], [ 128.634598767296808, 36.224685280518401 ], [ 128.633249044754081, 36.225039627745851 ], [ 128.632905257749144, 36.225511837558564 ], [ 128.634455389795505, 36.226003811454341 ], [ 128.636407180595967, 36.227022591442825 ], [ 128.636447316301854, 36.227057472717014 ], [ 128.637069894819206, 36.227598605302163 ], [ 128.637170564623233, 36.227973418643572 ], [ 128.63717900250964, 36.228415666408338 ], [ 128.637034573999671, 36.229553724597629 ], [ 128.637022791852587, 36.229585482626412 ], [ 128.636948410240933, 36.229772694149879 ], [ 128.636811000047544, 36.229845821422821 ], [ 128.636129700284528, 36.22999051970492 ], [ 128.635273200431641, 36.230177286213859 ], [ 128.634918419407541, 36.230488434481011 ], [ 128.634452786886044, 36.231148181603743 ], [ 128.635060956991992, 36.231415057732633 ], [ 128.635931380339912, 36.232089942860732 ], [ 128.636109993965619, 36.232227811344274 ], [ 128.636651982334683, 36.23310042675061 ], [ 128.636503761974154, 36.233425528708693 ], [ 128.636401583391915, 36.233649711794556 ], [ 128.63593580859748, 36.234259754397655 ], [ 128.635731698513723, 36.234527179811103 ], [ 128.635449891352238, 36.234896255429206 ], [ 128.635205611021036, 36.235299293820098 ], [ 128.635254734371955, 36.235649933856713 ], [ 128.634310624046691, 36.236400685125886 ], [ 128.634680334518094, 36.236883899960446 ], [ 128.634800211696927, 36.237312033732117 ], [ 128.634643819513258, 36.237456582343718 ], [ 128.634011650204798, 36.237860834410917 ], [ 128.633503306848269, 36.238341884596963 ], [ 128.633125702576507, 36.238661725355207 ], [ 128.633699918322151, 36.238895421117178 ], [ 128.634623423110895, 36.239481702380218 ], [ 128.635742929673853, 36.24035575684664 ], [ 128.636445726682609, 36.240377990519107 ], [ 128.637457386000534, 36.240782452110871 ], [ 128.638427599108724, 36.24100530750426 ], [ 128.639341268652657, 36.241274385991289 ], [ 128.63947486556782, 36.241315550935781 ], [ 128.639455547381488, 36.241393958776861 ], [ 128.6391943739429, 36.24230208664401 ], [ 128.63894041042596, 36.24294609800743 ], [ 128.63887966718724, 36.242755934897083 ], [ 128.638787628700811, 36.242724925480999 ], [ 128.638703220444654, 36.242701482057619 ], [ 128.63870782530617, 36.242720934603774 ], [ 128.638730343450931, 36.242860335256744 ], [ 128.638748169867966, 36.242979832502449 ], [ 128.638788652068655, 36.243042830977224 ], [ 128.638990001992966, 36.24325051570645 ], [ 128.63904976831364, 36.243331920662101 ], [ 128.639056847315743, 36.24335045246626 ], [ 128.639065673055285, 36.243356913668677 ], [ 128.639525680406535, 36.243589379294356 ], [ 128.639756203152842, 36.243664406284232 ], [ 128.639778927510889, 36.243776411293965 ], [ 128.639771786848456, 36.243814681097426 ], [ 128.639784442772026, 36.243818071770114 ], [ 128.639773301995632, 36.243867341972717 ], [ 128.639751518334805, 36.243862644018542 ], [ 128.639763452337746, 36.243945454027099 ], [ 128.639864713313358, 36.244469628495992 ], [ 128.641369533522806, 36.244804830413948 ], [ 128.640744245814631, 36.245563042855764 ], [ 128.640661156076817, 36.245765090464026 ], [ 128.64023829478063, 36.2461121407053 ], [ 128.640046208859104, 36.246504585622766 ], [ 128.639938875480766, 36.247042016733936 ], [ 128.639632472693791, 36.247436197140765 ], [ 128.638783963220789, 36.247691366823766 ], [ 128.638700075895883, 36.247833301500826 ], [ 128.638815655009012, 36.24839566709727 ], [ 128.638748956754284, 36.248694009525622 ], [ 128.638366730847366, 36.249321210369878 ], [ 128.638618981134812, 36.249965493927021 ], [ 128.638651939503063, 36.250946804016273 ], [ 128.638488611982211, 36.25183111879867 ], [ 128.639723869282079, 36.251977067400119 ], [ 128.639846639889413, 36.25248109267433 ], [ 128.640564890604992, 36.253187888936168 ], [ 128.640506481946886, 36.25442040688344 ], [ 128.640034359379456, 36.255692733206658 ], [ 128.640187726880725, 36.256334199744963 ], [ 128.640600255355992, 36.257512949959377 ], [ 128.640351825118444, 36.257770704844653 ], [ 128.640252865396263, 36.257900149498681 ], [ 128.639860997145064, 36.258294468076734 ], [ 128.638986508971044, 36.258566934708291 ], [ 128.638823739987373, 36.258684838874991 ], [ 128.638163799184383, 36.259164230616726 ], [ 128.637702878075117, 36.259832526337043 ], [ 128.637159053739225, 36.259907913478891 ], [ 128.637042326673566, 36.260602712752878 ], [ 128.636137858349997, 36.261506120559609 ], [ 128.635647260169378, 36.261542362726246 ], [ 128.635535394096962, 36.261914461510706 ], [ 128.635334896098129, 36.262579443730424 ], [ 128.635146441063995, 36.263293180358936 ], [ 128.636326621597703, 36.265074471005953 ], [ 128.636309779039095, 36.265171305732444 ], [ 128.636326297174776, 36.265266088474505 ], [ 128.636444945141477, 36.265400177101277 ], [ 128.636392536480173, 36.265733806158238 ], [ 128.636372585935817, 36.26586478621369 ], [ 128.636378059243725, 36.265879519230452 ], [ 128.636415295236105, 36.265979781292238 ], [ 128.636458004660312, 36.266094776354002 ], [ 128.636522317733409, 36.266276002132059 ], [ 128.636528767536703, 36.266298524336875 ], [ 128.636530303498375, 36.266312821776815 ], [ 128.636530581175435, 36.266315327911208 ], [ 128.636530773013419, 36.266317148885108 ], [ 128.63652102855238, 36.266364133841719 ], [ 128.636520038262034, 36.266368889063443 ], [ 128.636532237031417, 36.266449762347278 ], [ 128.636536652372058, 36.266479028200095 ], [ 128.636541793925403, 36.266696643390425 ], [ 128.636519602375728, 36.266972031084656 ], [ 128.636583966447347, 36.267372127107016 ], [ 128.637386444424266, 36.268812408700619 ], [ 128.637364351778075, 36.268853633612132 ], [ 128.637060227415986, 36.269421146009634 ], [ 128.637116010900797, 36.269513272564254 ], [ 128.636936152945481, 36.269904747690141 ], [ 128.636585468071388, 36.270699710308513 ], [ 128.636650500733793, 36.270741453169428 ], [ 128.636643816207197, 36.270764521057224 ], [ 128.636596786972063, 36.27092679758541 ], [ 128.636297696321833, 36.271741598395735 ], [ 128.636280855780285, 36.271787480204011 ], [ 128.636338529480042, 36.271837113133792 ], [ 128.636541113765674, 36.272011515281577 ], [ 128.636918676797336, 36.272072315902278 ], [ 128.637687406943201, 36.272579651646645 ], [ 128.637741119711677, 36.273593959561701 ], [ 128.637761673681609, 36.273901532183565 ], [ 128.638143506964752, 36.274205453615622 ], [ 128.638609395831679, 36.274631468577866 ], [ 128.639046737441646, 36.27532583905424 ], [ 128.639195218675269, 36.275648425118746 ], [ 128.639205376128558, 36.275755272882918 ], [ 128.639100771661532, 36.276137462292901 ], [ 128.639154048872996, 36.276173770077108 ], [ 128.639347453798564, 36.276305567790622 ], [ 128.639375002289313, 36.276324341694334 ], [ 128.639493468226419, 36.276398912561476 ], [ 128.639517472154949, 36.276414025921085 ], [ 128.639535354195687, 36.276405140322822 ], [ 128.639569041362961, 36.27643706296616 ], [ 128.63934241202054, 36.276551376678455 ], [ 128.639358773263126, 36.276575379607941 ], [ 128.63937248133783, 36.276595490412298 ], [ 128.639246620928446, 36.276688048078618 ], [ 128.639188392501211, 36.276730812980503 ], [ 128.639150106243846, 36.276781325343677 ], [ 128.63916749998296, 36.27678661389821 ], [ 128.639197019290577, 36.276795597975216 ], [ 128.639323754646313, 36.276711252771278 ], [ 128.639338974420724, 36.276726970393511 ], [ 128.639385841171645, 36.27677537053362 ], [ 128.639956964210711, 36.277365217949281 ], [ 128.640061922428998, 36.277890914588276 ], [ 128.640864116498307, 36.278091649915538 ], [ 128.64134451564189, 36.278187360972616 ], [ 128.64157688725706, 36.278233660214603 ], [ 128.641763065676002, 36.27839238657058 ], [ 128.641913711888719, 36.278520816258137 ], [ 128.641949499803673, 36.278551338698399 ], [ 128.642142332043619, 36.278584540971373 ], [ 128.642804373171174, 36.278698545044548 ], [ 128.643200757901013, 36.278533483320977 ], [ 128.643757352348615, 36.278516044381504 ], [ 128.644057223752782, 36.278961754762364 ], [ 128.644542942669744, 36.279465442408394 ], [ 128.644676765383025, 36.279491417236535 ], [ 128.645695895844597, 36.279689261590789 ], [ 128.646384676951754, 36.279773406206544 ], [ 128.647677243448243, 36.279706998974 ], [ 128.647683099301332, 36.279706700883999 ], [ 128.648131581182497, 36.280077177434897 ], [ 128.648718326264373, 36.280161196357042 ], [ 128.648920533923587, 36.280190152778289 ], [ 128.65022040118464, 36.280428068335283 ], [ 128.651636755356861, 36.280271980918037 ], [ 128.651729260433115, 36.280261788770616 ], [ 128.651840928309582, 36.280549402703393 ], [ 128.651975970197668, 36.280999450557182 ], [ 128.651884945744371, 36.282020294234897 ], [ 128.652136788217632, 36.283123840723469 ], [ 128.652209934983887, 36.283342176065425 ], [ 128.652227125952294, 36.28339350343191 ], [ 128.652225377562559, 36.283426175124688 ], [ 128.653420247948986, 36.283538052622241 ], [ 128.655167035037181, 36.283825535632715 ], [ 128.655612478916964, 36.283825725283904 ], [ 128.656014295656433, 36.284695994000963 ], [ 128.655838810100136, 36.285202247600829 ], [ 128.655956707351635, 36.285912420833498 ], [ 128.656005301383175, 36.286320047799322 ], [ 128.656008226941054, 36.286330591045022 ], [ 128.65602393744615, 36.28634727221214 ], [ 128.656362375946998, 36.286790899979138 ], [ 128.657593050785891, 36.287076784940261 ], [ 128.657658175337161, 36.287014403273339 ], [ 128.658392087433185, 36.287486440361754 ], [ 128.658685881715428, 36.288126796153961 ], [ 128.659136443943112, 36.288734526765445 ], [ 128.659259612192869, 36.288900723407551 ], [ 128.659275879720155, 36.288922677638546 ], [ 128.659589117720088, 36.289556445034059 ], [ 128.659876949557543, 36.290396491065081 ], [ 128.6600055113378, 36.290771821003034 ], [ 128.660525573958637, 36.291525194965544 ], [ 128.660787308308642, 36.291729931901067 ], [ 128.661096715077889, 36.291828690105078 ], [ 128.661162376981423, 36.291886372232 ], [ 128.66153690299285, 36.29251470334912 ], [ 128.66155303834114, 36.292541784594427 ], [ 128.661721165654029, 36.292575245568081 ], [ 128.661766790074381, 36.29258432390062 ], [ 128.661785787294747, 36.292588099738389 ], [ 128.662130282577039, 36.293109490819305 ], [ 128.662313538213994, 36.293920116667138 ], [ 128.662071660176963, 36.294117131019092 ], [ 128.661899377571643, 36.29470521988091 ], [ 128.661210418960536, 36.295168774299341 ], [ 128.660822008501157, 36.296205727152376 ], [ 128.661070612679907, 36.296512700700482 ], [ 128.661195269012808, 36.297316636420483 ], [ 128.661260462330233, 36.297337161529661 ], [ 128.66151834529299, 36.29741837023883 ], [ 128.661998814344628, 36.297569682393629 ], [ 128.662630570454155, 36.297900846065488 ], [ 128.663109616064389, 36.298194761207576 ], [ 128.663581416980094, 36.298488852211456 ], [ 128.663685949462405, 36.298492734254296 ], [ 128.664685289430963, 36.299092466751901 ], [ 128.664728856366594, 36.299127915648334 ], [ 128.665271940830308, 36.298919153952014 ], [ 128.665289514645167, 36.298917761479032 ], [ 128.665324194538925, 36.298915011257421 ], [ 128.665749878761886, 36.299402582201481 ], [ 128.665768236142526, 36.299423604162776 ], [ 128.665917643496272, 36.299594733754468 ], [ 128.66660814261067, 36.300638359495842 ], [ 128.666652400746642, 36.300705251727123 ], [ 128.666783730649883, 36.300845437201424 ], [ 128.666905981934832, 36.301015579321124 ], [ 128.666978123033317, 36.301104826568931 ], [ 128.66777218710223, 36.302277297122359 ], [ 128.667425472323345, 36.302746473445751 ], [ 128.667425372385395, 36.302903061825539 ], [ 128.667444876661108, 36.303010509675914 ], [ 128.667478350325808, 36.30309261937856 ], [ 128.667475762432531, 36.303247831009315 ], [ 128.667537221099764, 36.30338335056399 ], [ 128.667638441121625, 36.303910047171442 ], [ 128.667746304282161, 36.304064233388587 ], [ 128.668037270846128, 36.304336678154861 ], [ 128.668116519155205, 36.304360627144099 ], [ 128.668269623087298, 36.304406869793155 ], [ 128.669112602697936, 36.304499144614837 ], [ 128.669248334280155, 36.304630453943453 ], [ 128.669489909998219, 36.305461812403941 ], [ 128.669375560802223, 36.30593804648047 ], [ 128.668975509790869, 36.306731827083674 ], [ 128.669157911368927, 36.307140513435094 ], [ 128.66917025327507, 36.307160265496712 ], [ 128.669509560360012, 36.30770286965344 ], [ 128.669691415397665, 36.307642490925886 ], [ 128.66971661416747, 36.30763412583363 ], [ 128.67001589940557, 36.307534754046237 ], [ 128.6700850995785, 36.307505549474335 ], [ 128.670590610207682, 36.307427510800608 ], [ 128.670898965661735, 36.307091251407051 ], [ 128.671350149517252, 36.306553539949135 ], [ 128.671884872142897, 36.306998529649 ], [ 128.672459940997641, 36.307284254773244 ], [ 128.672708200679324, 36.307756136259314 ], [ 128.672921045753725, 36.307954484702286 ], [ 128.673040639161144, 36.308065937454437 ], [ 128.673596824018574, 36.308301391618798 ], [ 128.673667624669889, 36.308142365779602 ], [ 128.67373196870679, 36.307911128886758 ], [ 128.673657868718209, 36.307738575586633 ], [ 128.673640895357693, 36.307707798901617 ], [ 128.673626861424424, 36.3076823472203 ], [ 128.673680626608189, 36.307624296613312 ], [ 128.673743986371335, 36.307662761333084 ], [ 128.673875236354746, 36.30760958209958 ], [ 128.674009363806192, 36.307603136644808 ], [ 128.674079706538038, 36.307577276254868 ], [ 128.6740752899901, 36.307547083733091 ], [ 128.674061458921727, 36.30755031713074 ], [ 128.674483840041944, 36.306986416865641 ], [ 128.6757903271087, 36.306384589936869 ], [ 128.676138176254312, 36.306339171398825 ], [ 128.676378276724307, 36.306356478260959 ], [ 128.676405486406338, 36.306373034781217 ], [ 128.676882857429803, 36.306663438507897 ], [ 128.676967196534605, 36.306811622771846 ], [ 128.677694252457087, 36.307070447543495 ], [ 128.67844290442784, 36.307220788432957 ], [ 128.678891784489622, 36.306600187915492 ], [ 128.67912342196513, 36.306279939375344 ], [ 128.679009027135294, 36.305702120200408 ], [ 128.679257134992412, 36.30546419329557 ], [ 128.679693792773321, 36.305391788129491 ], [ 128.680734096014874, 36.304745672292512 ], [ 128.681221195715523, 36.304839375780837 ], [ 128.681592275010985, 36.304512205219609 ], [ 128.681718608186401, 36.304400824117927 ], [ 128.681435049703907, 36.303518839480233 ], [ 128.681794934481587, 36.303046602620185 ], [ 128.681826205151424, 36.303009269306429 ], [ 128.68229300769417, 36.302753788715336 ], [ 128.68258526401425, 36.302455386372159 ], [ 128.682800936715353, 36.302475823364503 ], [ 128.682855113686202, 36.302480951265061 ], [ 128.682962885418021, 36.302527613044816 ], [ 128.683685494176814, 36.302840415313547 ], [ 128.684029140630884, 36.303357279771205 ], [ 128.684689312010534, 36.303386660850023 ], [ 128.68591737511241, 36.303441302507629 ], [ 128.685848711987973, 36.302925088566802 ], [ 128.686079985012555, 36.302292909433639 ], [ 128.686157420849952, 36.302250776310601 ], [ 128.686468464584465, 36.302187801769662 ], [ 128.686634607717536, 36.302107800186171 ], [ 128.68666525055923, 36.302093047473811 ], [ 128.686752014262908, 36.302051271958533 ], [ 128.686785390043184, 36.302035201676397 ], [ 128.686839335589298, 36.302009236505448 ], [ 128.686861689334563, 36.301998688456358 ], [ 128.686890501560981, 36.301985093389071 ], [ 128.686902579122261, 36.301971778711973 ], [ 128.687015835630461, 36.301997679112574 ], [ 128.687072765500574, 36.302013157871421 ], [ 128.68710261504026, 36.302021274870278 ], [ 128.687107365667146, 36.302024883063098 ], [ 128.687164554214917, 36.302034171362216 ], [ 128.687210559372318, 36.30202816427677 ], [ 128.68721342218754, 36.302027784294559 ], [ 128.687217514764114, 36.302026136882894 ], [ 128.687253957846167, 36.302011417287403 ], [ 128.687266313684148, 36.302006430194012 ], [ 128.687537171539077, 36.301897107784804 ], [ 128.688069025316054, 36.301721863059299 ], [ 128.688906249420938, 36.301865773999545 ], [ 128.689205803620069, 36.301726423451264 ], [ 128.689595626268101, 36.301545078409575 ], [ 128.689634639289352, 36.301407597224241 ], [ 128.689674737983239, 36.301179126843635 ], [ 128.689579096325701, 36.300822830702494 ], [ 128.68971315462224, 36.30048922150052 ], [ 128.689824036803145, 36.300213308272511 ], [ 128.689643360758254, 36.300027653968932 ], [ 128.689323863884454, 36.299689031424712 ], [ 128.689290249806021, 36.299348991942345 ], [ 128.689269852091087, 36.299142748938074 ], [ 128.689240711600178, 36.298847987314623 ], [ 128.689312234450142, 36.298754622667246 ], [ 128.689776440647279, 36.298148628216161 ], [ 128.690560285917627, 36.298064047646378 ], [ 128.691076979448866, 36.298056882935306 ], [ 128.691880861083575, 36.297456835130063 ], [ 128.691968701668429, 36.297391267433341 ], [ 128.692778799581703, 36.297122926684196 ], [ 128.693114702227376, 36.296934743991521 ], [ 128.694058658338633, 36.296922665610666 ], [ 128.69447262912476, 36.29693657100713 ], [ 128.694613782868743, 36.296938861861094 ], [ 128.694824049331004, 36.297003511194511 ], [ 128.695271942552125, 36.297173972602529 ], [ 128.695273140997926, 36.297226244078189 ], [ 128.695281925849486, 36.297610538478551 ], [ 128.695302643658891, 36.297770163357697 ], [ 128.69534488608258, 36.298005506354123 ], [ 128.695885358044961, 36.298637858549426 ], [ 128.695985032363922, 36.298811761471761 ], [ 128.695679612267924, 36.299224865312979 ], [ 128.696167978835888, 36.299766388195586 ], [ 128.696436619989498, 36.300055379043748 ], [ 128.696400668958262, 36.300298930076202 ], [ 128.69684822953792, 36.300761078287699 ], [ 128.697375599021882, 36.300795872490504 ], [ 128.697651687022841, 36.300659523061661 ], [ 128.697998821618427, 36.300484134025986 ], [ 128.698107806604867, 36.300431871856937 ], [ 128.698266437454549, 36.300355800178977 ], [ 128.698831851116068, 36.300893866728536 ], [ 128.699436383303976, 36.300932541965082 ], [ 128.699664287159521, 36.301407885555122 ], [ 128.699646602032715, 36.301573991263965 ], [ 128.700083971441273, 36.301919633244886 ], [ 128.700840387871182, 36.302282009092757 ], [ 128.700873108182577, 36.30230546793819 ], [ 128.701070717675577, 36.302232491482386 ], [ 128.70133337274396, 36.302024717455524 ], [ 128.70175630923319, 36.301690152340754 ], [ 128.701850477517553, 36.3016110035067 ], [ 128.701911796779882, 36.301638084379206 ], [ 128.701917701275306, 36.301640000659809 ], [ 128.701974776448623, 36.301658951244782 ], [ 128.702355710170735, 36.301552637508308 ], [ 128.702525785564802, 36.302243519101083 ], [ 128.702557447252332, 36.302419075802803 ], [ 128.702667272215137, 36.303027988440427 ], [ 128.702766410564323, 36.303479231038999 ], [ 128.702695543296215, 36.30394670259281 ], [ 128.702706897653712, 36.304420120060776 ], [ 128.702711352583549, 36.304577377830562 ], [ 128.702756281108293, 36.304658163588641 ], [ 128.703061516598581, 36.305207013533433 ], [ 128.704693413475155, 36.30500335381749 ], [ 128.705146028128269, 36.305403302002595 ], [ 128.7054389208445, 36.305596672482359 ], [ 128.705502465795263, 36.305613411487379 ], [ 128.705650900557032, 36.305652520505049 ], [ 128.705893167589693, 36.305740119454008 ], [ 128.707298543136631, 36.305330368250999 ], [ 128.70797889444728, 36.305157220676421 ], [ 128.708201470958954, 36.305008765982024 ], [ 128.708568624125462, 36.304841208697958 ], [ 128.708950249848186, 36.304912110514948 ], [ 128.709378016310296, 36.304988621037815 ], [ 128.70976030636055, 36.304863596651714 ], [ 128.710180224252241, 36.304739446744023 ], [ 128.710182464609744, 36.304738785330073 ], [ 128.710273550304606, 36.304711854697409 ], [ 128.71083807024317, 36.30461227825635 ], [ 128.711153555841548, 36.304279329243862 ], [ 128.711238192141963, 36.30414779140461 ], [ 128.71126872769571, 36.304160968664675 ], [ 128.711270928650379, 36.304161920244589 ], [ 128.711400018958216, 36.304025074093893 ], [ 128.711997955411647, 36.30400697670197 ], [ 128.712081202560825, 36.304338379452879 ], [ 128.712636570785577, 36.304726535352316 ], [ 128.712655206075226, 36.304684999983927 ], [ 128.71346705713529, 36.304050275559263 ], [ 128.71395895911877, 36.303900836426713 ], [ 128.714159540964829, 36.304168752440511 ], [ 128.714197310899351, 36.304219192059271 ], [ 128.714818044126105, 36.30461954365196 ], [ 128.714966353892237, 36.304647934813339 ], [ 128.715214842348871, 36.304698599505997 ], [ 128.715999883316414, 36.30485866041932 ], [ 128.716235586784308, 36.305066539146857 ], [ 128.7165543446649, 36.305349449238079 ], [ 128.71625270424758, 36.306193494894082 ], [ 128.716764142526898, 36.306620169297965 ], [ 128.716810876227868, 36.306658914100844 ], [ 128.717714696256479, 36.307237032845038 ], [ 128.718377981046586, 36.307825506708575 ], [ 128.719058190203583, 36.309799983857275 ], [ 128.720161590421242, 36.310835155057539 ], [ 128.721205749795416, 36.311334985570184 ], [ 128.721742824643485, 36.310031770208049 ], [ 128.722281508302643, 36.309146747662012 ], [ 128.722722092019438, 36.308457211774602 ], [ 128.723155603209932, 36.308079447435105 ], [ 128.724344874315335, 36.307165341965735 ], [ 128.724359120310424, 36.307160670833852 ], [ 128.724916874939112, 36.306977896569755 ], [ 128.725083547541402, 36.306910044743589 ], [ 128.725748418806631, 36.306455592490479 ], [ 128.725919491803808, 36.30619347351297 ], [ 128.726060285625266, 36.30581236496824 ], [ 128.726148431879011, 36.305568880202301 ], [ 128.726395632962578, 36.305215466117666 ], [ 128.726420933799346, 36.304909763305602 ], [ 128.726478627565569, 36.304567781417717 ], [ 128.726761559542297, 36.302837618041174 ] ], [ [ 128.677023432137787, 36.279123951911565 ], [ 128.677080621972749, 36.279193164600407 ], [ 128.677080355671734, 36.279192965618101 ], [ 128.677023432137787, 36.279123951911565 ] ] ] } },
{ "type": "Feature", "properties": { "spatial_region": "봉양면", "facility_count": 0, "total_capacity": 0.0, "area_km2": 67.1, "facilities_per_km2": 0.0, "population_status": "AVAILABLE", "emd_code": "4773038000", "emd_name": "봉양면", "total_population": 3799, "youth_population": 399, "youth_ratio": 10.502763885232955, "elderly_population": 1785, "elderly_ratio": 46.986048960252695, "population_change": -33, "year": 2025 }, "geometry": { "type": "Polygon", "coordinates": [ [ [ 128.554661790919795, 36.298779148624646 ], [ 128.55467459672883, 36.298784486373265 ], [ 128.554669947007568, 36.298795526412562 ], [ 128.55434809628315, 36.29929458339457 ], [ 128.553931515398915, 36.299543281060927 ], [ 128.553647212111287, 36.299882049511368 ], [ 128.553681702125374, 36.300133354051276 ], [ 128.553690669172255, 36.30019872278563 ], [ 128.553717112229634, 36.300428242814675 ], [ 128.553571193704954, 36.300836532093534 ], [ 128.553620932553429, 36.301100194763755 ], [ 128.553677189881256, 36.301429171895769 ], [ 128.553681660561608, 36.301455349729743 ], [ 128.553927442653077, 36.301786027670879 ], [ 128.553920744693698, 36.302137992249499 ], [ 128.5539274464725, 36.302182904823177 ], [ 128.554009407285491, 36.302532362514796 ], [ 128.554016497191384, 36.302595101758222 ], [ 128.55368587347283, 36.302780938710427 ], [ 128.553061882286528, 36.303345681918017 ], [ 128.552518667019626, 36.303912500438734 ], [ 128.552367273185723, 36.304316162410224 ], [ 128.552214583315816, 36.30466598316643 ], [ 128.552183918744248, 36.304736249609924 ], [ 128.55280391914394, 36.305569081535751 ], [ 128.552730896301313, 36.30582875101944 ], [ 128.552697425098131, 36.305947751527135 ], [ 128.552604309879769, 36.306340574991999 ], [ 128.552603282360451, 36.30634696045469 ], [ 128.552484363700614, 36.307082475273916 ], [ 128.552291401077014, 36.307481997612534 ], [ 128.552271287748766, 36.307523646370491 ], [ 128.552348028926531, 36.308400460873408 ], [ 128.552511828755797, 36.308508631114968 ], [ 128.553041344451458, 36.308858309042265 ], [ 128.55398343675634, 36.309483098715177 ], [ 128.554028166984779, 36.309420175000177 ], [ 128.554143170859788, 36.309455895296672 ], [ 128.554165534786534, 36.309458745573593 ], [ 128.554288816776591, 36.309481871266449 ], [ 128.554359186328583, 36.309546243912884 ], [ 128.554454623317099, 36.309574861581467 ], [ 128.554538463742176, 36.309569353455281 ], [ 128.554583006926293, 36.309599628157962 ], [ 128.554612440915406, 36.309637668553826 ], [ 128.554688765330837, 36.309641973040073 ], [ 128.554733580254208, 36.30970075280765 ], [ 128.554660895764698, 36.309708330403275 ], [ 128.554608717730559, 36.309763305203802 ], [ 128.5546464670403, 36.309764653867134 ], [ 128.554737186301367, 36.309769336543944 ], [ 128.554535459796085, 36.309883058605024 ], [ 128.554413462782605, 36.309942890951795 ], [ 128.554317211653029, 36.309990482411145 ], [ 128.554403478020248, 36.310197894597415 ], [ 128.554487285029722, 36.310401242242158 ], [ 128.554688222253276, 36.310886707238588 ], [ 128.554692155875387, 36.310895922914554 ], [ 128.554786441444918, 36.311140375938706 ], [ 128.554769024117519, 36.311144753643156 ], [ 128.554839392926539, 36.311328675586353 ], [ 128.554915790327357, 36.311525497761892 ], [ 128.554949683819387, 36.311613479697591 ], [ 128.554959877218693, 36.311639922133068 ], [ 128.5549691048667, 36.311663891747159 ], [ 128.555034882579889, 36.311836883212699 ], [ 128.555057846548237, 36.311890859097261 ], [ 128.555111482527934, 36.312021783490195 ], [ 128.555194162455194, 36.312230127890139 ], [ 128.555226542596273, 36.312310227839994 ], [ 128.555253355864238, 36.312376564118139 ], [ 128.555293887619854, 36.312476069686824 ], [ 128.555327697597619, 36.312559311023946 ], [ 128.555349704652315, 36.312613238217558 ], [ 128.555423943692148, 36.312796498342976 ], [ 128.55544666944806, 36.312851338382941 ], [ 128.555457148212042, 36.312876610311783 ], [ 128.555524195710575, 36.313049894592254 ], [ 128.555497338219425, 36.313061626801499 ], [ 128.555487952815128, 36.313043793629895 ], [ 128.555214534995173, 36.313158952498867 ], [ 128.555083460228218, 36.313214552131399 ], [ 128.554693904418286, 36.313310009026694 ], [ 128.554661327930518, 36.313320935653749 ], [ 128.554429665044978, 36.313377429233434 ], [ 128.55426841323137, 36.313415531501484 ], [ 128.554169259500554, 36.313477314420943 ], [ 128.554130186808862, 36.313487054083737 ], [ 128.554029031490785, 36.313513251105171 ], [ 128.553997373412358, 36.31350957298141 ], [ 128.5539167039814, 36.313501133419756 ], [ 128.553881126888825, 36.313473992084937 ], [ 128.553806759669357, 36.313416903717062 ], [ 128.553688674693802, 36.313327047140199 ], [ 128.553610763962467, 36.31331718484121 ], [ 128.553511873545062, 36.313309514835836 ], [ 128.553324257960867, 36.313407201694986 ], [ 128.553257392839782, 36.313420729950565 ], [ 128.553127795093047, 36.313433914779289 ], [ 128.552991071007114, 36.313513182746384 ], [ 128.552845885830976, 36.313584362322274 ], [ 128.5528166727795, 36.313598995873726 ], [ 128.552746806116829, 36.313648541452253 ], [ 128.552567047509797, 36.313771931004666 ], [ 128.552499489549689, 36.313811058540608 ], [ 128.552493676248844, 36.313811198919332 ], [ 128.552473194958679, 36.313833245780508 ], [ 128.552305110368962, 36.313920767057574 ], [ 128.552268596175793, 36.313921170564882 ], [ 128.552237351701564, 36.313921080195172 ], [ 128.552232565706731, 36.314159440323756 ], [ 128.552234023169348, 36.314274165038967 ], [ 128.552229902002097, 36.314388877800212 ], [ 128.552223024554337, 36.314553135665435 ], [ 128.552222090411618, 36.314649963116217 ], [ 128.552215854889283, 36.314849828701306 ], [ 128.55221586466223, 36.314935458123585 ], [ 128.551978535956408, 36.314967188447426 ], [ 128.55154245144962, 36.315001396621895 ], [ 128.551335198636679, 36.314980808659151 ], [ 128.551316065946594, 36.315010277040678 ], [ 128.551205243765253, 36.314976200907196 ], [ 128.551205887292582, 36.314997903557092 ], [ 128.551286369641389, 36.315135932803642 ], [ 128.551701300637546, 36.315847591210392 ], [ 128.551765651922381, 36.316120924481254 ], [ 128.551859336858769, 36.316339522706592 ], [ 128.551886235859996, 36.316402300383466 ], [ 128.551936559044293, 36.316529915346493 ], [ 128.551944099288022, 36.316549039534493 ], [ 128.551953505305192, 36.316572910902316 ], [ 128.551972273643514, 36.316620509283737 ], [ 128.551981394352651, 36.316643649627075 ], [ 128.552045555009073, 36.31678751963976 ], [ 128.551905799977334, 36.317651344140181 ], [ 128.55195183373695, 36.317849306434283 ], [ 128.551938383694477, 36.317951782169402 ], [ 128.551777734445636, 36.3180983212755 ], [ 128.551600558863129, 36.318275933450778 ], [ 128.551590890681155, 36.318499207409289 ], [ 128.552577724913561, 36.318662658829133 ], [ 128.553288917244856, 36.318698166007415 ], [ 128.554061367003214, 36.318807893449218 ], [ 128.554396052608354, 36.318954090064324 ], [ 128.554476302414457, 36.319093576131607 ], [ 128.554435795833029, 36.319355890907651 ], [ 128.554531724026504, 36.319598998201784 ], [ 128.554557239158896, 36.320211007109798 ], [ 128.554671929417253, 36.320458627179171 ], [ 128.555414297850376, 36.322061474451623 ], [ 128.555472365570068, 36.322379462123038 ], [ 128.555459952739255, 36.32241392165578 ], [ 128.55534407078818, 36.322735955314549 ], [ 128.555192848694617, 36.3231562647914 ], [ 128.555488812750923, 36.323374542599574 ], [ 128.555512345291703, 36.323391905845206 ], [ 128.55693435329249, 36.323752840692684 ], [ 128.557029985119414, 36.323779771830651 ], [ 128.55754518967143, 36.323923458516113 ], [ 128.558278564248354, 36.324170703600494 ], [ 128.55875363990296, 36.324579784361617 ], [ 128.559653417243794, 36.324653314680276 ], [ 128.560248439035973, 36.324462833101549 ], [ 128.560727897203179, 36.324329146868244 ], [ 128.561033975460759, 36.324243807660835 ], [ 128.561311500601022, 36.324306713325996 ], [ 128.561988376062175, 36.324460122977619 ], [ 128.562975059019749, 36.32468382156182 ], [ 128.563724958964968, 36.324712659019148 ], [ 128.564254732760872, 36.324540221295294 ], [ 128.565202179362672, 36.324981435901044 ], [ 128.565714328159515, 36.325030020729685 ], [ 128.566259779186225, 36.325226282392578 ], [ 128.566289561110978, 36.325231851919384 ], [ 128.566450486054663, 36.325261924004579 ], [ 128.56710472550165, 36.325871296046181 ], [ 128.567412855464511, 36.326333571636596 ], [ 128.567286587949667, 36.327411255989411 ], [ 128.567352283026622, 36.327592323551961 ], [ 128.567495339025328, 36.328054080285575 ], [ 128.567037333480556, 36.328245429294171 ], [ 128.566471041796291, 36.328398262980613 ], [ 128.566270252192851, 36.328704371693554 ], [ 128.565877220686957, 36.329256736412098 ], [ 128.565510952739828, 36.329434148250705 ], [ 128.565391221224786, 36.329635051004537 ], [ 128.565224781025222, 36.329893548189965 ], [ 128.5651095476222, 36.33011641055807 ], [ 128.564983453022421, 36.330599130671693 ], [ 128.564886444502292, 36.330970689359937 ], [ 128.564996259657761, 36.331110564544538 ], [ 128.565206933370433, 36.331502756968227 ], [ 128.565575891390154, 36.332189893576086 ], [ 128.565627590691946, 36.332286191899094 ], [ 128.565903930545062, 36.332351723024665 ], [ 128.566204785936293, 36.332423083245153 ], [ 128.566235023959109, 36.33242723961132 ], [ 128.566280242669279, 36.332435316535467 ], [ 128.566477226994891, 36.332488896234821 ], [ 128.566734467495763, 36.332762841630149 ], [ 128.56767000569107, 36.3337190478086 ], [ 128.567762482580292, 36.33378754790764 ], [ 128.568464498815587, 36.334307806347645 ], [ 128.568480782557543, 36.33431987793422 ], [ 128.56849393333016, 36.334312400805928 ], [ 128.56923753475408, 36.333889559788098 ], [ 128.569798977327736, 36.334004162988691 ], [ 128.570209094935933, 36.334152272851732 ], [ 128.57094747223897, 36.334118239151323 ], [ 128.571784623768792, 36.333757016748756 ], [ 128.572391848012074, 36.333725016804586 ], [ 128.573109895167107, 36.334168823303244 ], [ 128.573795382503022, 36.334553608504002 ], [ 128.574397941421836, 36.334773314539007 ], [ 128.574756263714164, 36.334903957315404 ], [ 128.575841221451384, 36.334754636003041 ], [ 128.576555877195858, 36.334683859636321 ], [ 128.576931648708523, 36.334156919990775 ], [ 128.577278287888134, 36.333819301710179 ], [ 128.577942680576712, 36.333172193364966 ], [ 128.578772609432662, 36.332616531780573 ], [ 128.578865955739957, 36.332255465438173 ], [ 128.579616002881522, 36.33167457099394 ], [ 128.579854739579503, 36.33155634167035 ], [ 128.580013159987828, 36.331477876718132 ], [ 128.57980759729881, 36.331098975402021 ], [ 128.580003732520453, 36.331143824533434 ], [ 128.580322058925276, 36.331304363687842 ], [ 128.580552946128819, 36.331431665323592 ], [ 128.580695877604199, 36.331511877134467 ], [ 128.58073872869096, 36.331539982295325 ], [ 128.580784805724051, 36.331568828743329 ], [ 128.581045410468562, 36.331407823327872 ], [ 128.581102190094043, 36.331461669730089 ], [ 128.581243456612697, 36.331391613816095 ], [ 128.581405203300619, 36.331332218468432 ], [ 128.581581356672558, 36.331267538580185 ], [ 128.581588487646314, 36.33126491418853 ], [ 128.581728505505623, 36.331199097824744 ], [ 128.581801016433502, 36.331181446176323 ], [ 128.581874618277709, 36.331170124532775 ], [ 128.581935448263778, 36.331183188757159 ], [ 128.582018912824623, 36.331183211336459 ], [ 128.582031318741826, 36.331183453129384 ], [ 128.582070028702219, 36.331184219783204 ], [ 128.582119518628588, 36.33118520448015 ], [ 128.582127136915034, 36.33118308642166 ], [ 128.58215327107078, 36.331175824553299 ], [ 128.582216618879187, 36.331232415008138 ], [ 128.582272632923718, 36.331223473599607 ], [ 128.582331822124701, 36.331195636734478 ], [ 128.58234565958449, 36.33118229385817 ], [ 128.582409027189925, 36.331137466511841 ], [ 128.582463346885476, 36.331103817979397 ], [ 128.582645129588514, 36.331085827890945 ], [ 128.582729766809223, 36.331070660341382 ], [ 128.582835254539447, 36.331071940036793 ], [ 128.582919260869687, 36.331078929935629 ], [ 128.582963253853336, 36.331091466068308 ], [ 128.583014908836361, 36.33110203742168 ], [ 128.583092129164328, 36.331095062327606 ], [ 128.583135553616899, 36.331099368716586 ], [ 128.583189230184502, 36.33110262956238 ], [ 128.583229133212342, 36.331094802845449 ], [ 128.583313448356677, 36.331071108678472 ], [ 128.583349090158521, 36.33107078277898 ], [ 128.583398615499647, 36.331081806114021 ], [ 128.583506546619873, 36.331109398942381 ], [ 128.583597859162239, 36.331114323196431 ], [ 128.583703006142343, 36.331114771857663 ], [ 128.583723156508711, 36.331116374276078 ], [ 128.583812019853241, 36.3311231912772 ], [ 128.583921371527339, 36.331155943392865 ], [ 128.584090900546101, 36.331180128155623 ], [ 128.584268948129221, 36.331219265802716 ], [ 128.584333664394279, 36.331245084929463 ], [ 128.584424778953235, 36.331243312161405 ], [ 128.584569957973656, 36.331257732705936 ], [ 128.584619916906689, 36.331245957423278 ], [ 128.58481084522009, 36.331292465704891 ], [ 128.584893239997825, 36.331248685640688 ], [ 128.584936725743546, 36.331239419954969 ], [ 128.584985145518402, 36.331221763521 ], [ 128.585015968421999, 36.331220762478438 ], [ 128.585056003626761, 36.331219469101271 ], [ 128.585100571280634, 36.331216181888472 ], [ 128.585175184491845, 36.331194714549255 ], [ 128.585247620391442, 36.331211962897555 ], [ 128.585287636289024, 36.331182886274789 ], [ 128.585338211840991, 36.331180791414482 ], [ 128.585412123883287, 36.331215770835236 ], [ 128.585443058679715, 36.331246094774635 ], [ 128.585564656884969, 36.331275715892197 ], [ 128.585626658897155, 36.331286331133064 ], [ 128.585718783075095, 36.331283200123032 ], [ 128.585866807248948, 36.331238007518124 ], [ 128.585904694872511, 36.331234246192565 ], [ 128.585989978136894, 36.331218979450711 ], [ 128.586053714026633, 36.331213487560021 ], [ 128.586158517442215, 36.331215744221154 ], [ 128.586281323073365, 36.331204662912135 ], [ 128.586323057739321, 36.331187433298844 ], [ 128.586464012432486, 36.331246607046516 ], [ 128.586542657062239, 36.331246150134469 ], [ 128.586619917036501, 36.331231666144014 ], [ 128.586659977324246, 36.331217233243365 ], [ 128.586740050811727, 36.331197243772642 ], [ 128.586829105768913, 36.331184783148387 ], [ 128.58690806115149, 36.331165600739965 ], [ 128.586938544636013, 36.331150873189486 ], [ 128.586989867889997, 36.33113376671384 ], [ 128.587016242039965, 36.331116853071215 ], [ 128.586933514301194, 36.331131228238547 ], [ 128.586828093015498, 36.331163620139613 ], [ 128.586775682860633, 36.331175649181688 ], [ 128.586707866500973, 36.331173530426597 ], [ 128.587042438640225, 36.330948397883539 ], [ 128.587425117985902, 36.330774680645419 ], [ 128.588017217646893, 36.330267054867036 ], [ 128.588601837521651, 36.330147651868906 ], [ 128.58908716277449, 36.330145091777993 ], [ 128.589220959626601, 36.32949539426771 ], [ 128.589627616928453, 36.329139634866692 ], [ 128.589638046317248, 36.329113302525393 ], [ 128.589978873705547, 36.32825229853713 ], [ 128.590270680806384, 36.328024846740504 ], [ 128.59071549326211, 36.327596751550459 ], [ 128.591618165377298, 36.327370393734142 ], [ 128.59203016105468, 36.327616419751173 ], [ 128.592166131646394, 36.327697612391404 ], [ 128.592766935181345, 36.327895060247414 ], [ 128.593951796249854, 36.328716513493738 ], [ 128.594066102386506, 36.329211853628422 ], [ 128.594226894757895, 36.329307439122083 ], [ 128.594646997564752, 36.329557160494957 ], [ 128.594804282704104, 36.329650678602242 ], [ 128.595824187350161, 36.329314645868969 ], [ 128.596541922986859, 36.329763510906567 ], [ 128.597304577084685, 36.329847116479343 ], [ 128.597621233261123, 36.329881836534135 ], [ 128.59825548476897, 36.330095563878963 ], [ 128.598495279018238, 36.33073020254708 ], [ 128.599242576188544, 36.331023743988169 ], [ 128.599328669297677, 36.331309804153271 ], [ 128.599681819063932, 36.331446455883828 ], [ 128.600593862827708, 36.331846772645733 ], [ 128.601299684809192, 36.332145821468472 ], [ 128.601360569621363, 36.332305784953661 ], [ 128.601392256409497, 36.332414698448112 ], [ 128.601412973919082, 36.332579997553296 ], [ 128.601453776824741, 36.332966754616514 ], [ 128.60202047343887, 36.333934362938209 ], [ 128.602779978809366, 36.335458183662418 ], [ 128.603314084529586, 36.335467344702572 ], [ 128.604238571044732, 36.335483190445451 ], [ 128.605690830055948, 36.336331017641761 ], [ 128.605857440414155, 36.336112152153838 ], [ 128.606209237451367, 36.335650042126289 ], [ 128.606702172241683, 36.335135002879483 ], [ 128.606908335179128, 36.335040709219484 ], [ 128.60774313716766, 36.334664069087438 ], [ 128.607889735182511, 36.334482677546021 ], [ 128.608898138496045, 36.334349313281322 ], [ 128.6103894615907, 36.334917335185899 ], [ 128.611088331985343, 36.334814534309857 ], [ 128.611530140513594, 36.334822248686763 ], [ 128.611682484444088, 36.334896533519967 ], [ 128.612181050709239, 36.335139789484195 ], [ 128.612341139417282, 36.335023203591206 ], [ 128.612484348001345, 36.334918917603055 ], [ 128.612805629767252, 36.334684946321438 ], [ 128.613159768165247, 36.334365406547178 ], [ 128.613548463423058, 36.334014680175692 ], [ 128.613712473333095, 36.333807185944494 ], [ 128.615043655186668, 36.333750848336258 ], [ 128.615666854394988, 36.333839040605305 ], [ 128.616392911928983, 36.333461421027735 ], [ 128.617794461471078, 36.333937574516298 ], [ 128.618802425913998, 36.334576897891438 ], [ 128.619360937361108, 36.333996383694284 ], [ 128.620087482468961, 36.333227472432803 ], [ 128.621598427001601, 36.333209917018692 ], [ 128.622511347939053, 36.334063764518795 ], [ 128.623314476697516, 36.334042237934575 ], [ 128.624565401543379, 36.334010187369195 ], [ 128.625627491735344, 36.33357021838281 ], [ 128.62563328346809, 36.333567893547901 ], [ 128.625984307705409, 36.333428125620586 ], [ 128.626449228188704, 36.333615641245402 ], [ 128.626448740346746, 36.333803407899666 ], [ 128.626530287072711, 36.334022972934051 ], [ 128.626689818843829, 36.334452566260779 ], [ 128.626697349019707, 36.334717471303755 ], [ 128.626611964828868, 36.335947239826332 ], [ 128.627155656513196, 36.337239060961927 ], [ 128.627310243886285, 36.338285327327277 ], [ 128.627391786805475, 36.338686513665117 ], [ 128.627722925469129, 36.339451526518765 ], [ 128.627756773350626, 36.339438105784559 ], [ 128.627752954775218, 36.33949597606437 ], [ 128.627989743900457, 36.339908542427949 ], [ 128.628218931360038, 36.340100892435892 ], [ 128.628543692266987, 36.340386496051195 ], [ 128.628617789297351, 36.340451656607478 ], [ 128.629549131365991, 36.340259833489959 ], [ 128.630567304873495, 36.340491354396647 ], [ 128.631662093925286, 36.340353785804453 ], [ 128.631709540239001, 36.340347822666558 ], [ 128.631729234326798, 36.340345342293361 ], [ 128.632570315616249, 36.340239647656063 ], [ 128.633532764635021, 36.339610298741611 ], [ 128.633669893516213, 36.339854388520706 ], [ 128.634007390167142, 36.340486994481076 ], [ 128.634535835173665, 36.34112224952861 ], [ 128.634732020220781, 36.341529730429258 ], [ 128.634865161074998, 36.341806275729461 ], [ 128.635052747811812, 36.341912251963976 ], [ 128.635326757585403, 36.342067047796306 ], [ 128.635741907113982, 36.342301578039233 ], [ 128.635778618860797, 36.342530921222561 ], [ 128.635943611616113, 36.343160353104054 ], [ 128.637196663551606, 36.343742343185824 ], [ 128.637949834283035, 36.344548715109404 ], [ 128.638357031022849, 36.34507552474399 ], [ 128.638764100411521, 36.34555170481255 ], [ 128.639732490561812, 36.346066649006559 ], [ 128.639960638956069, 36.346354154899977 ], [ 128.640013855310144, 36.346421227773945 ], [ 128.640232946175928, 36.346697314946319 ], [ 128.640254188500876, 36.346724107868774 ], [ 128.640586494023978, 36.347669096760328 ], [ 128.640645438517339, 36.347827745536541 ], [ 128.640721913077812, 36.347890760945489 ], [ 128.641160497814212, 36.348264357515625 ], [ 128.641237293397865, 36.349626653545968 ], [ 128.64227397348705, 36.350502872575262 ], [ 128.642810623766565, 36.349997819665703 ], [ 128.643417122107621, 36.350082645177309 ], [ 128.64386200771591, 36.35008270667803 ], [ 128.644282700154577, 36.350394192627107 ], [ 128.644504068976289, 36.35051864780872 ], [ 128.645120160173917, 36.350565427920849 ], [ 128.645630383364562, 36.350669005811405 ], [ 128.645969551550849, 36.350693355582024 ], [ 128.646230629376561, 36.350712092291715 ], [ 128.646362376660164, 36.35072154963472 ], [ 128.646392567505444, 36.350193959247392 ], [ 128.647075424724079, 36.349792532438933 ], [ 128.647945783852379, 36.349788315588356 ], [ 128.648851999732102, 36.349626763774701 ], [ 128.649042618460811, 36.349597326131352 ], [ 128.650787220737016, 36.349327916941263 ], [ 128.652455343838255, 36.348052922131892 ], [ 128.652719445501617, 36.347901575565054 ], [ 128.652914279404087, 36.347789930230732 ], [ 128.653790693569562, 36.347177920885386 ], [ 128.65490891816637, 36.346165657552262 ], [ 128.654892980994219, 36.346147218436109 ], [ 128.655134211088637, 36.344811427087919 ], [ 128.655156472491427, 36.34480030806607 ], [ 128.655727536258524, 36.344518705426616 ], [ 128.656228108177459, 36.344271861859681 ], [ 128.656469859705084, 36.343932620172815 ], [ 128.656515232920981, 36.343868903161642 ], [ 128.657030876469094, 36.343311916502799 ], [ 128.65705902566765, 36.343281510999603 ], [ 128.657758060983497, 36.341762931676868 ], [ 128.657668157380186, 36.341131906963014 ], [ 128.657612951540642, 36.340744442533655 ], [ 128.658049024656719, 36.340134025980369 ], [ 128.658416657709125, 36.339619386145685 ], [ 128.658240013623498, 36.339018968751581 ], [ 128.658170706645905, 36.338783392551491 ], [ 128.658079114689372, 36.338707007416943 ], [ 128.657671020467433, 36.33836666904439 ], [ 128.657663484987125, 36.338360384221133 ], [ 128.657615331178221, 36.338320224633804 ], [ 128.65763148621744, 36.338258468723531 ], [ 128.657631667561247, 36.338257757319248 ], [ 128.65797312354016, 36.336844015811032 ], [ 128.657973059276031, 36.336719122141119 ], [ 128.657959239043947, 36.336586646119741 ], [ 128.657902485966957, 36.336450423974078 ], [ 128.657907327772278, 36.336410606069087 ], [ 128.657878400476307, 36.336276437459397 ], [ 128.658331726962587, 36.335362599068041 ], [ 128.658324618967555, 36.335350322713126 ], [ 128.658071199065887, 36.334912327867798 ], [ 128.657829114655186, 36.33423474320945 ], [ 128.657570110189766, 36.333520449598126 ], [ 128.657565080026046, 36.333463751349257 ], [ 128.658289169319829, 36.33334602164863 ], [ 128.658498263687335, 36.333271626215556 ], [ 128.658776147701559, 36.333166102893685 ], [ 128.65886700527227, 36.333042596264107 ], [ 128.658958338151535, 36.332932572472721 ], [ 128.659075694376099, 36.332821244364979 ], [ 128.659154471356231, 36.332762839689217 ], [ 128.659232480817593, 36.332681263603391 ], [ 128.6594399099817, 36.332485248430174 ], [ 128.659700311497033, 36.332258086626254 ], [ 128.659864576262891, 36.33225933122349 ], [ 128.659862301186507, 36.332221745800503 ], [ 128.659983081465384, 36.332267014418711 ], [ 128.660031700254763, 36.332284275605119 ], [ 128.660039606925892, 36.332287082816471 ], [ 128.660088556833898, 36.332276958273376 ], [ 128.660100908557638, 36.332274407184343 ], [ 128.660103984885154, 36.332281535238465 ], [ 128.660126643512683, 36.332334120321732 ], [ 128.660145387986034, 36.33237760138573 ], [ 128.660145034609883, 36.332384566445015 ], [ 128.660185390687957, 36.332391296293885 ], [ 128.66028778342897, 36.332408368462254 ], [ 128.660288362151988, 36.332408469243269 ], [ 128.660707272868279, 36.332419144631494 ], [ 128.660911073116438, 36.332423834841009 ], [ 128.660961559285198, 36.332421554524295 ], [ 128.661127609031837, 36.332422207697462 ], [ 128.661484445113018, 36.332405650371136 ], [ 128.661487553166324, 36.332382435979056 ], [ 128.661470257621687, 36.332028387921142 ], [ 128.661463283206416, 36.331928932625829 ], [ 128.661440967421726, 36.331853657223121 ], [ 128.661414370747792, 36.331763941851946 ], [ 128.661374280201358, 36.331647477302745 ], [ 128.661348197800208, 36.331572722854197 ], [ 128.661341179592029, 36.33155257067137 ], [ 128.661184508545375, 36.331267858622716 ], [ 128.661048318305689, 36.331088632964118 ], [ 128.660926527325159, 36.330973891081243 ], [ 128.660788532903041, 36.330884434873937 ], [ 128.660647295623846, 36.330795473917064 ], [ 128.660561463758768, 36.33071764712296 ], [ 128.660486194925312, 36.330649006323121 ], [ 128.660357449961168, 36.330533018421342 ], [ 128.660287824063147, 36.330421894259835 ], [ 128.660182211170564, 36.330255073916106 ], [ 128.660085058412449, 36.330063810778725 ], [ 128.660016655308397, 36.329922770984354 ], [ 128.659907381440121, 36.329689153957439 ], [ 128.659870955321878, 36.329591245494896 ], [ 128.659720434127848, 36.329165353150671 ], [ 128.659627158437672, 36.32876528073632 ], [ 128.659625518872986, 36.328378276010525 ], [ 128.659685220671179, 36.328042696428966 ], [ 128.659875584033529, 36.327507636947352 ], [ 128.659931692214514, 36.327331599761216 ], [ 128.659958137280512, 36.327217974207855 ], [ 128.66001878751436, 36.326993764176926 ], [ 128.66002686961815, 36.326963895323665 ], [ 128.660073256976631, 36.32679239923722 ], [ 128.660090693574119, 36.326688597745573 ], [ 128.660164474800183, 36.326318498005499 ], [ 128.660190181465083, 36.326036918455472 ], [ 128.660187098664267, 36.325977693502793 ], [ 128.660180129851483, 36.325920854577319 ], [ 128.660171795615639, 36.325852792134327 ], [ 128.660165204369633, 36.325808976251281 ], [ 128.660141307517421, 36.325650022000843 ], [ 128.660098213805838, 36.325523617401331 ], [ 128.660030581276061, 36.325436587087381 ], [ 128.659800939299004, 36.325276378016348 ], [ 128.659534808124533, 36.325132907073893 ], [ 128.659362221904814, 36.325028606993634 ], [ 128.659358500929159, 36.325026361431981 ], [ 128.659309941162633, 36.324994113603573 ], [ 128.659233742458781, 36.324943519823876 ], [ 128.659189999231529, 36.324907491793041 ], [ 128.659098590780644, 36.324609301800578 ], [ 128.659078203950173, 36.324374090982374 ], [ 128.659061991458799, 36.324185158400823 ], [ 128.659073450599664, 36.324037587875495 ], [ 128.659094781203123, 36.323827873597509 ], [ 128.659093372344614, 36.323775700575432 ], [ 128.659088554027988, 36.323596614403243 ], [ 128.659062713944138, 36.323503205749738 ], [ 128.659058844040089, 36.323489199425062 ], [ 128.659054444975027, 36.323471415663477 ], [ 128.659038818303088, 36.323408279674638 ], [ 128.65898139441714, 36.323276913167597 ], [ 128.65894163214702, 36.323176300256229 ], [ 128.65887813399172, 36.323058857459287 ], [ 128.6588675509974, 36.323039280652516 ], [ 128.658717513978161, 36.322745941776958 ], [ 128.658702193497646, 36.322709616558939 ], [ 128.658756342750223, 36.322563655371354 ], [ 128.658753688526986, 36.322498384697333 ], [ 128.658729427520257, 36.322347170131813 ], [ 128.658668154102457, 36.322118636777567 ], [ 128.658604635465281, 36.32201124185648 ], [ 128.658595173287068, 36.321995155783448 ], [ 128.658534233216386, 36.321891499082604 ], [ 128.658488215027091, 36.321849029867671 ], [ 128.658439183706491, 36.321808020903077 ], [ 128.658343912600145, 36.321744656230663 ], [ 128.658185728270468, 36.321639242250058 ], [ 128.658071088407553, 36.321561402939999 ], [ 128.658007660384783, 36.321507249358433 ], [ 128.65794922986575, 36.321456255204346 ], [ 128.657865597106849, 36.321380153947743 ], [ 128.657872496488494, 36.321322949182658 ], [ 128.657856476692558, 36.321301482210899 ], [ 128.657681012092269, 36.321066410928552 ], [ 128.657485868942388, 36.320809014727089 ], [ 128.657293590450308, 36.32057409273618 ], [ 128.65719587426176, 36.32045700106837 ], [ 128.656833998754649, 36.320120306723588 ], [ 128.656496261739619, 36.319868670742828 ], [ 128.656191153144505, 36.319723529777406 ], [ 128.655715385746078, 36.319616681118504 ], [ 128.655408029163965, 36.319605275027072 ], [ 128.655342493883637, 36.319602850375453 ], [ 128.655341366646212, 36.319354068751842 ], [ 128.655324677255294, 36.319323101113312 ], [ 128.655298200470241, 36.3192616814624 ], [ 128.655323413486769, 36.319200916148354 ], [ 128.655341983851315, 36.319096091171879 ], [ 128.655326579026251, 36.318996241432657 ], [ 128.655316034856781, 36.318927910844486 ], [ 128.655335027808974, 36.318881131773168 ], [ 128.655342234174014, 36.318757376244463 ], [ 128.655303701962936, 36.31866220872314 ], [ 128.655244854392151, 36.31857293911866 ], [ 128.655226293294106, 36.318509487691202 ], [ 128.655206736577071, 36.318389160214714 ], [ 128.655166368063362, 36.318359277463287 ], [ 128.655195268225441, 36.31822266192448 ], [ 128.655126734621263, 36.318075139271564 ], [ 128.655130818069807, 36.317970173206071 ], [ 128.655098750430682, 36.317929193977399 ], [ 128.655106497386157, 36.317826779839088 ], [ 128.655020345201024, 36.317737701351 ], [ 128.654996696582884, 36.317648840017782 ], [ 128.654998772106467, 36.317562315187274 ], [ 128.655017764348514, 36.31753579457277 ], [ 128.655003048899346, 36.317443886119456 ], [ 128.654935114589506, 36.317289507133005 ], [ 128.654960719567669, 36.317162740932055 ], [ 128.654961520340436, 36.317067353846824 ], [ 128.654937295122863, 36.317000641710749 ], [ 128.654831458710589, 36.316865771366658 ], [ 128.654904292692407, 36.316798637704693 ], [ 128.654891942992862, 36.316776090541254 ], [ 128.654914455343771, 36.316739180580875 ], [ 128.654916761350023, 36.316688649351306 ], [ 128.65484722471885, 36.316576945318808 ], [ 128.654774401621466, 36.315824360792462 ], [ 128.654742268387338, 36.315700364977999 ], [ 128.656058513391201, 36.314776324911151 ], [ 128.657770129211173, 36.315690138812066 ], [ 128.659146715952062, 36.315221476061566 ], [ 128.659443011837652, 36.3147455030361 ], [ 128.660298979203304, 36.314292584753915 ], [ 128.660810328543761, 36.314492121433489 ], [ 128.661340039853997, 36.314525639480252 ], [ 128.661482992520206, 36.314625878379971 ], [ 128.661542117723769, 36.314693202140397 ], [ 128.66168198526907, 36.315058017252468 ], [ 128.662704511835642, 36.315043301221934 ], [ 128.663514626236861, 36.314488333991953 ], [ 128.663839947746681, 36.313931515391609 ], [ 128.66386643497006, 36.313909015734374 ], [ 128.66452722984522, 36.313801963849158 ], [ 128.664723338987102, 36.313748085378947 ], [ 128.665558758330747, 36.313447370151081 ], [ 128.666002821683833, 36.313850739886938 ], [ 128.66659002602637, 36.314117530248232 ], [ 128.667137778085902, 36.313673386706242 ], [ 128.667116369557846, 36.313281234078026 ], [ 128.667131882528622, 36.31322602634836 ], [ 128.667134358659411, 36.313217228781348 ], [ 128.667444986438738, 36.3129209702617 ], [ 128.667971067547313, 36.31271743038846 ], [ 128.668037553083849, 36.31218424558422 ], [ 128.668152167509277, 36.311275737708705 ], [ 128.668166697633893, 36.311241893979769 ], [ 128.668774687829455, 36.309834336371424 ], [ 128.668793014635639, 36.309795168155595 ], [ 128.668778056092492, 36.309678370061675 ], [ 128.668772356409903, 36.309560146835175 ], [ 128.668797545070731, 36.309530739433548 ], [ 128.668783968046966, 36.309529079534819 ], [ 128.66870908748524, 36.309513623226877 ], [ 128.66877718989079, 36.309449802168508 ], [ 128.668834191837021, 36.309404162970644 ], [ 128.668815557767431, 36.309387250104294 ], [ 128.667974170232043, 36.309206923586792 ], [ 128.668066192671972, 36.308022979641947 ], [ 128.66917025327507, 36.307160265496712 ], [ 128.669157911368927, 36.307140513435094 ], [ 128.668975509790869, 36.306731827083674 ], [ 128.669375560802223, 36.30593804648047 ], [ 128.669489909998219, 36.305461812403941 ], [ 128.669248334280155, 36.304630453943453 ], [ 128.669112602697936, 36.304499144614837 ], [ 128.668269623087298, 36.304406869793155 ], [ 128.668116519155205, 36.304360627144099 ], [ 128.668037270846128, 36.304336678154861 ], [ 128.667746304282161, 36.304064233388587 ], [ 128.667638441121625, 36.303910047171442 ], [ 128.667537221099764, 36.30338335056399 ], [ 128.667475762432531, 36.303247831009315 ], [ 128.667478350325808, 36.30309261937856 ], [ 128.667444876661108, 36.303010509675914 ], [ 128.667425372385395, 36.302903061825539 ], [ 128.667425472323345, 36.302746473445751 ], [ 128.66777218710223, 36.302277297122359 ], [ 128.666978123033317, 36.301104826568931 ], [ 128.666905981934832, 36.301015579321124 ], [ 128.666783730649883, 36.300845437201424 ], [ 128.666652400746642, 36.300705251727123 ], [ 128.66660814261067, 36.300638359495842 ], [ 128.665917643496272, 36.299594733754468 ], [ 128.665768236142526, 36.299423604162776 ], [ 128.665749878761886, 36.299402582201481 ], [ 128.665324194538925, 36.298915011257421 ], [ 128.665289514645167, 36.298917761479032 ], [ 128.665271940830308, 36.298919153952014 ], [ 128.664728856366594, 36.299127915648334 ], [ 128.664685289430963, 36.299092466751901 ], [ 128.663685949462405, 36.298492734254296 ], [ 128.663581416980094, 36.298488852211456 ], [ 128.663109616064389, 36.298194761207576 ], [ 128.662630570454155, 36.297900846065488 ], [ 128.661998814344628, 36.297569682393629 ], [ 128.66151834529299, 36.29741837023883 ], [ 128.661260462330233, 36.297337161529661 ], [ 128.661195269012808, 36.297316636420483 ], [ 128.661070612679907, 36.296512700700482 ], [ 128.660822008501157, 36.296205727152376 ], [ 128.661210418960536, 36.295168774299341 ], [ 128.661899377571643, 36.29470521988091 ], [ 128.662071660176963, 36.294117131019092 ], [ 128.662313538213994, 36.293920116667138 ], [ 128.662130282577039, 36.293109490819305 ], [ 128.661785787294747, 36.292588099738389 ], [ 128.661766790074381, 36.29258432390062 ], [ 128.661721165654029, 36.292575245568081 ], [ 128.66155303834114, 36.292541784594427 ], [ 128.66153690299285, 36.29251470334912 ], [ 128.661162376981423, 36.291886372232 ], [ 128.661096715077889, 36.291828690105078 ], [ 128.660787308308642, 36.291729931901067 ], [ 128.660525573958637, 36.291525194965544 ], [ 128.6600055113378, 36.290771821003034 ], [ 128.659876949557543, 36.290396491065081 ], [ 128.659589117720088, 36.289556445034059 ], [ 128.659275879720155, 36.288922677638546 ], [ 128.659259612192869, 36.288900723407551 ], [ 128.659136443943112, 36.288734526765445 ], [ 128.658685881715428, 36.288126796153961 ], [ 128.658392087433185, 36.287486440361754 ], [ 128.657658175337161, 36.287014403273339 ], [ 128.657593050785891, 36.287076784940261 ], [ 128.656362375946998, 36.286790899979138 ], [ 128.65602393744615, 36.28634727221214 ], [ 128.656008226941054, 36.286330591045022 ], [ 128.656005301383175, 36.286320047799322 ], [ 128.655956707351635, 36.285912420833498 ], [ 128.655838810100136, 36.285202247600829 ], [ 128.656014295656433, 36.284695994000963 ], [ 128.655612478916964, 36.283825725283904 ], [ 128.655167035037181, 36.283825535632715 ], [ 128.653420247948986, 36.283538052622241 ], [ 128.652225377562559, 36.283426175124688 ], [ 128.652227125952294, 36.28339350343191 ], [ 128.652209934983887, 36.283342176065425 ], [ 128.652136788217632, 36.283123840723469 ], [ 128.651884945744371, 36.282020294234897 ], [ 128.651975970197668, 36.280999450557182 ], [ 128.651840928309582, 36.280549402703393 ], [ 128.651729260433115, 36.280261788770616 ], [ 128.651636755356861, 36.280271980918037 ], [ 128.65022040118464, 36.280428068335283 ], [ 128.648920533923587, 36.280190152778289 ], [ 128.648718326264373, 36.280161196357042 ], [ 128.648131581182497, 36.280077177434897 ], [ 128.647683099301332, 36.279706700883999 ], [ 128.647677243448243, 36.279706998974 ], [ 128.646384676951754, 36.279773406206544 ], [ 128.645695895844597, 36.279689261590789 ], [ 128.644676765383025, 36.279491417236535 ], [ 128.644542942669744, 36.279465442408394 ], [ 128.644057223752782, 36.278961754762364 ], [ 128.643757352348615, 36.278516044381504 ], [ 128.643200757901013, 36.278533483320977 ], [ 128.642804373171174, 36.278698545044548 ], [ 128.642142332043619, 36.278584540971373 ], [ 128.641949499803673, 36.278551338698399 ], [ 128.641913711888719, 36.278520816258137 ], [ 128.641763065676002, 36.27839238657058 ], [ 128.64157688725706, 36.278233660214603 ], [ 128.64134451564189, 36.278187360972616 ], [ 128.640864116498307, 36.278091649915538 ], [ 128.640061922428998, 36.277890914588276 ], [ 128.639956964210711, 36.277365217949281 ], [ 128.639385841171645, 36.27677537053362 ], [ 128.639338974420724, 36.276726970393511 ], [ 128.639323754646313, 36.276711252771278 ], [ 128.639197019290577, 36.276795597975216 ], [ 128.63916749998296, 36.27678661389821 ], [ 128.639150106243846, 36.276781325343677 ], [ 128.639188392501211, 36.276730812980503 ], [ 128.639246620928446, 36.276688048078618 ], [ 128.63937248133783, 36.276595490412298 ], [ 128.639358773263126, 36.276575379607941 ], [ 128.63934241202054, 36.276551376678455 ], [ 128.639569041362961, 36.27643706296616 ], [ 128.639535354195687, 36.276405140322822 ], [ 128.639517472154949, 36.276414025921085 ], [ 128.639493468226419, 36.276398912561476 ], [ 128.639375002289313, 36.276324341694334 ], [ 128.639347453798564, 36.276305567790622 ], [ 128.639154048872996, 36.276173770077108 ], [ 128.639100771661532, 36.276137462292901 ], [ 128.639205376128558, 36.275755272882918 ], [ 128.639195218675269, 36.275648425118746 ], [ 128.639046737441646, 36.27532583905424 ], [ 128.638609395831679, 36.274631468577866 ], [ 128.638143506964752, 36.274205453615622 ], [ 128.637761673681609, 36.273901532183565 ], [ 128.637741119711677, 36.273593959561701 ], [ 128.637687406943201, 36.272579651646645 ], [ 128.636918676797336, 36.272072315902278 ], [ 128.636541113765674, 36.272011515281577 ], [ 128.636338529480042, 36.271837113133792 ], [ 128.636280855780285, 36.271787480204011 ], [ 128.636297696321833, 36.271741598395735 ], [ 128.636596786972063, 36.27092679758541 ], [ 128.636643816207197, 36.270764521057224 ], [ 128.636650500733793, 36.270741453169428 ], [ 128.636585468071388, 36.270699710308513 ], [ 128.636936152945481, 36.269904747690141 ], [ 128.637116010900797, 36.269513272564254 ], [ 128.637060227415986, 36.269421146009634 ], [ 128.637364351778075, 36.268853633612132 ], [ 128.637386444424266, 36.268812408700619 ], [ 128.636583966447347, 36.267372127107016 ], [ 128.636519602375728, 36.266972031084656 ], [ 128.636541793925403, 36.266696643390425 ], [ 128.636536652372058, 36.266479028200095 ], [ 128.636532237031417, 36.266449762347278 ], [ 128.636520038262034, 36.266368889063443 ], [ 128.63652102855238, 36.266364133841719 ], [ 128.636530773013419, 36.266317148885108 ], [ 128.636530581175435, 36.266315327911208 ], [ 128.636530303498375, 36.266312821776815 ], [ 128.636528767536703, 36.266298524336875 ], [ 128.636522317733409, 36.266276002132059 ], [ 128.636458004660312, 36.266094776354002 ], [ 128.636415295236105, 36.265979781292238 ], [ 128.636378059243725, 36.265879519230452 ], [ 128.636372585935817, 36.26586478621369 ], [ 128.636392536480173, 36.265733806158238 ], [ 128.636444945141477, 36.265400177101277 ], [ 128.636326297174776, 36.265266088474505 ], [ 128.636309779039095, 36.265171305732444 ], [ 128.636326621597703, 36.265074471005953 ], [ 128.635146441063995, 36.263293180358936 ], [ 128.635334896098129, 36.262579443730424 ], [ 128.635535394096962, 36.261914461510706 ], [ 128.635647260169378, 36.261542362726246 ], [ 128.635588670435567, 36.261550077891961 ], [ 128.634750870608542, 36.261552063289784 ], [ 128.634044686935283, 36.261635220214949 ], [ 128.633448788986811, 36.261867668873499 ], [ 128.633230248077865, 36.26192302284192 ], [ 128.632556945825627, 36.261910692719461 ], [ 128.632259637430053, 36.262099465413399 ], [ 128.631966819784253, 36.26222517743841 ], [ 128.631538693414797, 36.262731923035851 ], [ 128.631275429527335, 36.262854913051768 ], [ 128.631257516762673, 36.262868411401961 ], [ 128.63065919004751, 36.262553919725846 ], [ 128.629930798412033, 36.262405694896458 ], [ 128.629530943224012, 36.263246084835991 ], [ 128.629308088914684, 36.263385949129848 ], [ 128.629033869196235, 36.263776199871621 ], [ 128.629025701615376, 36.263787844754994 ], [ 128.62820570212989, 36.264358720149232 ], [ 128.628036891647611, 36.264386319146027 ], [ 128.627862534016487, 36.264480443890754 ], [ 128.627314749024407, 36.264915552782611 ], [ 128.627044317337607, 36.26519908364935 ], [ 128.627018079261717, 36.265226604726941 ], [ 128.626062224655669, 36.26558925424289 ], [ 128.62596671205182, 36.265691328733119 ], [ 128.625616146602397, 36.266065966563396 ], [ 128.625036106246938, 36.266425399362198 ], [ 128.624482698835408, 36.266722966005638 ], [ 128.623996588533373, 36.266907941516862 ], [ 128.623746421812086, 36.267030397404234 ], [ 128.623327782840619, 36.267117777959257 ], [ 128.623043285247888, 36.267175202682424 ], [ 128.622514486356266, 36.267225247299791 ], [ 128.621308036943304, 36.26729218866101 ], [ 128.620652923459716, 36.267460058551492 ], [ 128.620009122378519, 36.267939643624672 ], [ 128.619608165163783, 36.268103217362018 ], [ 128.619004304822653, 36.268032680993144 ], [ 128.617986066420571, 36.267660855424914 ], [ 128.617553609047803, 36.267497769094831 ], [ 128.617507216509011, 36.267495051809156 ], [ 128.616307357469736, 36.267351357710695 ], [ 128.615284267487169, 36.267946722738976 ], [ 128.614996657778363, 36.268417138725503 ], [ 128.61469422985121, 36.268680432598295 ], [ 128.613545292686382, 36.269711475138784 ], [ 128.612211368331117, 36.270008018663411 ], [ 128.611606187558607, 36.27014108954917 ], [ 128.610593188650427, 36.270680141073775 ], [ 128.610239907774201, 36.270703164691206 ], [ 128.609763018264601, 36.270884219125897 ], [ 128.608906608486421, 36.271209161768795 ], [ 128.608684385676952, 36.271113312548991 ], [ 128.606774911954261, 36.271127185928364 ], [ 128.605549095955809, 36.270481295470482 ], [ 128.605106216854381, 36.270250838568543 ], [ 128.603367371432057, 36.269931092125312 ], [ 128.601785609488104, 36.270057344178042 ], [ 128.601747320194022, 36.270069445244125 ], [ 128.600798597984607, 36.270430717336076 ], [ 128.600239442231015, 36.270316600833461 ], [ 128.599419316213698, 36.270489000278133 ], [ 128.597702394728259, 36.271294693546345 ], [ 128.597680952906956, 36.271304759439616 ], [ 128.597630117949365, 36.271330217379102 ], [ 128.597414841251037, 36.271750783131566 ], [ 128.597463512805689, 36.272052446443254 ], [ 128.597497784891345, 36.272269593458233 ], [ 128.597719257087959, 36.272736170388761 ], [ 128.597497691884513, 36.27331602557765 ], [ 128.596734721507573, 36.273937071703905 ], [ 128.596507006827466, 36.275531037816464 ], [ 128.596512052549144, 36.275543193792636 ], [ 128.596431339840166, 36.275698446074145 ], [ 128.595595379345468, 36.277044641856953 ], [ 128.594652874821207, 36.277575838967564 ], [ 128.594628558301423, 36.27759683483589 ], [ 128.594501346175633, 36.277718502810501 ], [ 128.594072836768731, 36.277527012188223 ], [ 128.593022868773943, 36.277085791178877 ], [ 128.592341976429651, 36.277376175918249 ], [ 128.591480193815244, 36.277611523568687 ], [ 128.590655774988534, 36.277134169549846 ], [ 128.589583698085704, 36.277293974098285 ], [ 128.588814990064776, 36.277277202737963 ], [ 128.588708032029473, 36.277697918633734 ], [ 128.587698075370696, 36.278306103997423 ], [ 128.586776218437478, 36.278445342362595 ], [ 128.586449316212935, 36.278327938271943 ], [ 128.586274007267463, 36.278266977825361 ], [ 128.585823596223122, 36.278242090779337 ], [ 128.58544195945484, 36.27822318180862 ], [ 128.584985369050656, 36.27865348262219 ], [ 128.584863543570663, 36.27864639859385 ], [ 128.584815591308143, 36.278638760769809 ], [ 128.584719862373305, 36.278638616469479 ], [ 128.584543219229062, 36.278673795616413 ], [ 128.584233316971051, 36.278748440901069 ], [ 128.583999127545525, 36.278763331186397 ], [ 128.583720289960524, 36.278714459860382 ], [ 128.583584213723896, 36.278699826941498 ], [ 128.583401796430195, 36.278657212490927 ], [ 128.583348186454373, 36.278664892364809 ], [ 128.583284532936318, 36.278656667336563 ], [ 128.583232108142425, 36.278694630911183 ], [ 128.582766108007036, 36.279014667091822 ], [ 128.582723380516086, 36.279039480144796 ], [ 128.582658980274459, 36.279058485790678 ], [ 128.582568316432656, 36.279078913391309 ], [ 128.582525187236257, 36.279083069949131 ], [ 128.582464905960649, 36.279087328611368 ], [ 128.582446077799432, 36.279088659471199 ], [ 128.582025848997375, 36.279044903060672 ], [ 128.581916703793723, 36.279068383425326 ], [ 128.58178920278263, 36.279083950010296 ], [ 128.581750431526501, 36.279199236915794 ], [ 128.581665503858716, 36.279216737107213 ], [ 128.581674984600909, 36.279277419712265 ], [ 128.581590072560886, 36.279281591471801 ], [ 128.581488549657621, 36.279353122015344 ], [ 128.581478850000195, 36.279420595245568 ], [ 128.5814301221059, 36.279445521937156 ], [ 128.581409510703679, 36.279501295583799 ], [ 128.581465078127025, 36.279550127357432 ], [ 128.581565270369595, 36.279558770028686 ], [ 128.581694782883034, 36.279566794591624 ], [ 128.581706352662593, 36.279607343180992 ], [ 128.58176214609901, 36.279624400051318 ], [ 128.581663349440788, 36.279668977041588 ], [ 128.581549109071119, 36.279612847083868 ], [ 128.581388996885948, 36.279582473794569 ], [ 128.581307804274275, 36.279571680828447 ], [ 128.58124775809344, 36.279581833409573 ], [ 128.581223450198365, 36.279372025702742 ], [ 128.580972458382575, 36.27942926948645 ], [ 128.580894497828552, 36.27944261215611 ], [ 128.580842054431912, 36.279452611034699 ], [ 128.580815684207323, 36.279444840241808 ], [ 128.580784650300586, 36.279451616084685 ], [ 128.580739066651262, 36.279469244995504 ], [ 128.580691415998359, 36.279486271838387 ], [ 128.580628398555376, 36.279504623391595 ], [ 128.58052231488108, 36.279453144203387 ], [ 128.58043562936453, 36.279420666977543 ], [ 128.580232062034412, 36.279347495374886 ], [ 128.580172292448765, 36.279331036586115 ], [ 128.58008157776564, 36.279302762425971 ], [ 128.580059376417012, 36.27934148894866 ], [ 128.579983434670368, 36.279356099788089 ], [ 128.579862313986297, 36.279325465350823 ], [ 128.579714481809987, 36.279336064644859 ], [ 128.579579618448236, 36.279364868255541 ], [ 128.579519577757935, 36.279392601982757 ], [ 128.579462541268896, 36.279418435781871 ], [ 128.579440300680204, 36.279427170826288 ], [ 128.579391258700326, 36.279431755976255 ], [ 128.579309328092478, 36.279479553680524 ], [ 128.579274882893571, 36.279464580662307 ], [ 128.57926635418238, 36.279465136319509 ], [ 128.579213685497649, 36.279469393180506 ], [ 128.57920391423923, 36.279473332877522 ], [ 128.579156986878417, 36.279494462024239 ], [ 128.579078243269464, 36.279524995230275 ], [ 128.579004945132993, 36.2795570616004 ], [ 128.578958624644173, 36.279572956965133 ], [ 128.578940052544738, 36.279574243118013 ], [ 128.578958476909975, 36.279623089005248 ], [ 128.578820142488638, 36.279643201143543 ], [ 128.57872772960431, 36.279752376715898 ], [ 128.578674753227745, 36.279737283948492 ], [ 128.578628367438824, 36.279723980769887 ], [ 128.578583225107081, 36.279725704615949 ], [ 128.578079696296584, 36.279776813217985 ], [ 128.577616704384553, 36.279732989044845 ], [ 128.577524234284908, 36.279761850453269 ], [ 128.577460441719211, 36.279762822864924 ], [ 128.577454480388326, 36.279741416764338 ], [ 128.577410540325047, 36.279738980985741 ], [ 128.577336350359445, 36.279775260682136 ], [ 128.577146191850744, 36.279779119065573 ], [ 128.577130675014786, 36.279781416085505 ], [ 128.577067482141587, 36.279784688420314 ], [ 128.576979076174837, 36.279788538103411 ], [ 128.576677548704026, 36.279800588619651 ], [ 128.57581286649193, 36.279933303712085 ], [ 128.575418894645111, 36.279162186317578 ], [ 128.574159309510094, 36.278416563238352 ], [ 128.573992113311562, 36.277349069374516 ], [ 128.573585170996012, 36.276857652269058 ], [ 128.573184534677551, 36.276510634193649 ], [ 128.571536115796903, 36.27602373358711 ], [ 128.571545725806317, 36.275988297734941 ], [ 128.571586489137616, 36.275838929682081 ], [ 128.571683460085666, 36.275485943983035 ], [ 128.57171786742424, 36.275361029049783 ], [ 128.571253686345784, 36.275097144182951 ], [ 128.570726096543865, 36.27491962344525 ], [ 128.569958201815439, 36.274659001030152 ], [ 128.569793696822131, 36.274638770698338 ], [ 128.569058226824382, 36.274509561312946 ], [ 128.568500829040516, 36.274418922811236 ], [ 128.567899846962462, 36.274475709794714 ], [ 128.566753816067859, 36.274214037873818 ], [ 128.566707134781154, 36.274246959479598 ], [ 128.56665963072308, 36.274311842891144 ], [ 128.566640924214767, 36.274239211956491 ], [ 128.565971393507567, 36.274456762648377 ], [ 128.565310247975475, 36.275028972019044 ], [ 128.565053642390552, 36.275159454834508 ], [ 128.564430310402088, 36.275470698728604 ], [ 128.56424600758973, 36.275517976817696 ], [ 128.563830143592639, 36.275660626345136 ], [ 128.563561405863993, 36.27575258121081 ], [ 128.563341091872587, 36.275844676824718 ], [ 128.563315879601618, 36.275783574673284 ], [ 128.563310425453011, 36.27571596629997 ], [ 128.563319768927471, 36.275625314931091 ], [ 128.563326614982259, 36.275563329913503 ], [ 128.56333223787567, 36.275537000050718 ], [ 128.563356833859501, 36.275421550045323 ], [ 128.563294276346454, 36.275353480142755 ], [ 128.563258750814782, 36.275359432937584 ], [ 128.563238621021327, 36.275354799216259 ], [ 128.563176987738188, 36.275338442267589 ], [ 128.5631374917713, 36.275327961001608 ], [ 128.563070389183508, 36.275330364515057 ], [ 128.562957454869604, 36.275360644634148 ], [ 128.562932158664125, 36.275376322507555 ], [ 128.562891016400528, 36.275421401795803 ], [ 128.562857484425393, 36.275437049451497 ], [ 128.562813161839671, 36.275501519423472 ], [ 128.562806204755816, 36.275511659200802 ], [ 128.562781070962899, 36.275530122279079 ], [ 128.562679943049147, 36.275530877770706 ], [ 128.562695605620519, 36.275524338606388 ], [ 128.562741467847786, 36.275489054488794 ], [ 128.56273471992742, 36.275465788339417 ], [ 128.562757136014369, 36.275441727994391 ], [ 128.562724862946396, 36.275405427285435 ], [ 128.562725463923954, 36.275399463687897 ], [ 128.562726171822277, 36.27539229290322 ], [ 128.562414231022473, 36.275386416963563 ], [ 128.561492271075366, 36.275443128420228 ], [ 128.560644789922094, 36.275547220919094 ], [ 128.560205078730434, 36.275551583213492 ], [ 128.559924460507688, 36.275402646116909 ], [ 128.559938545771729, 36.275361991885212 ], [ 128.55995217634208, 36.275332907104826 ], [ 128.559942627152964, 36.275326978144697 ], [ 128.5599077066733, 36.275361814947686 ], [ 128.559876068832608, 36.275398727559384 ], [ 128.559832528209682, 36.275361474280054 ], [ 128.559754581938165, 36.275319029295751 ], [ 128.559778632024631, 36.275265849457071 ], [ 128.559737301402805, 36.27519785609379 ], [ 128.559687453117448, 36.275179891719191 ], [ 128.55964121523624, 36.275184848619247 ], [ 128.559486170930569, 36.275150986211578 ], [ 128.559398649432694, 36.275148770264572 ], [ 128.559379753762386, 36.275183891439667 ], [ 128.559319231521897, 36.275160146948714 ], [ 128.559276367595118, 36.275143091378531 ], [ 128.559323308727869, 36.275096313524983 ], [ 128.55916465257485, 36.274998435650431 ], [ 128.558848766652915, 36.274672437212907 ], [ 128.55882818454694, 36.274615911214859 ], [ 128.558674499934455, 36.274597742307371 ], [ 128.558636252825238, 36.274559426774665 ], [ 128.557557918385612, 36.274065882007349 ], [ 128.555620738031223, 36.274227674229579 ], [ 128.555182225447027, 36.274712999509525 ], [ 128.554831442855829, 36.275106298026557 ], [ 128.55369235113514, 36.274329413437222 ], [ 128.552750858226659, 36.274560488580697 ], [ 128.551827308957286, 36.275028831887411 ], [ 128.55168896805128, 36.276276560576861 ], [ 128.551802719599891, 36.276622932537663 ], [ 128.551827244785414, 36.276703346740604 ], [ 128.551586451308594, 36.277452230238175 ], [ 128.551964705407926, 36.278020177962773 ], [ 128.550937665449368, 36.27855094605227 ], [ 128.549915759637145, 36.279376355595979 ], [ 128.549868646563567, 36.279872798579497 ], [ 128.549914363491126, 36.280422662379124 ], [ 128.54993142940728, 36.280654013978157 ], [ 128.549956956981418, 36.281109114769329 ], [ 128.549955786156204, 36.281420629292057 ], [ 128.549792561763468, 36.282683427174767 ], [ 128.549864852388225, 36.284241168160207 ], [ 128.54875157647038, 36.284709860314578 ], [ 128.548859509042302, 36.285495112583014 ], [ 128.54886952012339, 36.285546418406327 ], [ 128.548955911830348, 36.286043212493773 ], [ 128.548958389676471, 36.286057469469924 ], [ 128.548816057250946, 36.28628473918782 ], [ 128.548552263895203, 36.286706013607962 ], [ 128.548057703781723, 36.286912094909248 ], [ 128.548004333650084, 36.287667510794556 ], [ 128.547856364112164, 36.288329259975988 ], [ 128.547775816935598, 36.288694651646644 ], [ 128.547483653836878, 36.289151187010532 ], [ 128.547320368576067, 36.289396497895794 ], [ 128.545667410660968, 36.290102191697798 ], [ 128.545562240299432, 36.29039275337081 ], [ 128.545269121848264, 36.290574087488579 ], [ 128.545457094161463, 36.291805801266051 ], [ 128.545514182650123, 36.291952432938196 ], [ 128.54569176740182, 36.292408491911644 ], [ 128.546298095161433, 36.293496915981287 ], [ 128.546318223743555, 36.293533048622038 ], [ 128.546906607554661, 36.29435171548964 ], [ 128.547438448003561, 36.294782812625748 ], [ 128.547598763194856, 36.295227060722453 ], [ 128.547687621105354, 36.295473274565005 ], [ 128.547970007588617, 36.295784701553238 ], [ 128.54815761037932, 36.296529693283972 ], [ 128.548224375243933, 36.296794801665641 ], [ 128.548384049182431, 36.297072256731369 ], [ 128.548536901648902, 36.297337853310616 ], [ 128.549616302041073, 36.297168767480201 ], [ 128.550260630598046, 36.297398413859739 ], [ 128.550878439037604, 36.297294161682395 ], [ 128.552081234048046, 36.297240562507824 ], [ 128.552555426255509, 36.297490121795697 ], [ 128.553119935938184, 36.298051941545658 ], [ 128.553785348496234, 36.298401846705104 ], [ 128.55430215193033, 36.298619440725354 ], [ 128.554661790919795, 36.298779148624646 ] ], [ [ 128.55467459672883, 36.298784486373265 ], [ 128.554693368478155, 36.298784196047137 ], [ 128.554692855912492, 36.298784275237594 ], [ 128.55467459672883, 36.298784486373265 ] ] ] } },
{ "type": "Feature", "properties": { "spatial_region": "비안면", "facility_count": 52, "total_capacity": 1421.2, "area_km2": 65.38, "facilities_per_km2": 0.795, "population_status": "AVAILABLE", "emd_code": "4773039000", "emd_name": "비안면", "total_population": 2465, "youth_population": 177, "youth_ratio": 7.1805273833671395, "elderly_population": 1366, "elderly_ratio": 55.415821501014193, "population_change": -74, "year": 2025 }, "geometry": { "type": "Polygon", "coordinates": [ [ [ 128.527523176382829, 36.383442582446825 ], [ 128.528413959474591, 36.383063516371102 ], [ 128.528799302924739, 36.38336598443216 ], [ 128.52969052942376, 36.383580253016717 ], [ 128.530960094054279, 36.383621685137641 ], [ 128.53141402011596, 36.383939860786313 ], [ 128.532126048516744, 36.384307946057604 ], [ 128.532739898104495, 36.384211264617342 ], [ 128.53345613681816, 36.384054900795221 ], [ 128.534037498557552, 36.383892453820245 ], [ 128.534418727012394, 36.383785931769047 ], [ 128.535011237327438, 36.384060739984598 ], [ 128.535922380572288, 36.384069746381236 ], [ 128.536076787739859, 36.384067266064093 ], [ 128.537266393178072, 36.3842445572065 ], [ 128.537588660713453, 36.384489077547606 ], [ 128.538713372998501, 36.384770655004793 ], [ 128.539526834205304, 36.385070447700571 ], [ 128.54000520063056, 36.385007611263482 ], [ 128.540158365346855, 36.384995009848339 ], [ 128.54145742044156, 36.384051727386868 ], [ 128.541474534399981, 36.384039303192196 ], [ 128.541674853643258, 36.383893851946212 ], [ 128.541815938010046, 36.383742450071615 ], [ 128.542082211540901, 36.383420840520948 ], [ 128.542721452056327, 36.382648748691444 ], [ 128.542816066472739, 36.382535790915632 ], [ 128.543215554101181, 36.382058834212359 ], [ 128.543457933451435, 36.381769445467391 ], [ 128.543939195554401, 36.381194969616018 ], [ 128.544093973217059, 36.381010211322817 ], [ 128.544307524403052, 36.380564980599651 ], [ 128.544326105188276, 36.380547361893676 ], [ 128.544908370068129, 36.3799952027221 ], [ 128.544977862058232, 36.379929304962374 ], [ 128.545156197843568, 36.379690484420344 ], [ 128.545217683334556, 36.379608154781522 ], [ 128.545859960651143, 36.379063231066468 ], [ 128.546040994442961, 36.378840622342096 ], [ 128.546267151057094, 36.37833102987414 ], [ 128.546516137411572, 36.377770058477047 ], [ 128.546529801128486, 36.377739272729478 ], [ 128.547149306114676, 36.37725803940058 ], [ 128.547403816362277, 36.37701234077214 ], [ 128.547460527763434, 36.376362403450287 ], [ 128.547947958349482, 36.3756915728179 ], [ 128.54823457109714, 36.375397024998193 ], [ 128.549020438871338, 36.374518594264437 ], [ 128.549036684463204, 36.374380372307471 ], [ 128.549135552142587, 36.373539069266492 ], [ 128.549132168163027, 36.373511489870054 ], [ 128.549102015204141, 36.373266799987604 ], [ 128.549135769103856, 36.372841380440448 ], [ 128.549273595272126, 36.371103936282658 ], [ 128.549286336319369, 36.370943361097439 ], [ 128.549501448722594, 36.369330109610019 ], [ 128.549584934694224, 36.369055975925285 ], [ 128.549780589710167, 36.36891006034714 ], [ 128.550802099898419, 36.368694277148371 ], [ 128.551397773068317, 36.367702123949108 ], [ 128.551825085366744, 36.366652479620932 ], [ 128.551757783458129, 36.36575994733785 ], [ 128.551756790174721, 36.365750544453157 ], [ 128.551703066770727, 36.365242319717424 ], [ 128.551650390137979, 36.364836921746779 ], [ 128.5522995656018, 36.364328628850721 ], [ 128.552718896986704, 36.363902899181483 ], [ 128.55303379972861, 36.36337037556541 ], [ 128.553288853394605, 36.362939052705563 ], [ 128.554264662017999, 36.362238087937207 ], [ 128.554510158992287, 36.361923247249372 ], [ 128.55479668932071, 36.361325710684554 ], [ 128.55499635099244, 36.360145497657697 ], [ 128.554463744273818, 36.359224353544647 ], [ 128.554399775008761, 36.358981853862495 ], [ 128.554199505316944, 36.358222683329871 ], [ 128.555224837626582, 36.357248229243716 ], [ 128.556148890192475, 36.356962924952022 ], [ 128.55715799016852, 36.356608557975463 ], [ 128.557498273161912, 36.356489057496297 ], [ 128.557725682433869, 36.356407220215289 ], [ 128.558928599448251, 36.355974291212355 ], [ 128.558967609226329, 36.35572539837159 ], [ 128.559082842944406, 36.355484808105047 ], [ 128.559129766029599, 36.355386835783847 ], [ 128.559164366102436, 36.355082261478131 ], [ 128.559301360134612, 36.354309126063882 ], [ 128.560090277930527, 36.353726401532981 ], [ 128.559563229616259, 36.352956100883866 ], [ 128.559162196275594, 36.352369967198506 ], [ 128.558600270941639, 36.35194054365477 ], [ 128.558627477603949, 36.351861576099004 ], [ 128.558825251361895, 36.351287454461328 ], [ 128.558864701536521, 36.351172936096191 ], [ 128.558938708533503, 36.350958101614147 ], [ 128.559164583158235, 36.350535875961477 ], [ 128.55943004753226, 36.349952072830483 ], [ 128.560025208865653, 36.349654742900093 ], [ 128.560558250542101, 36.349406429592349 ], [ 128.560569632216925, 36.349401127663064 ], [ 128.560860869496707, 36.349153777015125 ], [ 128.561881718822974, 36.348286765454155 ], [ 128.562429382549993, 36.347631773491926 ], [ 128.562620266073253, 36.347393214593758 ], [ 128.562520020196871, 36.346791569279254 ], [ 128.562451782217749, 36.346382035227769 ], [ 128.562490908051814, 36.346236577261905 ], [ 128.562636794259049, 36.345694384670217 ], [ 128.562752655285692, 36.345263781403816 ], [ 128.562614177290499, 36.344823493938613 ], [ 128.562500760639836, 36.344135792501362 ], [ 128.561842607869409, 36.343310318252726 ], [ 128.561799454234574, 36.343270715364461 ], [ 128.562150540141346, 36.342598536318775 ], [ 128.562223564196245, 36.342254134836239 ], [ 128.562906278430432, 36.341876889684336 ], [ 128.563186893314963, 36.341721827696865 ], [ 128.56333501060638, 36.341639994969469 ], [ 128.56385040786239, 36.341366116701316 ], [ 128.563911615517895, 36.341009847486738 ], [ 128.5644006597567, 36.340612968912204 ], [ 128.564439901648427, 36.340581129935288 ], [ 128.564781283858451, 36.33974138897166 ], [ 128.566050312517291, 36.339486779784572 ], [ 128.566502709531477, 36.337599936963969 ], [ 128.567247578869654, 36.337235193674893 ], [ 128.567760790366634, 36.336415596079114 ], [ 128.56800805039137, 36.336202221986824 ], [ 128.568269847118529, 36.335976292697225 ], [ 128.568428764258357, 36.335264421849068 ], [ 128.568446062345629, 36.334950363772762 ], [ 128.568480521935243, 36.334324707260727 ], [ 128.568480782557543, 36.33431987793422 ], [ 128.568464498815587, 36.334307806347645 ], [ 128.567762482580292, 36.33378754790764 ], [ 128.56767000569107, 36.3337190478086 ], [ 128.566734467495763, 36.332762841630149 ], [ 128.566477226994891, 36.332488896234821 ], [ 128.566280242669279, 36.332435316535467 ], [ 128.566235023959109, 36.33242723961132 ], [ 128.566204785936293, 36.332423083245153 ], [ 128.565903930545062, 36.332351723024665 ], [ 128.565627590691946, 36.332286191899094 ], [ 128.565575891390154, 36.332189893576086 ], [ 128.565206933370433, 36.331502756968227 ], [ 128.564996259657761, 36.331110564544538 ], [ 128.564886444502292, 36.330970689359937 ], [ 128.564983453022421, 36.330599130671693 ], [ 128.5651095476222, 36.33011641055807 ], [ 128.565224781025222, 36.329893548189965 ], [ 128.565391221224786, 36.329635051004537 ], [ 128.565510952739828, 36.329434148250705 ], [ 128.565877220686957, 36.329256736412098 ], [ 128.566270252192851, 36.328704371693554 ], [ 128.566471041796291, 36.328398262980613 ], [ 128.567037333480556, 36.328245429294171 ], [ 128.567495339025328, 36.328054080285575 ], [ 128.567352283026622, 36.327592323551961 ], [ 128.567286587949667, 36.327411255989411 ], [ 128.567412855464511, 36.326333571636596 ], [ 128.56710472550165, 36.325871296046181 ], [ 128.566450486054663, 36.325261924004579 ], [ 128.566289561110978, 36.325231851919384 ], [ 128.566259779186225, 36.325226282392578 ], [ 128.565714328159515, 36.325030020729685 ], [ 128.565202179362672, 36.324981435901044 ], [ 128.564254732760872, 36.324540221295294 ], [ 128.563724958964968, 36.324712659019148 ], [ 128.562975059019749, 36.32468382156182 ], [ 128.561988376062175, 36.324460122977619 ], [ 128.561311500601022, 36.324306713325996 ], [ 128.561033975460759, 36.324243807660835 ], [ 128.560727897203179, 36.324329146868244 ], [ 128.560248439035973, 36.324462833101549 ], [ 128.559653417243794, 36.324653314680276 ], [ 128.55875363990296, 36.324579784361617 ], [ 128.558278564248354, 36.324170703600494 ], [ 128.55754518967143, 36.323923458516113 ], [ 128.557029985119414, 36.323779771830651 ], [ 128.55693435329249, 36.323752840692684 ], [ 128.555512345291703, 36.323391905845206 ], [ 128.555488812750923, 36.323374542599574 ], [ 128.555192848694617, 36.3231562647914 ], [ 128.55534407078818, 36.322735955314549 ], [ 128.555459952739255, 36.32241392165578 ], [ 128.555472365570068, 36.322379462123038 ], [ 128.555414297850376, 36.322061474451623 ], [ 128.554671929417253, 36.320458627179171 ], [ 128.554557239158896, 36.320211007109798 ], [ 128.554531724026504, 36.319598998201784 ], [ 128.554435795833029, 36.319355890907651 ], [ 128.554476302414457, 36.319093576131607 ], [ 128.554396052608354, 36.318954090064324 ], [ 128.554061367003214, 36.318807893449218 ], [ 128.553288917244856, 36.318698166007415 ], [ 128.552577724913561, 36.318662658829133 ], [ 128.551590890681155, 36.318499207409289 ], [ 128.551600558863129, 36.318275933450778 ], [ 128.551777734445636, 36.3180983212755 ], [ 128.551938383694477, 36.317951782169402 ], [ 128.55195183373695, 36.317849306434283 ], [ 128.551905799977334, 36.317651344140181 ], [ 128.552045555009073, 36.31678751963976 ], [ 128.551981394352651, 36.316643649627075 ], [ 128.551972273643514, 36.316620509283737 ], [ 128.551953505305192, 36.316572910902316 ], [ 128.551944099288022, 36.316549039534493 ], [ 128.551936559044293, 36.316529915346493 ], [ 128.551886235859996, 36.316402300383466 ], [ 128.551859336858769, 36.316339522706592 ], [ 128.551765651922381, 36.316120924481254 ], [ 128.551701300637546, 36.315847591210392 ], [ 128.551286369641389, 36.315135932803642 ], [ 128.551205887292582, 36.314997903557092 ], [ 128.551205243765253, 36.314976200907196 ], [ 128.551316065946594, 36.315010277040678 ], [ 128.551335198636679, 36.314980808659151 ], [ 128.55154245144962, 36.315001396621895 ], [ 128.551978535956408, 36.314967188447426 ], [ 128.55221586466223, 36.314935458123585 ], [ 128.552215854889283, 36.314849828701306 ], [ 128.552222090411618, 36.314649963116217 ], [ 128.552223024554337, 36.314553135665435 ], [ 128.552229902002097, 36.314388877800212 ], [ 128.552234023169348, 36.314274165038967 ], [ 128.552232565706731, 36.314159440323756 ], [ 128.552237351701564, 36.313921080195172 ], [ 128.552268596175793, 36.313921170564882 ], [ 128.552305110368962, 36.313920767057574 ], [ 128.552473194958679, 36.313833245780508 ], [ 128.552493676248844, 36.313811198919332 ], [ 128.552499489549689, 36.313811058540608 ], [ 128.552567047509797, 36.313771931004666 ], [ 128.552746806116829, 36.313648541452253 ], [ 128.5528166727795, 36.313598995873726 ], [ 128.552845885830976, 36.313584362322274 ], [ 128.552991071007114, 36.313513182746384 ], [ 128.553127795093047, 36.313433914779289 ], [ 128.553257392839782, 36.313420729950565 ], [ 128.553324257960867, 36.313407201694986 ], [ 128.553511873545062, 36.313309514835836 ], [ 128.553610763962467, 36.31331718484121 ], [ 128.553688674693802, 36.313327047140199 ], [ 128.553806759669357, 36.313416903717062 ], [ 128.553881126888825, 36.313473992084937 ], [ 128.5539167039814, 36.313501133419756 ], [ 128.553997373412358, 36.31350957298141 ], [ 128.554029031490785, 36.313513251105171 ], [ 128.554130186808862, 36.313487054083737 ], [ 128.554169259500554, 36.313477314420943 ], [ 128.55426841323137, 36.313415531501484 ], [ 128.554429665044978, 36.313377429233434 ], [ 128.554661327930518, 36.313320935653749 ], [ 128.554693904418286, 36.313310009026694 ], [ 128.555083460228218, 36.313214552131399 ], [ 128.555214534995173, 36.313158952498867 ], [ 128.555487952815128, 36.313043793629895 ], [ 128.555497338219425, 36.313061626801499 ], [ 128.555524195710575, 36.313049894592254 ], [ 128.555457148212042, 36.312876610311783 ], [ 128.55544666944806, 36.312851338382941 ], [ 128.555423943692148, 36.312796498342976 ], [ 128.555349704652315, 36.312613238217558 ], [ 128.555327697597619, 36.312559311023946 ], [ 128.555293887619854, 36.312476069686824 ], [ 128.555253355864238, 36.312376564118139 ], [ 128.555226542596273, 36.312310227839994 ], [ 128.555194162455194, 36.312230127890139 ], [ 128.555111482527934, 36.312021783490195 ], [ 128.555057846548237, 36.311890859097261 ], [ 128.555034882579889, 36.311836883212699 ], [ 128.5549691048667, 36.311663891747159 ], [ 128.554959877218693, 36.311639922133068 ], [ 128.554949683819387, 36.311613479697591 ], [ 128.554915790327357, 36.311525497761892 ], [ 128.554839392926539, 36.311328675586353 ], [ 128.554769024117519, 36.311144753643156 ], [ 128.554786441444918, 36.311140375938706 ], [ 128.554692155875387, 36.310895922914554 ], [ 128.554688222253276, 36.310886707238588 ], [ 128.554487285029722, 36.310401242242158 ], [ 128.554403478020248, 36.310197894597415 ], [ 128.554317211653029, 36.309990482411145 ], [ 128.554413462782605, 36.309942890951795 ], [ 128.554535459796085, 36.309883058605024 ], [ 128.554737186301367, 36.309769336543944 ], [ 128.5546464670403, 36.309764653867134 ], [ 128.554608717730559, 36.309763305203802 ], [ 128.554660895764698, 36.309708330403275 ], [ 128.554733580254208, 36.30970075280765 ], [ 128.554688765330837, 36.309641973040073 ], [ 128.554612440915406, 36.309637668553826 ], [ 128.554583006926293, 36.309599628157962 ], [ 128.554538463742176, 36.309569353455281 ], [ 128.554454623317099, 36.309574861581467 ], [ 128.554359186328583, 36.309546243912884 ], [ 128.554288816776591, 36.309481871266449 ], [ 128.554165534786534, 36.309458745573593 ], [ 128.554143170859788, 36.309455895296672 ], [ 128.554028166984779, 36.309420175000177 ], [ 128.55398343675634, 36.309483098715177 ], [ 128.553041344451458, 36.308858309042265 ], [ 128.552511828755797, 36.308508631114968 ], [ 128.552348028926531, 36.308400460873408 ], [ 128.552271287748766, 36.307523646370491 ], [ 128.552291401077014, 36.307481997612534 ], [ 128.552484363700614, 36.307082475273916 ], [ 128.552603282360451, 36.30634696045469 ], [ 128.552604309879769, 36.306340574991999 ], [ 128.552697425098131, 36.305947751527135 ], [ 128.552730896301313, 36.30582875101944 ], [ 128.55280391914394, 36.305569081535751 ], [ 128.552183918744248, 36.304736249609924 ], [ 128.552214583315816, 36.30466598316643 ], [ 128.552367273185723, 36.304316162410224 ], [ 128.552518667019626, 36.303912500438734 ], [ 128.553061882286528, 36.303345681918017 ], [ 128.55368587347283, 36.302780938710427 ], [ 128.554016497191384, 36.302595101758222 ], [ 128.554009407285491, 36.302532362514796 ], [ 128.5539274464725, 36.302182904823177 ], [ 128.553920744693698, 36.302137992249499 ], [ 128.553927442653077, 36.301786027670879 ], [ 128.553681660561608, 36.301455349729743 ], [ 128.553677189881256, 36.301429171895769 ], [ 128.553620932553429, 36.301100194763755 ], [ 128.553571193704954, 36.300836532093534 ], [ 128.553717112229634, 36.300428242814675 ], [ 128.553690669172255, 36.30019872278563 ], [ 128.553681702125374, 36.300133354051276 ], [ 128.553647212111287, 36.299882049511368 ], [ 128.553931515398915, 36.299543281060927 ], [ 128.55434809628315, 36.29929458339457 ], [ 128.554669947007568, 36.298795526412562 ], [ 128.55467459672883, 36.298784486373265 ], [ 128.554661790919795, 36.298779148624646 ], [ 128.55430215193033, 36.298619440725354 ], [ 128.553785348496234, 36.298401846705104 ], [ 128.553119935938184, 36.298051941545658 ], [ 128.552555426255509, 36.297490121795697 ], [ 128.552081234048046, 36.297240562507824 ], [ 128.550878439037604, 36.297294161682395 ], [ 128.550260630598046, 36.297398413859739 ], [ 128.549616302041073, 36.297168767480201 ], [ 128.548536901648902, 36.297337853310616 ], [ 128.548384049182431, 36.297072256731369 ], [ 128.548224375243933, 36.296794801665641 ], [ 128.54815761037932, 36.296529693283972 ], [ 128.547970007588617, 36.295784701553238 ], [ 128.547687621105354, 36.295473274565005 ], [ 128.547598763194856, 36.295227060722453 ], [ 128.547438448003561, 36.294782812625748 ], [ 128.546906607554661, 36.29435171548964 ], [ 128.546318223743555, 36.293533048622038 ], [ 128.546298095161433, 36.293496915981287 ], [ 128.54569176740182, 36.292408491911644 ], [ 128.545514182650123, 36.291952432938196 ], [ 128.544036544130137, 36.292628762906958 ], [ 128.54331764000554, 36.292965321103587 ], [ 128.543224922128502, 36.293107883193905 ], [ 128.543043478953365, 36.293427744729748 ], [ 128.542807650459537, 36.293867947557857 ], [ 128.542798195804409, 36.293885646416356 ], [ 128.541648220861561, 36.294159891058939 ], [ 128.540946929771081, 36.294387838895886 ], [ 128.539749049659463, 36.294752791207188 ], [ 128.538968838886944, 36.294624728936938 ], [ 128.538519929910194, 36.294371960496967 ], [ 128.538425462986396, 36.294350966823416 ], [ 128.537535615066815, 36.2944695096392 ], [ 128.536126027803107, 36.294850915561298 ], [ 128.535907048557789, 36.295562027123609 ], [ 128.535669030342433, 36.295825288461408 ], [ 128.53511305243785, 36.295550227658843 ], [ 128.534675368114364, 36.295342988927338 ], [ 128.533791071245304, 36.295052788766434 ], [ 128.533519928756618, 36.295077420438531 ], [ 128.533322995040834, 36.295100107144947 ], [ 128.533060489676899, 36.294985287801133 ], [ 128.532624145894971, 36.294858710952596 ], [ 128.532545547747361, 36.294809117509587 ], [ 128.531689071699645, 36.294446772774201 ], [ 128.530364494237404, 36.294004617959338 ], [ 128.529935298808681, 36.293831333573785 ], [ 128.529315922918983, 36.293783731639891 ], [ 128.528487084818664, 36.295187531685052 ], [ 128.52833114853172, 36.295343205414454 ], [ 128.527909467590746, 36.295766241495926 ], [ 128.52723169141899, 36.296446428954006 ], [ 128.52655388828498, 36.297079526007174 ], [ 128.526536823149229, 36.297988418230943 ], [ 128.526182070323102, 36.298703369629088 ], [ 128.525983185830114, 36.299104340118916 ], [ 128.525882243399366, 36.299307910285314 ], [ 128.525788238732929, 36.299375394706658 ], [ 128.52495436553113, 36.299974175381152 ], [ 128.524536977005994, 36.299886169780613 ], [ 128.523171550408364, 36.299598341824705 ], [ 128.521812312256287, 36.300496160808954 ], [ 128.520572726693842, 36.300084346930689 ], [ 128.520367760924955, 36.300119722507496 ], [ 128.519605047276229, 36.300251358485532 ], [ 128.518967939541113, 36.300758240351982 ], [ 128.518658763891295, 36.301017746702897 ], [ 128.518048721604799, 36.301933892379985 ], [ 128.517786059247072, 36.301920195648947 ], [ 128.515911120614874, 36.301822361628041 ], [ 128.515057469129175, 36.302011211104883 ], [ 128.515034247420999, 36.301985712572126 ], [ 128.51430754761671, 36.301187856382342 ], [ 128.5136520221632, 36.301014510549798 ], [ 128.513211735320198, 36.300873671440456 ], [ 128.512064570545817, 36.30132822799451 ], [ 128.511864097148504, 36.301260035570394 ], [ 128.511743313395357, 36.301227846666883 ], [ 128.510776842806024, 36.300666995487568 ], [ 128.510347832146465, 36.301040797795658 ], [ 128.509138703639394, 36.302152449970983 ], [ 128.50909874704405, 36.302205418561506 ], [ 128.509055461423003, 36.302185783986758 ], [ 128.508513518173544, 36.303318685510739 ], [ 128.507022517125762, 36.303646422083482 ], [ 128.507016543964966, 36.303631428911771 ], [ 128.506565977766542, 36.303351453980305 ], [ 128.503913399311017, 36.30323075403151 ], [ 128.503689146105131, 36.303339664455756 ], [ 128.503207624269749, 36.303445862455163 ], [ 128.502200139917875, 36.303759989593637 ], [ 128.500242656139704, 36.303785665448622 ], [ 128.49825002894562, 36.303392666169977 ], [ 128.497636669043032, 36.303141981429647 ], [ 128.497349227280807, 36.303094792020332 ], [ 128.497322181734546, 36.303091686092166 ], [ 128.496515767637703, 36.30296272276334 ], [ 128.496437535423667, 36.302950208492135 ], [ 128.496189545787246, 36.303494297547381 ], [ 128.494603096349152, 36.304056284880765 ], [ 128.493917339746872, 36.304448458316145 ], [ 128.493850638799614, 36.3044843842113 ], [ 128.493483154052427, 36.30458660231357 ], [ 128.493037070206157, 36.304710203292395 ], [ 128.492175087051379, 36.304559355261105 ], [ 128.491153589753623, 36.304026507624627 ], [ 128.490845277354225, 36.304349297561657 ], [ 128.490653098839118, 36.304933201649582 ], [ 128.490362794954649, 36.306020431572918 ], [ 128.490115778887116, 36.30625905078972 ], [ 128.489404464838884, 36.306987892352005 ], [ 128.489102324676082, 36.307288454091896 ], [ 128.48873260115829, 36.307530707844911 ], [ 128.48784230867048, 36.308044635973367 ], [ 128.487729369910937, 36.308109837049429 ], [ 128.487335495417852, 36.307943914544921 ], [ 128.487234001073602, 36.307941477439073 ], [ 128.48618848771315, 36.308126320836841 ], [ 128.485677370004225, 36.307695493060322 ], [ 128.485596956993277, 36.307682304431133 ], [ 128.484681974583395, 36.307532228051727 ], [ 128.484404678901342, 36.307486745580938 ], [ 128.483536518117546, 36.307842050142533 ], [ 128.482974968163177, 36.308445563122461 ], [ 128.482653995638373, 36.308790941033806 ], [ 128.480875676821739, 36.309759691651053 ], [ 128.480726689541484, 36.309796134955626 ], [ 128.479653985831277, 36.310058546498738 ], [ 128.479492565723518, 36.310520142036573 ], [ 128.479471880167978, 36.31061833331335 ], [ 128.479402422385135, 36.310725287265306 ], [ 128.479345244871382, 36.310787299394036 ], [ 128.479155799905499, 36.310992812739372 ], [ 128.479125808989238, 36.31102534010278 ], [ 128.478912315784356, 36.311031724618203 ], [ 128.478035902000272, 36.311057917597118 ], [ 128.47759020973038, 36.311083901649887 ], [ 128.476815212518716, 36.311428688013677 ], [ 128.476752472641067, 36.311481266262987 ], [ 128.476743145071083, 36.311489083522957 ], [ 128.476176439173713, 36.311360548223227 ], [ 128.475698087779477, 36.311699799492239 ], [ 128.475367473715693, 36.311743223273645 ], [ 128.475118465241735, 36.31169559982601 ], [ 128.474977248382316, 36.31169490590699 ], [ 128.474067004745365, 36.311690452221661 ], [ 128.473185392888922, 36.312177210428338 ], [ 128.473264179205216, 36.312732354474775 ], [ 128.473397698508592, 36.31367991103027 ], [ 128.473424677546348, 36.314295952286848 ], [ 128.473330110047186, 36.314690102411582 ], [ 128.473087895204344, 36.315672396685947 ], [ 128.473103075924001, 36.315802259136952 ], [ 128.473147501127585, 36.316116485789273 ], [ 128.473193140723225, 36.316509885453542 ], [ 128.473316663069085, 36.317114430575664 ], [ 128.473506414194958, 36.317946299437239 ], [ 128.47336499891648, 36.317996464648573 ], [ 128.47315381508713, 36.318075239869032 ], [ 128.47301372457926, 36.318127041631783 ], [ 128.47292714500847, 36.318169941985104 ], [ 128.472876142516185, 36.318315273207958 ], [ 128.472745114107028, 36.318352488757817 ], [ 128.472496592583951, 36.318519997925897 ], [ 128.472398491391658, 36.318532567647743 ], [ 128.472315833377763, 36.318517422626719 ], [ 128.472279782127515, 36.318490164905093 ], [ 128.472203360353745, 36.318488168425368 ], [ 128.47216047580676, 36.318506443489234 ], [ 128.472121697109316, 36.31854824820293 ], [ 128.47207500248777, 36.318556881885421 ], [ 128.472035006733762, 36.318569519370953 ], [ 128.471928641449722, 36.318603680147291 ], [ 128.471866831683627, 36.318644175186961 ], [ 128.471840611825485, 36.318646771539598 ], [ 128.471835362923969, 36.31864736107871 ], [ 128.471818996735351, 36.318661689237338 ], [ 128.471807249822234, 36.318709236903899 ], [ 128.471805511100456, 36.318854308295535 ], [ 128.47181803701929, 36.318877613938334 ], [ 128.471856153815196, 36.318923823507482 ], [ 128.471859322953037, 36.318934372205923 ], [ 128.471876253260007, 36.318984813510809 ], [ 128.471879524877153, 36.318995029230365 ], [ 128.471869132547681, 36.319039870384678 ], [ 128.471845780415435, 36.319097549838986 ], [ 128.471833773971326, 36.319165345606642 ], [ 128.471804027421143, 36.319208569015657 ], [ 128.471761971699209, 36.319235940392971 ], [ 128.471734190458392, 36.319240503361009 ], [ 128.471691982787661, 36.319273866809183 ], [ 128.471669557111255, 36.319332839002527 ], [ 128.471624214458586, 36.319393376778471 ], [ 128.471526956387322, 36.319536195362872 ], [ 128.471495435248727, 36.319619440716998 ], [ 128.471484369310474, 36.319650238644684 ], [ 128.471462364579992, 36.319729236618414 ], [ 128.471437216176639, 36.319825171621801 ], [ 128.471388158541799, 36.319904725501409 ], [ 128.471354347582462, 36.319970865498 ], [ 128.471446332585913, 36.320001732866452 ], [ 128.471410546736905, 36.320114490561707 ], [ 128.471367685060073, 36.320201587644291 ], [ 128.471323771449079, 36.320256544389423 ], [ 128.471276169057205, 36.32029217272413 ], [ 128.471259178450197, 36.320327927808655 ], [ 128.471266478236515, 36.320351742012676 ], [ 128.471241418308551, 36.320408242239772 ], [ 128.471328574553098, 36.320436907453029 ], [ 128.471398124405283, 36.320488672575678 ], [ 128.471405508511111, 36.320555959493127 ], [ 128.471388907620565, 36.320593365460248 ], [ 128.471375479266896, 36.32064739402081 ], [ 128.471327873547494, 36.320739390420165 ], [ 128.471255632980075, 36.320787273498041 ], [ 128.471232024222303, 36.320754456379184 ], [ 128.471216365896822, 36.320766129142228 ], [ 128.471190499543042, 36.320790409019672 ], [ 128.471138164213642, 36.320829287539127 ], [ 128.471105486883005, 36.320857862787257 ], [ 128.471033252836463, 36.320926112154901 ], [ 128.470641868657964, 36.320572675956683 ], [ 128.47011518078466, 36.320116733032883 ], [ 128.469270703964639, 36.320678080783345 ], [ 128.469551430563286, 36.32090758710978 ], [ 128.468578928041154, 36.321798277624744 ], [ 128.467890486027216, 36.321879159395991 ], [ 128.46755409007659, 36.321930673047632 ], [ 128.466399075715032, 36.321858110244676 ], [ 128.465799962044684, 36.322136375020278 ], [ 128.464784561630438, 36.322568814644661 ], [ 128.464556233689592, 36.322666431089274 ], [ 128.46422901494438, 36.322678063869049 ], [ 128.462623874631987, 36.322764317084264 ], [ 128.462500810477593, 36.322775225120402 ], [ 128.46233195734311, 36.322884261898523 ], [ 128.461645667240532, 36.323136870801548 ], [ 128.460831120940242, 36.323361238902542 ], [ 128.46023653585533, 36.32407685049413 ], [ 128.460145366746985, 36.324198491724147 ], [ 128.458239199238903, 36.324160430145064 ], [ 128.458054909677116, 36.324294028571899 ], [ 128.458013753548585, 36.324323877358196 ], [ 128.457955595412756, 36.324366057892483 ], [ 128.45784554699884, 36.324445869452319 ], [ 128.457635981492587, 36.324597934327834 ], [ 128.456184032493098, 36.324911387088491 ], [ 128.455756102649218, 36.32501778147217 ], [ 128.455449714260482, 36.325400684827969 ], [ 128.45542187338981, 36.326026318717851 ], [ 128.45539165139823, 36.326183893807851 ], [ 128.455442040897054, 36.326885294594476 ], [ 128.455938817320202, 36.326930818871837 ], [ 128.456030214905837, 36.326939193269496 ], [ 128.456912593323466, 36.327439551897363 ], [ 128.457604482484754, 36.327834421026047 ], [ 128.457658064148035, 36.32827975987977 ], [ 128.458442381658557, 36.328651956746434 ], [ 128.458851968639465, 36.328994466694958 ], [ 128.459879020517093, 36.329428242109401 ], [ 128.4606168752359, 36.329550356835647 ], [ 128.462258963169774, 36.329949341652906 ], [ 128.462349692565112, 36.32995347273453 ], [ 128.463152727168023, 36.329852827143696 ], [ 128.463732024089296, 36.330752050119692 ], [ 128.464148303082879, 36.331398210960401 ], [ 128.463963913191463, 36.331824255262191 ], [ 128.463734342378956, 36.332354703328051 ], [ 128.463708796763086, 36.332491853994064 ], [ 128.463594497298999, 36.333105006620229 ], [ 128.463575994481516, 36.333204276886178 ], [ 128.463353055215464, 36.333660200473496 ], [ 128.462934665466577, 36.33451583826605 ], [ 128.462889030731674, 36.33463918243995 ], [ 128.462827426726534, 36.334802574516566 ], [ 128.462674969795501, 36.335206943220214 ], [ 128.462601472611198, 36.335407067120329 ], [ 128.462562220892295, 36.335513957609599 ], [ 128.462358997826129, 36.336195718945973 ], [ 128.461938205493993, 36.336953610590861 ], [ 128.46179985810312, 36.337722004251411 ], [ 128.46176693472944, 36.337913884844973 ], [ 128.462156274592388, 36.338489675461453 ], [ 128.462205593900165, 36.338562685098438 ], [ 128.462814855988427, 36.338649024647651 ], [ 128.462727804001787, 36.339188249834805 ], [ 128.462609144433515, 36.340119645471425 ], [ 128.462440211354078, 36.341626613191046 ], [ 128.462318167438355, 36.342734404800403 ], [ 128.462279386228772, 36.343095614750133 ], [ 128.462104213984219, 36.343612191699194 ], [ 128.462946537544155, 36.34361599028351 ], [ 128.462936981092952, 36.343871463321733 ], [ 128.462907984847647, 36.344384392442912 ], [ 128.462899853548123, 36.344481393150197 ], [ 128.462887904261947, 36.344825484847853 ], [ 128.462886712339412, 36.344890192066202 ], [ 128.462872168510955, 36.345158096653172 ], [ 128.462868951666167, 36.345251559896113 ], [ 128.462839652753956, 36.345534925017034 ], [ 128.462843314906365, 36.34600601594201 ], [ 128.463038701108673, 36.347045118209934 ], [ 128.463078627674975, 36.347221241295891 ], [ 128.463096615081213, 36.347406196060909 ], [ 128.463117753369943, 36.347928001948908 ], [ 128.463137770210977, 36.3481353597438 ], [ 128.463166436234445, 36.348795203646212 ], [ 128.463191437500058, 36.349060168198974 ], [ 128.463226142668731, 36.349491729457441 ], [ 128.463274304586008, 36.349947700714246 ], [ 128.463357930865612, 36.350827153032739 ], [ 128.463430908325279, 36.351314848675443 ], [ 128.463590914778536, 36.352427784386336 ], [ 128.463757505475257, 36.353385821415458 ], [ 128.463870270239624, 36.354087514506858 ], [ 128.463936868763454, 36.354434410284789 ], [ 128.464121766302327, 36.355304151859734 ], [ 128.464238822887864, 36.355931743091524 ], [ 128.464429520562305, 36.356812828674819 ], [ 128.46472720571569, 36.358053426484531 ], [ 128.464810380856591, 36.358331799574735 ], [ 128.46485284110264, 36.358461559352087 ], [ 128.465017232460639, 36.358963154359877 ], [ 128.465212370997961, 36.359561365500063 ], [ 128.465430711691397, 36.360415934742214 ], [ 128.465602678506542, 36.361053674263722 ], [ 128.46577729157778, 36.361651972487948 ], [ 128.46571841783296, 36.362086050395135 ], [ 128.465661852997243, 36.362305112442371 ], [ 128.46552447090005, 36.36282380863296 ], [ 128.465473806930561, 36.363018980204082 ], [ 128.465258767943936, 36.364410552897411 ], [ 128.465195009401043, 36.364639927673124 ], [ 128.465139302680711, 36.364785404399804 ], [ 128.465023604926927, 36.36491638243065 ], [ 128.463913959310418, 36.364703713629495 ], [ 128.463667540220939, 36.364865210226334 ], [ 128.463471596051022, 36.364994140344528 ], [ 128.463094853723135, 36.365246345476777 ], [ 128.465051532214432, 36.365253361831087 ], [ 128.465130320699529, 36.365201249933214 ], [ 128.465149891861927, 36.365159893386455 ], [ 128.465206041023265, 36.365092873736387 ], [ 128.465245125875782, 36.36495680260483 ], [ 128.465291260981076, 36.364952675061964 ], [ 128.46532907571023, 36.364860412653911 ], [ 128.465345526636014, 36.364793097641353 ], [ 128.465378273195171, 36.364744446696754 ], [ 128.465412933644615, 36.364647429997717 ], [ 128.465672620604124, 36.364139483769797 ], [ 128.466084033255896, 36.363679293545665 ], [ 128.46643998160792, 36.363411972395667 ], [ 128.466720533200714, 36.362815127471777 ], [ 128.466888665721086, 36.361959857429802 ], [ 128.466890229361582, 36.361951159204068 ], [ 128.467021962202324, 36.361784564993968 ], [ 128.467022709341393, 36.361870836542572 ], [ 128.467023207804004, 36.361928296839572 ], [ 128.467021807379808, 36.361989713753736 ], [ 128.467049474036827, 36.361965064567386 ], [ 128.467082435151525, 36.361902626310332 ], [ 128.467186616141106, 36.361789473740238 ], [ 128.467207121623176, 36.361770884347493 ], [ 128.467323528314779, 36.361665374100525 ], [ 128.467416103686105, 36.361577609236903 ], [ 128.467539231488104, 36.361463477661822 ], [ 128.467675223876967, 36.361335219142099 ], [ 128.467694676891057, 36.361340190341984 ], [ 128.467769508051333, 36.361359331854437 ], [ 128.467965272667442, 36.361409409534488 ], [ 128.468013845838215, 36.361416673488435 ], [ 128.468066415186712, 36.361417953524814 ], [ 128.468460791392801, 36.361427526498851 ], [ 128.468984987857823, 36.361439316894938 ], [ 128.469474647329776, 36.361390185882726 ], [ 128.469581472656557, 36.361364293463666 ], [ 128.4696046087806, 36.361358529887298 ], [ 128.469706160015448, 36.361333217658185 ], [ 128.469724081621649, 36.361334027356563 ], [ 128.469764807978919, 36.361354854211072 ], [ 128.469861178102889, 36.36139017599956 ], [ 128.469956926290052, 36.361276109340338 ], [ 128.470529825915492, 36.360934754987376 ], [ 128.470738018314705, 36.36074794083364 ], [ 128.47116499332833, 36.36045186735992 ], [ 128.471225244554631, 36.36038165486417 ], [ 128.471261672650797, 36.360341336313439 ], [ 128.471387450729651, 36.360237801134986 ], [ 128.471567505218104, 36.360080788262742 ], [ 128.471696417856947, 36.359968354158696 ], [ 128.471782679407028, 36.359883991294645 ], [ 128.471813089139545, 36.359837301709341 ], [ 128.471797358035133, 36.359812522109813 ], [ 128.471949757684371, 36.359721261008595 ], [ 128.471972872377023, 36.359660994584011 ], [ 128.47208441900753, 36.359567578720046 ], [ 128.472190258611988, 36.359497540653813 ], [ 128.472297203958533, 36.3594204873352 ], [ 128.472423223020513, 36.359341833197476 ], [ 128.472521812283503, 36.359284469119331 ], [ 128.472719576298658, 36.359168770051149 ], [ 128.472824215528931, 36.359114613594677 ], [ 128.472932737199102, 36.359061312299765 ], [ 128.472973917417164, 36.359056159564105 ], [ 128.473073245538558, 36.358932229429094 ], [ 128.473100461089359, 36.358881569276427 ], [ 128.473114134600365, 36.358825081798635 ], [ 128.47311155373211, 36.358773397734851 ], [ 128.473078834230563, 36.358675729256028 ], [ 128.47304599588665, 36.358666527356135 ], [ 128.473028190868519, 36.358608999510999 ], [ 128.473066727432695, 36.35846087464207 ], [ 128.473061501410257, 36.358345601865651 ], [ 128.47312350586742, 36.358228139168041 ], [ 128.473221292145496, 36.358132687817019 ], [ 128.473293830150737, 36.358105117494617 ], [ 128.473354048130176, 36.35807720430531 ], [ 128.473530407079494, 36.358000853133291 ], [ 128.473703536297961, 36.357917665633103 ], [ 128.473834663398804, 36.357831048233059 ], [ 128.47392691359417, 36.357776502652065 ], [ 128.473951140426919, 36.35779712006957 ], [ 128.474416161010453, 36.357992858975109 ], [ 128.474536200277726, 36.357994082283611 ], [ 128.474925929718808, 36.357998044184356 ], [ 128.475050279350626, 36.357999466202806 ], [ 128.475866818255611, 36.35800881011717 ], [ 128.475875808536983, 36.358008921755356 ], [ 128.475924930006386, 36.358007344498368 ], [ 128.47620587250745, 36.358101354506381 ], [ 128.476558782796502, 36.358219470718424 ], [ 128.476865261577899, 36.358228990206023 ], [ 128.477455296977752, 36.358253711766999 ], [ 128.478059787931926, 36.358282702166662 ], [ 128.478178397715368, 36.358284510323614 ], [ 128.478491270618804, 36.358354206254376 ], [ 128.478616769273231, 36.35838215982227 ], [ 128.479147611517078, 36.358500388997442 ], [ 128.479768799086713, 36.358585505076285 ], [ 128.481157331955643, 36.358775739082766 ], [ 128.482284340249691, 36.357631883891337 ], [ 128.484427178615817, 36.35776212935113 ], [ 128.484499984416317, 36.357671517010878 ], [ 128.485149046865814, 36.357530587856871 ], [ 128.485657079919292, 36.357420280776914 ], [ 128.486100000461249, 36.357411657328669 ], [ 128.486491741405416, 36.357410994239693 ], [ 128.487190381980895, 36.357409803741575 ], [ 128.487246152806449, 36.357391497821666 ], [ 128.487932001867591, 36.357166615262727 ], [ 128.488201897798859, 36.356752464755687 ], [ 128.488637527433184, 36.35581828768651 ], [ 128.488988071775026, 36.355105538364747 ], [ 128.488994135072915, 36.355093236449981 ], [ 128.489012720486357, 36.355055476294403 ], [ 128.489017027795086, 36.355022124676523 ], [ 128.489017250747281, 36.355020404410084 ], [ 128.48910731353439, 36.354330201827032 ], [ 128.489370549683116, 36.354518754256674 ], [ 128.490026389003447, 36.354988519082042 ], [ 128.490003474267525, 36.355156803438106 ], [ 128.489982689601106, 36.355309416654805 ], [ 128.490928581262665, 36.356487587792238 ], [ 128.490951714798967, 36.356510765427217 ], [ 128.491446739271368, 36.35700894280204 ], [ 128.492487274565747, 36.357786667894857 ], [ 128.493034164838718, 36.357989081478031 ], [ 128.493689605619494, 36.358323938286922 ], [ 128.494076576952693, 36.358365359465594 ], [ 128.494289774871277, 36.358388180873895 ], [ 128.494979349204698, 36.358539248052431 ], [ 128.495240013841908, 36.358571830301635 ], [ 128.495779177896083, 36.358639222355905 ], [ 128.495913727522833, 36.358695141160133 ], [ 128.496829778790499, 36.359075888964028 ], [ 128.497418539328237, 36.359378137012385 ], [ 128.497987052319274, 36.359906488837019 ], [ 128.498186708541311, 36.360515777359076 ], [ 128.497640252952777, 36.361150344443409 ], [ 128.4976500871459, 36.361169977195573 ], [ 128.49776977758961, 36.361407712993895 ], [ 128.498258987989686, 36.361622899344354 ], [ 128.499105785417782, 36.362254546195246 ], [ 128.499110453741793, 36.362258035300165 ], [ 128.499359792831029, 36.362467098802206 ], [ 128.499158221763309, 36.363365485971137 ], [ 128.499028227167003, 36.36372772951588 ], [ 128.498890824856971, 36.364153608878404 ], [ 128.499611090944882, 36.36451258660481 ], [ 128.500439099675873, 36.364925261544194 ], [ 128.500482596763334, 36.365146399998629 ], [ 128.500811373262962, 36.366817947614997 ], [ 128.50116255696966, 36.367109845280766 ], [ 128.501347685039576, 36.368594284832405 ], [ 128.500648708642643, 36.369002566185181 ], [ 128.500246765752308, 36.369472855221758 ], [ 128.500144103627804, 36.369712872515166 ], [ 128.499886763776971, 36.370463388432448 ], [ 128.499780303745638, 36.370773887302491 ], [ 128.499898558641291, 36.371115257240135 ], [ 128.499950035310974, 36.371265318499468 ], [ 128.499959906678129, 36.37130895813749 ], [ 128.500042436209924, 36.371355389947205 ], [ 128.501071235193791, 36.371779752834684 ], [ 128.502290617534612, 36.372404898113153 ], [ 128.503328130148049, 36.373093859020472 ], [ 128.504008212961395, 36.373260614009126 ], [ 128.504535876161697, 36.37390240933744 ], [ 128.504865374032562, 36.374446963482249 ], [ 128.504995685219001, 36.374659593410506 ], [ 128.505270881158253, 36.37515751091 ], [ 128.505154672799108, 36.376322445905586 ], [ 128.505163089529276, 36.376360554928681 ], [ 128.50530449361699, 36.37700120094263 ], [ 128.5054580985651, 36.377194948585689 ], [ 128.505569486608778, 36.377556082661499 ], [ 128.505659921205421, 36.377849281251144 ], [ 128.505710653177005, 36.378013746386308 ], [ 128.505646647860431, 36.379164452330464 ], [ 128.506353235027774, 36.37976707827405 ], [ 128.506667671807378, 36.38034814273103 ], [ 128.507818710723825, 36.381284353248311 ], [ 128.507940282779686, 36.382045308793792 ], [ 128.50798269396094, 36.382310803629942 ], [ 128.508119507693635, 36.38259305341851 ], [ 128.508407374113773, 36.383186935021222 ], [ 128.508975084978715, 36.383966329284988 ], [ 128.50901582400698, 36.384022261023347 ], [ 128.509042574463791, 36.384059003455533 ], [ 128.509096082426623, 36.384108400321189 ], [ 128.509074504101164, 36.383993737882719 ], [ 128.509074806924275, 36.383958080225142 ], [ 128.509142051334408, 36.383939369939348 ], [ 128.511679703416263, 36.383235929448063 ], [ 128.512860254663991, 36.383167706914151 ], [ 128.514044745751534, 36.383946507451348 ], [ 128.514190413813083, 36.384013967831926 ], [ 128.514195072317449, 36.384069363135701 ], [ 128.514116478120144, 36.384138918488048 ], [ 128.514300566551924, 36.385097467530464 ], [ 128.514881116315394, 36.385879652651965 ], [ 128.515396331436847, 36.386131912258293 ], [ 128.51574317076313, 36.386143226830882 ], [ 128.517311842714463, 36.386439984904825 ], [ 128.518395586554249, 36.387090333047396 ], [ 128.51977838930452, 36.386975504146264 ], [ 128.519987489905304, 36.386968164619582 ], [ 128.520968652931458, 36.386862101742913 ], [ 128.521790982427262, 36.38658505578406 ], [ 128.523413281099323, 36.386208818450015 ], [ 128.525225223074074, 36.385516512252345 ], [ 128.525227502475161, 36.385515566109703 ], [ 128.52603081137903, 36.38517992964411 ], [ 128.526853180489752, 36.38436050323191 ], [ 128.526937445957742, 36.384272875695508 ], [ 128.52707288554501, 36.384000560170016 ], [ 128.527100404135268, 36.383945266082215 ], [ 128.527523176382829, 36.383442582446825 ] ] ] } },
{ "type": "Feature", "properties": { "spatial_region": "구천면", "facility_count": 20, "total_capacity": 4065.8, "area_km2": 43.68, "facilities_per_km2": 0.458, "population_status": "AVAILABLE", "emd_code": "4773040000", "emd_name": "구천면", "total_population": 1618, "youth_population": 106, "youth_ratio": 6.5512978986402972, "elderly_population": 941, "elderly_ratio": 58.158220024721871, "population_change": -64, "year": 2025 }, "geometry": { "type": "Polygon", "coordinates": [ [ [ 128.445628695171365, 36.368365232918926 ], [ 128.446207061548392, 36.368352512412471 ], [ 128.446458345710084, 36.368351985796764 ], [ 128.4467109853978, 36.368350437624329 ], [ 128.447197373314964, 36.368335401786467 ], [ 128.447699678478102, 36.368310146499084 ], [ 128.448367290923414, 36.368254294116277 ], [ 128.449051310348551, 36.368197621711083 ], [ 128.449513877648599, 36.368183610769286 ], [ 128.449810782364068, 36.368173230902194 ], [ 128.450471824771512, 36.368151183979997 ], [ 128.451053865807552, 36.368121091592933 ], [ 128.451643167019853, 36.368059957781192 ], [ 128.452191175866005, 36.36799991988952 ], [ 128.452520916412453, 36.367948402091692 ], [ 128.453091334296005, 36.367868952905042 ], [ 128.453493983350256, 36.367815415000734 ], [ 128.453825599529836, 36.367731343278841 ], [ 128.454276231310445, 36.367604091473304 ], [ 128.454627619835492, 36.367491946810276 ], [ 128.455385459952282, 36.36753086462609 ], [ 128.455846856348103, 36.367506703760512 ], [ 128.456565864111269, 36.367470658463183 ], [ 128.457186956519934, 36.367361646446327 ], [ 128.45747765646567, 36.367296023166588 ], [ 128.45756792012449, 36.367273995213274 ], [ 128.457754637262298, 36.367229102155633 ], [ 128.457865613885048, 36.367202410106771 ], [ 128.458337719487645, 36.36708310776357 ], [ 128.458822153983277, 36.366943592442205 ], [ 128.459337336328531, 36.366807846344962 ], [ 128.459571329996976, 36.366737121401265 ], [ 128.459841688992384, 36.366654034722281 ], [ 128.460205473021773, 36.366549057959823 ], [ 128.460434924190537, 36.366474363653353 ], [ 128.461065178231621, 36.366263172252474 ], [ 128.461564748593531, 36.366092552070938 ], [ 128.461966438462895, 36.365925633195779 ], [ 128.462482976867477, 36.365696519319854 ], [ 128.462780566734068, 36.365480068831765 ], [ 128.463094853723135, 36.365246345476777 ], [ 128.463471596051022, 36.364994140344528 ], [ 128.463667540220939, 36.364865210226334 ], [ 128.463913959310418, 36.364703713629495 ], [ 128.465023604926927, 36.36491638243065 ], [ 128.465139302680711, 36.364785404399804 ], [ 128.465195009401043, 36.364639927673124 ], [ 128.465258767943936, 36.364410552897411 ], [ 128.465473806930561, 36.363018980204082 ], [ 128.46552447090005, 36.36282380863296 ], [ 128.465661852997243, 36.362305112442371 ], [ 128.46571841783296, 36.362086050395135 ], [ 128.46577729157778, 36.361651972487948 ], [ 128.465602678506542, 36.361053674263722 ], [ 128.465430711691397, 36.360415934742214 ], [ 128.465212370997961, 36.359561365500063 ], [ 128.465017232460639, 36.358963154359877 ], [ 128.46485284110264, 36.358461559352087 ], [ 128.464810380856591, 36.358331799574735 ], [ 128.46472720571569, 36.358053426484531 ], [ 128.464429520562305, 36.356812828674819 ], [ 128.464238822887864, 36.355931743091524 ], [ 128.464121766302327, 36.355304151859734 ], [ 128.463936868763454, 36.354434410284789 ], [ 128.463870270239624, 36.354087514506858 ], [ 128.463757505475257, 36.353385821415458 ], [ 128.463590914778536, 36.352427784386336 ], [ 128.463430908325279, 36.351314848675443 ], [ 128.463357930865612, 36.350827153032739 ], [ 128.463274304586008, 36.349947700714246 ], [ 128.463226142668731, 36.349491729457441 ], [ 128.463191437500058, 36.349060168198974 ], [ 128.463166436234445, 36.348795203646212 ], [ 128.463137770210977, 36.3481353597438 ], [ 128.463117753369943, 36.347928001948908 ], [ 128.463096615081213, 36.347406196060909 ], [ 128.463078627674975, 36.347221241295891 ], [ 128.463038701108673, 36.347045118209934 ], [ 128.462843314906365, 36.34600601594201 ], [ 128.462839652753956, 36.345534925017034 ], [ 128.462868951666167, 36.345251559896113 ], [ 128.462872168510955, 36.345158096653172 ], [ 128.462886712339412, 36.344890192066202 ], [ 128.462887904261947, 36.344825484847853 ], [ 128.462899853548123, 36.344481393150197 ], [ 128.462907984847647, 36.344384392442912 ], [ 128.462936981092952, 36.343871463321733 ], [ 128.462946537544155, 36.34361599028351 ], [ 128.462104213984219, 36.343612191699194 ], [ 128.462279386228772, 36.343095614750133 ], [ 128.462318167438355, 36.342734404800403 ], [ 128.462440211354078, 36.341626613191046 ], [ 128.462609144433515, 36.340119645471425 ], [ 128.462727804001787, 36.339188249834805 ], [ 128.462814855988427, 36.338649024647651 ], [ 128.462205593900165, 36.338562685098438 ], [ 128.462156274592388, 36.338489675461453 ], [ 128.46176693472944, 36.337913884844973 ], [ 128.46179985810312, 36.337722004251411 ], [ 128.461938205493993, 36.336953610590861 ], [ 128.462358997826129, 36.336195718945973 ], [ 128.462562220892295, 36.335513957609599 ], [ 128.462601472611198, 36.335407067120329 ], [ 128.462674969795501, 36.335206943220214 ], [ 128.462827426726534, 36.334802574516566 ], [ 128.462889030731674, 36.33463918243995 ], [ 128.462934665466577, 36.33451583826605 ], [ 128.463353055215464, 36.333660200473496 ], [ 128.463575994481516, 36.333204276886178 ], [ 128.463594497298999, 36.333105006620229 ], [ 128.463708796763086, 36.332491853994064 ], [ 128.463734342378956, 36.332354703328051 ], [ 128.463963913191463, 36.331824255262191 ], [ 128.464148303082879, 36.331398210960401 ], [ 128.463732024089296, 36.330752050119692 ], [ 128.463152727168023, 36.329852827143696 ], [ 128.462349692565112, 36.32995347273453 ], [ 128.462258963169774, 36.329949341652906 ], [ 128.4606168752359, 36.329550356835647 ], [ 128.459879020517093, 36.329428242109401 ], [ 128.458851968639465, 36.328994466694958 ], [ 128.458442381658557, 36.328651956746434 ], [ 128.457658064148035, 36.32827975987977 ], [ 128.457604482484754, 36.327834421026047 ], [ 128.456912593323466, 36.327439551897363 ], [ 128.456030214905837, 36.326939193269496 ], [ 128.455938817320202, 36.326930818871837 ], [ 128.455442040897054, 36.326885294594476 ], [ 128.453874465638876, 36.327236418202517 ], [ 128.453846175419386, 36.327222446681063 ], [ 128.453062546546079, 36.326835029202627 ], [ 128.452649842946812, 36.326956486648157 ], [ 128.451628805484518, 36.327198776861692 ], [ 128.451380574648169, 36.326834401674766 ], [ 128.450794157436775, 36.325961580404488 ], [ 128.450711209907354, 36.325838306187173 ], [ 128.450665284626979, 36.325769903313635 ], [ 128.450688169261838, 36.325706782931242 ], [ 128.451019571185498, 36.324795193580854 ], [ 128.449114145110144, 36.323399319368733 ], [ 128.448190765399204, 36.323576967495178 ], [ 128.447750697720551, 36.323191600557983 ], [ 128.447044484244088, 36.322688918590146 ], [ 128.44699077342068, 36.321648254436631 ], [ 128.446309901030219, 36.320773557761285 ], [ 128.445974918936287, 36.320412688294375 ], [ 128.445655190501043, 36.320076130196277 ], [ 128.445290113538761, 36.319630715554482 ], [ 128.445113288306089, 36.318397456553136 ], [ 128.444268873332987, 36.317777719984647 ], [ 128.443383743249711, 36.316860456214862 ], [ 128.442776003814174, 36.316470512001302 ], [ 128.441992612958757, 36.315969629117227 ], [ 128.440191170199967, 36.315756322303827 ], [ 128.439743322249001, 36.315394490764703 ], [ 128.438794489374203, 36.314808937801423 ], [ 128.438611446388222, 36.314676235322423 ], [ 128.438039844845008, 36.314042166723816 ], [ 128.438354643758856, 36.313791241938354 ], [ 128.438813414815172, 36.31335137029982 ], [ 128.438820266820755, 36.312782089836027 ], [ 128.439209320202536, 36.312319701676117 ], [ 128.439022957386442, 36.311854633459262 ], [ 128.439054609395271, 36.311042802980054 ], [ 128.438382813353655, 36.310180449035677 ], [ 128.438640396696826, 36.309932786351389 ], [ 128.438942816885316, 36.309832350657629 ], [ 128.438666791924163, 36.308683080314182 ], [ 128.438866266396474, 36.308053219292489 ], [ 128.438485675183557, 36.306933753400855 ], [ 128.438929488847663, 36.305949269975258 ], [ 128.43855274800157, 36.305161290014375 ], [ 128.438524349572191, 36.305101895435676 ], [ 128.438046626714254, 36.304869144131501 ], [ 128.437326309746368, 36.304320197817958 ], [ 128.436185417180866, 36.304425968260752 ], [ 128.435656339105947, 36.305175977599276 ], [ 128.435374187691451, 36.305366951390958 ], [ 128.43518889967541, 36.305422324881874 ], [ 128.434621331918493, 36.305680821001516 ], [ 128.434607355907133, 36.305687396350628 ], [ 128.434591235445197, 36.305682597793719 ], [ 128.433574148818821, 36.305415395764953 ], [ 128.43339873791038, 36.305376740397868 ], [ 128.432592429605705, 36.304910634111252 ], [ 128.43211074011009, 36.304552244403673 ], [ 128.431922896998657, 36.304389364648593 ], [ 128.431904921335587, 36.304065579207816 ], [ 128.431889150453998, 36.303688175695157 ], [ 128.431881816156192, 36.303490289138672 ], [ 128.431867293388137, 36.303042320996909 ], [ 128.431849302208718, 36.302644179952196 ], [ 128.431053027524001, 36.30180977620946 ], [ 128.429926630371995, 36.300599515941776 ], [ 128.429825201251731, 36.300490557312379 ], [ 128.429586406951188, 36.300319833369109 ], [ 128.429410090841372, 36.300204198980026 ], [ 128.427889962801999, 36.298914606503367 ], [ 128.425487382519577, 36.299133711098399 ], [ 128.425289015272313, 36.298987054313734 ], [ 128.424736115302437, 36.298578303795203 ], [ 128.423764406745903, 36.298858012784308 ], [ 128.422671918898857, 36.298758349836582 ], [ 128.421120378994203, 36.298364651126128 ], [ 128.420663335029502, 36.298708363645105 ], [ 128.419815740884786, 36.299162172388719 ], [ 128.418772408599381, 36.299068110934321 ], [ 128.418017296995316, 36.299059354999962 ], [ 128.417759351192586, 36.299281585882476 ], [ 128.41650971634229, 36.29871931344185 ], [ 128.416243325857806, 36.29795678352653 ], [ 128.415407031285781, 36.297321878115184 ], [ 128.4141437940429, 36.296066317036477 ], [ 128.414000877506083, 36.295684474480424 ], [ 128.413793033195901, 36.294872896490567 ], [ 128.413197236289164, 36.294040656704169 ], [ 128.412822569135557, 36.293686888177845 ], [ 128.413212710455838, 36.292219604450189 ], [ 128.413732285080243, 36.291760436086747 ], [ 128.413898007998142, 36.29127451972181 ], [ 128.413572658106347, 36.29059956647756 ], [ 128.411161439906266, 36.288253801539753 ], [ 128.410658745626904, 36.287533572953137 ], [ 128.410439142573921, 36.287200757996203 ], [ 128.408651727647623, 36.287133280260143 ], [ 128.406846976776393, 36.287193033960705 ], [ 128.4065242669989, 36.287340401268303 ], [ 128.4060254131428, 36.287299059869895 ], [ 128.405405381553038, 36.287413402345045 ], [ 128.404813875685306, 36.287707838548251 ], [ 128.40456601498741, 36.287709422241761 ], [ 128.403670813076786, 36.28812146206274 ], [ 128.402694898425665, 36.288760906674057 ], [ 128.40237807378864, 36.289001509142182 ], [ 128.402072251061071, 36.289076864371452 ], [ 128.401112427616056, 36.289019105652358 ], [ 128.399582660607962, 36.290114221569141 ], [ 128.399127669511898, 36.290384813596482 ], [ 128.397709001466126, 36.292111003529634 ], [ 128.395959828964521, 36.29306443578362 ], [ 128.39579398555145, 36.293728207693356 ], [ 128.395479819121874, 36.294453183011427 ], [ 128.395504915566789, 36.295414189957832 ], [ 128.395166965683529, 36.297052035079844 ], [ 128.394136384861042, 36.297965996084351 ], [ 128.393881757451254, 36.298162670998366 ], [ 128.39272876946572, 36.298236217376825 ], [ 128.392433312336181, 36.298360038172341 ], [ 128.392083242487274, 36.298527502814586 ], [ 128.390868677751342, 36.298668881684087 ], [ 128.390903402393349, 36.299145821684341 ], [ 128.390643346112, 36.30001440833756 ], [ 128.389615735764835, 36.301559720386237 ], [ 128.387859686653343, 36.304198466163456 ], [ 128.389264180442325, 36.309638004296126 ], [ 128.385741026724645, 36.310766085442189 ], [ 128.383668247566305, 36.311343122964885 ], [ 128.380374765968753, 36.312206378929389 ], [ 128.380446323462763, 36.312507514476827 ], [ 128.380999517497401, 36.314777375072772 ], [ 128.381081743813667, 36.315115459183438 ], [ 128.381151006309608, 36.315399126719953 ], [ 128.381163979743178, 36.315452416815866 ], [ 128.38119060490169, 36.316571125340964 ], [ 128.381101978223882, 36.317701058880907 ], [ 128.380600178222437, 36.318358277071546 ], [ 128.380366832366406, 36.318536450612356 ], [ 128.379207277669991, 36.319550997368268 ], [ 128.379451574525461, 36.319813038575603 ], [ 128.378994528181408, 36.321580319560987 ], [ 128.378967902966764, 36.321580180910203 ], [ 128.378742676003952, 36.322595078560767 ], [ 128.379952694243741, 36.322974800166484 ], [ 128.380426464563868, 36.323896890703928 ], [ 128.381564051640026, 36.324842600760604 ], [ 128.381670572817427, 36.324931160732348 ], [ 128.382541074371147, 36.32530962695018 ], [ 128.382546754849812, 36.325470072408486 ], [ 128.382202676379791, 36.325813715124028 ], [ 128.383225732950933, 36.327443717683138 ], [ 128.384175452056894, 36.328864388932409 ], [ 128.385406663587418, 36.33046377133757 ], [ 128.385656245777199, 36.33158531952774 ], [ 128.386086977551116, 36.331959123251004 ], [ 128.386822310014736, 36.332422950303638 ], [ 128.387517867651155, 36.333181996539139 ], [ 128.387696466399035, 36.333641335014505 ], [ 128.387820391702235, 36.334019702450064 ], [ 128.387414600814253, 36.335331800849453 ], [ 128.388245159102183, 36.336840041087932 ], [ 128.389207210128376, 36.338159768172517 ], [ 128.389497310120902, 36.338706573827395 ], [ 128.389953241110874, 36.340255615861025 ], [ 128.389715225704663, 36.340473938658569 ], [ 128.389528361666379, 36.340764444563128 ], [ 128.389796300879937, 36.341683810990979 ], [ 128.390183188257595, 36.342358128707446 ], [ 128.390448947243272, 36.342568638196802 ], [ 128.390636222125295, 36.342819027866973 ], [ 128.390783695737895, 36.34298411724054 ], [ 128.391709011716017, 36.344019923189848 ], [ 128.392999191900998, 36.344411150541703 ], [ 128.39303792094924, 36.344422909616711 ], [ 128.393274047437728, 36.344549589169603 ], [ 128.393518410478094, 36.344614157098768 ], [ 128.39415798103488, 36.344734028199063 ], [ 128.394451336903927, 36.344980805572412 ], [ 128.395474699055029, 36.345321979000531 ], [ 128.395497887175821, 36.345329711389624 ], [ 128.395518232339327, 36.345337753777024 ], [ 128.396281481343408, 36.345639139594546 ], [ 128.396366082544603, 36.345691393748012 ], [ 128.397179417870404, 36.346193670877561 ], [ 128.397392669631245, 36.346176915045518 ], [ 128.398015649228029, 36.346127957353048 ], [ 128.39853578775319, 36.345749535865785 ], [ 128.399187373004764, 36.345905532208221 ], [ 128.39927497900689, 36.345930962882399 ], [ 128.399326970102493, 36.345955186724503 ], [ 128.399361495179193, 36.345982206260508 ], [ 128.399370944847476, 36.346010712530862 ], [ 128.399489180142723, 36.346058456908231 ], [ 128.399632253571639, 36.346113859962863 ], [ 128.399718989746191, 36.346120640913455 ], [ 128.399788854552639, 36.346155723426314 ], [ 128.39986873929189, 36.34622196441304 ], [ 128.400197170475195, 36.34636502747933 ], [ 128.400447918941495, 36.346474256903818 ], [ 128.400495914862887, 36.346495161896705 ], [ 128.400531906119426, 36.346474976651209 ], [ 128.400656258589237, 36.346619859729294 ], [ 128.400745586272194, 36.346569240008371 ], [ 128.400782899554429, 36.346542266580109 ], [ 128.400829866187564, 36.346521703854386 ], [ 128.400847999234315, 36.346469779985846 ], [ 128.400841381829252, 36.34638426260647 ], [ 128.400872262459217, 36.346339080403254 ], [ 128.400970044256184, 36.346429237294366 ], [ 128.401133459428308, 36.346429616757675 ], [ 128.401302111012541, 36.346418280168933 ], [ 128.401422816342944, 36.346431799939715 ], [ 128.40177868943988, 36.346504967242147 ], [ 128.402006124188489, 36.346578011952552 ], [ 128.402504638784194, 36.346676277949257 ], [ 128.402602982989237, 36.346706382964321 ], [ 128.402782524029078, 36.346777257699195 ], [ 128.402936068748858, 36.346777828565045 ], [ 128.4030085871523, 36.346753184532758 ], [ 128.403059661654112, 36.346735822599044 ], [ 128.403265149808732, 36.346678230868569 ], [ 128.403393503512405, 36.346680792772766 ], [ 128.403680160577579, 36.346704044147941 ], [ 128.403956487522578, 36.346838608660335 ], [ 128.404211663350992, 36.346927666338296 ], [ 128.404453320902206, 36.347011726588498 ], [ 128.404594271108039, 36.347108106920906 ], [ 128.404640957030779, 36.347169492871956 ], [ 128.404701375442897, 36.347260451390653 ], [ 128.404837153610544, 36.347342747497443 ], [ 128.404914884956042, 36.34734736199708 ], [ 128.405003149358407, 36.347482643284884 ], [ 128.405079916063357, 36.347531968468019 ], [ 128.405151366079735, 36.347578779867717 ], [ 128.40520272396185, 36.34765137231728 ], [ 128.405223584585173, 36.347710367265478 ], [ 128.405277993776139, 36.347695436136114 ], [ 128.405294158000061, 36.347691001960804 ], [ 128.405394069805141, 36.347657517578583 ], [ 128.405462260668031, 36.347643808592238 ], [ 128.405547506624515, 36.347630085488156 ], [ 128.405618302887291, 36.347653093689352 ], [ 128.405617508347348, 36.347557071030053 ], [ 128.405637312362359, 36.347554475301244 ], [ 128.405644538144742, 36.34755352906263 ], [ 128.405717808304956, 36.347547171692554 ], [ 128.405814802652117, 36.347599778341035 ], [ 128.40591857388759, 36.347659204425931 ], [ 128.405962689421187, 36.347698444538509 ], [ 128.405997546959782, 36.347730483285666 ], [ 128.406070638213691, 36.347816412699721 ], [ 128.406145462589478, 36.347919076248992 ], [ 128.406186135069078, 36.34797309618839 ], [ 128.406252663112298, 36.34808127850475 ], [ 128.406340588950457, 36.348185340902333 ], [ 128.4063951626581, 36.348308377815783 ], [ 128.406390029559361, 36.34836955008916 ], [ 128.406510997173058, 36.348488213487123 ], [ 128.406882382536253, 36.348770575250242 ], [ 128.406916129930664, 36.348812475914762 ], [ 128.406889501532248, 36.348851084331869 ], [ 128.406787055399036, 36.348968680702463 ], [ 128.406744054826902, 36.349012659633551 ], [ 128.406675956669517, 36.349063849082022 ], [ 128.406613713343461, 36.349102478419461 ], [ 128.406547280029116, 36.349155919970691 ], [ 128.406491283918456, 36.349196301560958 ], [ 128.406445806972982, 36.349224569832316 ], [ 128.406363162441096, 36.349304658985687 ], [ 128.406259114138521, 36.349380829564517 ], [ 128.406122742960008, 36.349459173030858 ], [ 128.406022467893621, 36.349524007573336 ], [ 128.405964320112531, 36.349541128245555 ], [ 128.405950332778445, 36.349549304162174 ], [ 128.405819830056657, 36.349641040735001 ], [ 128.405693419502569, 36.349717622019483 ], [ 128.405637755009622, 36.349750921733275 ], [ 128.405553657663376, 36.34979342467296 ], [ 128.405526087904008, 36.349796089796627 ], [ 128.405459666380011, 36.349802499218676 ], [ 128.405452475729447, 36.349803193295131 ], [ 128.405399810196371, 36.349828866012572 ], [ 128.405340910272827, 36.349874459301738 ], [ 128.405203385466876, 36.349953381704239 ], [ 128.405140350214964, 36.349980264188844 ], [ 128.405137544805683, 36.34998147576767 ], [ 128.405098950031771, 36.349998252018572 ], [ 128.405018812886226, 36.350053111228902 ], [ 128.404951947321109, 36.350120616834921 ], [ 128.404897332634562, 36.350176855974475 ], [ 128.404856907130096, 36.350229146753705 ], [ 128.404831093518396, 36.350261513722188 ], [ 128.404738599524251, 36.350354583330081 ], [ 128.404734165078168, 36.35035904896548 ], [ 128.404691961544899, 36.350413655801667 ], [ 128.404533366887364, 36.350561447015366 ], [ 128.404414764549074, 36.350659693777764 ], [ 128.404356512102254, 36.350687446829099 ], [ 128.404338857407765, 36.350695865565363 ], [ 128.404215463022496, 36.350750526086919 ], [ 128.404088326519684, 36.350765660901729 ], [ 128.403928780701051, 36.350773811742847 ], [ 128.403792876232302, 36.350796300926028 ], [ 128.403745104042855, 36.350802505280107 ], [ 128.403648703707461, 36.350826327350404 ], [ 128.40355690814954, 36.350861292701254 ], [ 128.403547691502098, 36.350867599765955 ], [ 128.403388573169025, 36.350987324683288 ], [ 128.403376825355082, 36.350996845220209 ], [ 128.403271203484024, 36.351139691139558 ], [ 128.403186240762835, 36.351241060859934 ], [ 128.403153287817645, 36.351275996065183 ], [ 128.403139716455286, 36.35129087836286 ], [ 128.403115538195721, 36.351319035708691 ], [ 128.403046383725382, 36.351465461386205 ], [ 128.403021135113676, 36.351518467350502 ], [ 128.402988538077182, 36.351602941066886 ], [ 128.40295407813673, 36.35163678727433 ], [ 128.402933295794242, 36.351662258109009 ], [ 128.402858644837153, 36.351710204386947 ], [ 128.402821269063139, 36.351717460734918 ], [ 128.402753337884405, 36.351737468598223 ], [ 128.402709968322057, 36.351754941071789 ], [ 128.402628849924696, 36.351787643214891 ], [ 128.402540814232054, 36.351849309966482 ], [ 128.402474200474643, 36.35190673143012 ], [ 128.402455978043463, 36.351929574612242 ], [ 128.402407463074212, 36.351990457099681 ], [ 128.402349061327328, 36.352140703102947 ], [ 128.402271871969646, 36.352210137959737 ], [ 128.402172695597415, 36.352258654713332 ], [ 128.402146971442249, 36.352279117207594 ], [ 128.402066607133548, 36.352342687476551 ], [ 128.402051458560777, 36.352369979720301 ], [ 128.402029407874494, 36.352409700382061 ], [ 128.401965419121495, 36.352460285904741 ], [ 128.401813424295995, 36.352664356934937 ], [ 128.401806285136956, 36.352720760758849 ], [ 128.401769369759961, 36.352776852943244 ], [ 128.401697550482908, 36.352878044208509 ], [ 128.401832324800608, 36.352994753940585 ], [ 128.401871717171247, 36.353031151201016 ], [ 128.401929719382707, 36.353078509808377 ], [ 128.40194925630496, 36.353094963880608 ], [ 128.401961177671836, 36.353105008542251 ], [ 128.402144964673568, 36.353258920373797 ], [ 128.402340343086877, 36.353425335057715 ], [ 128.402373409340726, 36.353454292899649 ], [ 128.402565218909132, 36.353699874240156 ], [ 128.402600860756849, 36.353847852098063 ], [ 128.402607148523856, 36.353874909393753 ], [ 128.402630711624283, 36.353972289661534 ], [ 128.402639771534041, 36.354009778254884 ], [ 128.402681738073113, 36.354126211137618 ], [ 128.402648779601577, 36.354312955531476 ], [ 128.402654166853551, 36.354483779339084 ], [ 128.402635472204565, 36.354611839581523 ], [ 128.402616125321714, 36.35476831912667 ], [ 128.402586192385741, 36.354981807040154 ], [ 128.402576499269259, 36.355149139855385 ], [ 128.40256267258215, 36.355342684703956 ], [ 128.402561533105484, 36.355491433409618 ], [ 128.402556638065874, 36.355683950631949 ], [ 128.402564774574131, 36.355872541026642 ], [ 128.402572004131031, 36.356127172849739 ], [ 128.402606113723493, 36.356139347247236 ], [ 128.402665073287352, 36.356158071433939 ], [ 128.402873906627349, 36.356222703579697 ], [ 128.402948501661996, 36.356240839093587 ], [ 128.403295793905869, 36.356330504264278 ], [ 128.403347175957009, 36.35634656780789 ], [ 128.403574671108771, 36.35640252386041 ], [ 128.403934988300989, 36.356495154082047 ], [ 128.404001684115315, 36.356513384612349 ], [ 128.404342394188973, 36.356458675113714 ], [ 128.404570303817422, 36.356425461607579 ], [ 128.406764711526279, 36.357768190869471 ], [ 128.40713740306478, 36.357905119972152 ], [ 128.407397454735076, 36.358086419762827 ], [ 128.40746147441277, 36.358130155896667 ], [ 128.407988130679485, 36.358506276403872 ], [ 128.408523051794589, 36.358845145625672 ], [ 128.408737987088642, 36.358969139169908 ], [ 128.4090835011651, 36.359306228086375 ], [ 128.409387571486292, 36.359585995166697 ], [ 128.409652340783424, 36.359810767322784 ], [ 128.409737129000376, 36.359881252380333 ], [ 128.410114964043458, 36.359843985567245 ], [ 128.410410563323353, 36.360083714669813 ], [ 128.412032338641581, 36.361398929596461 ], [ 128.411797573275862, 36.361912567402413 ], [ 128.411965348916851, 36.36217820988233 ], [ 128.412144034501836, 36.362433389404821 ], [ 128.412359178784698, 36.362709114610936 ], [ 128.412395187002687, 36.362753800385086 ], [ 128.412441013561619, 36.362807059514843 ], [ 128.412738811280093, 36.363147858630825 ], [ 128.412795045461934, 36.363223238286771 ], [ 128.413226976976148, 36.363754670264179 ], [ 128.413407787081184, 36.363968405014369 ], [ 128.413538930941996, 36.364140072325661 ], [ 128.4137891664883, 36.364487591687841 ], [ 128.41400230495131, 36.364784129802167 ], [ 128.414073327825975, 36.36501361662237 ], [ 128.414466916670733, 36.365627861252563 ], [ 128.414575383890792, 36.365781167525704 ], [ 128.414849296664926, 36.366082544444865 ], [ 128.415046132006637, 36.366292804788777 ], [ 128.415111225174485, 36.366349374577396 ], [ 128.415468611693342, 36.366671390703743 ], [ 128.415601320291671, 36.366793085133985 ], [ 128.415917950579569, 36.366556046578893 ], [ 128.416531688702094, 36.366419256116842 ], [ 128.416690966815651, 36.366382493523695 ], [ 128.417267974557802, 36.366746825038575 ], [ 128.417392894452149, 36.366800342802485 ], [ 128.41766448892119, 36.366918784769638 ], [ 128.417842820417548, 36.366983593217292 ], [ 128.417951669427168, 36.367021243595168 ], [ 128.418177157927545, 36.367097834697852 ], [ 128.418502228804158, 36.367195241445557 ], [ 128.418634570893431, 36.367235357853446 ], [ 128.41898993055068, 36.367350429550413 ], [ 128.419197946316984, 36.36741846265501 ], [ 128.419351156367497, 36.367466447955458 ], [ 128.419439350782511, 36.367491803669786 ], [ 128.419807276383779, 36.367586631050521 ], [ 128.420162435208823, 36.367673726325549 ], [ 128.420703587754417, 36.367769871258851 ], [ 128.421197045683272, 36.367851724038481 ], [ 128.421264346068654, 36.367859413347162 ], [ 128.421375093844688, 36.367865322013827 ], [ 128.421459448407433, 36.367866218173511 ], [ 128.421951486556907, 36.36789780332974 ], [ 128.422287000428526, 36.367917813886585 ], [ 128.422678240413518, 36.367936137957869 ], [ 128.423446413589147, 36.36794267742345 ], [ 128.42390659590211, 36.367933584313768 ], [ 128.424392488972671, 36.367916313944562 ], [ 128.425020014487416, 36.367914422924919 ], [ 128.42624740892137, 36.367924321624912 ], [ 128.426767790407467, 36.367932494150544 ], [ 128.427001927077498, 36.367911911230841 ], [ 128.42718177053851, 36.367889102368416 ], [ 128.427390036046205, 36.367863645222613 ], [ 128.427535998760334, 36.367843277376174 ], [ 128.427756103541356, 36.367812451485719 ], [ 128.428203162907835, 36.367761762410566 ], [ 128.428745189403969, 36.367688430222898 ], [ 128.429210930456094, 36.367629049631176 ], [ 128.429717979366956, 36.367573857037634 ], [ 128.430019863249726, 36.367543886890402 ], [ 128.430750941091219, 36.367476991777302 ], [ 128.431189977741013, 36.367431894440301 ], [ 128.431047048551449, 36.366930041452783 ], [ 128.431238148832051, 36.366927754547199 ], [ 128.431738395718895, 36.366924409635935 ], [ 128.431951896280395, 36.366924661531748 ], [ 128.432346453711091, 36.366927758177219 ], [ 128.432996884614482, 36.366916102681024 ], [ 128.433138618373675, 36.366911433082734 ], [ 128.433920044629645, 36.366902324081359 ], [ 128.435751226057249, 36.366892552803598 ], [ 128.436446549954582, 36.366883929730356 ], [ 128.437277718518914, 36.366892994098755 ], [ 128.437308588292808, 36.36721181691059 ], [ 128.437317459544545, 36.367440014359182 ], [ 128.437329459130979, 36.367617662513339 ], [ 128.437347801326666, 36.367923097978377 ], [ 128.437910403096879, 36.367943749173662 ], [ 128.438723806384843, 36.368057064981677 ], [ 128.439206949387625, 36.368108885386626 ], [ 128.439565149824432, 36.368120384175725 ], [ 128.440315466526869, 36.368187244068046 ], [ 128.441124566730338, 36.368208451870551 ], [ 128.441301194735559, 36.368223374256559 ], [ 128.441600483360276, 36.368245900276129 ], [ 128.441640094756451, 36.368241381835517 ], [ 128.44171092819397, 36.368243074467109 ], [ 128.442053978140791, 36.368249538438008 ], [ 128.442219543203834, 36.368251791433686 ], [ 128.442749797964098, 36.368251100199181 ], [ 128.443411881589213, 36.368241181771381 ], [ 128.443699043578533, 36.36824710060317 ], [ 128.443988669259568, 36.368268485128688 ], [ 128.444221776543429, 36.368283973113037 ], [ 128.444672522209288, 36.36831381226127 ], [ 128.445124978998962, 36.368352209683572 ], [ 128.445381369481737, 36.368359098620203 ], [ 128.445628695171365, 36.368365232918926 ] ] ] } },
{ "type": "Feature", "properties": { "spatial_region": "단밀면", "facility_count": 26, "total_capacity": 1236.7, "area_km2": 53.86, "facilities_per_km2": 0.483, "population_status": "AVAILABLE", "emd_code": "4773041000", "emd_name": "단밀면", "total_population": 1569, "youth_population": 119, "youth_ratio": 7.5844486934353101, "elderly_population": 840, "elderly_ratio": 53.537284894837477, "population_change": -37, "year": 2025 }, "geometry": { "type": "Polygon", "coordinates": [ [ [ 128.355168225004178, 36.406256886684908 ], [ 128.355302653776846, 36.405907607601527 ], [ 128.35540479004797, 36.405533543257214 ], [ 128.355529863757624, 36.405164009480899 ], [ 128.355784573201021, 36.404363561764434 ], [ 128.355900691545088, 36.404135522709446 ], [ 128.356011323007323, 36.403857791503299 ], [ 128.356120687623104, 36.403607790729218 ], [ 128.35636291511625, 36.403048313701561 ], [ 128.356474716344422, 36.402794558912881 ], [ 128.356603443438445, 36.402480887806803 ], [ 128.356942958775051, 36.401826971504718 ], [ 128.357154002241913, 36.401448960234191 ], [ 128.357311735343018, 36.401114357828199 ], [ 128.357519547453478, 36.400693839176029 ], [ 128.357659728746455, 36.400314985242595 ], [ 128.357802054988042, 36.399923229185688 ], [ 128.35799255722111, 36.399645124281889 ], [ 128.358463874860263, 36.39960539867203 ], [ 128.358754199517108, 36.399145518079628 ], [ 128.359149777399722, 36.398573784243752 ], [ 128.359402815569098, 36.398299942302529 ], [ 128.359469564870778, 36.398223901532837 ], [ 128.360577768618185, 36.397601444504616 ], [ 128.361871407479555, 36.397098273336603 ], [ 128.3626912431709, 36.39693223501488 ], [ 128.363111154024864, 36.396844977664536 ], [ 128.363548023706898, 36.396742039260218 ], [ 128.363818789344236, 36.396626092103169 ], [ 128.364292818219042, 36.396411399286642 ], [ 128.364541592684304, 36.396237641435164 ], [ 128.364943997825435, 36.395950751268238 ], [ 128.365076709865463, 36.395849565233185 ], [ 128.365256655590173, 36.395736726437974 ], [ 128.364458948566352, 36.395579531264183 ], [ 128.364496569868152, 36.395517867842685 ], [ 128.364605953163363, 36.395334553108093 ], [ 128.364637353329272, 36.395283958656051 ], [ 128.364665555156165, 36.395242836270526 ], [ 128.364940557353776, 36.394826546209295 ], [ 128.365266875952869, 36.394482602941025 ], [ 128.36547335659057, 36.394342555152186 ], [ 128.365914249538633, 36.394086974259174 ], [ 128.366214772426673, 36.393895924694213 ], [ 128.366712229389208, 36.393608641724285 ], [ 128.366785531242158, 36.393538263777792 ], [ 128.367283805286917, 36.393096336013471 ], [ 128.367528688407276, 36.392913746847796 ], [ 128.367782031938333, 36.392733707257577 ], [ 128.367889997851051, 36.39265356379115 ], [ 128.368087369102255, 36.392501712051605 ], [ 128.368368999585243, 36.392244610454256 ], [ 128.368830212382989, 36.391847393060139 ], [ 128.368961260505898, 36.391734100306344 ], [ 128.369276737636284, 36.391486403535943 ], [ 128.369581675900974, 36.391246075658565 ], [ 128.369845403883033, 36.391197492599034 ], [ 128.369944405400673, 36.391183345305201 ], [ 128.370364482731333, 36.391103767927284 ], [ 128.370868143555413, 36.391010284011429 ], [ 128.371106422771277, 36.390975630796241 ], [ 128.371295729882888, 36.390943323081089 ], [ 128.371679508746752, 36.390883672295729 ], [ 128.371846993943734, 36.390859377043085 ], [ 128.372198863098674, 36.390796726760165 ], [ 128.372314272055775, 36.391219488705616 ], [ 128.373537756833827, 36.391309364561529 ], [ 128.374478155454, 36.391097000549394 ], [ 128.374606995748167, 36.390781345091199 ], [ 128.374515544648574, 36.390549385975866 ], [ 128.375054665804782, 36.390526432498234 ], [ 128.375441397055141, 36.390517772316549 ], [ 128.375879512715727, 36.390513038692603 ], [ 128.376445147607257, 36.390507006274966 ], [ 128.376990095901562, 36.390438232892485 ], [ 128.377795629748732, 36.39031829869532 ], [ 128.378331088935283, 36.390203627974309 ], [ 128.378584323015787, 36.390150456047166 ], [ 128.37888875052181, 36.390067803351826 ], [ 128.379065770289742, 36.389876005241447 ], [ 128.379103610175804, 36.389842454216286 ], [ 128.3794787657651, 36.389662014883449 ], [ 128.379857996349074, 36.389546307386681 ], [ 128.380082537759932, 36.389488981822524 ], [ 128.380698500591535, 36.389415478361009 ], [ 128.381115942836232, 36.389371823404048 ], [ 128.381387261667385, 36.389345341476776 ], [ 128.381705183405558, 36.389312882782107 ], [ 128.382027835202337, 36.38927844720839 ], [ 128.382636626189452, 36.388846534807563 ], [ 128.3829769223683, 36.388571075402488 ], [ 128.383112280476126, 36.388423959951353 ], [ 128.383433089968236, 36.388082406846159 ], [ 128.383624799519822, 36.387882991007736 ], [ 128.383835031788436, 36.387552534720434 ], [ 128.38390553139476, 36.387444850877074 ], [ 128.384029731702157, 36.38718605973483 ], [ 128.384074541773685, 36.387095139628435 ], [ 128.384206708171149, 36.386646209919405 ], [ 128.384222202030173, 36.386490867950464 ], [ 128.384548510080322, 36.385709820197405 ], [ 128.384622362711099, 36.385531457657692 ], [ 128.384679000005775, 36.385397712437474 ], [ 128.384915965700571, 36.384831947513518 ], [ 128.384993077969909, 36.384442325898448 ], [ 128.385072571800009, 36.384077047663254 ], [ 128.385108980391408, 36.383905015902535 ], [ 128.385161240808657, 36.383670345557796 ], [ 128.385205547042517, 36.383452170330763 ], [ 128.385286430121766, 36.383071579423117 ], [ 128.385334655096329, 36.382891993754413 ], [ 128.38539517797048, 36.38273432448397 ], [ 128.385465019210329, 36.382534060590558 ], [ 128.385599560375994, 36.382101343937649 ], [ 128.385636865096529, 36.381977933869976 ], [ 128.385757821202361, 36.381608561221903 ], [ 128.385807454780746, 36.381439472012396 ], [ 128.385857157011628, 36.381265886367544 ], [ 128.385898768558746, 36.381161530783132 ], [ 128.385988069704297, 36.380962132775252 ], [ 128.386200915314589, 36.380508443321673 ], [ 128.386259789705662, 36.380368589891013 ], [ 128.386348306589696, 36.38017514417561 ], [ 128.386442949237704, 36.379967951262365 ], [ 128.386478787031194, 36.379884760890157 ], [ 128.386568350328361, 36.379689905564582 ], [ 128.386643410757728, 36.379521000885539 ], [ 128.386725822128113, 36.379294541150571 ], [ 128.386713507632123, 36.379140200004066 ], [ 128.386708939296057, 36.379086287411205 ], [ 128.386712242546508, 36.3789412724812 ], [ 128.386698781826198, 36.378663539240939 ], [ 128.386700500230489, 36.378642019483408 ], [ 128.386702600115967, 36.378615923819858 ], [ 128.386707410843485, 36.378559734506631 ], [ 128.386702858263902, 36.378438685916151 ], [ 128.386695817406377, 36.378299628445376 ], [ 128.386694172801668, 36.378243802417941 ], [ 128.386707084783609, 36.378121122488061 ], [ 128.386717726344585, 36.378010803734632 ], [ 128.386779864698582, 36.378010952257746 ], [ 128.38716927243135, 36.378013874459057 ], [ 128.387486257621902, 36.378017838012568 ], [ 128.387689255663474, 36.378009707382638 ], [ 128.388219813140495, 36.378005727497509 ], [ 128.388347735228251, 36.378007285252444 ], [ 128.388611974840131, 36.378009902727513 ], [ 128.388800447362684, 36.378010887477295 ], [ 128.389910529587809, 36.378021414562369 ], [ 128.390723826324205, 36.378041399507374 ], [ 128.390899983728417, 36.378045363890806 ], [ 128.390990303427628, 36.378040085111046 ], [ 128.391027519432924, 36.378037914256936 ], [ 128.391103697656405, 36.378058255077001 ], [ 128.391204854125988, 36.378075199930471 ], [ 128.391342922476383, 36.378086115246731 ], [ 128.39141009948861, 36.37805325974044 ], [ 128.391503165409205, 36.378057357604028 ], [ 128.391810727025245, 36.378015131409057 ], [ 128.391939296293089, 36.378013741841869 ], [ 128.392055031554065, 36.378030408908472 ], [ 128.392119138393127, 36.378049651173455 ], [ 128.392206563671436, 36.378109699508869 ], [ 128.392261438013946, 36.378136761700887 ], [ 128.392336225094851, 36.378161203912157 ], [ 128.392409470034551, 36.378179050766413 ], [ 128.392607190636141, 36.378153132105716 ], [ 128.392666400986599, 36.378142917376913 ], [ 128.392723167484775, 36.378133122720421 ], [ 128.392811271896505, 36.378123244392896 ], [ 128.392820025654174, 36.378122523009857 ], [ 128.392935820683505, 36.378112965897515 ], [ 128.393029957612441, 36.378111210515556 ], [ 128.393083148191948, 36.378114112782399 ], [ 128.393101345105748, 36.378115728404467 ], [ 128.393300386259142, 36.378133422245327 ], [ 128.393376468801449, 36.378146101307827 ], [ 128.393526794370274, 36.378180155090952 ], [ 128.393642987947089, 36.378203879002911 ], [ 128.393746556130822, 36.378230359193694 ], [ 128.393835632740121, 36.378253088871141 ], [ 128.39396303611943, 36.378289891189297 ], [ 128.394175032980741, 36.378357041804186 ], [ 128.394351486957163, 36.378420469876673 ], [ 128.39437640271845, 36.378432275475312 ], [ 128.394416008211465, 36.378451031533743 ], [ 128.394542173243792, 36.37850959886562 ], [ 128.394683247442913, 36.378558374137654 ], [ 128.394729907318151, 36.378574264201717 ], [ 128.394825049526133, 36.378600980022981 ], [ 128.394930097028748, 36.37863081900133 ], [ 128.394946123470049, 36.378633549767642 ], [ 128.395111251615077, 36.378661675016673 ], [ 128.395283391549412, 36.378689547247774 ], [ 128.395510289302877, 36.378728114355226 ], [ 128.395744644472643, 36.378759275298087 ], [ 128.395921770458528, 36.37878373848838 ], [ 128.395955932055216, 36.378784587512421 ], [ 128.396079252790798, 36.378787618601265 ], [ 128.396238788809512, 36.378791094379459 ], [ 128.396291224753469, 36.378792225131512 ], [ 128.396454842327216, 36.378779518516446 ], [ 128.396509810551748, 36.378771686485358 ], [ 128.396563875142533, 36.378763976015172 ], [ 128.396595760560359, 36.378759424418995 ], [ 128.396636352744565, 36.378750149782121 ], [ 128.396683752587109, 36.378735304406419 ], [ 128.396737017403751, 36.378718614296808 ], [ 128.39706003340055, 36.378632061883515 ], [ 128.397156193171867, 36.378608027902345 ], [ 128.397191611550141, 36.378593347003289 ], [ 128.397254107913511, 36.378567448486415 ], [ 128.397356549037653, 36.378535263617067 ], [ 128.397477832920742, 36.378519187467404 ], [ 128.397482036281644, 36.378516045661875 ], [ 128.397529069520886, 36.37848083197224 ], [ 128.397513173516586, 36.37842951188572 ], [ 128.397487095281207, 36.378384944045052 ], [ 128.397433337010938, 36.378289672386821 ], [ 128.397424730325014, 36.378243994333417 ], [ 128.397415756106369, 36.378219906116719 ], [ 128.397409291058779, 36.378208563919955 ], [ 128.397402735268201, 36.378177251648609 ], [ 128.397381521357545, 36.378108935886281 ], [ 128.39739101323201, 36.3780487866659 ], [ 128.397396816558398, 36.378018879609961 ], [ 128.397406791906917, 36.377976909147797 ], [ 128.397432394743959, 36.37788116462054 ], [ 128.397493993435717, 36.377675805228129 ], [ 128.397497893807355, 36.377662839288973 ], [ 128.397517134279383, 36.377650554677004 ], [ 128.397522655604405, 36.377647023023641 ], [ 128.397583633401837, 36.377575265830828 ], [ 128.397600773414979, 36.37755646424079 ], [ 128.397634105578902, 36.37752470476476 ], [ 128.397686442013594, 36.377492464589658 ], [ 128.397748074302456, 36.37743115501646 ], [ 128.39783946598871, 36.377367760914801 ], [ 128.397984123843145, 36.377311845080044 ], [ 128.398060484161618, 36.377269804365824 ], [ 128.398088726565675, 36.377256366590281 ], [ 128.398144443269558, 36.377204849531765 ], [ 128.398162119973364, 36.377151157804498 ], [ 128.398226634975146, 36.377114761479952 ], [ 128.398315240519338, 36.377096032260475 ], [ 128.398339194572998, 36.377090971549073 ], [ 128.39843535136481, 36.377095899665633 ], [ 128.398481584698487, 36.377117950022566 ], [ 128.398524383185361, 36.377112894272159 ], [ 128.398543586346193, 36.37710396160498 ], [ 128.398628468591852, 36.377066604487048 ], [ 128.398865255541494, 36.376936617811829 ], [ 128.39898483275465, 36.376879934420138 ], [ 128.399118164221392, 36.376853238644259 ], [ 128.399227577974216, 36.376828341611841 ], [ 128.399449412194741, 36.376768676712942 ], [ 128.399526008713082, 36.376747876495571 ], [ 128.399593751499083, 36.376742243141116 ], [ 128.399629133908633, 36.376739294382418 ], [ 128.399691070085566, 36.376733739859027 ], [ 128.39979894738417, 36.376694145714524 ], [ 128.399972631052094, 36.376652891262111 ], [ 128.400210400068062, 36.376594665918418 ], [ 128.400310918216519, 36.37654976250623 ], [ 128.400422521599268, 36.376513917331941 ], [ 128.400567282936095, 36.376475976936035 ], [ 128.400670194368701, 36.376437168062431 ], [ 128.400698931942998, 36.376431698377111 ], [ 128.40075686465434, 36.376420671170749 ], [ 128.400786829313205, 36.37641503641467 ], [ 128.400820186704635, 36.37640875185329 ], [ 128.400898262200684, 36.376394068027821 ], [ 128.400974274316098, 36.376357863176828 ], [ 128.401034077744129, 36.376355712617489 ], [ 128.401047453667587, 36.376359636793246 ], [ 128.401116033336308, 36.376379906013881 ], [ 128.401133443548815, 36.37638235453386 ], [ 128.401249367414778, 36.376410683618047 ], [ 128.401310792755595, 36.376417904083993 ], [ 128.401481168524185, 36.376437170499386 ], [ 128.401613935341913, 36.376430105291185 ], [ 128.401653504356091, 36.376423229888154 ], [ 128.401800643960939, 36.376397654789002 ], [ 128.401837077859312, 36.376397062671394 ], [ 128.401900215967572, 36.376396018815328 ], [ 128.402106388103363, 36.376393223445888 ], [ 128.402148704111823, 36.376388515424075 ], [ 128.402211422002097, 36.37640012153178 ], [ 128.402328064861564, 36.376408862036406 ], [ 128.402508524116627, 36.376362978888025 ], [ 128.402602344936668, 36.376374542471169 ], [ 128.402768153287752, 36.376339831918358 ], [ 128.4028986557135, 36.376299564339718 ], [ 128.403045922677308, 36.376187450282472 ], [ 128.403162254847871, 36.376113047714973 ], [ 128.403352535098605, 36.376009817808402 ], [ 128.403535055609609, 36.375950678394759 ], [ 128.403858516657664, 36.375933129287169 ], [ 128.403911418288146, 36.37592704976381 ], [ 128.403969606564175, 36.375920383871126 ], [ 128.403984574777013, 36.375918656418825 ], [ 128.404051351857504, 36.375910934029768 ], [ 128.404236281510805, 36.375867458678293 ], [ 128.404358321798298, 36.375802725846768 ], [ 128.404386796176084, 36.375784971191088 ], [ 128.404390535968474, 36.375782646874868 ], [ 128.404535777974132, 36.375701790973508 ], [ 128.404556199181513, 36.375524554387731 ], [ 128.404560971160322, 36.37548339536999 ], [ 128.404529923207633, 36.375422331056591 ], [ 128.404510774931254, 36.375323594764474 ], [ 128.404461108992052, 36.37524317066913 ], [ 128.404426324574331, 36.375141733856552 ], [ 128.404405365528334, 36.375048116076321 ], [ 128.404417219691823, 36.375025141752637 ], [ 128.404454295888598, 36.374957911501319 ], [ 128.404525509897724, 36.374955681036361 ], [ 128.40455307700654, 36.374935569784554 ], [ 128.404675649371086, 36.374828674143593 ], [ 128.404766214524329, 36.374793575884148 ], [ 128.404810393785169, 36.374776764672575 ], [ 128.404873733665539, 36.374737448116541 ], [ 128.404895364529182, 36.374708124352019 ], [ 128.404911589088329, 36.374667337907262 ], [ 128.404925715807479, 36.374631299092897 ], [ 128.404982098650407, 36.374544240495247 ], [ 128.405035539488836, 36.374467395312067 ], [ 128.405096396829805, 36.374378070056842 ], [ 128.405136295744711, 36.374294218317125 ], [ 128.405184146467377, 36.374228492470465 ], [ 128.40522440182832, 36.374168000465012 ], [ 128.40524242488479, 36.374123681399595 ], [ 128.405270634395237, 36.374049990391867 ], [ 128.405282315003205, 36.374020499745946 ], [ 128.405318108380953, 36.373931373705865 ], [ 128.405330673648706, 36.373762568600178 ], [ 128.405243884433162, 36.373730910411538 ], [ 128.405308073526754, 36.373533426773591 ], [ 128.405315848750149, 36.373411133505179 ], [ 128.405400707459705, 36.373213779978755 ], [ 128.40539026419907, 36.37312784760443 ], [ 128.405357865572284, 36.373100714320515 ], [ 128.405416321719969, 36.372976844554444 ], [ 128.405424367075739, 36.372959339164453 ], [ 128.405463105139944, 36.372877058524502 ], [ 128.405492744354888, 36.372742942980452 ], [ 128.405587910520808, 36.372516226941286 ], [ 128.405671115620464, 36.372405448123793 ], [ 128.405724096599158, 36.372352093471441 ], [ 128.405759885917888, 36.372315946282129 ], [ 128.405793342183671, 36.372254023363951 ], [ 128.405833665784627, 36.372207769751611 ], [ 128.405899574431231, 36.372122028796937 ], [ 128.405924568749072, 36.372091333813145 ], [ 128.405971577343024, 36.37204518556819 ], [ 128.406162758711929, 36.371922805955847 ], [ 128.406254318804599, 36.371804841064289 ], [ 128.406434792764145, 36.371712893815392 ], [ 128.406682861185033, 36.371562365155384 ], [ 128.406699164114372, 36.371553524859266 ], [ 128.406840697055145, 36.371490139055076 ], [ 128.406845326069202, 36.371488071408933 ], [ 128.406993790455658, 36.371421674007699 ], [ 128.407011435366314, 36.371375577486383 ], [ 128.407084392337737, 36.371326890475345 ], [ 128.407093980945263, 36.371282222746501 ], [ 128.407136033987427, 36.371244294968918 ], [ 128.407154638358833, 36.371190705567429 ], [ 128.407257499114479, 36.371160145291348 ], [ 128.407345091275801, 36.371109386151772 ], [ 128.407374200837836, 36.371076656681147 ], [ 128.407445164250902, 36.371054147168941 ], [ 128.407483475721278, 36.371037837454779 ], [ 128.407518212586325, 36.371028547997582 ], [ 128.407583987275274, 36.371004039071956 ], [ 128.407614560792382, 36.37101325668953 ], [ 128.407838479690867, 36.370944592866088 ], [ 128.408017779249036, 36.370911401844907 ], [ 128.408198376790722, 36.370881884710506 ], [ 128.408226419011868, 36.370872264420555 ], [ 128.40830977843828, 36.370828503567054 ], [ 128.408449115983871, 36.370789760610464 ], [ 128.408691889912888, 36.370722261144117 ], [ 128.408829508913271, 36.370673515376808 ], [ 128.408793813945294, 36.37061524067709 ], [ 128.408804313122801, 36.370564972117691 ], [ 128.408808752854071, 36.370543771879042 ], [ 128.408865910132164, 36.370484398762784 ], [ 128.40895211822064, 36.370439588218531 ], [ 128.409063785426639, 36.370392182355609 ], [ 128.409110745986794, 36.370376978366785 ], [ 128.409275017548424, 36.370325381389549 ], [ 128.409325021392419, 36.370310003157392 ], [ 128.409438259571658, 36.370277275575361 ], [ 128.409462057094288, 36.370236616110283 ], [ 128.409507314990265, 36.370194621119907 ], [ 128.409516804740036, 36.370190748102495 ], [ 128.409642608332632, 36.370139374546774 ], [ 128.409696122346361, 36.370143082043811 ], [ 128.409700963498665, 36.370143881018315 ], [ 128.409755196070194, 36.370174834046686 ], [ 128.40980101274431, 36.370215009274631 ], [ 128.409859831522482, 36.370233350736036 ], [ 128.409879122780694, 36.370234464568689 ], [ 128.409984497026585, 36.370246926635041 ], [ 128.410051126784452, 36.370175506302282 ], [ 128.410206535619011, 36.370091909110904 ], [ 128.410258889369715, 36.37007518136695 ], [ 128.410511796423208, 36.369925596797586 ], [ 128.410685970698523, 36.369860935003224 ], [ 128.410715981308385, 36.369823739416191 ], [ 128.410731662116859, 36.369726104404343 ], [ 128.410803007328411, 36.369733873675166 ], [ 128.410889261027449, 36.369724053904832 ], [ 128.410991064462308, 36.369716473703178 ], [ 128.410994943987191, 36.369779646020326 ], [ 128.410986308984803, 36.369820831315828 ], [ 128.411054262843493, 36.36983650485336 ], [ 128.411228590052275, 36.369878377903305 ], [ 128.411373589419838, 36.369791844050269 ], [ 128.411420163991636, 36.369790758386294 ], [ 128.411443736239306, 36.369776825748566 ], [ 128.411718509869331, 36.369614451019331 ], [ 128.411853501254342, 36.369535382831252 ], [ 128.411858660314607, 36.369532443481731 ], [ 128.41200191838837, 36.369401815614289 ], [ 128.412130075020798, 36.369398563854077 ], [ 128.412237707424481, 36.369374493114087 ], [ 128.412324897879671, 36.369339372407659 ], [ 128.41234819598742, 36.369376542907297 ], [ 128.412461106613847, 36.369342576242211 ], [ 128.41266887775717, 36.369292171275966 ], [ 128.412776138786086, 36.369272982495403 ], [ 128.412785518410857, 36.369270379306784 ], [ 128.413149045723259, 36.369172402730371 ], [ 128.413178410938485, 36.369164499985104 ], [ 128.413559679248692, 36.369021749857247 ], [ 128.413712305810492, 36.368969485663868 ], [ 128.413880319231964, 36.36890404091239 ], [ 128.413935346452632, 36.368882764835298 ], [ 128.414126928815648, 36.368736962210043 ], [ 128.414169641967391, 36.368659492344079 ], [ 128.414192408746516, 36.368631046551613 ], [ 128.414209118023564, 36.368498252906434 ], [ 128.41425378800011, 36.368474708921262 ], [ 128.414299790341545, 36.368469591141228 ], [ 128.414308761180223, 36.368467986108676 ], [ 128.414572295899291, 36.368419383812679 ], [ 128.41466650789738, 36.368403057988814 ], [ 128.414753640529284, 36.368617258661615 ], [ 128.414756528936579, 36.368624355949379 ], [ 128.414717972216124, 36.368646974917048 ], [ 128.414814503518869, 36.368709133225892 ], [ 128.414852242753227, 36.368721195793192 ], [ 128.415037812145329, 36.368736408158576 ], [ 128.415172848888318, 36.368762032973379 ], [ 128.415244581579145, 36.368762655307819 ], [ 128.415301356307054, 36.368774252414021 ], [ 128.415403974730225, 36.368738015610276 ], [ 128.415525006937429, 36.368723271533781 ], [ 128.415618242782301, 36.368703407633191 ], [ 128.415773010693613, 36.368714547779803 ], [ 128.415816895289851, 36.368708031250598 ], [ 128.415961364381815, 36.368676432802566 ], [ 128.416006789417736, 36.368665084532587 ], [ 128.416190338918199, 36.368616744539445 ], [ 128.416363553561666, 36.368591432315235 ], [ 128.416395809727192, 36.368584281883528 ], [ 128.416551691952009, 36.368547764214419 ], [ 128.416671325001488, 36.368533796131899 ], [ 128.416757335576307, 36.368532369719873 ], [ 128.416804216191508, 36.368524524763473 ], [ 128.416946073083807, 36.368518793605304 ], [ 128.417135653069067, 36.368495362640147 ], [ 128.417208944197114, 36.368496162636283 ], [ 128.417265526261843, 36.368505225612807 ], [ 128.417334372896192, 36.368528190318607 ], [ 128.41746229355752, 36.36854138682898 ], [ 128.417535866161273, 36.368537330756972 ], [ 128.417613659422813, 36.368542550161635 ], [ 128.4177217285241, 36.36854764709615 ], [ 128.417897318932944, 36.368541331660055 ], [ 128.417952303214065, 36.368534580189326 ], [ 128.418576455180386, 36.368317870389419 ], [ 128.418051665857632, 36.367882013929012 ], [ 128.417955486869943, 36.367824690150954 ], [ 128.417576455502029, 36.367614724861177 ], [ 128.417487595793119, 36.36757259396235 ], [ 128.417073159790789, 36.367379963532272 ], [ 128.4169874490984, 36.367344444145033 ], [ 128.416525326116499, 36.367156174433958 ], [ 128.415895306962, 36.366902809557047 ], [ 128.415633527099629, 36.366808779030066 ], [ 128.415601320291671, 36.366793085133985 ], [ 128.415468611693342, 36.366671390703743 ], [ 128.415111225174485, 36.366349374577396 ], [ 128.415046132006637, 36.366292804788777 ], [ 128.414849296664926, 36.366082544444865 ], [ 128.414575383890792, 36.365781167525704 ], [ 128.414466916670733, 36.365627861252563 ], [ 128.414073327825975, 36.36501361662237 ], [ 128.41400230495131, 36.364784129802167 ], [ 128.4137891664883, 36.364487591687841 ], [ 128.413538930941996, 36.364140072325661 ], [ 128.413407787081184, 36.363968405014369 ], [ 128.413226976976148, 36.363754670264179 ], [ 128.412795045461934, 36.363223238286771 ], [ 128.412738811280093, 36.363147858630825 ], [ 128.412441013561619, 36.362807059514843 ], [ 128.412395187002687, 36.362753800385086 ], [ 128.412359178784698, 36.362709114610936 ], [ 128.412144034501836, 36.362433389404821 ], [ 128.411965348916851, 36.36217820988233 ], [ 128.411797573275862, 36.361912567402413 ], [ 128.412032338641581, 36.361398929596461 ], [ 128.410410563323353, 36.360083714669813 ], [ 128.410114964043458, 36.359843985567245 ], [ 128.409737129000376, 36.359881252380333 ], [ 128.409652340783424, 36.359810767322784 ], [ 128.409387571486292, 36.359585995166697 ], [ 128.4090835011651, 36.359306228086375 ], [ 128.408737987088642, 36.358969139169908 ], [ 128.408523051794589, 36.358845145625672 ], [ 128.407988130679485, 36.358506276403872 ], [ 128.40746147441277, 36.358130155896667 ], [ 128.407397454735076, 36.358086419762827 ], [ 128.40713740306478, 36.357905119972152 ], [ 128.406764711526279, 36.357768190869471 ], [ 128.404570303817422, 36.356425461607579 ], [ 128.404342394188973, 36.356458675113714 ], [ 128.404001684115315, 36.356513384612349 ], [ 128.403934988300989, 36.356495154082047 ], [ 128.403574671108771, 36.35640252386041 ], [ 128.403347175957009, 36.35634656780789 ], [ 128.403295793905869, 36.356330504264278 ], [ 128.402948501661996, 36.356240839093587 ], [ 128.402873906627349, 36.356222703579697 ], [ 128.402665073287352, 36.356158071433939 ], [ 128.402606113723493, 36.356139347247236 ], [ 128.402572004131031, 36.356127172849739 ], [ 128.402564774574131, 36.355872541026642 ], [ 128.402556638065874, 36.355683950631949 ], [ 128.402561533105484, 36.355491433409618 ], [ 128.40256267258215, 36.355342684703956 ], [ 128.402576499269259, 36.355149139855385 ], [ 128.402586192385741, 36.354981807040154 ], [ 128.402616125321714, 36.35476831912667 ], [ 128.402635472204565, 36.354611839581523 ], [ 128.402654166853551, 36.354483779339084 ], [ 128.402648779601577, 36.354312955531476 ], [ 128.402681738073113, 36.354126211137618 ], [ 128.402639771534041, 36.354009778254884 ], [ 128.402630711624283, 36.353972289661534 ], [ 128.402607148523856, 36.353874909393753 ], [ 128.402600860756849, 36.353847852098063 ], [ 128.402565218909132, 36.353699874240156 ], [ 128.402373409340726, 36.353454292899649 ], [ 128.402340343086877, 36.353425335057715 ], [ 128.402144964673568, 36.353258920373797 ], [ 128.401961177671836, 36.353105008542251 ], [ 128.40194925630496, 36.353094963880608 ], [ 128.401929719382707, 36.353078509808377 ], [ 128.401871717171247, 36.353031151201016 ], [ 128.401832324800608, 36.352994753940585 ], [ 128.401697550482908, 36.352878044208509 ], [ 128.401769369759961, 36.352776852943244 ], [ 128.401806285136956, 36.352720760758849 ], [ 128.401813424295995, 36.352664356934937 ], [ 128.401965419121495, 36.352460285904741 ], [ 128.402029407874494, 36.352409700382061 ], [ 128.402051458560777, 36.352369979720301 ], [ 128.402066607133548, 36.352342687476551 ], [ 128.402146971442249, 36.352279117207594 ], [ 128.402172695597415, 36.352258654713332 ], [ 128.402271871969646, 36.352210137959737 ], [ 128.402349061327328, 36.352140703102947 ], [ 128.402407463074212, 36.351990457099681 ], [ 128.402455978043463, 36.351929574612242 ], [ 128.402474200474643, 36.35190673143012 ], [ 128.402540814232054, 36.351849309966482 ], [ 128.402628849924696, 36.351787643214891 ], [ 128.402709968322057, 36.351754941071789 ], [ 128.402753337884405, 36.351737468598223 ], [ 128.402821269063139, 36.351717460734918 ], [ 128.402858644837153, 36.351710204386947 ], [ 128.402933295794242, 36.351662258109009 ], [ 128.40295407813673, 36.35163678727433 ], [ 128.402988538077182, 36.351602941066886 ], [ 128.403021135113676, 36.351518467350502 ], [ 128.403046383725382, 36.351465461386205 ], [ 128.403115538195721, 36.351319035708691 ], [ 128.403139716455286, 36.35129087836286 ], [ 128.403153287817645, 36.351275996065183 ], [ 128.403186240762835, 36.351241060859934 ], [ 128.403271203484024, 36.351139691139558 ], [ 128.403376825355082, 36.350996845220209 ], [ 128.403388573169025, 36.350987324683288 ], [ 128.403547691502098, 36.350867599765955 ], [ 128.40355690814954, 36.350861292701254 ], [ 128.403648703707461, 36.350826327350404 ], [ 128.403745104042855, 36.350802505280107 ], [ 128.403792876232302, 36.350796300926028 ], [ 128.403928780701051, 36.350773811742847 ], [ 128.404088326519684, 36.350765660901729 ], [ 128.404215463022496, 36.350750526086919 ], [ 128.404338857407765, 36.350695865565363 ], [ 128.404356512102254, 36.350687446829099 ], [ 128.404414764549074, 36.350659693777764 ], [ 128.404533366887364, 36.350561447015366 ], [ 128.404691961544899, 36.350413655801667 ], [ 128.404734165078168, 36.35035904896548 ], [ 128.404738599524251, 36.350354583330081 ], [ 128.404831093518396, 36.350261513722188 ], [ 128.404856907130096, 36.350229146753705 ], [ 128.404897332634562, 36.350176855974475 ], [ 128.404951947321109, 36.350120616834921 ], [ 128.405018812886226, 36.350053111228902 ], [ 128.405098950031771, 36.349998252018572 ], [ 128.405137544805683, 36.34998147576767 ], [ 128.405140350214964, 36.349980264188844 ], [ 128.405203385466876, 36.349953381704239 ], [ 128.405340910272827, 36.349874459301738 ], [ 128.405399810196371, 36.349828866012572 ], [ 128.405452475729447, 36.349803193295131 ], [ 128.405459666380011, 36.349802499218676 ], [ 128.405526087904008, 36.349796089796627 ], [ 128.405553657663376, 36.34979342467296 ], [ 128.405637755009622, 36.349750921733275 ], [ 128.405693419502569, 36.349717622019483 ], [ 128.405819830056657, 36.349641040735001 ], [ 128.405950332778445, 36.349549304162174 ], [ 128.405964320112531, 36.349541128245555 ], [ 128.406022467893621, 36.349524007573336 ], [ 128.406122742960008, 36.349459173030858 ], [ 128.406259114138521, 36.349380829564517 ], [ 128.406363162441096, 36.349304658985687 ], [ 128.406445806972982, 36.349224569832316 ], [ 128.406491283918456, 36.349196301560958 ], [ 128.406547280029116, 36.349155919970691 ], [ 128.406613713343461, 36.349102478419461 ], [ 128.406675956669517, 36.349063849082022 ], [ 128.406744054826902, 36.349012659633551 ], [ 128.406787055399036, 36.348968680702463 ], [ 128.406889501532248, 36.348851084331869 ], [ 128.406916129930664, 36.348812475914762 ], [ 128.406882382536253, 36.348770575250242 ], [ 128.406510997173058, 36.348488213487123 ], [ 128.406390029559361, 36.34836955008916 ], [ 128.4063951626581, 36.348308377815783 ], [ 128.406340588950457, 36.348185340902333 ], [ 128.406252663112298, 36.34808127850475 ], [ 128.406186135069078, 36.34797309618839 ], [ 128.406145462589478, 36.347919076248992 ], [ 128.406070638213691, 36.347816412699721 ], [ 128.405997546959782, 36.347730483285666 ], [ 128.405962689421187, 36.347698444538509 ], [ 128.40591857388759, 36.347659204425931 ], [ 128.405814802652117, 36.347599778341035 ], [ 128.405717808304956, 36.347547171692554 ], [ 128.405644538144742, 36.34755352906263 ], [ 128.405637312362359, 36.347554475301244 ], [ 128.405617508347348, 36.347557071030053 ], [ 128.405618302887291, 36.347653093689352 ], [ 128.405547506624515, 36.347630085488156 ], [ 128.405462260668031, 36.347643808592238 ], [ 128.405394069805141, 36.347657517578583 ], [ 128.405294158000061, 36.347691001960804 ], [ 128.405277993776139, 36.347695436136114 ], [ 128.405223584585173, 36.347710367265478 ], [ 128.40520272396185, 36.34765137231728 ], [ 128.405151366079735, 36.347578779867717 ], [ 128.405079916063357, 36.347531968468019 ], [ 128.405003149358407, 36.347482643284884 ], [ 128.404914884956042, 36.34734736199708 ], [ 128.404837153610544, 36.347342747497443 ], [ 128.404701375442897, 36.347260451390653 ], [ 128.404640957030779, 36.347169492871956 ], [ 128.404594271108039, 36.347108106920906 ], [ 128.404453320902206, 36.347011726588498 ], [ 128.404211663350992, 36.346927666338296 ], [ 128.403956487522578, 36.346838608660335 ], [ 128.403680160577579, 36.346704044147941 ], [ 128.403393503512405, 36.346680792772766 ], [ 128.403265149808732, 36.346678230868569 ], [ 128.403059661654112, 36.346735822599044 ], [ 128.4030085871523, 36.346753184532758 ], [ 128.402936068748858, 36.346777828565045 ], [ 128.402782524029078, 36.346777257699195 ], [ 128.402602982989237, 36.346706382964321 ], [ 128.402504638784194, 36.346676277949257 ], [ 128.402006124188489, 36.346578011952552 ], [ 128.40177868943988, 36.346504967242147 ], [ 128.401422816342944, 36.346431799939715 ], [ 128.401302111012541, 36.346418280168933 ], [ 128.401133459428308, 36.346429616757675 ], [ 128.400970044256184, 36.346429237294366 ], [ 128.400872262459217, 36.346339080403254 ], [ 128.400841381829252, 36.34638426260647 ], [ 128.400847999234315, 36.346469779985846 ], [ 128.400829866187564, 36.346521703854386 ], [ 128.400782899554429, 36.346542266580109 ], [ 128.400745586272194, 36.346569240008371 ], [ 128.400656258589237, 36.346619859729294 ], [ 128.400531906119426, 36.346474976651209 ], [ 128.400495914862887, 36.346495161896705 ], [ 128.400447918941495, 36.346474256903818 ], [ 128.400197170475195, 36.34636502747933 ], [ 128.39986873929189, 36.34622196441304 ], [ 128.399788854552639, 36.346155723426314 ], [ 128.399718989746191, 36.346120640913455 ], [ 128.399632253571639, 36.346113859962863 ], [ 128.399489180142723, 36.346058456908231 ], [ 128.399370944847476, 36.346010712530862 ], [ 128.399361495179193, 36.345982206260508 ], [ 128.399326970102493, 36.345955186724503 ], [ 128.39927497900689, 36.345930962882399 ], [ 128.399187373004764, 36.345905532208221 ], [ 128.39853578775319, 36.345749535865785 ], [ 128.398015649228029, 36.346127957353048 ], [ 128.397392669631245, 36.346176915045518 ], [ 128.397179417870404, 36.346193670877561 ], [ 128.396366082544603, 36.345691393748012 ], [ 128.396281481343408, 36.345639139594546 ], [ 128.395518232339327, 36.345337753777024 ], [ 128.395497887175821, 36.345329711389624 ], [ 128.395474699055029, 36.345321979000531 ], [ 128.394451336903927, 36.344980805572412 ], [ 128.39415798103488, 36.344734028199063 ], [ 128.393518410478094, 36.344614157098768 ], [ 128.393274047437728, 36.344549589169603 ], [ 128.39303792094924, 36.344422909616711 ], [ 128.392999191900998, 36.344411150541703 ], [ 128.391709011716017, 36.344019923189848 ], [ 128.390783695737895, 36.34298411724054 ], [ 128.390636222125295, 36.342819027866973 ], [ 128.390448947243272, 36.342568638196802 ], [ 128.390183188257595, 36.342358128707446 ], [ 128.389796300879937, 36.341683810990979 ], [ 128.389528361666379, 36.340764444563128 ], [ 128.389715225704663, 36.340473938658569 ], [ 128.389953241110874, 36.340255615861025 ], [ 128.389497310120902, 36.338706573827395 ], [ 128.389207210128376, 36.338159768172517 ], [ 128.388245159102183, 36.336840041087932 ], [ 128.387414600814253, 36.335331800849453 ], [ 128.387820391702235, 36.334019702450064 ], [ 128.387696466399035, 36.333641335014505 ], [ 128.387517867651155, 36.333181996539139 ], [ 128.386822310014736, 36.332422950303638 ], [ 128.386086977551116, 36.331959123251004 ], [ 128.385656245777199, 36.33158531952774 ], [ 128.385406663587418, 36.33046377133757 ], [ 128.384175452056894, 36.328864388932409 ], [ 128.383225732950933, 36.327443717683138 ], [ 128.382202676379791, 36.325813715124028 ], [ 128.382546754849812, 36.325470072408486 ], [ 128.382541074371147, 36.32530962695018 ], [ 128.381670572817427, 36.324931160732348 ], [ 128.381564051640026, 36.324842600760604 ], [ 128.380426464563868, 36.323896890703928 ], [ 128.379952694243741, 36.322974800166484 ], [ 128.378742676003952, 36.322595078560767 ], [ 128.377475098475401, 36.322919078087551 ], [ 128.377194220531294, 36.323118688068028 ], [ 128.375182080581766, 36.324548599562512 ], [ 128.37426867046787, 36.324510593442433 ], [ 128.373515759570438, 36.324811341628262 ], [ 128.372424305567421, 36.324973164976619 ], [ 128.372295706997477, 36.325448968867533 ], [ 128.371481326660557, 36.326791637946883 ], [ 128.369930091641521, 36.32934781679387 ], [ 128.369372457615157, 36.329810670661637 ], [ 128.36822635472555, 36.33075814130769 ], [ 128.367516132201359, 36.331342943021177 ], [ 128.367369046667619, 36.332099417703162 ], [ 128.366997910279821, 36.333959193029933 ], [ 128.365725529462111, 36.338120299807777 ], [ 128.363782348502411, 36.338790891205676 ], [ 128.361701038652996, 36.340297654635222 ], [ 128.360867579116899, 36.340443854986383 ], [ 128.360785578618987, 36.340446227042634 ], [ 128.359385096045401, 36.34048405744975 ], [ 128.359331139687924, 36.340485452723115 ], [ 128.358328283946832, 36.341122424710228 ], [ 128.356945107330574, 36.341211847879805 ], [ 128.35687337460817, 36.341237360324151 ], [ 128.354383046116538, 36.341900619017167 ], [ 128.353771495691063, 36.342063461938473 ], [ 128.353524260745559, 36.340750367427631 ], [ 128.351536397930658, 36.341748312962437 ], [ 128.35127115682252, 36.341874438276221 ], [ 128.3492322287224, 36.342789827444044 ], [ 128.348276824365485, 36.343173522416308 ], [ 128.348349174559615, 36.34426319323827 ], [ 128.347585664011802, 36.344943060417599 ], [ 128.346348900933236, 36.345871788344319 ], [ 128.346022301529104, 36.34685676554075 ], [ 128.345037942268306, 36.347113545405314 ], [ 128.34294881852864, 36.347289609559105 ], [ 128.341021462477585, 36.347271079203431 ], [ 128.340858805160906, 36.34730088258803 ], [ 128.340750431539306, 36.347251566871577 ], [ 128.340719496143265, 36.347267445446391 ], [ 128.340718979758947, 36.347266595503079 ], [ 128.340650747176426, 36.347370977786007 ], [ 128.340272495204488, 36.347907615550731 ], [ 128.339098525928563, 36.348065845878487 ], [ 128.338413430357122, 36.34892745498324 ], [ 128.338013536947642, 36.34893705867178 ], [ 128.337130091706712, 36.349274590328065 ], [ 128.335682746363943, 36.349276664338639 ], [ 128.334642060771699, 36.349170896372868 ], [ 128.334643165184644, 36.348429980226911 ], [ 128.33406803992051, 36.347718234822217 ], [ 128.333253755728578, 36.346602449425554 ], [ 128.332680901746187, 36.345487433004905 ], [ 128.332568903643391, 36.34527279029615 ], [ 128.333485547593028, 36.343979682769266 ], [ 128.332802079262422, 36.343935308486188 ], [ 128.332521400638512, 36.343683098720263 ], [ 128.332048210930424, 36.343250714017238 ], [ 128.331954274524804, 36.343164857173193 ], [ 128.331698733324004, 36.34249741563044 ], [ 128.330665563171493, 36.342785064920029 ], [ 128.330383786617972, 36.34266210604099 ], [ 128.329612492965907, 36.342329417627745 ], [ 128.328936509857868, 36.342468385891671 ], [ 128.326944886657571, 36.342388727615948 ], [ 128.326829486003021, 36.342409478717499 ], [ 128.326585095954869, 36.342453445112795 ], [ 128.325749080705634, 36.342603044318992 ], [ 128.325045596785202, 36.341855889079717 ], [ 128.323633818742962, 36.341245241017106 ], [ 128.323864931607631, 36.340603061985846 ], [ 128.322713404689779, 36.339807744225929 ], [ 128.322529725760489, 36.339213901306977 ], [ 128.321992968464087, 36.338834617470788 ], [ 128.321828213739252, 36.338748070677276 ], [ 128.320867304681059, 36.338253165568005 ], [ 128.319821664053194, 36.337736916726243 ], [ 128.319300407534001, 36.337478239091077 ], [ 128.318744300009911, 36.33688932003512 ], [ 128.31862579813145, 36.336667570978101 ], [ 128.31856620030365, 36.336556270877381 ], [ 128.318373898752924, 36.33619669128614 ], [ 128.317202471252585, 36.33579939238281 ], [ 128.315948254875678, 36.335478484993757 ], [ 128.316041467188114, 36.335108697717835 ], [ 128.316204271601123, 36.334523599148127 ], [ 128.316076786231861, 36.33429617279522 ], [ 128.315707984040444, 36.333624667981013 ], [ 128.315657159223576, 36.332912181936855 ], [ 128.316150922954932, 36.332687192270726 ], [ 128.316612889550242, 36.332475806074662 ], [ 128.316930856465291, 36.332333162870036 ], [ 128.317137419566791, 36.3320561130366 ], [ 128.317189407783445, 36.3320206437024 ], [ 128.316068400640631, 36.331736546574881 ], [ 128.315695966890189, 36.331601498409221 ], [ 128.315329958113267, 36.331347352807384 ], [ 128.315157906292342, 36.331003357003745 ], [ 128.314767005138805, 36.330751049288672 ], [ 128.314042386846324, 36.33102764890635 ], [ 128.313739091039565, 36.331143334119027 ], [ 128.313252328813491, 36.330849908714974 ], [ 128.313019039538091, 36.330841806523345 ], [ 128.31220678732484, 36.33081346983608 ], [ 128.311883215084237, 36.330802033142739 ], [ 128.311760002270688, 36.330486196103585 ], [ 128.311716500439331, 36.330367379646091 ], [ 128.311684446730681, 36.3303131251552 ], [ 128.311530499455472, 36.330128355218903 ], [ 128.311478592263086, 36.329975128975803 ], [ 128.310016972701305, 36.33066902730355 ], [ 128.309567879389448, 36.330563642315248 ], [ 128.30940898149305, 36.330526108318914 ], [ 128.309285858053727, 36.330497234157725 ], [ 128.308284028035985, 36.330261921214742 ], [ 128.307942776076771, 36.330654757099957 ], [ 128.306265629857648, 36.33139212800782 ], [ 128.305423784394122, 36.331481291342641 ], [ 128.305458532258143, 36.331566535971362 ], [ 128.305427554766823, 36.331644648182333 ], [ 128.305333608836008, 36.331738722635855 ], [ 128.305250913019336, 36.331939027959365 ], [ 128.304754448270899, 36.332795893647258 ], [ 128.305288625018676, 36.3335475349215 ], [ 128.304929177366745, 36.33410556419809 ], [ 128.30462527937172, 36.334657436883852 ], [ 128.304674762263062, 36.334944131238437 ], [ 128.304636556153497, 36.33520834411862 ], [ 128.304740535103321, 36.335589121562229 ], [ 128.30512323418867, 36.3367820059294 ], [ 128.305103885773235, 36.337058710651242 ], [ 128.30512405621684, 36.337101353778635 ], [ 128.305060176821058, 36.337530725369561 ], [ 128.304729411278515, 36.338148901709452 ], [ 128.304305710362996, 36.338568568820826 ], [ 128.304039136821416, 36.338953105139623 ], [ 128.304104002822982, 36.339447155346058 ], [ 128.303498488378239, 36.340113846827251 ], [ 128.303449651658951, 36.34043769860358 ], [ 128.303149895026451, 36.340717558870807 ], [ 128.30327273770348, 36.341091409434021 ], [ 128.302758202308524, 36.342110376688666 ], [ 128.302755200418176, 36.342115982353029 ], [ 128.302744847789796, 36.342125221758046 ], [ 128.301893203887346, 36.342889313169046 ], [ 128.301838059144387, 36.343469109543399 ], [ 128.301526245377005, 36.343655409006246 ], [ 128.300521442288698, 36.343870014560579 ], [ 128.300503972017935, 36.343876679770815 ], [ 128.300257342746619, 36.3439732246026 ], [ 128.29958589172611, 36.344028146441836 ], [ 128.299371868078566, 36.344041244664474 ], [ 128.299174065220456, 36.344011921299796 ], [ 128.298472883789003, 36.344062994457282 ], [ 128.298101358757691, 36.34407404636638 ], [ 128.297518571601273, 36.344082158700324 ], [ 128.297094365459259, 36.345091773995676 ], [ 128.296694932242303, 36.34541917883621 ], [ 128.296221511828747, 36.34580416207821 ], [ 128.296176790789417, 36.345840791449575 ], [ 128.295757683425705, 36.3461095198954 ], [ 128.295246500121294, 36.346878384533809 ], [ 128.294692980100109, 36.347247406311816 ], [ 128.293939106746961, 36.348193943049665 ], [ 128.293870258889115, 36.348280559922628 ], [ 128.293702809643833, 36.348493024824066 ], [ 128.293612477567677, 36.348607387011192 ], [ 128.293477483201485, 36.348522671773857 ], [ 128.293453593577084, 36.348507318743593 ], [ 128.293445296221165, 36.348502196082187 ], [ 128.292566388895153, 36.347953760379461 ], [ 128.292512909399477, 36.347919082087031 ], [ 128.292474498258287, 36.34789464918542 ], [ 128.291683620225626, 36.347391498610129 ], [ 128.291668909322397, 36.347382399685607 ], [ 128.291586320204942, 36.347352900934652 ], [ 128.291560627947433, 36.347345998662036 ], [ 128.291183142734184, 36.347244907930914 ], [ 128.29088900945294, 36.34716542571929 ], [ 128.290810178425176, 36.347144122253553 ], [ 128.290732905351319, 36.347124224791685 ], [ 128.290272262774351, 36.347000107717818 ], [ 128.289701535001313, 36.3468471811738 ], [ 128.289144176439606, 36.346697981278957 ], [ 128.289091742484402, 36.346683304316493 ], [ 128.288977478439932, 36.346653335586247 ], [ 128.288331231882893, 36.346479396899895 ], [ 128.287682231899595, 36.346302329298247 ], [ 128.289160467639078, 36.347735767012367 ], [ 128.289352605988825, 36.347921666843973 ], [ 128.289722430431425, 36.348279510731984 ], [ 128.289994677129584, 36.348541412387981 ], [ 128.291173833348552, 36.349683962732605 ], [ 128.291430956200031, 36.349929280082812 ], [ 128.292041978233243, 36.350524571019179 ], [ 128.29321040002057, 36.350894631070666 ], [ 128.294177072755275, 36.351207983670641 ], [ 128.294407255664254, 36.351282726878239 ], [ 128.29476818929254, 36.351503220685615 ], [ 128.296202472447192, 36.352374342435553 ], [ 128.296689037943707, 36.352671196738399 ], [ 128.296698471242564, 36.352676434012515 ], [ 128.29670071990256, 36.3526803312499 ], [ 128.297416898732394, 36.353569315313962 ], [ 128.297656801219887, 36.353878526791576 ], [ 128.297864924199303, 36.3541366624858 ], [ 128.29803849556032, 36.354354574165747 ], [ 128.298042693638536, 36.35435974446893 ], [ 128.29871806777291, 36.355213236289849 ], [ 128.29874141427851, 36.355242255578808 ], [ 128.298899205097428, 36.355440202741107 ], [ 128.299017834469055, 36.355625988203158 ], [ 128.299583260887601, 36.356502673193241 ], [ 128.299736487432881, 36.356777695146832 ], [ 128.30013577420516, 36.357190812342822 ], [ 128.300137947366807, 36.357200674709318 ], [ 128.300640676487035, 36.357668052008094 ], [ 128.301153841343933, 36.358161369484719 ], [ 128.302060804486814, 36.358999275659194 ], [ 128.303137437909214, 36.359824712455463 ], [ 128.303667395244673, 36.360338591460149 ], [ 128.303793501584948, 36.360418998846662 ], [ 128.304218163732116, 36.360818426819606 ], [ 128.304261885058878, 36.360845716551516 ], [ 128.30431009814049, 36.360857830015632 ], [ 128.304764054035985, 36.361121307725362 ], [ 128.304869940045506, 36.361285547532155 ], [ 128.305228727531755, 36.36153155395381 ], [ 128.305313844264361, 36.361669818245311 ], [ 128.305801319754892, 36.361931117277642 ], [ 128.306886279573433, 36.362590855667911 ], [ 128.30710415983981, 36.362861602973872 ], [ 128.307244429139558, 36.363054327680757 ], [ 128.307280461206233, 36.362886327742096 ], [ 128.307321084710253, 36.362696870964129 ], [ 128.307486848181071, 36.362206804357648 ], [ 128.307689625241125, 36.361648626929167 ], [ 128.30778323190944, 36.361356791121814 ], [ 128.31033623924904, 36.36414737307107 ], [ 128.310953655253911, 36.365407195677228 ], [ 128.311004401880126, 36.36561853002037 ], [ 128.311129008187294, 36.366143027302705 ], [ 128.311737769735458, 36.36807222603052 ], [ 128.311866917131084, 36.368942980494673 ], [ 128.311768930840572, 36.369957635450064 ], [ 128.311581733809874, 36.370946677935372 ], [ 128.311420710305072, 36.371344868396058 ], [ 128.311319268550761, 36.375122533718269 ], [ 128.312014955229216, 36.375348531343811 ], [ 128.314881656413263, 36.382440890986217 ], [ 128.314444582340798, 36.382028048030151 ], [ 128.314779632631456, 36.383671042243343 ], [ 128.31516483501423, 36.38429601415028 ], [ 128.317210431486359, 36.386706927399509 ], [ 128.317489030094805, 36.387348303681051 ], [ 128.317495435169576, 36.387629922785933 ], [ 128.318739877233298, 36.387115023578154 ], [ 128.321414590065444, 36.386359346704296 ], [ 128.321596602975802, 36.386139177320629 ], [ 128.323138548215269, 36.38549845699206 ], [ 128.323946784052367, 36.385544460813868 ], [ 128.324173064535216, 36.385508391321395 ], [ 128.326255367874154, 36.386190014299117 ], [ 128.326630692187763, 36.386161928671889 ], [ 128.326771014915778, 36.386765149758205 ], [ 128.327103938149861, 36.387081170944093 ], [ 128.327889422641192, 36.387739667141865 ], [ 128.328271341552949, 36.388343689773535 ], [ 128.328738090327676, 36.388464487272294 ], [ 128.329332284085837, 36.389040486513927 ], [ 128.329331419067756, 36.38904645627575 ], [ 128.329176970423845, 36.389912899529278 ], [ 128.32936167150902, 36.390675032657157 ], [ 128.329919386004718, 36.391224816398562 ], [ 128.330141263737772, 36.391775008402895 ], [ 128.330383293538574, 36.392964868514042 ], [ 128.330747892074982, 36.393529819870558 ], [ 128.330772981160976, 36.393712903236157 ], [ 128.331034269787892, 36.394129917471325 ], [ 128.331067084176311, 36.394374006921709 ], [ 128.331794591551812, 36.394855634465777 ], [ 128.3324333716524, 36.395424244255018 ], [ 128.332404811755339, 36.39655862291503 ], [ 128.332839440633308, 36.397112163920099 ], [ 128.33356168302052, 36.397852498277778 ], [ 128.333622685755074, 36.398216498317105 ], [ 128.333402608448097, 36.398509898371159 ], [ 128.333029624659162, 36.398835947074552 ], [ 128.332941885260624, 36.399100276780594 ], [ 128.332714005545142, 36.399377402125367 ], [ 128.333310740224533, 36.399762027224682 ], [ 128.333330868321866, 36.400326331369719 ], [ 128.334506920148272, 36.40057748554797 ], [ 128.3349043651979, 36.40097174033081 ], [ 128.335315482368514, 36.401312280447122 ], [ 128.3357200242788, 36.402000662111007 ], [ 128.335755691560479, 36.402086163700218 ], [ 128.336457145018898, 36.40228543164676 ], [ 128.336516115163761, 36.402320796662579 ], [ 128.3371600683125, 36.402736773087902 ], [ 128.337782778235777, 36.403745575038471 ], [ 128.338565639104843, 36.404400552464544 ], [ 128.33903712907167, 36.404945200632831 ], [ 128.338803554391347, 36.405630913651351 ], [ 128.338786924216834, 36.406004744023519 ], [ 128.338788230010437, 36.406041328894354 ], [ 128.338885086249206, 36.40651378883117 ], [ 128.338737574985601, 36.406899599129289 ], [ 128.338553662089026, 36.407410205463641 ], [ 128.338676318832796, 36.407308732060187 ], [ 128.338967292108805, 36.407184852616936 ], [ 128.3397757152579, 36.406784160086751 ], [ 128.340226283994809, 36.40655215874957 ], [ 128.340750228593521, 36.406408180350603 ], [ 128.341184515176849, 36.406400264060203 ], [ 128.341658798351034, 36.406364992017025 ], [ 128.342026515002544, 36.406347017508871 ], [ 128.34248602676243, 36.406336766618786 ], [ 128.342874105361403, 36.406323389573274 ], [ 128.342996625771548, 36.406342899175577 ], [ 128.343100323089942, 36.406359051739877 ], [ 128.343128185660049, 36.406362611678155 ], [ 128.343311607563663, 36.406390152473044 ], [ 128.343351434228964, 36.406396103256526 ], [ 128.343402209275695, 36.406403267825688 ], [ 128.343671966003427, 36.406443620487572 ], [ 128.343771080674514, 36.406457251046874 ], [ 128.343991098502471, 36.406491868098399 ], [ 128.344065917779204, 36.406503292015557 ], [ 128.344223667540632, 36.406528022692122 ], [ 128.344278558731446, 36.406536236851487 ], [ 128.344474837493692, 36.40656748725327 ], [ 128.344620875829321, 36.406590296611427 ], [ 128.344674001230345, 36.406599041566793 ], [ 128.344717102939171, 36.406610615053182 ], [ 128.344795453673385, 36.406631637147214 ], [ 128.344878131257389, 36.406653827437616 ], [ 128.344961787684156, 36.406676284384972 ], [ 128.345045677805899, 36.406698796627282 ], [ 128.345114985529932, 36.406717407797103 ], [ 128.345121059569692, 36.406734842364884 ], [ 128.34515238700601, 36.40682485006672 ], [ 128.345180003412281, 36.406904104682589 ], [ 128.345196069990379, 36.406950259704658 ], [ 128.345207551411477, 36.406999453434587 ], [ 128.345211726139638, 36.407017382203527 ], [ 128.345231237928175, 36.40710061139368 ], [ 128.345253031007303, 36.407193612557023 ], [ 128.345279029566342, 36.407332712562926 ], [ 128.345303564116449, 36.407468272013219 ], [ 128.345330437330773, 36.407610765127579 ], [ 128.345353092445549, 36.407743142192622 ], [ 128.345381029237387, 36.407899708065372 ], [ 128.345422013618276, 36.407994815167854 ], [ 128.345489325950496, 36.408126275029289 ], [ 128.345505515064275, 36.408157904157868 ], [ 128.345538672028624, 36.408222689626662 ], [ 128.345567231480146, 36.408278717704441 ], [ 128.345591398530473, 36.408325457843368 ], [ 128.345655386322704, 36.408443994898917 ], [ 128.345763513565629, 36.408647130804837 ], [ 128.345935967922884, 36.408963083076401 ], [ 128.346021529324304, 36.409109466689749 ], [ 128.346100479299082, 36.409247964953551 ], [ 128.346162719933346, 36.409360995131756 ], [ 128.346271558292585, 36.409584635590541 ], [ 128.346378514087064, 36.410045853423085 ], [ 128.34646775029077, 36.410466557436465 ], [ 128.346552993407869, 36.410843759050408 ], [ 128.346636527298188, 36.411204198863764 ], [ 128.346712960878136, 36.411523363125774 ], [ 128.346911326901733, 36.411874871076897 ], [ 128.347113931970028, 36.412219652313972 ], [ 128.347287910634037, 36.412550840263776 ], [ 128.347388891468427, 36.41292667654168 ], [ 128.347694964976171, 36.413457732023687 ], [ 128.348385737034079, 36.413782131247004 ], [ 128.348800620913437, 36.413840730252858 ], [ 128.349256890212502, 36.41391812651969 ], [ 128.349505264552192, 36.413956402824319 ], [ 128.349649284072427, 36.413981141534052 ], [ 128.349967969787173, 36.414013600741413 ], [ 128.350474770047555, 36.414085599810576 ], [ 128.350948359330545, 36.41404241129657 ], [ 128.351347804038056, 36.413972674964597 ], [ 128.351863264572245, 36.413875074144059 ], [ 128.352227981901024, 36.413626673531063 ], [ 128.352568122680225, 36.413237712294816 ], [ 128.352690039158318, 36.41310621228947 ], [ 128.353004565033558, 36.412783092680776 ], [ 128.353039132646899, 36.412743521714418 ], [ 128.353288633019531, 36.412438044163231 ], [ 128.353435386782451, 36.412260926865059 ], [ 128.353915708297905, 36.411680462193885 ], [ 128.353978651347234, 36.411574765321063 ], [ 128.354181232938913, 36.411272960420305 ], [ 128.354362501708522, 36.410973211436385 ], [ 128.354455650301759, 36.410754016065098 ], [ 128.35446241052253, 36.410526314356723 ], [ 128.354530403768848, 36.410358582402694 ], [ 128.354847337389401, 36.409683463936226 ], [ 128.354757321825304, 36.409448281258463 ], [ 128.354458420693419, 36.408563220742266 ], [ 128.354187749853992, 36.407959516011701 ], [ 128.354453422602177, 36.407536451269557 ], [ 128.354674457022867, 36.407169619178184 ], [ 128.354827084313285, 36.406861946202184 ], [ 128.355168225004178, 36.406256886684908 ] ] ] } },
{ "type": "Feature", "properties": { "spatial_region": "단북면", "facility_count": 6, "total_capacity": 102.0, "area_km2": 23.86, "facilities_per_km2": 0.251, "population_status": "AVAILABLE", "emd_code": "4773042000", "emd_name": "단북면", "total_population": 1631, "youth_population": 117, "youth_ratio": 7.1735131820968734, "elderly_population": 902, "elderly_ratio": 55.30349478847333, "population_change": -39, "year": 2025 }, "geometry": { "type": "Polygon", "coordinates": [ [ [ 128.38762896350238, 36.421329063888038 ], [ 128.387698463960021, 36.421221292283555 ], [ 128.387790297250007, 36.421088132897047 ], [ 128.387941327880782, 36.420875462839398 ], [ 128.387977105468678, 36.420867401147135 ], [ 128.388056651464439, 36.420799313468365 ], [ 128.388120860950664, 36.420731840844539 ], [ 128.388218142640795, 36.420647244987961 ], [ 128.388446299823471, 36.420427112320652 ], [ 128.388471117010226, 36.420380686360069 ], [ 128.38848187916085, 36.420360537844239 ], [ 128.388508666073022, 36.420293314452785 ], [ 128.388512497909716, 36.42024697900996 ], [ 128.388560563614448, 36.420196220689633 ], [ 128.388700403633294, 36.420039309365357 ], [ 128.388707952626021, 36.42003216594469 ], [ 128.388892295091466, 36.419857829234289 ], [ 128.38889855392253, 36.419807676340866 ], [ 128.389267536237242, 36.419525886843353 ], [ 128.389654517630333, 36.419165193648169 ], [ 128.389671169472962, 36.4191475082986 ], [ 128.38974557065211, 36.419117989330189 ], [ 128.389781221093756, 36.419083360555092 ], [ 128.389922713022031, 36.419020941729549 ], [ 128.39005557822432, 36.418962335483691 ], [ 128.390169139279351, 36.418904161945051 ], [ 128.390362458965882, 36.418788641831519 ], [ 128.390425410269074, 36.41877029216058 ], [ 128.390451232501107, 36.418756186131574 ], [ 128.390589913870286, 36.418669520215616 ], [ 128.390745622913045, 36.418592556489465 ], [ 128.39093555477487, 36.418452389690934 ], [ 128.390994485217419, 36.418412076167407 ], [ 128.391037156430144, 36.418429091737259 ], [ 128.391222746874718, 36.418309286284497 ], [ 128.391297513488269, 36.418264232387344 ], [ 128.39134515839433, 36.418235521896698 ], [ 128.391345381946337, 36.418235450946945 ], [ 128.391559355990154, 36.418177338501927 ], [ 128.391752558196828, 36.418129131385413 ], [ 128.391873094332851, 36.418102631185974 ], [ 128.391953848094374, 36.418074666200894 ], [ 128.391988884978588, 36.418051307004802 ], [ 128.392022987967181, 36.418007622106856 ], [ 128.39219711026783, 36.417929678073612 ], [ 128.392391991909648, 36.41786188749024 ], [ 128.392610031492154, 36.417786933375993 ], [ 128.392670100072735, 36.417757763028995 ], [ 128.392708930470121, 36.417715453756898 ], [ 128.392714752060868, 36.417708130052937 ], [ 128.392747901986922, 36.417666485694383 ], [ 128.392842192643428, 36.417528252329518 ], [ 128.392953842840569, 36.417461514459504 ], [ 128.39299043886254, 36.417445462223199 ], [ 128.393029459732134, 36.417414427197961 ], [ 128.393045851113328, 36.417401398985049 ], [ 128.393092287931381, 36.417364463146342 ], [ 128.393135694066643, 36.417298666043671 ], [ 128.393187785263621, 36.41727582592096 ], [ 128.393312542164608, 36.417221130754982 ], [ 128.39335621738374, 36.417193723924058 ], [ 128.393422026809134, 36.417249011158383 ], [ 128.393505630457781, 36.417211417321475 ], [ 128.393582849325753, 36.417170438645762 ], [ 128.393746295235445, 36.417077100406814 ], [ 128.393774064149966, 36.417069149399559 ], [ 128.393852811581411, 36.417046606841552 ], [ 128.393981552484917, 36.417015685554645 ], [ 128.394067800494753, 36.416994965288048 ], [ 128.394378689936502, 36.41688426294543 ], [ 128.394495335502569, 36.41684442130525 ], [ 128.394724124023583, 36.416740086373544 ], [ 128.394843018339344, 36.41670350896846 ], [ 128.394931193008802, 36.416664360332724 ], [ 128.395031526515481, 36.416625895173155 ], [ 128.395090568097118, 36.416590914973249 ], [ 128.395104659256504, 36.416582560773506 ], [ 128.395141903715114, 36.416538917950021 ], [ 128.395217573757037, 36.416494749282037 ], [ 128.395281586927865, 36.416428326065642 ], [ 128.395288005452045, 36.416413012062215 ], [ 128.395306795281527, 36.416368176100029 ], [ 128.395309555850133, 36.416361584682868 ], [ 128.39537409081376, 36.416289685070652 ], [ 128.395421519139973, 36.416236839033111 ], [ 128.395503531113519, 36.416167055633359 ], [ 128.395567740051916, 36.416121296623686 ], [ 128.395625521732143, 36.416058959854162 ], [ 128.395648210133459, 36.416034671813904 ], [ 128.395710364717189, 36.415976331258733 ], [ 128.39573152890938, 36.41595879409644 ], [ 128.395748945157465, 36.415944346887493 ], [ 128.395816500065905, 36.415888349623891 ], [ 128.395851605523717, 36.415870243329969 ], [ 128.395973108821408, 36.415807571696533 ], [ 128.39602331873121, 36.415792732009457 ], [ 128.39616026055262, 36.415733355563475 ], [ 128.396207929535962, 36.415725540901676 ], [ 128.396236676040957, 36.415720829401025 ], [ 128.39628848573264, 36.415686595945381 ], [ 128.396318565112495, 36.415666724821229 ], [ 128.39632334980206, 36.41566652378048 ], [ 128.396520503989706, 36.415649553772447 ], [ 128.396568566222129, 36.4156197709151 ], [ 128.396594989556462, 36.415608388059361 ], [ 128.396629968418154, 36.41559506600106 ], [ 128.396702407585565, 36.415537407816586 ], [ 128.396741877228919, 36.415498506788538 ], [ 128.396769722537272, 36.415454698695591 ], [ 128.396941488822733, 36.415184502347095 ], [ 128.39696979652922, 36.415144301146441 ], [ 128.397049642752251, 36.415058717543417 ], [ 128.397067631196478, 36.415039433856634 ], [ 128.397265959002397, 36.414877906002332 ], [ 128.397294183834163, 36.414845490241753 ], [ 128.39733001348327, 36.414781275303547 ], [ 128.397380914190336, 36.414690066034723 ], [ 128.397416033070897, 36.414621152479022 ], [ 128.397431766013199, 36.41459075515241 ], [ 128.39744590280867, 36.414563467730659 ], [ 128.397483729537328, 36.41449040453449 ], [ 128.397494943381759, 36.414435986704675 ], [ 128.397518488628691, 36.41432680524354 ], [ 128.397517624029092, 36.414249824594663 ], [ 128.397541699268487, 36.414145620156539 ], [ 128.397569041293366, 36.414078848002298 ], [ 128.39756748578327, 36.414075271579868 ], [ 128.397553606394013, 36.414043399787623 ], [ 128.397568347693351, 36.413978330162685 ], [ 128.397558481377217, 36.413916299132424 ], [ 128.397555844063987, 36.413915645978285 ], [ 128.397558049306582, 36.413914503657772 ], [ 128.397608289305907, 36.413885497358208 ], [ 128.397592590517149, 36.413853895726028 ], [ 128.397581269889855, 36.413811223068173 ], [ 128.397571205982246, 36.413773278793293 ], [ 128.397516948354394, 36.413615573390736 ], [ 128.397555858320601, 36.41354509292708 ], [ 128.39757260845218, 36.413497038167058 ], [ 128.397594746828617, 36.413438485212119 ], [ 128.397631444036563, 36.413367218542007 ], [ 128.397696361783431, 36.413262544704658 ], [ 128.397737062304628, 36.413204121613823 ], [ 128.397824349123937, 36.413142131148355 ], [ 128.39790272959786, 36.413101506944528 ], [ 128.397953001761891, 36.413072581759309 ], [ 128.398049791120116, 36.413043251794186 ], [ 128.398121334600461, 36.412997167970644 ], [ 128.398128138441592, 36.412979494734017 ], [ 128.398151030109176, 36.412920053335078 ], [ 128.398191583222996, 36.412900811373689 ], [ 128.398216165522456, 36.412889463906147 ], [ 128.39826872040382, 36.412865200055009 ], [ 128.398425873767309, 36.412771985703067 ], [ 128.398565709855092, 36.412674754696674 ], [ 128.398678468222613, 36.412604466429208 ], [ 128.398762763969842, 36.412568674645044 ], [ 128.398928503334503, 36.412502573526204 ], [ 128.398958603042246, 36.412497147268944 ], [ 128.399043598902409, 36.412481832964602 ], [ 128.399139944349002, 36.412454978033523 ], [ 128.399145117488558, 36.412453535249782 ], [ 128.39927444199688, 36.412386195627491 ], [ 128.399330121440556, 36.412357143926251 ], [ 128.399431532966219, 36.412286338138472 ], [ 128.399455066671777, 36.412263459406653 ], [ 128.399519714125432, 36.41220060559602 ], [ 128.399547546649245, 36.412160987106788 ], [ 128.399570069643261, 36.412128929540685 ], [ 128.399622851448413, 36.412070791966357 ], [ 128.399680350004132, 36.412021221047851 ], [ 128.399733127483785, 36.411963624091889 ], [ 128.399837264832428, 36.411891993615612 ], [ 128.399953734453732, 36.411825922185571 ], [ 128.399987676887946, 36.411803573383573 ], [ 128.400017889624166, 36.41178344064204 ], [ 128.400049419847619, 36.411761611352382 ], [ 128.400147022974721, 36.411700157734835 ], [ 128.400174697982891, 36.411683806020434 ], [ 128.400253612735554, 36.411638605094936 ], [ 128.400326417050849, 36.411590606824149 ], [ 128.400451206314898, 36.411524090159524 ], [ 128.400537529005334, 36.411470951138973 ], [ 128.400614440024299, 36.411412267679879 ], [ 128.400675425587337, 36.411346961695109 ], [ 128.400704914336899, 36.411319453718377 ], [ 128.400721476624852, 36.4113012707029 ], [ 128.400736320220631, 36.411284764192061 ], [ 128.400810180139416, 36.411248729206342 ], [ 128.400913200864835, 36.411175623282176 ], [ 128.400959333830514, 36.411120704820092 ], [ 128.401030549246485, 36.411066092684131 ], [ 128.401040863369531, 36.411061557682537 ], [ 128.401128279707933, 36.411021202049227 ], [ 128.401218955367739, 36.410965840543319 ], [ 128.401311473905707, 36.410911479495311 ], [ 128.401348195030778, 36.410898831639663 ], [ 128.401423396493499, 36.410859333578934 ], [ 128.401465588984138, 36.410849930287966 ], [ 128.401524108998359, 36.410836887253907 ], [ 128.40164459335324, 36.410823930149917 ], [ 128.401733768813813, 36.410789611606646 ], [ 128.401771686440071, 36.410770679593099 ], [ 128.40185573250136, 36.410737921225916 ], [ 128.401931213926048, 36.410698207971912 ], [ 128.401990190336335, 36.4106721723983 ], [ 128.402102760157476, 36.410634357394031 ], [ 128.402212030964591, 36.410568815326315 ], [ 128.40227791537194, 36.410520078225638 ], [ 128.402380143943503, 36.410477236715352 ], [ 128.402480880174153, 36.410422555514614 ], [ 128.402554873463657, 36.410364577071334 ], [ 128.40262189515434, 36.410307059255402 ], [ 128.402706118119568, 36.410240967581458 ], [ 128.402787409494721, 36.410180601484704 ], [ 128.402869782126345, 36.410120240751169 ], [ 128.402961140069635, 36.410065746429545 ], [ 128.402961903029933, 36.4100578471554 ], [ 128.402984494690713, 36.410019481209616 ], [ 128.403028608253777, 36.409951394997272 ], [ 128.403072438867611, 36.40990565590554 ], [ 128.403102153652242, 36.409942986302973 ], [ 128.403568872576386, 36.409613916408723 ], [ 128.40376870791863, 36.409473237685255 ], [ 128.403841192775019, 36.409427101021194 ], [ 128.403941388118483, 36.409364125267516 ], [ 128.403955705305293, 36.409355077247803 ], [ 128.404087295825548, 36.409241009954833 ], [ 128.404143529109092, 36.409165297117198 ], [ 128.40416370067615, 36.40913275829682 ], [ 128.404225893383995, 36.40904457625151 ], [ 128.404265801747869, 36.409002782161544 ], [ 128.404309904353852, 36.408962126458398 ], [ 128.404390449713077, 36.40892169800231 ], [ 128.404500541745023, 36.408908541855361 ], [ 128.404601249451389, 36.408878991814149 ], [ 128.404735240113098, 36.408806550971306 ], [ 128.404857634838351, 36.408789680141169 ], [ 128.404985504142445, 36.408796050196898 ], [ 128.405060734303277, 36.408777087205976 ], [ 128.405174395180268, 36.408754963776317 ], [ 128.40520400224554, 36.408733520007509 ], [ 128.405204939387289, 36.408688205766246 ], [ 128.405271147707566, 36.408619967677637 ], [ 128.405322662077765, 36.408556125915204 ], [ 128.405342796939237, 36.408522469278182 ], [ 128.405366495945316, 36.408480494773919 ], [ 128.405419792542858, 36.408406614020869 ], [ 128.405469852905384, 36.408362328940001 ], [ 128.40551148825466, 36.408333672824952 ], [ 128.405607581354275, 36.408299485002225 ], [ 128.405621802566316, 36.408283975042146 ], [ 128.405820239223544, 36.408248188930415 ], [ 128.405957746193167, 36.408234753636087 ], [ 128.406033556216698, 36.408211287159467 ], [ 128.406038276892843, 36.408254475868929 ], [ 128.405998065523619, 36.40830255007954 ], [ 128.405966877017704, 36.408357427906651 ], [ 128.405952242236168, 36.408421291651678 ], [ 128.405915616812877, 36.408484459983498 ], [ 128.405996875858477, 36.408680496222701 ], [ 128.406154821617491, 36.408998389953432 ], [ 128.406164008846247, 36.409131256502036 ], [ 128.406199145182029, 36.409348050488603 ], [ 128.406314855442304, 36.409393486522958 ], [ 128.40650403517165, 36.409481318204776 ], [ 128.40694624298331, 36.409921966781695 ], [ 128.406995566535983, 36.409948066358758 ], [ 128.407085682781172, 36.410000556419057 ], [ 128.407091466010769, 36.410002405529106 ], [ 128.407282798917436, 36.410094743441341 ], [ 128.407286665959305, 36.410096411789134 ], [ 128.407332558957251, 36.410116258189362 ], [ 128.407470496936668, 36.410171085549763 ], [ 128.407606520934507, 36.410226930546187 ], [ 128.407784647664386, 36.410273333366469 ], [ 128.407857588713853, 36.410275462212461 ], [ 128.407937099059836, 36.410265512185767 ], [ 128.408038261141002, 36.410270097136618 ], [ 128.408055331589367, 36.410265468938313 ], [ 128.40810000378022, 36.410247974265928 ], [ 128.408157540197664, 36.41024971999591 ], [ 128.408158061495357, 36.410250074034934 ], [ 128.408193898891909, 36.410250828812593 ], [ 128.408299475169144, 36.410254038686141 ], [ 128.40830792664056, 36.410256874234214 ], [ 128.408494169541683, 36.410319491981994 ], [ 128.408625677930132, 36.410363778657576 ], [ 128.408820066096126, 36.410454939759433 ], [ 128.408940490424641, 36.410373316243316 ], [ 128.409256376056646, 36.410329609268565 ], [ 128.409464740434714, 36.410283304860748 ], [ 128.409503068435782, 36.410279070200154 ], [ 128.409621801594625, 36.410265943160582 ], [ 128.409722264100196, 36.410267234014462 ], [ 128.409828086240424, 36.410301254132264 ], [ 128.409840725536611, 36.41031787090585 ], [ 128.409990277861823, 36.410514513074084 ], [ 128.409968144683404, 36.410534012510773 ], [ 128.410002186825068, 36.410587772607741 ], [ 128.410088392849786, 36.410626994112157 ], [ 128.410147128018451, 36.410653021847125 ], [ 128.410168434037558, 36.410658813609608 ], [ 128.410186724863081, 36.410663797426061 ], [ 128.410220754398409, 36.410732489481177 ], [ 128.410300709720303, 36.410785963139425 ], [ 128.410394878052529, 36.410816131217686 ], [ 128.41045302175641, 36.410854042065388 ], [ 128.410611302495028, 36.4109304499354 ], [ 128.410652072253441, 36.410945367449628 ], [ 128.410697991321427, 36.4109619505194 ], [ 128.410808927710605, 36.41103042807417 ], [ 128.410822531788853, 36.411037461261465 ], [ 128.410935029297519, 36.411095619222401 ], [ 128.411098850478396, 36.411151597701924 ], [ 128.411171044102247, 36.411196642685397 ], [ 128.411218125476466, 36.411243834410477 ], [ 128.411351060942934, 36.411381394338072 ], [ 128.41137446878875, 36.411405615811169 ], [ 128.411443969333192, 36.411441212264599 ], [ 128.41149046351606, 36.41145994261251 ], [ 128.41151623660636, 36.411445615465041 ], [ 128.411584945864178, 36.411451695211994 ], [ 128.411599474281843, 36.411452983529358 ], [ 128.411674073051955, 36.411495552910338 ], [ 128.411683987890228, 36.411506893306978 ], [ 128.411725869047388, 36.411554789081869 ], [ 128.411760753126373, 36.411571128006656 ], [ 128.411900496656045, 36.411641540087771 ], [ 128.411974451064594, 36.411683853777618 ], [ 128.41203434765427, 36.41174080483038 ], [ 128.412102477367682, 36.411792650909803 ], [ 128.412110625111922, 36.411798836974256 ], [ 128.412273037930305, 36.411871838660815 ], [ 128.412305011814112, 36.411852819902926 ], [ 128.412410822494166, 36.411789855744352 ], [ 128.41276414103595, 36.411791679115197 ], [ 128.412789293804252, 36.411800445151584 ], [ 128.4129179936036, 36.411845262967539 ], [ 128.412997337044374, 36.411833920982048 ], [ 128.413061633111425, 36.411810258152727 ], [ 128.413185292095932, 36.41172222109077 ], [ 128.41327974293452, 36.411730003683154 ], [ 128.413306855745304, 36.411733147066741 ], [ 128.413420249472978, 36.411734904022822 ], [ 128.413454560686688, 36.411707488719557 ], [ 128.413531361246299, 36.411713994683467 ], [ 128.413577464521211, 36.41172994674902 ], [ 128.4136437981347, 36.411777637813756 ], [ 128.41367873409547, 36.41184635137018 ], [ 128.413758723151005, 36.411870652604549 ], [ 128.413773120973303, 36.411878932952078 ], [ 128.413959769502355, 36.411986502645782 ], [ 128.414470511003145, 36.412219691036512 ], [ 128.414542508047731, 36.412306077857011 ], [ 128.415138455957248, 36.413021203481897 ], [ 128.415341818643981, 36.413270153639054 ], [ 128.415499639386127, 36.413432847051311 ], [ 128.415772530587248, 36.413521435266325 ], [ 128.415786132872881, 36.413525854540715 ], [ 128.415815061791079, 36.413566386028691 ], [ 128.415864600575276, 36.413635810368568 ], [ 128.416134434625263, 36.413274591000501 ], [ 128.416210871673798, 36.413172252377102 ], [ 128.416239286263817, 36.413134218848754 ], [ 128.416281023470845, 36.413073965119558 ], [ 128.416336520630409, 36.413008984670391 ], [ 128.416362930686489, 36.412978060387069 ], [ 128.416435018331129, 36.412893651242989 ], [ 128.41672451944504, 36.412579314618291 ], [ 128.416769155478903, 36.412530861968719 ], [ 128.416791220570957, 36.412506909250389 ], [ 128.41698149891738, 36.412300377545101 ], [ 128.417027469195489, 36.412182416477989 ], [ 128.417108381579908, 36.411979431486216 ], [ 128.41734712377135, 36.411498690505809 ], [ 128.417581004554592, 36.41099825308072 ], [ 128.417625023867544, 36.410944119819575 ], [ 128.417747445578016, 36.410417057702915 ], [ 128.417821390625761, 36.410068916559403 ], [ 128.417976353816613, 36.409629623170403 ], [ 128.41796887816227, 36.409403829989785 ], [ 128.417961451442466, 36.409156589615314 ], [ 128.417958744392621, 36.409066866678721 ], [ 128.417965230945157, 36.409050722688391 ], [ 128.417995108505352, 36.408976253255148 ], [ 128.418148992869476, 36.408592852759853 ], [ 128.418752114747718, 36.408010669838731 ], [ 128.418841782030853, 36.407932941353664 ], [ 128.419007492047967, 36.407668549488932 ], [ 128.419151977786299, 36.407438081413282 ], [ 128.419337362499192, 36.407290240945954 ], [ 128.419394061053964, 36.407250118631048 ], [ 128.419479597132607, 36.407137161481607 ], [ 128.419632272166297, 36.406878589703368 ], [ 128.419714158453445, 36.406740688710052 ], [ 128.419843133526825, 36.406574495508799 ], [ 128.420061950820099, 36.406394888853676 ], [ 128.420125336708765, 36.406342867473782 ], [ 128.420970506506791, 36.406300262789429 ], [ 128.420966565357389, 36.406254591229143 ], [ 128.420907544048561, 36.405543204569547 ], [ 128.421021970010713, 36.405539894810474 ], [ 128.421083815977937, 36.40554035758538 ], [ 128.421085524718563, 36.405539942347403 ], [ 128.421083553339088, 36.405496226847866 ], [ 128.421657866565113, 36.405479830895437 ], [ 128.421958594875946, 36.405413965369753 ], [ 128.422038539241612, 36.405410721613869 ], [ 128.422137114097808, 36.405437225126072 ], [ 128.422299896276684, 36.405480990635709 ], [ 128.422834655085666, 36.405485754524726 ], [ 128.422875185957906, 36.405543354340409 ], [ 128.422448580090048, 36.405539277240024 ], [ 128.4222837116275, 36.405533251115529 ], [ 128.422229342313841, 36.405515261752129 ], [ 128.422334058065502, 36.405764343634182 ], [ 128.42276383409893, 36.405943918034446 ], [ 128.423408585208108, 36.40612151275262 ], [ 128.423625564780451, 36.406243010898045 ], [ 128.424018723000643, 36.406406236927836 ], [ 128.42407440950052, 36.40642865650748 ], [ 128.424257263685746, 36.406502281477799 ], [ 128.42444537976948, 36.406569929913225 ], [ 128.424871671565711, 36.406286873012426 ], [ 128.425235492074705, 36.406045290617762 ], [ 128.425244739278014, 36.406030970854239 ], [ 128.425407941563918, 36.405778110601524 ], [ 128.424914060702662, 36.405178812511956 ], [ 128.424776090067098, 36.404678357769292 ], [ 128.424714812077355, 36.404469895449715 ], [ 128.424722930789159, 36.404315621162333 ], [ 128.42473469810443, 36.404185037788146 ], [ 128.42474311419042, 36.404091583768647 ], [ 128.424765927384158, 36.404063794222225 ], [ 128.424854288780381, 36.40396523817877 ], [ 128.424810105911945, 36.403822453375845 ], [ 128.424600950415936, 36.403772717945159 ], [ 128.424154594620376, 36.403284136559627 ], [ 128.424151890994153, 36.403209580076222 ], [ 128.42415395199103, 36.403113310801409 ], [ 128.424147897118729, 36.403072846776091 ], [ 128.424129434839926, 36.40293895425863 ], [ 128.42413807471965, 36.402886152381839 ], [ 128.424115705276336, 36.402778626746674 ], [ 128.424069804272335, 36.402687532523153 ], [ 128.424012625258598, 36.402660780185045 ], [ 128.424149060986252, 36.402445316114068 ], [ 128.424372765057456, 36.402315000049057 ], [ 128.424711217382338, 36.402363251637411 ], [ 128.424804611820235, 36.40230745260574 ], [ 128.424830070379755, 36.402344009167308 ], [ 128.424862713286558, 36.402304407868968 ], [ 128.424845493103135, 36.402254229600075 ], [ 128.424893194864467, 36.402190685251021 ], [ 128.424902910740883, 36.402177755542326 ], [ 128.424917312306462, 36.40215526918918 ], [ 128.42495589289868, 36.402095060107932 ], [ 128.424958516062503, 36.40205534991599 ], [ 128.424938228286578, 36.401996388625541 ], [ 128.424888377016828, 36.401798633104022 ], [ 128.424834767166345, 36.40171583761461 ], [ 128.42483190478967, 36.401703423919557 ], [ 128.424755183849896, 36.401667728253067 ], [ 128.424679090655985, 36.401595367623592 ], [ 128.424621139188815, 36.401519363791948 ], [ 128.424630499622765, 36.401480614332165 ], [ 128.424652578473598, 36.401458570606543 ], [ 128.424703266467901, 36.401441918764554 ], [ 128.424712731345664, 36.401438810433397 ], [ 128.424726038755921, 36.401335079803879 ], [ 128.424722723793622, 36.401222500676553 ], [ 128.424697564194759, 36.401124423760528 ], [ 128.42469429228376, 36.401111620587237 ], [ 128.424651244686771, 36.400955747382632 ], [ 128.4246464460401, 36.400938358972816 ], [ 128.424552429405111, 36.400725638084268 ], [ 128.42451873104207, 36.400686410283619 ], [ 128.424447466523787, 36.400651650941519 ], [ 128.424432927284215, 36.400614372054534 ], [ 128.424447249556863, 36.400474419959515 ], [ 128.424429524093426, 36.400308720257236 ], [ 128.424404711199855, 36.400065829503696 ], [ 128.424384245158649, 36.399970794048841 ], [ 128.424383942640219, 36.399969494925429 ], [ 128.424330017756489, 36.399738079353625 ], [ 128.424316760889525, 36.399675141778296 ], [ 128.424350130613021, 36.399671301902337 ], [ 128.42429911960636, 36.399549372578278 ], [ 128.424254066140492, 36.399443377391243 ], [ 128.42423281237032, 36.399355421165914 ], [ 128.424253540042571, 36.399329108515275 ], [ 128.424141039403025, 36.399172827322651 ], [ 128.424184598100311, 36.399027213111665 ], [ 128.424203190369155, 36.398986669935049 ], [ 128.424215562444317, 36.398959704119569 ], [ 128.424216762563049, 36.398859222224068 ], [ 128.424206873193384, 36.398793155875751 ], [ 128.424218099811128, 36.398728137794855 ], [ 128.424223655080311, 36.398695939371429 ], [ 128.424213861847392, 36.398675661129332 ], [ 128.424219069573184, 36.398610568899223 ], [ 128.424213082383176, 36.398551946918552 ], [ 128.424205500105074, 36.398528137825224 ], [ 128.424218303807322, 36.398500074685131 ], [ 128.424259422683775, 36.398409977758369 ], [ 128.424270266194952, 36.398386203644485 ], [ 128.424319532765281, 36.398318810097727 ], [ 128.424442212868911, 36.398210786731326 ], [ 128.424576040111987, 36.398099681060437 ], [ 128.424659844820809, 36.398039122725592 ], [ 128.424695370397131, 36.398013458192416 ], [ 128.424752401880966, 36.397972244443153 ], [ 128.424821322679691, 36.397913524570882 ], [ 128.424852743116958, 36.397886749773583 ], [ 128.424900577076102, 36.397824557733877 ], [ 128.424905232878842, 36.397796374078702 ], [ 128.424900860192082, 36.3977530254706 ], [ 128.424898461120563, 36.397729214403718 ], [ 128.424882362758069, 36.397569542256896 ], [ 128.424889472428646, 36.397507946631819 ], [ 128.424971704021175, 36.397276900087377 ], [ 128.424989004591623, 36.39724209990365 ], [ 128.425041506021302, 36.397136476660158 ], [ 128.425186475207937, 36.396919970951238 ], [ 128.425323961049628, 36.396732572294553 ], [ 128.425407979296807, 36.396626181723846 ], [ 128.42554909584473, 36.396458706809376 ], [ 128.425652524421537, 36.396369846991547 ], [ 128.425738157654877, 36.396333042109866 ], [ 128.425778331055426, 36.396261927385531 ], [ 128.425833857084655, 36.396061823274259 ], [ 128.425881051438949, 36.395983316833622 ], [ 128.425872488848455, 36.395892871736123 ], [ 128.425780236248897, 36.395737545676802 ], [ 128.425704204825877, 36.395636294927307 ], [ 128.425548016365781, 36.395496007131364 ], [ 128.425523558922208, 36.395440342024976 ], [ 128.425594420676987, 36.395326642568371 ], [ 128.425644137464872, 36.395146408001629 ], [ 128.425681605788611, 36.395023355714692 ], [ 128.425709866070321, 36.394954832961012 ], [ 128.42570862499727, 36.394906984670818 ], [ 128.42572127439874, 36.394810513943078 ], [ 128.425724486640348, 36.394786054062351 ], [ 128.425769487118373, 36.394713232369746 ], [ 128.425808649334783, 36.394587151304869 ], [ 128.425791449129292, 36.394486030924469 ], [ 128.425730497304983, 36.394342832001527 ], [ 128.42567557354343, 36.394156127310985 ], [ 128.425667482054195, 36.394083473242034 ], [ 128.42566336921189, 36.39404415404924 ], [ 128.42565773964381, 36.394000411885145 ], [ 128.425656843408262, 36.393993468671638 ], [ 128.425677677012743, 36.394005428302968 ], [ 128.425756873770666, 36.39399313080358 ], [ 128.425818635866506, 36.393970476061412 ], [ 128.425891062962108, 36.393917864220469 ], [ 128.426013280791494, 36.393863752997547 ], [ 128.426116290819834, 36.393816019420051 ], [ 128.426222036331183, 36.393791846106851 ], [ 128.426352810456279, 36.393739749270139 ], [ 128.426556166865311, 36.393665310583714 ], [ 128.426595485865647, 36.393655442938901 ], [ 128.4267297327672, 36.393629685139047 ], [ 128.426797585914272, 36.393616854750825 ], [ 128.42688331754718, 36.393601028379422 ], [ 128.427166271424596, 36.393536884231068 ], [ 128.427344123403259, 36.39347309937893 ], [ 128.427589093739101, 36.393384152087748 ], [ 128.427721842813725, 36.393340660250608 ], [ 128.42798739829135, 36.393256433941026 ], [ 128.428063610674741, 36.393210210108627 ], [ 128.428201719214314, 36.393118324395452 ], [ 128.428346289787555, 36.39304499727713 ], [ 128.428488595398022, 36.392993205737902 ], [ 128.428636131489981, 36.392936437700818 ], [ 128.428708809434852, 36.392946482656917 ], [ 128.42875689642662, 36.392909738833595 ], [ 128.428820918772686, 36.392944929508353 ], [ 128.428880881361295, 36.392954634040514 ], [ 128.428941841819523, 36.392922502687767 ], [ 128.429005346342166, 36.392864150867062 ], [ 128.4290500840589, 36.392800752722721 ], [ 128.429103261879874, 36.39270964843368 ], [ 128.429147646675744, 36.392644193925207 ], [ 128.429189277533936, 36.392601651595804 ], [ 128.429195049946657, 36.392595749650155 ], [ 128.429205428850963, 36.39258638230303 ], [ 128.429223343991254, 36.392512951882637 ], [ 128.429276621650615, 36.392415774201723 ], [ 128.429500379539718, 36.39209498021728 ], [ 128.429535539699032, 36.392033401408632 ], [ 128.429589789421271, 36.391946456345771 ], [ 128.429623643445268, 36.391879049791577 ], [ 128.429639206227023, 36.391776698969245 ], [ 128.429652595606541, 36.391691072195457 ], [ 128.429667912313136, 36.391658839095356 ], [ 128.4297019081516, 36.391587260843906 ], [ 128.429754005958472, 36.391547534956572 ], [ 128.429849312964137, 36.39147486232293 ], [ 128.429946832666246, 36.391431830192225 ], [ 128.429975781973468, 36.391407051753369 ], [ 128.430028902348681, 36.391361590275594 ], [ 128.430097429664897, 36.391282183851473 ], [ 128.430154776238169, 36.391186178693545 ], [ 128.430198672968061, 36.391095786461477 ], [ 128.430243752823998, 36.391058477933797 ], [ 128.430290939149643, 36.39101965650854 ], [ 128.430309751285478, 36.391006256164253 ], [ 128.430326993090318, 36.390997254959267 ], [ 128.430345454374702, 36.39098762877363 ], [ 128.430421993644728, 36.390919074330938 ], [ 128.430546625416838, 36.39086301444253 ], [ 128.430761188242599, 36.390732984726107 ], [ 128.430920120252125, 36.390715937142531 ], [ 128.431004270723491, 36.390670362099094 ], [ 128.431071067678374, 36.390609420528463 ], [ 128.431078271557908, 36.390534163370155 ], [ 128.431097619114325, 36.390436750709192 ], [ 128.431112413545691, 36.390355356874672 ], [ 128.431112053970338, 36.390302349177261 ], [ 128.431158173010232, 36.390237091406476 ], [ 128.431206190396779, 36.390206438049539 ], [ 128.431224243013048, 36.390191682198264 ], [ 128.431320201843079, 36.390113280123124 ], [ 128.431397742319291, 36.39004627980502 ], [ 128.43162936614695, 36.389836775882245 ], [ 128.431772527142442, 36.389678864336666 ], [ 128.431905192142409, 36.389468464304166 ], [ 128.431975755937344, 36.389352326346142 ], [ 128.431964559556604, 36.389298140528687 ], [ 128.431960051060003, 36.389207219433736 ], [ 128.431946791746185, 36.38916539664902 ], [ 128.431904861020968, 36.389105873624757 ], [ 128.431727883433524, 36.389056277088123 ], [ 128.431693869199961, 36.389045246904708 ], [ 128.431584090950224, 36.388938918492251 ], [ 128.431464849223659, 36.388907557043154 ], [ 128.4312819882486, 36.388781531768785 ], [ 128.431130119883022, 36.388729305676783 ], [ 128.431098105244359, 36.388728368806824 ], [ 128.431015066791502, 36.388724241487211 ], [ 128.430983929651234, 36.388722191343895 ], [ 128.430845739550335, 36.388579671306196 ], [ 128.430824096395298, 36.388591643403757 ], [ 128.430788550388399, 36.388535565869041 ], [ 128.430737141600076, 36.388493569693367 ], [ 128.430702389444377, 36.388458510883488 ], [ 128.430654336878945, 36.388396516033993 ], [ 128.430670014254844, 36.388374260303827 ], [ 128.430687842884907, 36.388348932897436 ], [ 128.430612272360094, 36.38829602536218 ], [ 128.430525347336356, 36.388250362871958 ], [ 128.430422778497359, 36.388201038932053 ], [ 128.430417624711453, 36.388172699971477 ], [ 128.4302403697302, 36.388001461867468 ], [ 128.430153338898037, 36.387933774346678 ], [ 128.430132271027105, 36.387917398702562 ], [ 128.430068954734907, 36.387842552214856 ], [ 128.430061208719621, 36.387833395461982 ], [ 128.43005035926285, 36.387805119354141 ], [ 128.430026298063268, 36.387742400938393 ], [ 128.429931558112457, 36.38768342660083 ], [ 128.429800917648095, 36.387629155636638 ], [ 128.429704125068724, 36.387643543423493 ], [ 128.429546924236035, 36.387606131838105 ], [ 128.429471154099019, 36.387568506231773 ], [ 128.429330003218581, 36.387512814666607 ], [ 128.429312655244416, 36.387505972903242 ], [ 128.429159221993444, 36.387436632871719 ], [ 128.429014703829125, 36.387361423783844 ], [ 128.428967838692557, 36.387333849094354 ], [ 128.428883541383357, 36.387284259952068 ], [ 128.428778939059612, 36.387261770294614 ], [ 128.428659521087781, 36.387253420732655 ], [ 128.428602543230141, 36.387229429065258 ], [ 128.42856313692451, 36.3871802712533 ], [ 128.428503837235127, 36.387141588570337 ], [ 128.42848727298923, 36.3870902333353 ], [ 128.428443993506647, 36.387067695079288 ], [ 128.428398856374628, 36.387006695564558 ], [ 128.42835659104756, 36.386938617712239 ], [ 128.428276484117589, 36.386875512881218 ], [ 128.428212189537845, 36.386824973905057 ], [ 128.428153895854052, 36.386743445901523 ], [ 128.428092522300233, 36.386709502153039 ], [ 128.428009962210041, 36.386664832033745 ], [ 128.427826235685984, 36.386547349282509 ], [ 128.427739603348471, 36.386391033206664 ], [ 128.427687342655958, 36.386341011334189 ], [ 128.427723459237853, 36.386300785979095 ], [ 128.427723530862892, 36.386263730780712 ], [ 128.42769559370015, 36.386255585314487 ], [ 128.427556341632823, 36.386214995142815 ], [ 128.427526477847664, 36.386197549460363 ], [ 128.4274783474591, 36.386169418401614 ], [ 128.427339458106786, 36.386132587541816 ], [ 128.427296579665096, 36.386140509876739 ], [ 128.427226793433675, 36.386153394379598 ], [ 128.427172148102301, 36.38616399961775 ], [ 128.426990250554439, 36.386123960724611 ], [ 128.426950786686632, 36.386043450877651 ], [ 128.426850999299631, 36.38604850400359 ], [ 128.426718926250771, 36.386057799350766 ], [ 128.426634575996843, 36.386038496226469 ], [ 128.426552180916303, 36.386000386311885 ], [ 128.426505822704058, 36.385976850276457 ], [ 128.42633831193973, 36.38587813326771 ], [ 128.426170596790911, 36.385891942412059 ], [ 128.426141343136322, 36.38585376371897 ], [ 128.426123369745056, 36.385829030530836 ], [ 128.426105826698773, 36.385804885164248 ], [ 128.426063394436483, 36.38569780365362 ], [ 128.426037451363953, 36.385632353871443 ], [ 128.426004412541374, 36.385490776268874 ], [ 128.425995018141009, 36.385443753737491 ], [ 128.426042145923333, 36.385438411621223 ], [ 128.4261041724466, 36.385418263158918 ], [ 128.426171889600823, 36.38537300882286 ], [ 128.426200885559354, 36.385353854709223 ], [ 128.426261729650008, 36.385329293815957 ], [ 128.426316851692093, 36.385270542506817 ], [ 128.426410319795536, 36.385168485973722 ], [ 128.426485047419618, 36.385095906099508 ], [ 128.426556822815854, 36.385056447486548 ], [ 128.426601514992825, 36.384945892436441 ], [ 128.426643265863106, 36.384857897179998 ], [ 128.426652408571385, 36.384857391469474 ], [ 128.42666827052966, 36.384766198679841 ], [ 128.426661541683984, 36.384658306895354 ], [ 128.426669466792987, 36.384606690745855 ], [ 128.426692676692056, 36.38456652073468 ], [ 128.426754153055469, 36.384536204237008 ], [ 128.426836173996463, 36.384499245887227 ], [ 128.426911141656348, 36.384469643038585 ], [ 128.426951560648064, 36.384453535518865 ], [ 128.427038255875544, 36.38441896955112 ], [ 128.427167076013916, 36.384330284338034 ], [ 128.427237750298076, 36.384269156211346 ], [ 128.427332515467413, 36.384199546798136 ], [ 128.427382009278318, 36.384196675677508 ], [ 128.42735019903796, 36.384178806062089 ], [ 128.427378168330819, 36.384156699939886 ], [ 128.427400153313471, 36.384113288747557 ], [ 128.427407979436026, 36.384032609769058 ], [ 128.427517360289244, 36.383910749292838 ], [ 128.427547243014942, 36.383773835967197 ], [ 128.42759091299834, 36.383654975951359 ], [ 128.427629971351479, 36.383485719109871 ], [ 128.42764983782476, 36.383374134202242 ], [ 128.427682206990198, 36.38328706673461 ], [ 128.427681573648186, 36.383200336377271 ], [ 128.427753469101901, 36.383103248631201 ], [ 128.427878760620729, 36.38294224587073 ], [ 128.427957766995775, 36.382655300393189 ], [ 128.428006308860375, 36.382481402909079 ], [ 128.428033622767686, 36.38236478015417 ], [ 128.428094159074277, 36.382327095982838 ], [ 128.428243799148987, 36.382316522632983 ], [ 128.428343994448284, 36.38232356380184 ], [ 128.42856884634142, 36.382339367260776 ], [ 128.428699437029877, 36.382326160719117 ], [ 128.428867389101413, 36.382281971121081 ], [ 128.428922898578861, 36.382181965458734 ], [ 128.428950396416667, 36.382137354809664 ], [ 128.429025747447355, 36.382112807937027 ], [ 128.429109401213822, 36.38211411894207 ], [ 128.429217470644659, 36.382082294161783 ], [ 128.429310914287925, 36.382085985918572 ], [ 128.429454925729971, 36.382066273393271 ], [ 128.429604458941441, 36.381978874196683 ], [ 128.429679068557817, 36.381976392693723 ], [ 128.429758902209898, 36.381939277649927 ], [ 128.429818153355285, 36.381938461789005 ], [ 128.430110631052088, 36.381871913796331 ], [ 128.43024289905145, 36.381819702498881 ], [ 128.430374845383511, 36.381785548702084 ], [ 128.43051097917126, 36.381771600689781 ], [ 128.430551245024361, 36.38173955874823 ], [ 128.430575245336456, 36.381720460780123 ], [ 128.430622858595001, 36.381691040247432 ], [ 128.430641230004852, 36.381669004630346 ], [ 128.430658761990856, 36.381636781925003 ], [ 128.430687174804092, 36.38158118112338 ], [ 128.430745253337903, 36.381554730292414 ], [ 128.430855228712488, 36.381527256704189 ], [ 128.431047216865608, 36.381510528949015 ], [ 128.431064772181742, 36.381508657263737 ], [ 128.431236178365907, 36.381488568737922 ], [ 128.431324443291459, 36.381491693502859 ], [ 128.43135586376016, 36.381494231525124 ], [ 128.431444676560744, 36.381504748304032 ], [ 128.431469851594755, 36.38150789631645 ], [ 128.431634394198056, 36.381519666418676 ], [ 128.431958039818625, 36.381494454446567 ], [ 128.432102690004143, 36.38146179213733 ], [ 128.432133630412949, 36.381447629225626 ], [ 128.432158365050384, 36.381437807343097 ], [ 128.432196821598183, 36.381421472399339 ], [ 128.432299110246646, 36.381378190597964 ], [ 128.432329329674587, 36.381365078553763 ], [ 128.432604445005694, 36.381305470736784 ], [ 128.432803425808316, 36.381286403409746 ], [ 128.432836148366874, 36.381261633166751 ], [ 128.432844898174864, 36.381218590490583 ], [ 128.432846435393429, 36.381211037098836 ], [ 128.432836370589143, 36.381128542318606 ], [ 128.432835220114214, 36.38107991039945 ], [ 128.432836355828329, 36.381032596040136 ], [ 128.432857691638191, 36.380950755370421 ], [ 128.432850246898113, 36.380857396090953 ], [ 128.432844459953344, 36.380765946142446 ], [ 128.4328542537354, 36.380665216342642 ], [ 128.432872959144987, 36.380652292664855 ], [ 128.432926197750362, 36.380592402814798 ], [ 128.433009890129654, 36.380500910087335 ], [ 128.433031048859419, 36.380447950627399 ], [ 128.433053021830119, 36.380329039332537 ], [ 128.433079146324019, 36.380192476088006 ], [ 128.433108096129047, 36.380056638190588 ], [ 128.433108875012294, 36.38002923770032 ], [ 128.43311808106705, 36.379837677413732 ], [ 128.433163148728653, 36.379712108265643 ], [ 128.433164684177541, 36.379707853095425 ], [ 128.433154606983322, 36.379593340137667 ], [ 128.433153932749065, 36.379552748798496 ], [ 128.433140822241569, 36.379518172096866 ], [ 128.433114732982204, 36.379475333118016 ], [ 128.433074125865318, 36.379468813789032 ], [ 128.433071278119542, 36.379408368619728 ], [ 128.433033457938421, 36.379352731435816 ], [ 128.433023437171244, 36.379256530250004 ], [ 128.43302360724266, 36.379220908303374 ], [ 128.433024300283677, 36.3791379240064 ], [ 128.433005155713431, 36.378950914814673 ], [ 128.433017201787578, 36.378877527795233 ], [ 128.43300744244317, 36.378783697889091 ], [ 128.432983209648597, 36.378704785357932 ], [ 128.4329948867464, 36.378686691611115 ], [ 128.432989482159655, 36.378671328190947 ], [ 128.432979868549552, 36.378634046611843 ], [ 128.432948642551708, 36.378630969250928 ], [ 128.432917441640114, 36.378583104469129 ], [ 128.432856398794058, 36.378450731269083 ], [ 128.432814168522555, 36.378391702689051 ], [ 128.43276817738132, 36.378327285290958 ], [ 128.432722374539054, 36.378227831762544 ], [ 128.432664566853219, 36.378134872473403 ], [ 128.432613169712653, 36.378067581616165 ], [ 128.432594496473797, 36.378031788831542 ], [ 128.432627735108241, 36.378017078003886 ], [ 128.432586983623395, 36.377900418337489 ], [ 128.432551737194018, 36.377837349684938 ], [ 128.432549768128467, 36.377833816781234 ], [ 128.432530196978718, 36.377798911855557 ], [ 128.432483361319811, 36.377714349447302 ], [ 128.432463299242897, 36.377673413426997 ], [ 128.432427365625585, 36.377599149084304 ], [ 128.432336482786667, 36.377461884362958 ], [ 128.432300627816659, 36.377407445825391 ], [ 128.432285676013691, 36.377376374763216 ], [ 128.432208689451329, 36.377301923763056 ], [ 128.43219052810619, 36.377278515258929 ], [ 128.43214055281581, 36.377205869079411 ], [ 128.432066873710625, 36.377064504761172 ], [ 128.431961190030279, 36.376988781360069 ], [ 128.431899342355024, 36.376944257684151 ], [ 128.431847168946462, 36.376896508901424 ], [ 128.431837706449073, 36.376860002938699 ], [ 128.431834647334711, 36.376830214098568 ], [ 128.431926914654355, 36.376817100596554 ], [ 128.432083961475911, 36.376805557406627 ], [ 128.432203551047508, 36.376788221315422 ], [ 128.432339599450671, 36.376780164335976 ], [ 128.432456206334194, 36.376768400960664 ], [ 128.432531741359583, 36.376754450321414 ], [ 128.432548535591678, 36.37675134921286 ], [ 128.432563178133108, 36.376699404111349 ], [ 128.432566083735082, 36.376689099690523 ], [ 128.432562507437297, 36.376681323690811 ], [ 128.432547577439578, 36.376648792885874 ], [ 128.432487420914327, 36.376572502738711 ], [ 128.43246402470163, 36.376490584195032 ], [ 128.432461895506151, 36.376483031362405 ], [ 128.432451233468612, 36.376445942990443 ], [ 128.432445692571775, 36.376426379495939 ], [ 128.432395594680912, 36.376404260753418 ], [ 128.432320273359664, 36.37641033620681 ], [ 128.432277990065899, 36.376326669513688 ], [ 128.432270508884187, 36.376311872903422 ], [ 128.432265126962221, 36.376301087435735 ], [ 128.432252925695536, 36.376277968670834 ], [ 128.432230078743288, 36.376157420055691 ], [ 128.432224752790233, 36.376132838124811 ], [ 128.432194545522833, 36.376039036843132 ], [ 128.432183661352838, 36.376004930219615 ], [ 128.432186717849163, 36.375970862990904 ], [ 128.432149545969764, 36.375916796608621 ], [ 128.432134575711672, 36.375850075624236 ], [ 128.432128582906273, 36.375820669314933 ], [ 128.432141405385721, 36.375776880074945 ], [ 128.432189888018115, 36.37576061992079 ], [ 128.432238761241251, 36.375744280503696 ], [ 128.432317035472153, 36.375695315034292 ], [ 128.432327458592397, 36.375662688701354 ], [ 128.432304034475777, 36.375558655565086 ], [ 128.432266438279385, 36.375498603505122 ], [ 128.432251128936713, 36.375473829821388 ], [ 128.432164252631168, 36.375226020939756 ], [ 128.432155798787932, 36.375204028443676 ], [ 128.432147017617069, 36.375110734760412 ], [ 128.432160394057945, 36.375061252833454 ], [ 128.432143227503502, 36.374951869562324 ], [ 128.432120241919591, 36.374816775549071 ], [ 128.432051689241803, 36.374675669906274 ], [ 128.43202402696383, 36.374615025288541 ], [ 128.431972946569488, 36.374457277381559 ], [ 128.431942753053136, 36.374364773747175 ], [ 128.43190489902338, 36.374265303676573 ], [ 128.431811448519056, 36.37406054753064 ], [ 128.431780729394603, 36.373989741234567 ], [ 128.431731294416238, 36.373846392554803 ], [ 128.431650107055702, 36.373598258924019 ], [ 128.431639486940924, 36.373564694193753 ], [ 128.431614828465314, 36.373532324123943 ], [ 128.431606426711028, 36.373521569276477 ], [ 128.431537659634301, 36.373481932718676 ], [ 128.431506664685742, 36.37344900071475 ], [ 128.431490219730392, 36.37335543609646 ], [ 128.431490343990191, 36.373251334880344 ], [ 128.431493815850558, 36.372999964312172 ], [ 128.43149956528373, 36.372980184280742 ], [ 128.43151643736789, 36.372925059810782 ], [ 128.431583731935746, 36.372844150413179 ], [ 128.431628758004507, 36.37280044272206 ], [ 128.43166316728167, 36.372744113218396 ], [ 128.431700401690733, 36.372706838654793 ], [ 128.431714466757541, 36.372692793590673 ], [ 128.431716783465077, 36.372688361927949 ], [ 128.431763241578238, 36.372599530999331 ], [ 128.431779270177373, 36.372496523917007 ], [ 128.431785049922581, 36.372457288003147 ], [ 128.431811397906614, 36.372398504908283 ], [ 128.431795056742146, 36.372339590353413 ], [ 128.431792109309924, 36.372182936930592 ], [ 128.431793362243752, 36.372144057915506 ], [ 128.431767555240413, 36.372078222379031 ], [ 128.431758392670332, 36.372064850552505 ], [ 128.431743074790177, 36.372042888366721 ], [ 128.431723632648726, 36.37201498589949 ], [ 128.431651415160985, 36.371909269015887 ], [ 128.431621093945012, 36.37187265451027 ], [ 128.43153471100203, 36.371764247617435 ], [ 128.431502358683275, 36.371686818932439 ], [ 128.43146812790593, 36.371533900233366 ], [ 128.431422737705731, 36.371355731881572 ], [ 128.431405236882597, 36.371287827180659 ], [ 128.431381883686868, 36.371070554541561 ], [ 128.431370002265908, 36.370954870179403 ], [ 128.431381460584333, 36.37086432236223 ], [ 128.431398824620032, 36.370753932172597 ], [ 128.43139964470771, 36.370623195980336 ], [ 128.431405907380508, 36.370568174076233 ], [ 128.431414495832968, 36.370534962298144 ], [ 128.431442521362015, 36.370418774444708 ], [ 128.431460818438637, 36.370345426314017 ], [ 128.431462666176373, 36.370338063650806 ], [ 128.431514824956906, 36.370284837725386 ], [ 128.431515280083232, 36.370272854484867 ], [ 128.431516297560819, 36.370194467536365 ], [ 128.431516317089887, 36.370168874719894 ], [ 128.431517155811207, 36.370110411538313 ], [ 128.431497681958973, 36.370060962169291 ], [ 128.431484455001595, 36.369983084003962 ], [ 128.431489774551466, 36.369935131686454 ], [ 128.431495905460935, 36.369919543852596 ], [ 128.431512782236297, 36.369883541965159 ], [ 128.431524333318777, 36.369859671302088 ], [ 128.431526594643572, 36.369838378694574 ], [ 128.431532979469125, 36.369812419731495 ], [ 128.431574652862253, 36.369643002399876 ], [ 128.43158285186999, 36.369609689618727 ], [ 128.431618489215822, 36.369467278240791 ], [ 128.431649170827995, 36.369410029765334 ], [ 128.431725253989811, 36.369322998216035 ], [ 128.431752364533082, 36.369240482209172 ], [ 128.43181363380171, 36.36903793248419 ], [ 128.431736606740373, 36.369158194336691 ], [ 128.431189977741013, 36.367431894440301 ], [ 128.430750941091219, 36.367476991777302 ], [ 128.430019863249726, 36.367543886890402 ], [ 128.429717979366956, 36.367573857037634 ], [ 128.429210930456094, 36.367629049631176 ], [ 128.428745189403969, 36.367688430222898 ], [ 128.428203162907835, 36.367761762410566 ], [ 128.427756103541356, 36.367812451485719 ], [ 128.427535998760334, 36.367843277376174 ], [ 128.427390036046205, 36.367863645222613 ], [ 128.42718177053851, 36.367889102368416 ], [ 128.427001927077498, 36.367911911230841 ], [ 128.426767790407467, 36.367932494150544 ], [ 128.42624740892137, 36.367924321624912 ], [ 128.425020014487416, 36.367914422924919 ], [ 128.424392488972671, 36.367916313944562 ], [ 128.42390659590211, 36.367933584313768 ], [ 128.423446413589147, 36.36794267742345 ], [ 128.422678240413518, 36.367936137957869 ], [ 128.422287000428526, 36.367917813886585 ], [ 128.421951486556907, 36.36789780332974 ], [ 128.421459448407433, 36.367866218173511 ], [ 128.421375093844688, 36.367865322013827 ], [ 128.421264346068654, 36.367859413347162 ], [ 128.421197045683272, 36.367851724038481 ], [ 128.420703587754417, 36.367769871258851 ], [ 128.420162435208823, 36.367673726325549 ], [ 128.419807276383779, 36.367586631050521 ], [ 128.419439350782511, 36.367491803669786 ], [ 128.419351156367497, 36.367466447955458 ], [ 128.419197946316984, 36.36741846265501 ], [ 128.41898993055068, 36.367350429550413 ], [ 128.418634570893431, 36.367235357853446 ], [ 128.418502228804158, 36.367195241445557 ], [ 128.418177157927545, 36.367097834697852 ], [ 128.417951669427168, 36.367021243595168 ], [ 128.417842820417548, 36.366983593217292 ], [ 128.41766448892119, 36.366918784769638 ], [ 128.417392894452149, 36.366800342802485 ], [ 128.417267974557802, 36.366746825038575 ], [ 128.416690966815651, 36.366382493523695 ], [ 128.416531688702094, 36.366419256116842 ], [ 128.415917950579569, 36.366556046578893 ], [ 128.415601320291671, 36.366793085133985 ], [ 128.415633527099629, 36.366808779030066 ], [ 128.415895306962, 36.366902809557047 ], [ 128.416525326116499, 36.367156174433958 ], [ 128.4169874490984, 36.367344444145033 ], [ 128.417073159790789, 36.367379963532272 ], [ 128.417487595793119, 36.36757259396235 ], [ 128.417576455502029, 36.367614724861177 ], [ 128.417955486869943, 36.367824690150954 ], [ 128.418051665857632, 36.367882013929012 ], [ 128.418576455180386, 36.368317870389419 ], [ 128.417952303214065, 36.368534580189326 ], [ 128.417897318932944, 36.368541331660055 ], [ 128.4177217285241, 36.36854764709615 ], [ 128.417613659422813, 36.368542550161635 ], [ 128.417535866161273, 36.368537330756972 ], [ 128.41746229355752, 36.36854138682898 ], [ 128.417334372896192, 36.368528190318607 ], [ 128.417265526261843, 36.368505225612807 ], [ 128.417208944197114, 36.368496162636283 ], [ 128.417135653069067, 36.368495362640147 ], [ 128.416946073083807, 36.368518793605304 ], [ 128.416804216191508, 36.368524524763473 ], [ 128.416757335576307, 36.368532369719873 ], [ 128.416671325001488, 36.368533796131899 ], [ 128.416551691952009, 36.368547764214419 ], [ 128.416395809727192, 36.368584281883528 ], [ 128.416363553561666, 36.368591432315235 ], [ 128.416190338918199, 36.368616744539445 ], [ 128.416006789417736, 36.368665084532587 ], [ 128.415961364381815, 36.368676432802566 ], [ 128.415816895289851, 36.368708031250598 ], [ 128.415773010693613, 36.368714547779803 ], [ 128.415618242782301, 36.368703407633191 ], [ 128.415525006937429, 36.368723271533781 ], [ 128.415403974730225, 36.368738015610276 ], [ 128.415301356307054, 36.368774252414021 ], [ 128.415244581579145, 36.368762655307819 ], [ 128.415172848888318, 36.368762032973379 ], [ 128.415037812145329, 36.368736408158576 ], [ 128.414852242753227, 36.368721195793192 ], [ 128.414814503518869, 36.368709133225892 ], [ 128.414717972216124, 36.368646974917048 ], [ 128.414756528936579, 36.368624355949379 ], [ 128.414753640529284, 36.368617258661615 ], [ 128.41466650789738, 36.368403057988814 ], [ 128.414572295899291, 36.368419383812679 ], [ 128.414308761180223, 36.368467986108676 ], [ 128.414299790341545, 36.368469591141228 ], [ 128.41425378800011, 36.368474708921262 ], [ 128.414209118023564, 36.368498252906434 ], [ 128.414192408746516, 36.368631046551613 ], [ 128.414169641967391, 36.368659492344079 ], [ 128.414126928815648, 36.368736962210043 ], [ 128.413935346452632, 36.368882764835298 ], [ 128.413880319231964, 36.36890404091239 ], [ 128.413712305810492, 36.368969485663868 ], [ 128.413559679248692, 36.369021749857247 ], [ 128.413178410938485, 36.369164499985104 ], [ 128.413149045723259, 36.369172402730371 ], [ 128.412785518410857, 36.369270379306784 ], [ 128.412776138786086, 36.369272982495403 ], [ 128.41266887775717, 36.369292171275966 ], [ 128.412461106613847, 36.369342576242211 ], [ 128.41234819598742, 36.369376542907297 ], [ 128.412324897879671, 36.369339372407659 ], [ 128.412237707424481, 36.369374493114087 ], [ 128.412130075020798, 36.369398563854077 ], [ 128.41200191838837, 36.369401815614289 ], [ 128.411858660314607, 36.369532443481731 ], [ 128.411853501254342, 36.369535382831252 ], [ 128.411718509869331, 36.369614451019331 ], [ 128.411443736239306, 36.369776825748566 ], [ 128.411420163991636, 36.369790758386294 ], [ 128.411373589419838, 36.369791844050269 ], [ 128.411228590052275, 36.369878377903305 ], [ 128.411054262843493, 36.36983650485336 ], [ 128.410986308984803, 36.369820831315828 ], [ 128.410994943987191, 36.369779646020326 ], [ 128.410991064462308, 36.369716473703178 ], [ 128.410889261027449, 36.369724053904832 ], [ 128.410803007328411, 36.369733873675166 ], [ 128.410731662116859, 36.369726104404343 ], [ 128.410715981308385, 36.369823739416191 ], [ 128.410685970698523, 36.369860935003224 ], [ 128.410511796423208, 36.369925596797586 ], [ 128.410258889369715, 36.37007518136695 ], [ 128.410206535619011, 36.370091909110904 ], [ 128.410051126784452, 36.370175506302282 ], [ 128.409984497026585, 36.370246926635041 ], [ 128.409879122780694, 36.370234464568689 ], [ 128.409859831522482, 36.370233350736036 ], [ 128.40980101274431, 36.370215009274631 ], [ 128.409755196070194, 36.370174834046686 ], [ 128.409700963498665, 36.370143881018315 ], [ 128.409696122346361, 36.370143082043811 ], [ 128.409642608332632, 36.370139374546774 ], [ 128.409516804740036, 36.370190748102495 ], [ 128.409507314990265, 36.370194621119907 ], [ 128.409462057094288, 36.370236616110283 ], [ 128.409438259571658, 36.370277275575361 ], [ 128.409325021392419, 36.370310003157392 ], [ 128.409275017548424, 36.370325381389549 ], [ 128.409110745986794, 36.370376978366785 ], [ 128.409063785426639, 36.370392182355609 ], [ 128.40895211822064, 36.370439588218531 ], [ 128.408865910132164, 36.370484398762784 ], [ 128.408808752854071, 36.370543771879042 ], [ 128.408804313122801, 36.370564972117691 ], [ 128.408793813945294, 36.37061524067709 ], [ 128.408829508913271, 36.370673515376808 ], [ 128.408691889912888, 36.370722261144117 ], [ 128.408449115983871, 36.370789760610464 ], [ 128.40830977843828, 36.370828503567054 ], [ 128.408226419011868, 36.370872264420555 ], [ 128.408198376790722, 36.370881884710506 ], [ 128.408017779249036, 36.370911401844907 ], [ 128.407838479690867, 36.370944592866088 ], [ 128.407614560792382, 36.37101325668953 ], [ 128.407583987275274, 36.371004039071956 ], [ 128.407518212586325, 36.371028547997582 ], [ 128.407483475721278, 36.371037837454779 ], [ 128.407445164250902, 36.371054147168941 ], [ 128.407374200837836, 36.371076656681147 ], [ 128.407345091275801, 36.371109386151772 ], [ 128.407257499114479, 36.371160145291348 ], [ 128.407154638358833, 36.371190705567429 ], [ 128.407136033987427, 36.371244294968918 ], [ 128.407093980945263, 36.371282222746501 ], [ 128.407084392337737, 36.371326890475345 ], [ 128.407011435366314, 36.371375577486383 ], [ 128.406993790455658, 36.371421674007699 ], [ 128.406845326069202, 36.371488071408933 ], [ 128.406840697055145, 36.371490139055076 ], [ 128.406699164114372, 36.371553524859266 ], [ 128.406682861185033, 36.371562365155384 ], [ 128.406434792764145, 36.371712893815392 ], [ 128.406254318804599, 36.371804841064289 ], [ 128.406162758711929, 36.371922805955847 ], [ 128.405971577343024, 36.37204518556819 ], [ 128.405924568749072, 36.372091333813145 ], [ 128.405899574431231, 36.372122028796937 ], [ 128.405833665784627, 36.372207769751611 ], [ 128.405793342183671, 36.372254023363951 ], [ 128.405759885917888, 36.372315946282129 ], [ 128.405724096599158, 36.372352093471441 ], [ 128.405671115620464, 36.372405448123793 ], [ 128.405587910520808, 36.372516226941286 ], [ 128.405492744354888, 36.372742942980452 ], [ 128.405463105139944, 36.372877058524502 ], [ 128.405424367075739, 36.372959339164453 ], [ 128.405416321719969, 36.372976844554444 ], [ 128.405357865572284, 36.373100714320515 ], [ 128.40539026419907, 36.37312784760443 ], [ 128.405400707459705, 36.373213779978755 ], [ 128.405315848750149, 36.373411133505179 ], [ 128.405308073526754, 36.373533426773591 ], [ 128.405243884433162, 36.373730910411538 ], [ 128.405330673648706, 36.373762568600178 ], [ 128.405318108380953, 36.373931373705865 ], [ 128.405282315003205, 36.374020499745946 ], [ 128.405270634395237, 36.374049990391867 ], [ 128.40524242488479, 36.374123681399595 ], [ 128.40522440182832, 36.374168000465012 ], [ 128.405184146467377, 36.374228492470465 ], [ 128.405136295744711, 36.374294218317125 ], [ 128.405096396829805, 36.374378070056842 ], [ 128.405035539488836, 36.374467395312067 ], [ 128.404982098650407, 36.374544240495247 ], [ 128.404925715807479, 36.374631299092897 ], [ 128.404911589088329, 36.374667337907262 ], [ 128.404895364529182, 36.374708124352019 ], [ 128.404873733665539, 36.374737448116541 ], [ 128.404810393785169, 36.374776764672575 ], [ 128.404766214524329, 36.374793575884148 ], [ 128.404675649371086, 36.374828674143593 ], [ 128.40455307700654, 36.374935569784554 ], [ 128.404525509897724, 36.374955681036361 ], [ 128.404454295888598, 36.374957911501319 ], [ 128.404417219691823, 36.375025141752637 ], [ 128.404405365528334, 36.375048116076321 ], [ 128.404426324574331, 36.375141733856552 ], [ 128.404461108992052, 36.37524317066913 ], [ 128.404510774931254, 36.375323594764474 ], [ 128.404529923207633, 36.375422331056591 ], [ 128.404560971160322, 36.37548339536999 ], [ 128.404556199181513, 36.375524554387731 ], [ 128.404535777974132, 36.375701790973508 ], [ 128.404390535968474, 36.375782646874868 ], [ 128.404386796176084, 36.375784971191088 ], [ 128.404358321798298, 36.375802725846768 ], [ 128.404236281510805, 36.375867458678293 ], [ 128.404051351857504, 36.375910934029768 ], [ 128.403984574777013, 36.375918656418825 ], [ 128.403969606564175, 36.375920383871126 ], [ 128.403911418288146, 36.37592704976381 ], [ 128.403858516657664, 36.375933129287169 ], [ 128.403535055609609, 36.375950678394759 ], [ 128.403352535098605, 36.376009817808402 ], [ 128.403162254847871, 36.376113047714973 ], [ 128.403045922677308, 36.376187450282472 ], [ 128.4028986557135, 36.376299564339718 ], [ 128.402768153287752, 36.376339831918358 ], [ 128.402602344936668, 36.376374542471169 ], [ 128.402508524116627, 36.376362978888025 ], [ 128.402328064861564, 36.376408862036406 ], [ 128.402211422002097, 36.37640012153178 ], [ 128.402148704111823, 36.376388515424075 ], [ 128.402106388103363, 36.376393223445888 ], [ 128.401900215967572, 36.376396018815328 ], [ 128.401837077859312, 36.376397062671394 ], [ 128.401800643960939, 36.376397654789002 ], [ 128.401653504356091, 36.376423229888154 ], [ 128.401613935341913, 36.376430105291185 ], [ 128.401481168524185, 36.376437170499386 ], [ 128.401310792755595, 36.376417904083993 ], [ 128.401249367414778, 36.376410683618047 ], [ 128.401133443548815, 36.37638235453386 ], [ 128.401116033336308, 36.376379906013881 ], [ 128.401047453667587, 36.376359636793246 ], [ 128.401034077744129, 36.376355712617489 ], [ 128.400974274316098, 36.376357863176828 ], [ 128.400898262200684, 36.376394068027821 ], [ 128.400820186704635, 36.37640875185329 ], [ 128.400786829313205, 36.37641503641467 ], [ 128.40075686465434, 36.376420671170749 ], [ 128.400698931942998, 36.376431698377111 ], [ 128.400670194368701, 36.376437168062431 ], [ 128.400567282936095, 36.376475976936035 ], [ 128.400422521599268, 36.376513917331941 ], [ 128.400310918216519, 36.37654976250623 ], [ 128.400210400068062, 36.376594665918418 ], [ 128.399972631052094, 36.376652891262111 ], [ 128.39979894738417, 36.376694145714524 ], [ 128.399691070085566, 36.376733739859027 ], [ 128.399629133908633, 36.376739294382418 ], [ 128.399593751499083, 36.376742243141116 ], [ 128.399526008713082, 36.376747876495571 ], [ 128.399449412194741, 36.376768676712942 ], [ 128.399227577974216, 36.376828341611841 ], [ 128.399118164221392, 36.376853238644259 ], [ 128.39898483275465, 36.376879934420138 ], [ 128.398865255541494, 36.376936617811829 ], [ 128.398628468591852, 36.377066604487048 ], [ 128.398543586346193, 36.37710396160498 ], [ 128.398524383185361, 36.377112894272159 ], [ 128.398481584698487, 36.377117950022566 ], [ 128.39843535136481, 36.377095899665633 ], [ 128.398339194572998, 36.377090971549073 ], [ 128.398315240519338, 36.377096032260475 ], [ 128.398226634975146, 36.377114761479952 ], [ 128.398162119973364, 36.377151157804498 ], [ 128.398144443269558, 36.377204849531765 ], [ 128.398088726565675, 36.377256366590281 ], [ 128.398060484161618, 36.377269804365824 ], [ 128.397984123843145, 36.377311845080044 ], [ 128.39783946598871, 36.377367760914801 ], [ 128.397748074302456, 36.37743115501646 ], [ 128.397686442013594, 36.377492464589658 ], [ 128.397634105578902, 36.37752470476476 ], [ 128.397600773414979, 36.37755646424079 ], [ 128.397583633401837, 36.377575265830828 ], [ 128.397522655604405, 36.377647023023641 ], [ 128.397517134279383, 36.377650554677004 ], [ 128.397497893807355, 36.377662839288973 ], [ 128.397493993435717, 36.377675805228129 ], [ 128.397432394743959, 36.37788116462054 ], [ 128.397406791906917, 36.377976909147797 ], [ 128.397396816558398, 36.378018879609961 ], [ 128.39739101323201, 36.3780487866659 ], [ 128.397381521357545, 36.378108935886281 ], [ 128.397402735268201, 36.378177251648609 ], [ 128.397409291058779, 36.378208563919955 ], [ 128.397415756106369, 36.378219906116719 ], [ 128.397424730325014, 36.378243994333417 ], [ 128.397433337010938, 36.378289672386821 ], [ 128.397487095281207, 36.378384944045052 ], [ 128.397513173516586, 36.37842951188572 ], [ 128.397529069520886, 36.37848083197224 ], [ 128.397482036281644, 36.378516045661875 ], [ 128.397477832920742, 36.378519187467404 ], [ 128.397356549037653, 36.378535263617067 ], [ 128.397254107913511, 36.378567448486415 ], [ 128.397191611550141, 36.378593347003289 ], [ 128.397156193171867, 36.378608027902345 ], [ 128.39706003340055, 36.378632061883515 ], [ 128.396737017403751, 36.378718614296808 ], [ 128.396683752587109, 36.378735304406419 ], [ 128.396636352744565, 36.378750149782121 ], [ 128.396595760560359, 36.378759424418995 ], [ 128.396563875142533, 36.378763976015172 ], [ 128.396509810551748, 36.378771686485358 ], [ 128.396454842327216, 36.378779518516446 ], [ 128.396291224753469, 36.378792225131512 ], [ 128.396238788809512, 36.378791094379459 ], [ 128.396079252790798, 36.378787618601265 ], [ 128.395955932055216, 36.378784587512421 ], [ 128.395921770458528, 36.37878373848838 ], [ 128.395744644472643, 36.378759275298087 ], [ 128.395510289302877, 36.378728114355226 ], [ 128.395283391549412, 36.378689547247774 ], [ 128.395111251615077, 36.378661675016673 ], [ 128.394946123470049, 36.378633549767642 ], [ 128.394930097028748, 36.37863081900133 ], [ 128.394825049526133, 36.378600980022981 ], [ 128.394729907318151, 36.378574264201717 ], [ 128.394683247442913, 36.378558374137654 ], [ 128.394542173243792, 36.37850959886562 ], [ 128.394416008211465, 36.378451031533743 ], [ 128.39437640271845, 36.378432275475312 ], [ 128.394351486957163, 36.378420469876673 ], [ 128.394175032980741, 36.378357041804186 ], [ 128.39396303611943, 36.378289891189297 ], [ 128.393835632740121, 36.378253088871141 ], [ 128.393746556130822, 36.378230359193694 ], [ 128.393642987947089, 36.378203879002911 ], [ 128.393526794370274, 36.378180155090952 ], [ 128.393376468801449, 36.378146101307827 ], [ 128.393300386259142, 36.378133422245327 ], [ 128.393101345105748, 36.378115728404467 ], [ 128.393083148191948, 36.378114112782399 ], [ 128.393029957612441, 36.378111210515556 ], [ 128.392935820683505, 36.378112965897515 ], [ 128.392820025654174, 36.378122523009857 ], [ 128.392811271896505, 36.378123244392896 ], [ 128.392723167484775, 36.378133122720421 ], [ 128.392666400986599, 36.378142917376913 ], [ 128.392607190636141, 36.378153132105716 ], [ 128.392409470034551, 36.378179050766413 ], [ 128.392336225094851, 36.378161203912157 ], [ 128.392261438013946, 36.378136761700887 ], [ 128.392206563671436, 36.378109699508869 ], [ 128.392119138393127, 36.378049651173455 ], [ 128.392055031554065, 36.378030408908472 ], [ 128.391939296293089, 36.378013741841869 ], [ 128.391810727025245, 36.378015131409057 ], [ 128.391503165409205, 36.378057357604028 ], [ 128.39141009948861, 36.37805325974044 ], [ 128.391342922476383, 36.378086115246731 ], [ 128.391204854125988, 36.378075199930471 ], [ 128.391103697656405, 36.378058255077001 ], [ 128.391027519432924, 36.378037914256936 ], [ 128.390990303427628, 36.378040085111046 ], [ 128.390899983728417, 36.378045363890806 ], [ 128.390723826324205, 36.378041399507374 ], [ 128.389910529587809, 36.378021414562369 ], [ 128.388800447362684, 36.378010887477295 ], [ 128.388611974840131, 36.378009902727513 ], [ 128.388347735228251, 36.378007285252444 ], [ 128.388219813140495, 36.378005727497509 ], [ 128.387689255663474, 36.378009707382638 ], [ 128.387486257621902, 36.378017838012568 ], [ 128.38716927243135, 36.378013874459057 ], [ 128.386779864698582, 36.378010952257746 ], [ 128.386717726344585, 36.378010803734632 ], [ 128.386707084783609, 36.378121122488061 ], [ 128.386694172801668, 36.378243802417941 ], [ 128.386695817406377, 36.378299628445376 ], [ 128.386702858263902, 36.378438685916151 ], [ 128.386707410843485, 36.378559734506631 ], [ 128.386702600115967, 36.378615923819858 ], [ 128.386700500230489, 36.378642019483408 ], [ 128.386698781826198, 36.378663539240939 ], [ 128.386712242546508, 36.3789412724812 ], [ 128.386708939296057, 36.379086287411205 ], [ 128.386713507632123, 36.379140200004066 ], [ 128.386725822128113, 36.379294541150571 ], [ 128.386643410757728, 36.379521000885539 ], [ 128.386568350328361, 36.379689905564582 ], [ 128.386478787031194, 36.379884760890157 ], [ 128.386442949237704, 36.379967951262365 ], [ 128.386348306589696, 36.38017514417561 ], [ 128.386259789705662, 36.380368589891013 ], [ 128.386200915314589, 36.380508443321673 ], [ 128.385988069704297, 36.380962132775252 ], [ 128.385898768558746, 36.381161530783132 ], [ 128.385857157011628, 36.381265886367544 ], [ 128.385807454780746, 36.381439472012396 ], [ 128.385757821202361, 36.381608561221903 ], [ 128.385636865096529, 36.381977933869976 ], [ 128.385599560375994, 36.382101343937649 ], [ 128.385465019210329, 36.382534060590558 ], [ 128.38539517797048, 36.38273432448397 ], [ 128.385334655096329, 36.382891993754413 ], [ 128.385286430121766, 36.383071579423117 ], [ 128.385205547042517, 36.383452170330763 ], [ 128.385161240808657, 36.383670345557796 ], [ 128.385108980391408, 36.383905015902535 ], [ 128.385072571800009, 36.384077047663254 ], [ 128.384993077969909, 36.384442325898448 ], [ 128.384915965700571, 36.384831947513518 ], [ 128.384679000005775, 36.385397712437474 ], [ 128.384622362711099, 36.385531457657692 ], [ 128.384548510080322, 36.385709820197405 ], [ 128.384222202030173, 36.386490867950464 ], [ 128.384206708171149, 36.386646209919405 ], [ 128.384074541773685, 36.387095139628435 ], [ 128.384029731702157, 36.38718605973483 ], [ 128.38390553139476, 36.387444850877074 ], [ 128.383835031788436, 36.387552534720434 ], [ 128.383624799519822, 36.387882991007736 ], [ 128.383433089968236, 36.388082406846159 ], [ 128.383112280476126, 36.388423959951353 ], [ 128.3829769223683, 36.388571075402488 ], [ 128.382636626189452, 36.388846534807563 ], [ 128.382027835202337, 36.38927844720839 ], [ 128.381705183405558, 36.389312882782107 ], [ 128.381387261667385, 36.389345341476776 ], [ 128.381115942836232, 36.389371823404048 ], [ 128.380698500591535, 36.389415478361009 ], [ 128.380082537759932, 36.389488981822524 ], [ 128.379857996349074, 36.389546307386681 ], [ 128.3794787657651, 36.389662014883449 ], [ 128.379103610175804, 36.389842454216286 ], [ 128.379065770289742, 36.389876005241447 ], [ 128.37888875052181, 36.390067803351826 ], [ 128.378584323015787, 36.390150456047166 ], [ 128.378331088935283, 36.390203627974309 ], [ 128.377795629748732, 36.39031829869532 ], [ 128.376990095901562, 36.390438232892485 ], [ 128.376445147607257, 36.390507006274966 ], [ 128.375879512715727, 36.390513038692603 ], [ 128.375441397055141, 36.390517772316549 ], [ 128.375054665804782, 36.390526432498234 ], [ 128.374515544648574, 36.390549385975866 ], [ 128.374606995748167, 36.390781345091199 ], [ 128.374478155454, 36.391097000549394 ], [ 128.373537756833827, 36.391309364561529 ], [ 128.372314272055775, 36.391219488705616 ], [ 128.372198863098674, 36.390796726760165 ], [ 128.371846993943734, 36.390859377043085 ], [ 128.371679508746752, 36.390883672295729 ], [ 128.371295729882888, 36.390943323081089 ], [ 128.371106422771277, 36.390975630796241 ], [ 128.370868143555413, 36.391010284011429 ], [ 128.370364482731333, 36.391103767927284 ], [ 128.369944405400673, 36.391183345305201 ], [ 128.369845403883033, 36.391197492599034 ], [ 128.369581675900974, 36.391246075658565 ], [ 128.369276737636284, 36.391486403535943 ], [ 128.368961260505898, 36.391734100306344 ], [ 128.368830212382989, 36.391847393060139 ], [ 128.368368999585243, 36.392244610454256 ], [ 128.368087369102255, 36.392501712051605 ], [ 128.367889997851051, 36.39265356379115 ], [ 128.367782031938333, 36.392733707257577 ], [ 128.367528688407276, 36.392913746847796 ], [ 128.367283805286917, 36.393096336013471 ], [ 128.366785531242158, 36.393538263777792 ], [ 128.366712229389208, 36.393608641724285 ], [ 128.366214772426673, 36.393895924694213 ], [ 128.365914249538633, 36.394086974259174 ], [ 128.36547335659057, 36.394342555152186 ], [ 128.365266875952869, 36.394482602941025 ], [ 128.364940557353776, 36.394826546209295 ], [ 128.364665555156165, 36.395242836270526 ], [ 128.364637353329272, 36.395283958656051 ], [ 128.364605953163363, 36.395334553108093 ], [ 128.364496569868152, 36.395517867842685 ], [ 128.364458948566352, 36.395579531264183 ], [ 128.365256655590173, 36.395736726437974 ], [ 128.365076709865463, 36.395849565233185 ], [ 128.364943997825435, 36.395950751268238 ], [ 128.364541592684304, 36.396237641435164 ], [ 128.364292818219042, 36.396411399286642 ], [ 128.363818789344236, 36.396626092103169 ], [ 128.363548023706898, 36.396742039260218 ], [ 128.363111154024864, 36.396844977664536 ], [ 128.3626912431709, 36.39693223501488 ], [ 128.361871407479555, 36.397098273336603 ], [ 128.360577768618185, 36.397601444504616 ], [ 128.359469564870778, 36.398223901532837 ], [ 128.359402815569098, 36.398299942302529 ], [ 128.359149777399722, 36.398573784243752 ], [ 128.358754199517108, 36.399145518079628 ], [ 128.358463874860263, 36.39960539867203 ], [ 128.35799255722111, 36.399645124281889 ], [ 128.357802054988042, 36.399923229185688 ], [ 128.357659728746455, 36.400314985242595 ], [ 128.357519547453478, 36.400693839176029 ], [ 128.357311735343018, 36.401114357828199 ], [ 128.357154002241913, 36.401448960234191 ], [ 128.356942958775051, 36.401826971504718 ], [ 128.356603443438445, 36.402480887806803 ], [ 128.356474716344422, 36.402794558912881 ], [ 128.35636291511625, 36.403048313701561 ], [ 128.356120687623104, 36.403607790729218 ], [ 128.356011323007323, 36.403857791503299 ], [ 128.355900691545088, 36.404135522709446 ], [ 128.355784573201021, 36.404363561764434 ], [ 128.355529863757624, 36.405164009480899 ], [ 128.35540479004797, 36.405533543257214 ], [ 128.355302653776846, 36.405907607601527 ], [ 128.355168225004178, 36.406256886684908 ], [ 128.354827084313285, 36.406861946202184 ], [ 128.354674457022867, 36.407169619178184 ], [ 128.354453422602177, 36.407536451269557 ], [ 128.354187749853992, 36.407959516011701 ], [ 128.354458420693419, 36.408563220742266 ], [ 128.354757321825304, 36.409448281258463 ], [ 128.354847337389401, 36.409683463936226 ], [ 128.354530403768848, 36.410358582402694 ], [ 128.35446241052253, 36.410526314356723 ], [ 128.354455650301759, 36.410754016065098 ], [ 128.354362501708522, 36.410973211436385 ], [ 128.354181232938913, 36.411272960420305 ], [ 128.353978651347234, 36.411574765321063 ], [ 128.353915708297905, 36.411680462193885 ], [ 128.353435386782451, 36.412260926865059 ], [ 128.353288633019531, 36.412438044163231 ], [ 128.353039132646899, 36.412743521714418 ], [ 128.353004565033558, 36.412783092680776 ], [ 128.352690039158318, 36.41310621228947 ], [ 128.353290740476211, 36.413464589822929 ], [ 128.353409177428205, 36.413535774510706 ], [ 128.353959615629947, 36.413868382417299 ], [ 128.354192538671924, 36.41401021528101 ], [ 128.354217152262919, 36.414040248792446 ], [ 128.354278058751476, 36.414033739179636 ], [ 128.354375573006024, 36.414036051899487 ], [ 128.354392254764718, 36.414033060365512 ], [ 128.354531693845331, 36.414008033997661 ], [ 128.354597296038577, 36.413960952927532 ], [ 128.354827257560373, 36.413907417575444 ], [ 128.354943301560922, 36.413876109195428 ], [ 128.354960185786268, 36.413871550679737 ], [ 128.355023481009511, 36.413853915423843 ], [ 128.355090294239886, 36.413839588368013 ], [ 128.355145416322273, 36.413835498125415 ], [ 128.35522971651227, 36.413851517186494 ], [ 128.355309095858956, 36.413880143662524 ], [ 128.355432044521336, 36.41393996024712 ], [ 128.355453642736393, 36.413950467330494 ], [ 128.35556712128448, 36.414020271338252 ], [ 128.355705877271618, 36.414155842568384 ], [ 128.355755693372146, 36.414220345800928 ], [ 128.355897674105393, 36.414386672414047 ], [ 128.355956519754557, 36.41447428476161 ], [ 128.356072631136215, 36.414808184034783 ], [ 128.356050847939343, 36.414852339719125 ], [ 128.356114180083694, 36.41507829348096 ], [ 128.356120068050899, 36.41516306928267 ], [ 128.356129655877481, 36.415175277586805 ], [ 128.356129099303786, 36.415179212596847 ], [ 128.356125354483453, 36.415206001519486 ], [ 128.356137443322098, 36.415217781776192 ], [ 128.356136106441994, 36.415244610746093 ], [ 128.356113118406512, 36.415243017642922 ], [ 128.356104355384929, 36.415272618061607 ], [ 128.3560847280622, 36.415343225088087 ], [ 128.356075326819166, 36.415377192623602 ], [ 128.356066988911465, 36.415433568449529 ], [ 128.35598695565804, 36.415626576338212 ], [ 128.355890346415862, 36.415860902310357 ], [ 128.355823534729979, 36.416129452702009 ], [ 128.355717306115196, 36.416704072083355 ], [ 128.355696326080306, 36.416711726523921 ], [ 128.355685038879471, 36.416716225292696 ], [ 128.355664471049636, 36.416687556681254 ], [ 128.35567985182783, 36.416727299384462 ], [ 128.35568672149904, 36.416731157402914 ], [ 128.355506077581964, 36.41702576589676 ], [ 128.355577234552442, 36.417054059348388 ], [ 128.355431067321689, 36.417227145148999 ], [ 128.355415745948847, 36.417282545933674 ], [ 128.355476753411523, 36.417225094379667 ], [ 128.355561037479333, 36.417112897802468 ], [ 128.355593894804599, 36.41711837427335 ], [ 128.355598282677761, 36.417141881921047 ], [ 128.355614696923766, 36.417230526505371 ], [ 128.355620533274077, 36.417410364111298 ], [ 128.355685539528281, 36.417781655174863 ], [ 128.355730188473245, 36.417856439576639 ], [ 128.355783859319558, 36.418052251837366 ], [ 128.35579857790691, 36.418197623480154 ], [ 128.355797965562971, 36.418367234200836 ], [ 128.355693884017768, 36.418703646553823 ], [ 128.355671276477551, 36.41881892526257 ], [ 128.355651512555909, 36.418884322797922 ], [ 128.35563359014634, 36.418962968148008 ], [ 128.355634761572844, 36.419096200150861 ], [ 128.35561441218826, 36.419187853951705 ], [ 128.355615510866613, 36.419246380419992 ], [ 128.355616467278026, 36.419307276136401 ], [ 128.355612954103236, 36.419419152630887 ], [ 128.355604774290356, 36.4194361400776 ], [ 128.355601357346586, 36.419456947116579 ], [ 128.355621362540262, 36.419494398874576 ], [ 128.355624969683589, 36.419495058199061 ], [ 128.355657422976265, 36.419500974031997 ], [ 128.355682510762904, 36.419533262657986 ], [ 128.355698459726909, 36.419554273557559 ], [ 128.355776623427545, 36.41961732599713 ], [ 128.355891062274679, 36.419706842960004 ], [ 128.356042513478485, 36.419834822600272 ], [ 128.356051996962464, 36.419949986445289 ], [ 128.356251225059594, 36.420125381096291 ], [ 128.356596806061589, 36.420328293920321 ], [ 128.356724690684075, 36.420519369925657 ], [ 128.356738710166979, 36.420537801996559 ], [ 128.356748604225658, 36.420550822929741 ], [ 128.35672200751543, 36.420660511176678 ], [ 128.35671183018701, 36.420738405477991 ], [ 128.35685752594361, 36.420701082559766 ], [ 128.356880253553271, 36.420695257676265 ], [ 128.356909103870407, 36.420696026191962 ], [ 128.357070882139141, 36.420702738785486 ], [ 128.357108623319419, 36.420684108470553 ], [ 128.357373706450488, 36.420651853739962 ], [ 128.357592319399089, 36.420674498079222 ], [ 128.357684905276216, 36.420641357449057 ], [ 128.357726868869889, 36.420610971704406 ], [ 128.357750485439794, 36.420610909779796 ], [ 128.357758873432971, 36.420606485306465 ], [ 128.357785232505819, 36.420574050917395 ], [ 128.357705801915188, 36.42049666471511 ], [ 128.35761028471407, 36.420440539906267 ], [ 128.357663844374969, 36.420303439735235 ], [ 128.357775085006494, 36.420186403642816 ], [ 128.358025309961903, 36.420118174648863 ], [ 128.358093028491965, 36.420129857948076 ], [ 128.359003394354659, 36.420029117971076 ], [ 128.359181105177726, 36.420023612756488 ], [ 128.359455355258973, 36.420015174970196 ], [ 128.359879187565326, 36.419969665116113 ], [ 128.360219554785772, 36.419935771931677 ], [ 128.360388782871951, 36.419839041233494 ], [ 128.360533025098164, 36.419790937289228 ], [ 128.360744394713436, 36.419656800336867 ], [ 128.361289735413635, 36.419532735496766 ], [ 128.361320038769918, 36.419523517005217 ], [ 128.361647112471445, 36.419319736160162 ], [ 128.361804563681488, 36.419191661483268 ], [ 128.361987696773184, 36.419042691336898 ], [ 128.361996409627437, 36.419035312537218 ], [ 128.362096730493931, 36.418950393872464 ], [ 128.362263490071911, 36.418815555736778 ], [ 128.362339896199614, 36.418733068105063 ], [ 128.362424445841071, 36.418678640696868 ], [ 128.362475192690908, 36.41863327812635 ], [ 128.362579125523069, 36.418368617352499 ], [ 128.362636418689391, 36.418253621973115 ], [ 128.362687680765589, 36.418150741777815 ], [ 128.362728468215124, 36.418068874373418 ], [ 128.362773323257613, 36.417979080582917 ], [ 128.363058786029768, 36.417407575934966 ], [ 128.363083124456722, 36.41738867379982 ], [ 128.36331075064561, 36.417205461467312 ], [ 128.363718235171831, 36.416814440347572 ], [ 128.363915304437455, 36.416663072424704 ], [ 128.363936158727256, 36.416647512793091 ], [ 128.364163838219383, 36.416394487104448 ], [ 128.364214816512344, 36.416317756021954 ], [ 128.364275242844684, 36.416157214449775 ], [ 128.364373808531354, 36.415896001756266 ], [ 128.364383739839241, 36.415886799944865 ], [ 128.364407725557498, 36.415864570411344 ], [ 128.36441316737691, 36.415859003309862 ], [ 128.364542276148342, 36.415726835672587 ], [ 128.364700932895317, 36.415640820081634 ], [ 128.36488008170565, 36.415582164254609 ], [ 128.365003174420764, 36.415501203349507 ], [ 128.365027602487345, 36.415487582016127 ], [ 128.365085900607056, 36.41545506386359 ], [ 128.365095924936242, 36.415449476093606 ], [ 128.365190259333389, 36.415394918585619 ], [ 128.365231506721869, 36.415338176746623 ], [ 128.365312993441478, 36.41525394795223 ], [ 128.365337505679179, 36.415228621080793 ], [ 128.36537651997088, 36.415190025440403 ], [ 128.365408479762834, 36.41518249986617 ], [ 128.365450178793822, 36.415168790206415 ], [ 128.365521733517596, 36.415129385574168 ], [ 128.365555567257559, 36.415095763660574 ], [ 128.365603292769237, 36.415070389127941 ], [ 128.365698437250671, 36.415049033845641 ], [ 128.365818856209842, 36.415029182771633 ], [ 128.365879594081065, 36.415007770354379 ], [ 128.365955315106532, 36.414981075809528 ], [ 128.366035208064886, 36.414962333525366 ], [ 128.366045478700812, 36.414945653843525 ], [ 128.366064551228931, 36.414914665694688 ], [ 128.366148127151945, 36.41493790041978 ], [ 128.366183159546381, 36.414945980858342 ], [ 128.366185063406704, 36.414973692301089 ], [ 128.366198448409648, 36.414985307223617 ], [ 128.366208257420936, 36.414993821192489 ], [ 128.366318724141479, 36.415026841139223 ], [ 128.366334242126356, 36.415042144078548 ], [ 128.366361440037736, 36.415068971748205 ], [ 128.366378528565491, 36.415085833010522 ], [ 128.366438152071993, 36.415117753379832 ], [ 128.366501568967749, 36.41513429325704 ], [ 128.366559952293528, 36.415140515219022 ], [ 128.366707676674764, 36.415189097479058 ], [ 128.366925383034697, 36.415222975223116 ], [ 128.366966768932116, 36.415234026938094 ], [ 128.367057669304273, 36.415258795852502 ], [ 128.367165977254388, 36.415250251576779 ], [ 128.367157351799108, 36.415233282185731 ], [ 128.367114618909085, 36.415158899653584 ], [ 128.367091109922939, 36.415107544457292 ], [ 128.367086519143243, 36.415060588238063 ], [ 128.367094745150354, 36.415026586534125 ], [ 128.367114412943124, 36.415004612866944 ], [ 128.367156510880534, 36.414955507601086 ], [ 128.367208748168878, 36.414892118895132 ], [ 128.367210161599587, 36.414870489817908 ], [ 128.367196876702678, 36.414847917569361 ], [ 128.367192146107215, 36.414820894022633 ], [ 128.367207936735525, 36.414791708577297 ], [ 128.367310934761463, 36.414709367914703 ], [ 128.367336787075658, 36.414679560021703 ], [ 128.367392055171138, 36.414620467782854 ], [ 128.367477227771559, 36.414554253002947 ], [ 128.367628259412328, 36.414509961251674 ], [ 128.36770605231348, 36.414473760453582 ], [ 128.367757389759589, 36.414460659847414 ], [ 128.367833241086601, 36.414456214163522 ], [ 128.367914366710124, 36.414433836514718 ], [ 128.367979718571831, 36.414408401342378 ], [ 128.36808790103899, 36.414369838284799 ], [ 128.368115028951451, 36.414353148703412 ], [ 128.368190630928524, 36.414342321334381 ], [ 128.368265916131321, 36.414326562952652 ], [ 128.368464639389572, 36.414308881619704 ], [ 128.36854542524631, 36.414325593583946 ], [ 128.368595895501471, 36.414342397155906 ], [ 128.368643097052967, 36.414385560016733 ], [ 128.368722554507428, 36.414425856903243 ], [ 128.368821624646642, 36.414488029403046 ], [ 128.368859936356898, 36.414517943248001 ], [ 128.368926965145789, 36.414524921758741 ], [ 128.368975441534133, 36.414505767774934 ], [ 128.369016032649455, 36.414474568704655 ], [ 128.36904249593448, 36.414446322661554 ], [ 128.369058652273793, 36.414415940374759 ], [ 128.369074950192072, 36.414366715808775 ], [ 128.369138149937442, 36.414247729330668 ], [ 128.369224519307295, 36.41415880166042 ], [ 128.36926594720245, 36.414134374562082 ], [ 128.369364150258235, 36.414143950963656 ], [ 128.369430528450749, 36.414072940303619 ], [ 128.369509411927083, 36.41405335227261 ], [ 128.36956059261135, 36.414043016585865 ], [ 128.369605241114954, 36.414039404932502 ], [ 128.369650068143812, 36.414017879362298 ], [ 128.369787836562693, 36.413954869915166 ], [ 128.369963575455813, 36.413885410628446 ], [ 128.370212547223929, 36.413797396065249 ], [ 128.370272575999024, 36.413725558353001 ], [ 128.370391237180513, 36.413623526572039 ], [ 128.370483112438507, 36.413553857593868 ], [ 128.370653683442043, 36.413451838485123 ], [ 128.370686926889533, 36.413435703284129 ], [ 128.370718711237231, 36.413423525423809 ], [ 128.370767826000446, 36.413409393477075 ], [ 128.370807958069548, 36.413430683307404 ], [ 128.37093433747981, 36.413428836458024 ], [ 128.371001220489973, 36.413427549493541 ], [ 128.371084263463018, 36.413425662924439 ], [ 128.371352231127929, 36.41325062312287 ], [ 128.371540745285756, 36.41302220307341 ], [ 128.371740758757653, 36.412801358938324 ], [ 128.371793584314673, 36.412743179926466 ], [ 128.371841485050254, 36.412703953131953 ], [ 128.371893408625681, 36.412664963802015 ], [ 128.371966650164836, 36.412609262365244 ], [ 128.372051857934736, 36.412674747452598 ], [ 128.372118535740157, 36.412725076618408 ], [ 128.372136231193366, 36.412767686104914 ], [ 128.372145570001123, 36.412790309113227 ], [ 128.372234601126763, 36.412865609712675 ], [ 128.372247991770791, 36.412876593188727 ], [ 128.372246176760228, 36.412946810200523 ], [ 128.372280397381758, 36.41298086471236 ], [ 128.372392703720095, 36.412930892879778 ], [ 128.372549782760018, 36.412860403272198 ], [ 128.372644720299633, 36.41284755719898 ], [ 128.372688874838673, 36.412841499672034 ], [ 128.372750215752887, 36.412811219600385 ], [ 128.372820744752886, 36.41277662630182 ], [ 128.373099823692314, 36.412796541638905 ], [ 128.373090703899265, 36.412836666895444 ], [ 128.373104579401002, 36.412837298619728 ], [ 128.373245380358242, 36.412905220104165 ], [ 128.373268146674633, 36.41291354032839 ], [ 128.373383823559095, 36.412955826952206 ], [ 128.37505770285884, 36.413875032330694 ], [ 128.377468070796482, 36.414271388210345 ], [ 128.377543692258513, 36.414284444488167 ], [ 128.378932239066557, 36.414524187814123 ], [ 128.379449117526832, 36.414307910919369 ], [ 128.380018532245685, 36.413991778439041 ], [ 128.380383411115247, 36.414021468171818 ], [ 128.381006640027579, 36.414640003914329 ], [ 128.381184822745695, 36.414809012005065 ], [ 128.381441332501566, 36.414980589299113 ], [ 128.381584865203507, 36.415033060443243 ], [ 128.382323970741112, 36.415447287356272 ], [ 128.382561415441955, 36.415672778300255 ], [ 128.382673817755176, 36.415822618205482 ], [ 128.382754620561485, 36.41591931570364 ], [ 128.382773617981769, 36.415947602088579 ], [ 128.38284878162338, 36.416059481708785 ], [ 128.382967550408324, 36.416247418867755 ], [ 128.383123967830642, 36.416295214854202 ], [ 128.383318939287221, 36.416329116239631 ], [ 128.383400040999675, 36.41634322449606 ], [ 128.383596805284725, 36.416377441098689 ], [ 128.38364478262497, 36.416398469839706 ], [ 128.383855558632973, 36.416490873640278 ], [ 128.383887080662987, 36.416504689083354 ], [ 128.38408101156071, 36.416832178342887 ], [ 128.384114496031344, 36.416905173344482 ], [ 128.384123030526041, 36.4169468055129 ], [ 128.384133701725574, 36.417045302243757 ], [ 128.384145999395685, 36.417284864295056 ], [ 128.384174728413313, 36.417606578947854 ], [ 128.384088563662004, 36.417686804383813 ], [ 128.383961253799981, 36.4178053411256 ], [ 128.38367962194792, 36.418068524920962 ], [ 128.383421290080321, 36.418285437469052 ], [ 128.383093543668082, 36.418563466394737 ], [ 128.382870109187365, 36.418738024192578 ], [ 128.382841780132821, 36.418760153839195 ], [ 128.382314150243275, 36.419116094557801 ], [ 128.382384782974782, 36.419218939438281 ], [ 128.382541506736601, 36.419456465685244 ], [ 128.382729105414029, 36.419732008974897 ], [ 128.382816948534327, 36.419823011558911 ], [ 128.382908507833605, 36.419917854199596 ], [ 128.383142216449613, 36.420053930562446 ], [ 128.383480020451429, 36.420239639838222 ], [ 128.383594896018394, 36.420302107190565 ], [ 128.384037713145034, 36.420607706385084 ], [ 128.384118880372853, 36.420729627953172 ], [ 128.384136941076463, 36.420753908161998 ], [ 128.384184541781337, 36.420828517047099 ], [ 128.384327254370191, 36.420998904996921 ], [ 128.384342217064187, 36.421015932937507 ], [ 128.384453091067286, 36.421148929724566 ], [ 128.384475481490028, 36.421171393910548 ], [ 128.384508991987474, 36.421213182109724 ], [ 128.384635175552688, 36.421236254591768 ], [ 128.384702425908102, 36.42124856021627 ], [ 128.384796674685845, 36.421239260515655 ], [ 128.384848179393003, 36.421294064022064 ], [ 128.384867363699271, 36.421314483993498 ], [ 128.384888281257957, 36.421280681775983 ], [ 128.385323516861888, 36.421339124021912 ], [ 128.385451987457117, 36.421357863905861 ], [ 128.385509389894793, 36.421366243331597 ], [ 128.385533447528303, 36.421368250830035 ], [ 128.385599688392603, 36.421377108354235 ], [ 128.386174016208429, 36.421910160961339 ], [ 128.386345736933748, 36.421980217879231 ], [ 128.386483277643777, 36.422016891184796 ], [ 128.386770810680787, 36.422093545557729 ], [ 128.386839030400694, 36.422111739473571 ], [ 128.386935268008671, 36.422137403888669 ], [ 128.3870132677649, 36.422165371433621 ], [ 128.387096048787299, 36.42219504867662 ], [ 128.387174615675917, 36.422223226298655 ], [ 128.387203614093494, 36.422233621540393 ], [ 128.387282314903103, 36.422059320654675 ], [ 128.387324508765943, 36.421994087237081 ], [ 128.387348499831461, 36.421845980653117 ], [ 128.387409138679061, 36.421737947378276 ], [ 128.38746160872887, 36.42165199527085 ], [ 128.387507075940732, 36.421601494376191 ], [ 128.387508170325276, 36.421561624164049 ], [ 128.387512193049673, 36.421557697815402 ], [ 128.387556090026663, 36.421463023518463 ], [ 128.38762896350238, 36.421329063888038 ] ] ] } },
{ "type": "Feature", "properties": { "spatial_region": "안계면", "facility_count": 32, "total_capacity": 2183.4, "area_km2": 43.71, "facilities_per_km2": 0.732, "population_status": "AVAILABLE", "emd_code": "4773043000", "emd_name": "안계면", "total_population": 4208, "youth_population": 575, "youth_ratio": 13.664448669201521, "elderly_population": 1772, "elderly_ratio": 42.110266159695819, "population_change": -43, "year": 2025 }, "geometry": { "type": "Polygon", "coordinates": [ [ [ 128.433354485950787, 36.434881045843397 ], [ 128.434688039989567, 36.433738220428147 ], [ 128.435547736719087, 36.433940443211263 ], [ 128.435813762057847, 36.433921644291431 ], [ 128.436498042708166, 36.434177413397542 ], [ 128.437349441148996, 36.434017402997767 ], [ 128.437646720994337, 36.434008516124187 ], [ 128.438444981918991, 36.43399430525379 ], [ 128.438731323560773, 36.4338491553452 ], [ 128.438920810732753, 36.433753111654191 ], [ 128.439361954529772, 36.433525720662352 ], [ 128.439776107969152, 36.433312240958699 ], [ 128.440093856575686, 36.432964666052008 ], [ 128.440200583951878, 36.432837249616782 ], [ 128.440213677219418, 36.432821640172904 ], [ 128.440234610936528, 36.43281059135515 ], [ 128.440397569514204, 36.43272452246957 ], [ 128.440702541926356, 36.432575688513353 ], [ 128.440972704390418, 36.432618157666603 ], [ 128.441545659811453, 36.432456350135148 ], [ 128.441727490760542, 36.432481344533549 ], [ 128.442108203882725, 36.432515849527867 ], [ 128.443195848159689, 36.431957162716571 ], [ 128.443132830672766, 36.431756064776252 ], [ 128.443503178440437, 36.431339022618204 ], [ 128.443968330639848, 36.430470170710493 ], [ 128.444028426455276, 36.430357915651541 ], [ 128.444046521840079, 36.430325675872133 ], [ 128.444220594917937, 36.430126460089674 ], [ 128.444281624830751, 36.430056617390235 ], [ 128.444588077159352, 36.429705886538272 ], [ 128.444894312919786, 36.42935542420387 ], [ 128.446116212981792, 36.428627442059494 ], [ 128.446151939489738, 36.428654408446782 ], [ 128.446188888004144, 36.428610000362269 ], [ 128.44615747478872, 36.428586487430593 ], [ 128.446790908036633, 36.428082967029759 ], [ 128.447874589140753, 36.427324541370552 ], [ 128.4481119612893, 36.42715841510924 ], [ 128.448598015645899, 36.427283006964018 ], [ 128.448961160720103, 36.427378029126274 ], [ 128.449957603521625, 36.427046137024426 ], [ 128.450827357997127, 36.427036868257645 ], [ 128.451237188237485, 36.426977920848188 ], [ 128.451726048018145, 36.426907602930669 ], [ 128.452144685550934, 36.426847179015269 ], [ 128.45253867671866, 36.427626549259706 ], [ 128.453202279415393, 36.428555314693071 ], [ 128.454174351852259, 36.429582058038385 ], [ 128.454492584434263, 36.429942624943813 ], [ 128.45477424816869, 36.430602989615707 ], [ 128.454763561914376, 36.430635219905071 ], [ 128.455017492056868, 36.430314437223394 ], [ 128.455293151792489, 36.430210543240356 ], [ 128.455336091087531, 36.430195411079879 ], [ 128.455715765999258, 36.429907562301779 ], [ 128.456048318454748, 36.429655425930363 ], [ 128.456419160095805, 36.429612674624138 ], [ 128.457030870666131, 36.429710933438464 ], [ 128.457535435954071, 36.430218805851446 ], [ 128.458417410079875, 36.430567132321038 ], [ 128.458460059338535, 36.4305839795636 ], [ 128.459867567197875, 36.43044249363566 ], [ 128.461310367473601, 36.430445506153355 ], [ 128.461346475783444, 36.430445606423106 ], [ 128.462483543971018, 36.430216175175794 ], [ 128.462496867044024, 36.430213396692075 ], [ 128.462521414610904, 36.430253311346476 ], [ 128.462618896434577, 36.430415471914763 ], [ 128.462657827028721, 36.430518712260437 ], [ 128.462671587543696, 36.430517188331663 ], [ 128.462718841071393, 36.430511769366511 ], [ 128.462731933700439, 36.430513297319429 ], [ 128.462769357984286, 36.43051823326693 ], [ 128.462802939735695, 36.430562829550979 ], [ 128.462790781143411, 36.430579445991953 ], [ 128.462831911332586, 36.430562888162342 ], [ 128.462897995945042, 36.430524157416919 ], [ 128.462921063881964, 36.430503868418334 ], [ 128.462934787960677, 36.43049470253321 ], [ 128.462914949158829, 36.430491477043766 ], [ 128.462885826769877, 36.430480964419289 ], [ 128.462868153549039, 36.430474198155146 ], [ 128.462851555765269, 36.430465111769948 ], [ 128.462827778296798, 36.430429913678623 ], [ 128.46281782164877, 36.430394147128951 ], [ 128.462786023915584, 36.430349594943031 ], [ 128.462759393447726, 36.430309301473251 ], [ 128.462733259765628, 36.430216482137332 ], [ 128.462724181962329, 36.430182648007836 ], [ 128.463868224973396, 36.430104988874632 ], [ 128.464002688378429, 36.430084318054284 ], [ 128.464952877638751, 36.430018472951758 ], [ 128.465891998385246, 36.429562047669087 ], [ 128.466150026120118, 36.429324327584723 ], [ 128.466766646540918, 36.428948796192898 ], [ 128.467110989431404, 36.427919077853581 ], [ 128.467074092943676, 36.427886083766531 ], [ 128.46651105982545, 36.427382972713701 ], [ 128.467206259006559, 36.426476471741076 ], [ 128.467212770883208, 36.425848271786485 ], [ 128.467178127510749, 36.425462153348086 ], [ 128.467360477674021, 36.425317397053909 ], [ 128.468275466679785, 36.425204688081593 ], [ 128.468287432578734, 36.425202912175344 ], [ 128.468458617108183, 36.425177389844336 ], [ 128.468569794159777, 36.425150887559155 ], [ 128.468709376259881, 36.425127089207088 ], [ 128.468737638193119, 36.425162180008904 ], [ 128.468935598068526, 36.425028548069058 ], [ 128.46896830342871, 36.424669305396968 ], [ 128.468973740307661, 36.424609574235177 ], [ 128.468987343102981, 36.424039800229458 ], [ 128.469273217119621, 36.423758338157199 ], [ 128.469385422047367, 36.423647852270626 ], [ 128.470009862243643, 36.423310394059747 ], [ 128.470036859706482, 36.423295401890215 ], [ 128.470542263941496, 36.422895402701229 ], [ 128.471064389564276, 36.422482165578373 ], [ 128.471274471405735, 36.422335255455799 ], [ 128.471350269432179, 36.422125713514205 ], [ 128.471251894634094, 36.420789777195473 ], [ 128.47122169511934, 36.420772413051282 ], [ 128.471198829449207, 36.420750575702726 ], [ 128.471156389626572, 36.420480275632755 ], [ 128.471239767243958, 36.419757497590112 ], [ 128.4709159633654, 36.419384423786568 ], [ 128.470796288974924, 36.419060044585152 ], [ 128.470846374393574, 36.419014218227829 ], [ 128.470898771349397, 36.418984262416345 ], [ 128.470771781743707, 36.418991141634848 ], [ 128.470725921986656, 36.418869849854623 ], [ 128.470358611412536, 36.417898278405474 ], [ 128.470345184864243, 36.417251767275708 ], [ 128.470244428152171, 36.416607796362811 ], [ 128.470238957555438, 36.416572843314547 ], [ 128.470404914379969, 36.416154436914127 ], [ 128.470779530139964, 36.41585609924828 ], [ 128.471187434532283, 36.414714824742724 ], [ 128.471236579226399, 36.414577301590661 ], [ 128.471435163313487, 36.413841742124191 ], [ 128.471491278724528, 36.413672529159925 ], [ 128.473455431596989, 36.412351153259593 ], [ 128.473976151276162, 36.41214129569569 ], [ 128.4741839260912, 36.411766594088142 ], [ 128.474563073232162, 36.411729689126915 ], [ 128.475098013972485, 36.412155743971596 ], [ 128.476309006092521, 36.411941085689008 ], [ 128.477236280886359, 36.411998976779621 ], [ 128.478024530409726, 36.411976868673314 ], [ 128.478716863846927, 36.412315959866469 ], [ 128.478877219358225, 36.412437668735528 ], [ 128.479843311987878, 36.413170917531737 ], [ 128.480029753485667, 36.413872451437861 ], [ 128.480655985741095, 36.414295050082103 ], [ 128.480883843760921, 36.41444724830211 ], [ 128.482040329724413, 36.414769337383049 ], [ 128.483920237072027, 36.413985330746243 ], [ 128.484117797287126, 36.413908795638463 ], [ 128.484178135295195, 36.413885545900222 ], [ 128.484237920984384, 36.413868241359275 ], [ 128.486070040808158, 36.413337848903694 ], [ 128.48621381039149, 36.412927542735943 ], [ 128.486501962415076, 36.412741390519891 ], [ 128.486696810042304, 36.412615501182465 ], [ 128.48695653118142, 36.412447707981123 ], [ 128.487508631801262, 36.412299042804889 ], [ 128.4877026931361, 36.412275213234331 ], [ 128.488081239367972, 36.412254519591698 ], [ 128.488220565128444, 36.412255118470199 ], [ 128.488237454128239, 36.412174042048022 ], [ 128.488261970089638, 36.411941955805872 ], [ 128.488309316841367, 36.41166951480524 ], [ 128.488381548751619, 36.411322312724373 ], [ 128.488566563710378, 36.410496576945604 ], [ 128.488919328074047, 36.409986640791878 ], [ 128.489069867768023, 36.409864648558631 ], [ 128.487810917399031, 36.408986390168323 ], [ 128.487738222162818, 36.408692733345177 ], [ 128.48768730986788, 36.408480616617346 ], [ 128.487115007060794, 36.408200633278724 ], [ 128.486242387476835, 36.407835211060046 ], [ 128.486092768775023, 36.407723164632621 ], [ 128.486246160370769, 36.406373949336768 ], [ 128.485852845663686, 36.406136933086017 ], [ 128.486418853523446, 36.404859382540046 ], [ 128.486879519435121, 36.404247762111204 ], [ 128.486866840867549, 36.402878833134025 ], [ 128.487292427719638, 36.40267568007107 ], [ 128.487771609621802, 36.402269383018634 ], [ 128.487791709492882, 36.402252338484317 ], [ 128.487822079763504, 36.401975606790892 ], [ 128.488033302993784, 36.400896325616557 ], [ 128.487623815739397, 36.399627682353405 ], [ 128.488281360997661, 36.399417052420375 ], [ 128.488978650300709, 36.39907619197276 ], [ 128.48910701513168, 36.398586306000425 ], [ 128.489097039393016, 36.398509745957952 ], [ 128.489116713601419, 36.397968045673636 ], [ 128.489139665603801, 36.39733618959977 ], [ 128.489549424896751, 36.397219137954899 ], [ 128.489663191521231, 36.397186634135146 ], [ 128.489693186826941, 36.397179985959575 ], [ 128.489795652963579, 36.397157292253425 ], [ 128.490128307954961, 36.396652158276098 ], [ 128.49060267506519, 36.396513751783246 ], [ 128.491401031640976, 36.396211770534791 ], [ 128.491827201915697, 36.396150896182263 ], [ 128.491944335767329, 36.396211800512631 ], [ 128.492519373669836, 36.39645990773662 ], [ 128.492822275207544, 36.396738997880867 ], [ 128.49297123137319, 36.396788474866767 ], [ 128.494213999138765, 36.39712549339022 ], [ 128.495024600446129, 36.397101565060865 ], [ 128.49629198014523, 36.397542443654416 ], [ 128.496595302459099, 36.397297313662889 ], [ 128.49695762578736, 36.397134590658879 ], [ 128.4975408945879, 36.396850250502474 ], [ 128.498364917675246, 36.396448536709265 ], [ 128.498430320778112, 36.396416649857649 ], [ 128.499295824743768, 36.396518896574776 ], [ 128.50008715974036, 36.396787801240713 ], [ 128.501186641073559, 36.396613747971124 ], [ 128.50206250928494, 36.396475084484422 ], [ 128.50286369086237, 36.3959036190437 ], [ 128.502993946613827, 36.395633797271358 ], [ 128.504086385053, 36.395093754487171 ], [ 128.504902842766086, 36.395002304675849 ], [ 128.505578747635838, 36.394300749339401 ], [ 128.506253872583187, 36.394076954027909 ], [ 128.506916930023579, 36.392665900514693 ], [ 128.507012058767657, 36.392590948465397 ], [ 128.508239562511392, 36.391673399060977 ], [ 128.508419532340866, 36.391496172189825 ], [ 128.508399287753178, 36.391443740299536 ], [ 128.508169910650423, 36.390853002687876 ], [ 128.508375845597953, 36.390632167853219 ], [ 128.508522786015959, 36.390532817777824 ], [ 128.508472800122235, 36.390080301689231 ], [ 128.508461297111978, 36.390016821618573 ], [ 128.508232724989256, 36.389436847163445 ], [ 128.507927186726988, 36.388778829252836 ], [ 128.507800303892907, 36.388505578067679 ], [ 128.50764615141884, 36.387967507433679 ], [ 128.507405193057849, 36.386850911598764 ], [ 128.507375925018636, 36.386715292180362 ], [ 128.507432568686596, 36.386330803376502 ], [ 128.507463543948006, 36.386291676963069 ], [ 128.507580658766187, 36.38614373121991 ], [ 128.507922693117138, 36.385694781274594 ], [ 128.508340189503031, 36.385505009029856 ], [ 128.508835559541552, 36.385007161538098 ], [ 128.509131172676661, 36.38454241747533 ], [ 128.509110069289079, 36.384182677516172 ], [ 128.509096082426623, 36.384108400321189 ], [ 128.509042574463791, 36.384059003455533 ], [ 128.50901582400698, 36.384022261023347 ], [ 128.508975084978715, 36.383966329284988 ], [ 128.508407374113773, 36.383186935021222 ], [ 128.508119507693635, 36.38259305341851 ], [ 128.50798269396094, 36.382310803629942 ], [ 128.507940282779686, 36.382045308793792 ], [ 128.507818710723825, 36.381284353248311 ], [ 128.506667671807378, 36.38034814273103 ], [ 128.506353235027774, 36.37976707827405 ], [ 128.505646647860431, 36.379164452330464 ], [ 128.505710653177005, 36.378013746386308 ], [ 128.505659921205421, 36.377849281251144 ], [ 128.505569486608778, 36.377556082661499 ], [ 128.5054580985651, 36.377194948585689 ], [ 128.50530449361699, 36.37700120094263 ], [ 128.505163089529276, 36.376360554928681 ], [ 128.505154672799108, 36.376322445905586 ], [ 128.505270881158253, 36.37515751091 ], [ 128.504995685219001, 36.374659593410506 ], [ 128.504865374032562, 36.374446963482249 ], [ 128.504535876161697, 36.37390240933744 ], [ 128.504008212961395, 36.373260614009126 ], [ 128.503328130148049, 36.373093859020472 ], [ 128.502290617534612, 36.372404898113153 ], [ 128.501071235193791, 36.371779752834684 ], [ 128.500042436209924, 36.371355389947205 ], [ 128.499959906678129, 36.37130895813749 ], [ 128.499950035310974, 36.371265318499468 ], [ 128.499898558641291, 36.371115257240135 ], [ 128.499780303745638, 36.370773887302491 ], [ 128.499886763776971, 36.370463388432448 ], [ 128.500144103627804, 36.369712872515166 ], [ 128.500246765752308, 36.369472855221758 ], [ 128.500648708642643, 36.369002566185181 ], [ 128.501347685039576, 36.368594284832405 ], [ 128.50116255696966, 36.367109845280766 ], [ 128.500811373262962, 36.366817947614997 ], [ 128.500482596763334, 36.365146399998629 ], [ 128.500439099675873, 36.364925261544194 ], [ 128.499611090944882, 36.36451258660481 ], [ 128.498890824856971, 36.364153608878404 ], [ 128.499028227167003, 36.36372772951588 ], [ 128.499158221763309, 36.363365485971137 ], [ 128.499359792831029, 36.362467098802206 ], [ 128.499110453741793, 36.362258035300165 ], [ 128.499105785417782, 36.362254546195246 ], [ 128.498258987989686, 36.361622899344354 ], [ 128.49776977758961, 36.361407712993895 ], [ 128.4976500871459, 36.361169977195573 ], [ 128.497640252952777, 36.361150344443409 ], [ 128.498186708541311, 36.360515777359076 ], [ 128.497987052319274, 36.359906488837019 ], [ 128.497418539328237, 36.359378137012385 ], [ 128.496829778790499, 36.359075888964028 ], [ 128.495913727522833, 36.358695141160133 ], [ 128.495779177896083, 36.358639222355905 ], [ 128.495240013841908, 36.358571830301635 ], [ 128.494979349204698, 36.358539248052431 ], [ 128.494289774871277, 36.358388180873895 ], [ 128.494076576952693, 36.358365359465594 ], [ 128.493689605619494, 36.358323938286922 ], [ 128.493034164838718, 36.357989081478031 ], [ 128.492487274565747, 36.357786667894857 ], [ 128.491446739271368, 36.35700894280204 ], [ 128.490951714798967, 36.356510765427217 ], [ 128.490928581262665, 36.356487587792238 ], [ 128.489982689601106, 36.355309416654805 ], [ 128.490003474267525, 36.355156803438106 ], [ 128.490026389003447, 36.354988519082042 ], [ 128.489370549683116, 36.354518754256674 ], [ 128.48910731353439, 36.354330201827032 ], [ 128.489017250747281, 36.355020404410084 ], [ 128.489017027795086, 36.355022124676523 ], [ 128.489012720486357, 36.355055476294403 ], [ 128.488994135072915, 36.355093236449981 ], [ 128.488988071775026, 36.355105538364747 ], [ 128.488637527433184, 36.35581828768651 ], [ 128.488201897798859, 36.356752464755687 ], [ 128.487932001867591, 36.357166615262727 ], [ 128.487246152806449, 36.357391497821666 ], [ 128.487190381980895, 36.357409803741575 ], [ 128.486491741405416, 36.357410994239693 ], [ 128.486100000461249, 36.357411657328669 ], [ 128.485657079919292, 36.357420280776914 ], [ 128.485149046865814, 36.357530587856871 ], [ 128.484499984416317, 36.357671517010878 ], [ 128.484427178615817, 36.35776212935113 ], [ 128.482284340249691, 36.357631883891337 ], [ 128.481157331955643, 36.358775739082766 ], [ 128.479768799086713, 36.358585505076285 ], [ 128.479147611517078, 36.358500388997442 ], [ 128.478616769273231, 36.35838215982227 ], [ 128.478491270618804, 36.358354206254376 ], [ 128.478178397715368, 36.358284510323614 ], [ 128.478059787931926, 36.358282702166662 ], [ 128.477455296977752, 36.358253711766999 ], [ 128.476865261577899, 36.358228990206023 ], [ 128.476558782796502, 36.358219470718424 ], [ 128.47620587250745, 36.358101354506381 ], [ 128.475924930006386, 36.358007344498368 ], [ 128.475875808536983, 36.358008921755356 ], [ 128.475866818255611, 36.35800881011717 ], [ 128.475050279350626, 36.357999466202806 ], [ 128.474925929718808, 36.357998044184356 ], [ 128.474536200277726, 36.357994082283611 ], [ 128.474416161010453, 36.357992858975109 ], [ 128.473951140426919, 36.35779712006957 ], [ 128.47392691359417, 36.357776502652065 ], [ 128.473834663398804, 36.357831048233059 ], [ 128.473703536297961, 36.357917665633103 ], [ 128.473530407079494, 36.358000853133291 ], [ 128.473354048130176, 36.35807720430531 ], [ 128.473293830150737, 36.358105117494617 ], [ 128.473221292145496, 36.358132687817019 ], [ 128.47312350586742, 36.358228139168041 ], [ 128.473061501410257, 36.358345601865651 ], [ 128.473066727432695, 36.35846087464207 ], [ 128.473028190868519, 36.358608999510999 ], [ 128.47304599588665, 36.358666527356135 ], [ 128.473078834230563, 36.358675729256028 ], [ 128.47311155373211, 36.358773397734851 ], [ 128.473114134600365, 36.358825081798635 ], [ 128.473100461089359, 36.358881569276427 ], [ 128.473073245538558, 36.358932229429094 ], [ 128.472973917417164, 36.359056159564105 ], [ 128.472932737199102, 36.359061312299765 ], [ 128.472824215528931, 36.359114613594677 ], [ 128.472719576298658, 36.359168770051149 ], [ 128.472521812283503, 36.359284469119331 ], [ 128.472423223020513, 36.359341833197476 ], [ 128.472297203958533, 36.3594204873352 ], [ 128.472190258611988, 36.359497540653813 ], [ 128.47208441900753, 36.359567578720046 ], [ 128.471972872377023, 36.359660994584011 ], [ 128.471949757684371, 36.359721261008595 ], [ 128.471797358035133, 36.359812522109813 ], [ 128.471813089139545, 36.359837301709341 ], [ 128.471782679407028, 36.359883991294645 ], [ 128.471696417856947, 36.359968354158696 ], [ 128.471567505218104, 36.360080788262742 ], [ 128.471387450729651, 36.360237801134986 ], [ 128.471261672650797, 36.360341336313439 ], [ 128.471225244554631, 36.36038165486417 ], [ 128.47116499332833, 36.36045186735992 ], [ 128.470738018314705, 36.36074794083364 ], [ 128.470529825915492, 36.360934754987376 ], [ 128.469956926290052, 36.361276109340338 ], [ 128.469861178102889, 36.36139017599956 ], [ 128.469764807978919, 36.361354854211072 ], [ 128.469724081621649, 36.361334027356563 ], [ 128.469706160015448, 36.361333217658185 ], [ 128.4696046087806, 36.361358529887298 ], [ 128.469581472656557, 36.361364293463666 ], [ 128.469474647329776, 36.361390185882726 ], [ 128.468984987857823, 36.361439316894938 ], [ 128.468460791392801, 36.361427526498851 ], [ 128.468066415186712, 36.361417953524814 ], [ 128.468013845838215, 36.361416673488435 ], [ 128.467965272667442, 36.361409409534488 ], [ 128.467769508051333, 36.361359331854437 ], [ 128.467694676891057, 36.361340190341984 ], [ 128.467675223876967, 36.361335219142099 ], [ 128.467539231488104, 36.361463477661822 ], [ 128.467416103686105, 36.361577609236903 ], [ 128.467323528314779, 36.361665374100525 ], [ 128.467207121623176, 36.361770884347493 ], [ 128.467186616141106, 36.361789473740238 ], [ 128.467082435151525, 36.361902626310332 ], [ 128.467049474036827, 36.361965064567386 ], [ 128.467021807379808, 36.361989713753736 ], [ 128.467023207804004, 36.361928296839572 ], [ 128.467022709341393, 36.361870836542572 ], [ 128.467021962202324, 36.361784564993968 ], [ 128.466890229361582, 36.361951159204068 ], [ 128.466888665721086, 36.361959857429802 ], [ 128.466720533200714, 36.362815127471777 ], [ 128.46643998160792, 36.363411972395667 ], [ 128.466084033255896, 36.363679293545665 ], [ 128.465672620604124, 36.364139483769797 ], [ 128.465412933644615, 36.364647429997717 ], [ 128.465378273195171, 36.364744446696754 ], [ 128.465345526636014, 36.364793097641353 ], [ 128.46532907571023, 36.364860412653911 ], [ 128.465291260981076, 36.364952675061964 ], [ 128.465245125875782, 36.36495680260483 ], [ 128.465206041023265, 36.365092873736387 ], [ 128.465149891861927, 36.365159893386455 ], [ 128.465130320699529, 36.365201249933214 ], [ 128.465051532214432, 36.365253361831087 ], [ 128.463094853723135, 36.365246345476777 ], [ 128.462780566734068, 36.365480068831765 ], [ 128.462482976867477, 36.365696519319854 ], [ 128.461966438462895, 36.365925633195779 ], [ 128.461564748593531, 36.366092552070938 ], [ 128.461065178231621, 36.366263172252474 ], [ 128.460434924190537, 36.366474363653353 ], [ 128.460205473021773, 36.366549057959823 ], [ 128.459841688992384, 36.366654034722281 ], [ 128.459571329996976, 36.366737121401265 ], [ 128.459337336328531, 36.366807846344962 ], [ 128.458822153983277, 36.366943592442205 ], [ 128.458337719487645, 36.36708310776357 ], [ 128.457865613885048, 36.367202410106771 ], [ 128.457754637262298, 36.367229102155633 ], [ 128.45756792012449, 36.367273995213274 ], [ 128.45747765646567, 36.367296023166588 ], [ 128.457186956519934, 36.367361646446327 ], [ 128.456565864111269, 36.367470658463183 ], [ 128.455846856348103, 36.367506703760512 ], [ 128.455385459952282, 36.36753086462609 ], [ 128.454627619835492, 36.367491946810276 ], [ 128.454276231310445, 36.367604091473304 ], [ 128.453825599529836, 36.367731343278841 ], [ 128.453493983350256, 36.367815415000734 ], [ 128.453091334296005, 36.367868952905042 ], [ 128.452520916412453, 36.367948402091692 ], [ 128.452191175866005, 36.36799991988952 ], [ 128.451643167019853, 36.368059957781192 ], [ 128.451053865807552, 36.368121091592933 ], [ 128.450471824771512, 36.368151183979997 ], [ 128.449810782364068, 36.368173230902194 ], [ 128.449513877648599, 36.368183610769286 ], [ 128.449051310348551, 36.368197621711083 ], [ 128.448367290923414, 36.368254294116277 ], [ 128.447699678478102, 36.368310146499084 ], [ 128.447197373314964, 36.368335401786467 ], [ 128.4467109853978, 36.368350437624329 ], [ 128.446458345710084, 36.368351985796764 ], [ 128.446207061548392, 36.368352512412471 ], [ 128.445628695171365, 36.368365232918926 ], [ 128.445381369481737, 36.368359098620203 ], [ 128.445124978998962, 36.368352209683572 ], [ 128.444672522209288, 36.36831381226127 ], [ 128.444221776543429, 36.368283973113037 ], [ 128.443988669259568, 36.368268485128688 ], [ 128.443699043578533, 36.36824710060317 ], [ 128.443411881589213, 36.368241181771381 ], [ 128.442749797964098, 36.368251100199181 ], [ 128.442219543203834, 36.368251791433686 ], [ 128.442053978140791, 36.368249538438008 ], [ 128.44171092819397, 36.368243074467109 ], [ 128.441640094756451, 36.368241381835517 ], [ 128.441600483360276, 36.368245900276129 ], [ 128.441301194735559, 36.368223374256559 ], [ 128.441124566730338, 36.368208451870551 ], [ 128.440315466526869, 36.368187244068046 ], [ 128.439565149824432, 36.368120384175725 ], [ 128.439206949387625, 36.368108885386626 ], [ 128.438723806384843, 36.368057064981677 ], [ 128.437910403096879, 36.367943749173662 ], [ 128.437347801326666, 36.367923097978377 ], [ 128.437329459130979, 36.367617662513339 ], [ 128.437317459544545, 36.367440014359182 ], [ 128.437308588292808, 36.36721181691059 ], [ 128.437277718518914, 36.366892994098755 ], [ 128.436446549954582, 36.366883929730356 ], [ 128.435751226057249, 36.366892552803598 ], [ 128.433920044629645, 36.366902324081359 ], [ 128.433138618373675, 36.366911433082734 ], [ 128.432996884614482, 36.366916102681024 ], [ 128.432346453711091, 36.366927758177219 ], [ 128.431951896280395, 36.366924661531748 ], [ 128.431738395718895, 36.366924409635935 ], [ 128.431238148832051, 36.366927754547199 ], [ 128.431047048551449, 36.366930041452783 ], [ 128.431189977741013, 36.367431894440301 ], [ 128.431736606740373, 36.369158194336691 ], [ 128.43181363380171, 36.36903793248419 ], [ 128.431752364533082, 36.369240482209172 ], [ 128.431725253989811, 36.369322998216035 ], [ 128.431649170827995, 36.369410029765334 ], [ 128.431618489215822, 36.369467278240791 ], [ 128.43158285186999, 36.369609689618727 ], [ 128.431574652862253, 36.369643002399876 ], [ 128.431532979469125, 36.369812419731495 ], [ 128.431526594643572, 36.369838378694574 ], [ 128.431524333318777, 36.369859671302088 ], [ 128.431512782236297, 36.369883541965159 ], [ 128.431495905460935, 36.369919543852596 ], [ 128.431489774551466, 36.369935131686454 ], [ 128.431484455001595, 36.369983084003962 ], [ 128.431497681958973, 36.370060962169291 ], [ 128.431517155811207, 36.370110411538313 ], [ 128.431516317089887, 36.370168874719894 ], [ 128.431516297560819, 36.370194467536365 ], [ 128.431515280083232, 36.370272854484867 ], [ 128.431514824956906, 36.370284837725386 ], [ 128.431462666176373, 36.370338063650806 ], [ 128.431460818438637, 36.370345426314017 ], [ 128.431442521362015, 36.370418774444708 ], [ 128.431414495832968, 36.370534962298144 ], [ 128.431405907380508, 36.370568174076233 ], [ 128.43139964470771, 36.370623195980336 ], [ 128.431398824620032, 36.370753932172597 ], [ 128.431381460584333, 36.37086432236223 ], [ 128.431370002265908, 36.370954870179403 ], [ 128.431381883686868, 36.371070554541561 ], [ 128.431405236882597, 36.371287827180659 ], [ 128.431422737705731, 36.371355731881572 ], [ 128.43146812790593, 36.371533900233366 ], [ 128.431502358683275, 36.371686818932439 ], [ 128.43153471100203, 36.371764247617435 ], [ 128.431621093945012, 36.37187265451027 ], [ 128.431651415160985, 36.371909269015887 ], [ 128.431723632648726, 36.37201498589949 ], [ 128.431743074790177, 36.372042888366721 ], [ 128.431758392670332, 36.372064850552505 ], [ 128.431767555240413, 36.372078222379031 ], [ 128.431793362243752, 36.372144057915506 ], [ 128.431792109309924, 36.372182936930592 ], [ 128.431795056742146, 36.372339590353413 ], [ 128.431811397906614, 36.372398504908283 ], [ 128.431785049922581, 36.372457288003147 ], [ 128.431779270177373, 36.372496523917007 ], [ 128.431763241578238, 36.372599530999331 ], [ 128.431716783465077, 36.372688361927949 ], [ 128.431714466757541, 36.372692793590673 ], [ 128.431700401690733, 36.372706838654793 ], [ 128.43166316728167, 36.372744113218396 ], [ 128.431628758004507, 36.37280044272206 ], [ 128.431583731935746, 36.372844150413179 ], [ 128.43151643736789, 36.372925059810782 ], [ 128.43149956528373, 36.372980184280742 ], [ 128.431493815850558, 36.372999964312172 ], [ 128.431490343990191, 36.373251334880344 ], [ 128.431490219730392, 36.37335543609646 ], [ 128.431506664685742, 36.37344900071475 ], [ 128.431537659634301, 36.373481932718676 ], [ 128.431606426711028, 36.373521569276477 ], [ 128.431614828465314, 36.373532324123943 ], [ 128.431639486940924, 36.373564694193753 ], [ 128.431650107055702, 36.373598258924019 ], [ 128.431731294416238, 36.373846392554803 ], [ 128.431780729394603, 36.373989741234567 ], [ 128.431811448519056, 36.37406054753064 ], [ 128.43190489902338, 36.374265303676573 ], [ 128.431942753053136, 36.374364773747175 ], [ 128.431972946569488, 36.374457277381559 ], [ 128.43202402696383, 36.374615025288541 ], [ 128.432051689241803, 36.374675669906274 ], [ 128.432120241919591, 36.374816775549071 ], [ 128.432143227503502, 36.374951869562324 ], [ 128.432160394057945, 36.375061252833454 ], [ 128.432147017617069, 36.375110734760412 ], [ 128.432155798787932, 36.375204028443676 ], [ 128.432164252631168, 36.375226020939756 ], [ 128.432251128936713, 36.375473829821388 ], [ 128.432266438279385, 36.375498603505122 ], [ 128.432304034475777, 36.375558655565086 ], [ 128.432327458592397, 36.375662688701354 ], [ 128.432317035472153, 36.375695315034292 ], [ 128.432238761241251, 36.375744280503696 ], [ 128.432189888018115, 36.37576061992079 ], [ 128.432141405385721, 36.375776880074945 ], [ 128.432128582906273, 36.375820669314933 ], [ 128.432134575711672, 36.375850075624236 ], [ 128.432149545969764, 36.375916796608621 ], [ 128.432186717849163, 36.375970862990904 ], [ 128.432183661352838, 36.376004930219615 ], [ 128.432194545522833, 36.376039036843132 ], [ 128.432224752790233, 36.376132838124811 ], [ 128.432230078743288, 36.376157420055691 ], [ 128.432252925695536, 36.376277968670834 ], [ 128.432265126962221, 36.376301087435735 ], [ 128.432270508884187, 36.376311872903422 ], [ 128.432277990065899, 36.376326669513688 ], [ 128.432320273359664, 36.37641033620681 ], [ 128.432395594680912, 36.376404260753418 ], [ 128.432445692571775, 36.376426379495939 ], [ 128.432451233468612, 36.376445942990443 ], [ 128.432461895506151, 36.376483031362405 ], [ 128.43246402470163, 36.376490584195032 ], [ 128.432487420914327, 36.376572502738711 ], [ 128.432547577439578, 36.376648792885874 ], [ 128.432562507437297, 36.376681323690811 ], [ 128.432566083735082, 36.376689099690523 ], [ 128.432563178133108, 36.376699404111349 ], [ 128.432548535591678, 36.37675134921286 ], [ 128.432531741359583, 36.376754450321414 ], [ 128.432456206334194, 36.376768400960664 ], [ 128.432339599450671, 36.376780164335976 ], [ 128.432203551047508, 36.376788221315422 ], [ 128.432083961475911, 36.376805557406627 ], [ 128.431926914654355, 36.376817100596554 ], [ 128.431834647334711, 36.376830214098568 ], [ 128.431837706449073, 36.376860002938699 ], [ 128.431847168946462, 36.376896508901424 ], [ 128.431899342355024, 36.376944257684151 ], [ 128.431961190030279, 36.376988781360069 ], [ 128.432066873710625, 36.377064504761172 ], [ 128.43214055281581, 36.377205869079411 ], [ 128.43219052810619, 36.377278515258929 ], [ 128.432208689451329, 36.377301923763056 ], [ 128.432285676013691, 36.377376374763216 ], [ 128.432300627816659, 36.377407445825391 ], [ 128.432336482786667, 36.377461884362958 ], [ 128.432427365625585, 36.377599149084304 ], [ 128.432463299242897, 36.377673413426997 ], [ 128.432483361319811, 36.377714349447302 ], [ 128.432530196978718, 36.377798911855557 ], [ 128.432549768128467, 36.377833816781234 ], [ 128.432551737194018, 36.377837349684938 ], [ 128.432586983623395, 36.377900418337489 ], [ 128.432627735108241, 36.378017078003886 ], [ 128.432594496473797, 36.378031788831542 ], [ 128.432613169712653, 36.378067581616165 ], [ 128.432664566853219, 36.378134872473403 ], [ 128.432722374539054, 36.378227831762544 ], [ 128.43276817738132, 36.378327285290958 ], [ 128.432814168522555, 36.378391702689051 ], [ 128.432856398794058, 36.378450731269083 ], [ 128.432917441640114, 36.378583104469129 ], [ 128.432948642551708, 36.378630969250928 ], [ 128.432979868549552, 36.378634046611843 ], [ 128.432989482159655, 36.378671328190947 ], [ 128.4329948867464, 36.378686691611115 ], [ 128.432983209648597, 36.378704785357932 ], [ 128.43300744244317, 36.378783697889091 ], [ 128.433017201787578, 36.378877527795233 ], [ 128.433005155713431, 36.378950914814673 ], [ 128.433024300283677, 36.3791379240064 ], [ 128.43302360724266, 36.379220908303374 ], [ 128.433023437171244, 36.379256530250004 ], [ 128.433033457938421, 36.379352731435816 ], [ 128.433071278119542, 36.379408368619728 ], [ 128.433074125865318, 36.379468813789032 ], [ 128.433114732982204, 36.379475333118016 ], [ 128.433140822241569, 36.379518172096866 ], [ 128.433153932749065, 36.379552748798496 ], [ 128.433154606983322, 36.379593340137667 ], [ 128.433164684177541, 36.379707853095425 ], [ 128.433163148728653, 36.379712108265643 ], [ 128.43311808106705, 36.379837677413732 ], [ 128.433108875012294, 36.38002923770032 ], [ 128.433108096129047, 36.380056638190588 ], [ 128.433079146324019, 36.380192476088006 ], [ 128.433053021830119, 36.380329039332537 ], [ 128.433031048859419, 36.380447950627399 ], [ 128.433009890129654, 36.380500910087335 ], [ 128.432926197750362, 36.380592402814798 ], [ 128.432872959144987, 36.380652292664855 ], [ 128.4328542537354, 36.380665216342642 ], [ 128.432844459953344, 36.380765946142446 ], [ 128.432850246898113, 36.380857396090953 ], [ 128.432857691638191, 36.380950755370421 ], [ 128.432836355828329, 36.381032596040136 ], [ 128.432835220114214, 36.38107991039945 ], [ 128.432836370589143, 36.381128542318606 ], [ 128.432846435393429, 36.381211037098836 ], [ 128.432844898174864, 36.381218590490583 ], [ 128.432836148366874, 36.381261633166751 ], [ 128.432803425808316, 36.381286403409746 ], [ 128.432604445005694, 36.381305470736784 ], [ 128.432329329674587, 36.381365078553763 ], [ 128.432299110246646, 36.381378190597964 ], [ 128.432196821598183, 36.381421472399339 ], [ 128.432158365050384, 36.381437807343097 ], [ 128.432133630412949, 36.381447629225626 ], [ 128.432102690004143, 36.38146179213733 ], [ 128.431958039818625, 36.381494454446567 ], [ 128.431634394198056, 36.381519666418676 ], [ 128.431469851594755, 36.38150789631645 ], [ 128.431444676560744, 36.381504748304032 ], [ 128.43135586376016, 36.381494231525124 ], [ 128.431324443291459, 36.381491693502859 ], [ 128.431236178365907, 36.381488568737922 ], [ 128.431064772181742, 36.381508657263737 ], [ 128.431047216865608, 36.381510528949015 ], [ 128.430855228712488, 36.381527256704189 ], [ 128.430745253337903, 36.381554730292414 ], [ 128.430687174804092, 36.38158118112338 ], [ 128.430658761990856, 36.381636781925003 ], [ 128.430641230004852, 36.381669004630346 ], [ 128.430622858595001, 36.381691040247432 ], [ 128.430575245336456, 36.381720460780123 ], [ 128.430551245024361, 36.38173955874823 ], [ 128.43051097917126, 36.381771600689781 ], [ 128.430374845383511, 36.381785548702084 ], [ 128.43024289905145, 36.381819702498881 ], [ 128.430110631052088, 36.381871913796331 ], [ 128.429818153355285, 36.381938461789005 ], [ 128.429758902209898, 36.381939277649927 ], [ 128.429679068557817, 36.381976392693723 ], [ 128.429604458941441, 36.381978874196683 ], [ 128.429454925729971, 36.382066273393271 ], [ 128.429310914287925, 36.382085985918572 ], [ 128.429217470644659, 36.382082294161783 ], [ 128.429109401213822, 36.38211411894207 ], [ 128.429025747447355, 36.382112807937027 ], [ 128.428950396416667, 36.382137354809664 ], [ 128.428922898578861, 36.382181965458734 ], [ 128.428867389101413, 36.382281971121081 ], [ 128.428699437029877, 36.382326160719117 ], [ 128.42856884634142, 36.382339367260776 ], [ 128.428343994448284, 36.38232356380184 ], [ 128.428243799148987, 36.382316522632983 ], [ 128.428094159074277, 36.382327095982838 ], [ 128.428033622767686, 36.38236478015417 ], [ 128.428006308860375, 36.382481402909079 ], [ 128.427957766995775, 36.382655300393189 ], [ 128.427878760620729, 36.38294224587073 ], [ 128.427753469101901, 36.383103248631201 ], [ 128.427681573648186, 36.383200336377271 ], [ 128.427682206990198, 36.38328706673461 ], [ 128.42764983782476, 36.383374134202242 ], [ 128.427629971351479, 36.383485719109871 ], [ 128.42759091299834, 36.383654975951359 ], [ 128.427547243014942, 36.383773835967197 ], [ 128.427517360289244, 36.383910749292838 ], [ 128.427407979436026, 36.384032609769058 ], [ 128.427400153313471, 36.384113288747557 ], [ 128.427378168330819, 36.384156699939886 ], [ 128.42735019903796, 36.384178806062089 ], [ 128.427382009278318, 36.384196675677508 ], [ 128.427332515467413, 36.384199546798136 ], [ 128.427237750298076, 36.384269156211346 ], [ 128.427167076013916, 36.384330284338034 ], [ 128.427038255875544, 36.38441896955112 ], [ 128.426951560648064, 36.384453535518865 ], [ 128.426911141656348, 36.384469643038585 ], [ 128.426836173996463, 36.384499245887227 ], [ 128.426754153055469, 36.384536204237008 ], [ 128.426692676692056, 36.38456652073468 ], [ 128.426669466792987, 36.384606690745855 ], [ 128.426661541683984, 36.384658306895354 ], [ 128.42666827052966, 36.384766198679841 ], [ 128.426652408571385, 36.384857391469474 ], [ 128.426643265863106, 36.384857897179998 ], [ 128.426601514992825, 36.384945892436441 ], [ 128.426556822815854, 36.385056447486548 ], [ 128.426485047419618, 36.385095906099508 ], [ 128.426410319795536, 36.385168485973722 ], [ 128.426316851692093, 36.385270542506817 ], [ 128.426261729650008, 36.385329293815957 ], [ 128.426200885559354, 36.385353854709223 ], [ 128.426171889600823, 36.38537300882286 ], [ 128.4261041724466, 36.385418263158918 ], [ 128.426042145923333, 36.385438411621223 ], [ 128.425995018141009, 36.385443753737491 ], [ 128.426004412541374, 36.385490776268874 ], [ 128.426037451363953, 36.385632353871443 ], [ 128.426063394436483, 36.38569780365362 ], [ 128.426105826698773, 36.385804885164248 ], [ 128.426123369745056, 36.385829030530836 ], [ 128.426141343136322, 36.38585376371897 ], [ 128.426170596790911, 36.385891942412059 ], [ 128.42633831193973, 36.38587813326771 ], [ 128.426505822704058, 36.385976850276457 ], [ 128.426552180916303, 36.386000386311885 ], [ 128.426634575996843, 36.386038496226469 ], [ 128.426718926250771, 36.386057799350766 ], [ 128.426850999299631, 36.38604850400359 ], [ 128.426950786686632, 36.386043450877651 ], [ 128.426990250554439, 36.386123960724611 ], [ 128.427172148102301, 36.38616399961775 ], [ 128.427226793433675, 36.386153394379598 ], [ 128.427296579665096, 36.386140509876739 ], [ 128.427339458106786, 36.386132587541816 ], [ 128.4274783474591, 36.386169418401614 ], [ 128.427526477847664, 36.386197549460363 ], [ 128.427556341632823, 36.386214995142815 ], [ 128.42769559370015, 36.386255585314487 ], [ 128.427723530862892, 36.386263730780712 ], [ 128.427723459237853, 36.386300785979095 ], [ 128.427687342655958, 36.386341011334189 ], [ 128.427739603348471, 36.386391033206664 ], [ 128.427826235685984, 36.386547349282509 ], [ 128.428009962210041, 36.386664832033745 ], [ 128.428092522300233, 36.386709502153039 ], [ 128.428153895854052, 36.386743445901523 ], [ 128.428212189537845, 36.386824973905057 ], [ 128.428276484117589, 36.386875512881218 ], [ 128.42835659104756, 36.386938617712239 ], [ 128.428398856374628, 36.387006695564558 ], [ 128.428443993506647, 36.387067695079288 ], [ 128.42848727298923, 36.3870902333353 ], [ 128.428503837235127, 36.387141588570337 ], [ 128.42856313692451, 36.3871802712533 ], [ 128.428602543230141, 36.387229429065258 ], [ 128.428659521087781, 36.387253420732655 ], [ 128.428778939059612, 36.387261770294614 ], [ 128.428883541383357, 36.387284259952068 ], [ 128.428967838692557, 36.387333849094354 ], [ 128.429014703829125, 36.387361423783844 ], [ 128.429159221993444, 36.387436632871719 ], [ 128.429312655244416, 36.387505972903242 ], [ 128.429330003218581, 36.387512814666607 ], [ 128.429471154099019, 36.387568506231773 ], [ 128.429546924236035, 36.387606131838105 ], [ 128.429704125068724, 36.387643543423493 ], [ 128.429800917648095, 36.387629155636638 ], [ 128.429931558112457, 36.38768342660083 ], [ 128.430026298063268, 36.387742400938393 ], [ 128.43005035926285, 36.387805119354141 ], [ 128.430061208719621, 36.387833395461982 ], [ 128.430068954734907, 36.387842552214856 ], [ 128.430132271027105, 36.387917398702562 ], [ 128.430153338898037, 36.387933774346678 ], [ 128.4302403697302, 36.388001461867468 ], [ 128.430417624711453, 36.388172699971477 ], [ 128.430422778497359, 36.388201038932053 ], [ 128.430525347336356, 36.388250362871958 ], [ 128.430612272360094, 36.38829602536218 ], [ 128.430687842884907, 36.388348932897436 ], [ 128.430670014254844, 36.388374260303827 ], [ 128.430654336878945, 36.388396516033993 ], [ 128.430702389444377, 36.388458510883488 ], [ 128.430737141600076, 36.388493569693367 ], [ 128.430788550388399, 36.388535565869041 ], [ 128.430824096395298, 36.388591643403757 ], [ 128.430845739550335, 36.388579671306196 ], [ 128.430983929651234, 36.388722191343895 ], [ 128.431015066791502, 36.388724241487211 ], [ 128.431098105244359, 36.388728368806824 ], [ 128.431130119883022, 36.388729305676783 ], [ 128.4312819882486, 36.388781531768785 ], [ 128.431464849223659, 36.388907557043154 ], [ 128.431584090950224, 36.388938918492251 ], [ 128.431693869199961, 36.389045246904708 ], [ 128.431727883433524, 36.389056277088123 ], [ 128.431904861020968, 36.389105873624757 ], [ 128.431946791746185, 36.38916539664902 ], [ 128.431960051060003, 36.389207219433736 ], [ 128.431964559556604, 36.389298140528687 ], [ 128.431975755937344, 36.389352326346142 ], [ 128.431905192142409, 36.389468464304166 ], [ 128.431772527142442, 36.389678864336666 ], [ 128.43162936614695, 36.389836775882245 ], [ 128.431397742319291, 36.39004627980502 ], [ 128.431320201843079, 36.390113280123124 ], [ 128.431224243013048, 36.390191682198264 ], [ 128.431206190396779, 36.390206438049539 ], [ 128.431158173010232, 36.390237091406476 ], [ 128.431112053970338, 36.390302349177261 ], [ 128.431112413545691, 36.390355356874672 ], [ 128.431097619114325, 36.390436750709192 ], [ 128.431078271557908, 36.390534163370155 ], [ 128.431071067678374, 36.390609420528463 ], [ 128.431004270723491, 36.390670362099094 ], [ 128.430920120252125, 36.390715937142531 ], [ 128.430761188242599, 36.390732984726107 ], [ 128.430546625416838, 36.39086301444253 ], [ 128.430421993644728, 36.390919074330938 ], [ 128.430345454374702, 36.39098762877363 ], [ 128.430326993090318, 36.390997254959267 ], [ 128.430309751285478, 36.391006256164253 ], [ 128.430290939149643, 36.39101965650854 ], [ 128.430243752823998, 36.391058477933797 ], [ 128.430198672968061, 36.391095786461477 ], [ 128.430154776238169, 36.391186178693545 ], [ 128.430097429664897, 36.391282183851473 ], [ 128.430028902348681, 36.391361590275594 ], [ 128.429975781973468, 36.391407051753369 ], [ 128.429946832666246, 36.391431830192225 ], [ 128.429849312964137, 36.39147486232293 ], [ 128.429754005958472, 36.391547534956572 ], [ 128.4297019081516, 36.391587260843906 ], [ 128.429667912313136, 36.391658839095356 ], [ 128.429652595606541, 36.391691072195457 ], [ 128.429639206227023, 36.391776698969245 ], [ 128.429623643445268, 36.391879049791577 ], [ 128.429589789421271, 36.391946456345771 ], [ 128.429535539699032, 36.392033401408632 ], [ 128.429500379539718, 36.39209498021728 ], [ 128.429276621650615, 36.392415774201723 ], [ 128.429223343991254, 36.392512951882637 ], [ 128.429205428850963, 36.39258638230303 ], [ 128.429195049946657, 36.392595749650155 ], [ 128.429189277533936, 36.392601651595804 ], [ 128.429147646675744, 36.392644193925207 ], [ 128.429103261879874, 36.39270964843368 ], [ 128.4290500840589, 36.392800752722721 ], [ 128.429005346342166, 36.392864150867062 ], [ 128.428941841819523, 36.392922502687767 ], [ 128.428880881361295, 36.392954634040514 ], [ 128.428820918772686, 36.392944929508353 ], [ 128.42875689642662, 36.392909738833595 ], [ 128.428708809434852, 36.392946482656917 ], [ 128.428636131489981, 36.392936437700818 ], [ 128.428488595398022, 36.392993205737902 ], [ 128.428346289787555, 36.39304499727713 ], [ 128.428201719214314, 36.393118324395452 ], [ 128.428063610674741, 36.393210210108627 ], [ 128.42798739829135, 36.393256433941026 ], [ 128.427721842813725, 36.393340660250608 ], [ 128.427589093739101, 36.393384152087748 ], [ 128.427344123403259, 36.39347309937893 ], [ 128.427166271424596, 36.393536884231068 ], [ 128.42688331754718, 36.393601028379422 ], [ 128.426797585914272, 36.393616854750825 ], [ 128.4267297327672, 36.393629685139047 ], [ 128.426595485865647, 36.393655442938901 ], [ 128.426556166865311, 36.393665310583714 ], [ 128.426352810456279, 36.393739749270139 ], [ 128.426222036331183, 36.393791846106851 ], [ 128.426116290819834, 36.393816019420051 ], [ 128.426013280791494, 36.393863752997547 ], [ 128.425891062962108, 36.393917864220469 ], [ 128.425818635866506, 36.393970476061412 ], [ 128.425756873770666, 36.39399313080358 ], [ 128.425677677012743, 36.394005428302968 ], [ 128.425656843408262, 36.393993468671638 ], [ 128.42565773964381, 36.394000411885145 ], [ 128.42566336921189, 36.39404415404924 ], [ 128.425667482054195, 36.394083473242034 ], [ 128.42567557354343, 36.394156127310985 ], [ 128.425730497304983, 36.394342832001527 ], [ 128.425791449129292, 36.394486030924469 ], [ 128.425808649334783, 36.394587151304869 ], [ 128.425769487118373, 36.394713232369746 ], [ 128.425724486640348, 36.394786054062351 ], [ 128.42572127439874, 36.394810513943078 ], [ 128.42570862499727, 36.394906984670818 ], [ 128.425709866070321, 36.394954832961012 ], [ 128.425681605788611, 36.395023355714692 ], [ 128.425644137464872, 36.395146408001629 ], [ 128.425594420676987, 36.395326642568371 ], [ 128.425523558922208, 36.395440342024976 ], [ 128.425548016365781, 36.395496007131364 ], [ 128.425704204825877, 36.395636294927307 ], [ 128.425780236248897, 36.395737545676802 ], [ 128.425872488848455, 36.395892871736123 ], [ 128.425881051438949, 36.395983316833622 ], [ 128.425833857084655, 36.396061823274259 ], [ 128.425778331055426, 36.396261927385531 ], [ 128.425738157654877, 36.396333042109866 ], [ 128.425652524421537, 36.396369846991547 ], [ 128.42554909584473, 36.396458706809376 ], [ 128.425407979296807, 36.396626181723846 ], [ 128.425323961049628, 36.396732572294553 ], [ 128.425186475207937, 36.396919970951238 ], [ 128.425041506021302, 36.397136476660158 ], [ 128.424989004591623, 36.39724209990365 ], [ 128.424971704021175, 36.397276900087377 ], [ 128.424889472428646, 36.397507946631819 ], [ 128.424882362758069, 36.397569542256896 ], [ 128.424898461120563, 36.397729214403718 ], [ 128.424900860192082, 36.3977530254706 ], [ 128.424905232878842, 36.397796374078702 ], [ 128.424900577076102, 36.397824557733877 ], [ 128.424852743116958, 36.397886749773583 ], [ 128.424821322679691, 36.397913524570882 ], [ 128.424752401880966, 36.397972244443153 ], [ 128.424695370397131, 36.398013458192416 ], [ 128.424659844820809, 36.398039122725592 ], [ 128.424576040111987, 36.398099681060437 ], [ 128.424442212868911, 36.398210786731326 ], [ 128.424319532765281, 36.398318810097727 ], [ 128.424270266194952, 36.398386203644485 ], [ 128.424259422683775, 36.398409977758369 ], [ 128.424218303807322, 36.398500074685131 ], [ 128.424205500105074, 36.398528137825224 ], [ 128.424213082383176, 36.398551946918552 ], [ 128.424219069573184, 36.398610568899223 ], [ 128.424213861847392, 36.398675661129332 ], [ 128.424223655080311, 36.398695939371429 ], [ 128.424218099811128, 36.398728137794855 ], [ 128.424206873193384, 36.398793155875751 ], [ 128.424216762563049, 36.398859222224068 ], [ 128.424215562444317, 36.398959704119569 ], [ 128.424203190369155, 36.398986669935049 ], [ 128.424184598100311, 36.399027213111665 ], [ 128.424141039403025, 36.399172827322651 ], [ 128.424253540042571, 36.399329108515275 ], [ 128.42423281237032, 36.399355421165914 ], [ 128.424254066140492, 36.399443377391243 ], [ 128.42429911960636, 36.399549372578278 ], [ 128.424350130613021, 36.399671301902337 ], [ 128.424316760889525, 36.399675141778296 ], [ 128.424330017756489, 36.399738079353625 ], [ 128.424383942640219, 36.399969494925429 ], [ 128.424384245158649, 36.399970794048841 ], [ 128.424404711199855, 36.400065829503696 ], [ 128.424404742508642, 36.400066118024206 ], [ 128.424429524093426, 36.400308720257236 ], [ 128.424447249556863, 36.400474419959515 ], [ 128.424432927284215, 36.400614372054534 ], [ 128.424447466523787, 36.400651650941519 ], [ 128.42451873104207, 36.400686410283619 ], [ 128.424552429405111, 36.400725638084268 ], [ 128.4246464460401, 36.400938358972816 ], [ 128.424651244686771, 36.400955747382632 ], [ 128.42469429228376, 36.401111620587237 ], [ 128.424697564194759, 36.401124423760528 ], [ 128.424722723793622, 36.401222500676553 ], [ 128.424726038755921, 36.401335079803879 ], [ 128.424712731345664, 36.401438810433397 ], [ 128.424703266467901, 36.401441918764554 ], [ 128.424652578473598, 36.401458570606543 ], [ 128.424630499622765, 36.401480614332165 ], [ 128.424621139188815, 36.401519363791948 ], [ 128.424679090655985, 36.401595367623592 ], [ 128.424755183849896, 36.401667728253067 ], [ 128.42483190478967, 36.401703423919557 ], [ 128.424834767166345, 36.40171583761461 ], [ 128.424888377016828, 36.401798633104022 ], [ 128.424938228286578, 36.401996388625541 ], [ 128.424958516062503, 36.40205534991599 ], [ 128.42495589289868, 36.402095060107932 ], [ 128.424917312306462, 36.40215526918918 ], [ 128.424902910740883, 36.402177755542326 ], [ 128.424893194864467, 36.402190685251021 ], [ 128.424845493103135, 36.402254229600075 ], [ 128.424862713286558, 36.402304407868968 ], [ 128.424830070379755, 36.402344009167308 ], [ 128.424804611820235, 36.40230745260574 ], [ 128.424711217382338, 36.402363251637411 ], [ 128.424372765057456, 36.402315000049057 ], [ 128.424149060986252, 36.402445316114068 ], [ 128.424012625258598, 36.402660780185045 ], [ 128.424069804272335, 36.402687532523153 ], [ 128.424115705276336, 36.402778626746674 ], [ 128.42413807471965, 36.402886152381839 ], [ 128.424129434839926, 36.40293895425863 ], [ 128.424147897118729, 36.403072846776091 ], [ 128.42415395199103, 36.403113310801409 ], [ 128.424151890994153, 36.403209580076222 ], [ 128.424154594620376, 36.403284136559627 ], [ 128.424600950415936, 36.403772717945159 ], [ 128.424810105911945, 36.403822453375845 ], [ 128.424854288780381, 36.40396523817877 ], [ 128.424765927384158, 36.404063794222225 ], [ 128.42474311419042, 36.404091583768647 ], [ 128.42473469810443, 36.404185037788146 ], [ 128.424722930789159, 36.404315621162333 ], [ 128.424714812077355, 36.404469895449715 ], [ 128.424776090067098, 36.404678357769292 ], [ 128.424914060702662, 36.405178812511956 ], [ 128.425407941563918, 36.405778110601524 ], [ 128.425244739278014, 36.406030970854239 ], [ 128.425235492074705, 36.406045290617762 ], [ 128.424871671565711, 36.406286873012426 ], [ 128.42444537976948, 36.406569929913225 ], [ 128.424257263685746, 36.406502281477799 ], [ 128.42407440950052, 36.40642865650748 ], [ 128.424018723000643, 36.406406236927836 ], [ 128.423625564780451, 36.406243010898045 ], [ 128.423408585208108, 36.40612151275262 ], [ 128.42276383409893, 36.405943918034446 ], [ 128.422334058065502, 36.405764343634182 ], [ 128.422229342313841, 36.405515261752129 ], [ 128.4222837116275, 36.405533251115529 ], [ 128.422448580090048, 36.405539277240024 ], [ 128.422875185957906, 36.405543354340409 ], [ 128.422834655085666, 36.405485754524726 ], [ 128.422299896276684, 36.405480990635709 ], [ 128.422137114097808, 36.405437225126072 ], [ 128.422038539241612, 36.405410721613869 ], [ 128.421958594875946, 36.405413965369753 ], [ 128.421657866565113, 36.405479830895437 ], [ 128.421083553339088, 36.405496226847866 ], [ 128.421085524718563, 36.405539942347403 ], [ 128.421085543797005, 36.405540374993556 ], [ 128.421083815977937, 36.40554035758538 ], [ 128.421021970010713, 36.405539894810474 ], [ 128.420907544048561, 36.405543204569547 ], [ 128.420966565357389, 36.406254591229143 ], [ 128.420970506506791, 36.406300262789429 ], [ 128.420125336708765, 36.406342867473782 ], [ 128.420061950820099, 36.406394888853676 ], [ 128.419843133526825, 36.406574495508799 ], [ 128.419714158453445, 36.406740688710052 ], [ 128.419632272166297, 36.406878589703368 ], [ 128.419479597132607, 36.407137161481607 ], [ 128.419394061053964, 36.407250118631048 ], [ 128.419337362499192, 36.407290240945954 ], [ 128.419151977786299, 36.407438081413282 ], [ 128.419007492047967, 36.407668549488932 ], [ 128.418841782030853, 36.407932941353664 ], [ 128.418752114747718, 36.408010669838731 ], [ 128.418148992869476, 36.408592852759853 ], [ 128.417995108505352, 36.408976253255148 ], [ 128.417965230945157, 36.409050722688391 ], [ 128.417958744392621, 36.409066866678721 ], [ 128.417961451442466, 36.409156589615314 ], [ 128.41796887816227, 36.409403829989785 ], [ 128.417976353816613, 36.409629623170403 ], [ 128.417821390625761, 36.410068916559403 ], [ 128.417747445578016, 36.410417057702915 ], [ 128.417625023867544, 36.410944119819575 ], [ 128.417581004554592, 36.41099825308072 ], [ 128.41734712377135, 36.411498690505809 ], [ 128.417108381579908, 36.411979431486216 ], [ 128.417027469195489, 36.412182416477989 ], [ 128.41698149891738, 36.412300377545101 ], [ 128.416791220570957, 36.412506909250389 ], [ 128.416769155478903, 36.412530861968719 ], [ 128.41672451944504, 36.412579314618291 ], [ 128.416435018331129, 36.412893651242989 ], [ 128.416362930686489, 36.412978060387069 ], [ 128.416336520630409, 36.413008984670391 ], [ 128.416281023470845, 36.413073965119558 ], [ 128.416239286263817, 36.413134218848754 ], [ 128.416210871673798, 36.413172252377102 ], [ 128.416134434625263, 36.413274591000501 ], [ 128.415864600575276, 36.413635810368568 ], [ 128.415893584777393, 36.41367641420031 ], [ 128.415970492190269, 36.413769988383578 ], [ 128.416043587716359, 36.41383668951552 ], [ 128.416834231880586, 36.413962200317357 ], [ 128.417754746939096, 36.414436185250267 ], [ 128.417792941328514, 36.414405318259192 ], [ 128.41785198391139, 36.414481889299338 ], [ 128.418093686797789, 36.414610574228597 ], [ 128.418200245518648, 36.414876916394689 ], [ 128.418198968946712, 36.414908973127218 ], [ 128.418338924760178, 36.415043549712578 ], [ 128.418453159449314, 36.415148271575198 ], [ 128.418685658592466, 36.415357193946441 ], [ 128.418956407808281, 36.415598149142433 ], [ 128.419061932326741, 36.41564367635646 ], [ 128.41909979013198, 36.415689270004719 ], [ 128.419293328238354, 36.41602922682975 ], [ 128.419378796548671, 36.416176215734673 ], [ 128.419433829534029, 36.41627651177329 ], [ 128.419700432870457, 36.416686897539812 ], [ 128.419842398181146, 36.416910128381225 ], [ 128.41995137532885, 36.417170343859965 ], [ 128.42010625953489, 36.417504983521511 ], [ 128.420250262180275, 36.417791827021261 ], [ 128.42034563231806, 36.418014037422857 ], [ 128.42054042419133, 36.418148211392712 ], [ 128.420757625006047, 36.418318729306129 ], [ 128.420807711329786, 36.418353036378129 ], [ 128.421145371114136, 36.418584282094827 ], [ 128.421349679105049, 36.418727125004864 ], [ 128.421617337651526, 36.418933536005177 ], [ 128.421973608106612, 36.41911573899737 ], [ 128.422028591677702, 36.419143860392779 ], [ 128.422087740726539, 36.419174110667043 ], [ 128.422022794105828, 36.41920684073542 ], [ 128.422200719528149, 36.419435911457093 ], [ 128.422302467520666, 36.41950296400595 ], [ 128.422858050273305, 36.419851942667144 ], [ 128.422920944869901, 36.419891447474576 ], [ 128.423294100731113, 36.420126743044122 ], [ 128.423566167601592, 36.420270748292744 ], [ 128.423952669714197, 36.420487047054706 ], [ 128.424493280847088, 36.42069736672223 ], [ 128.424854757677224, 36.420828887534931 ], [ 128.425372812059891, 36.420743949370291 ], [ 128.425423497414982, 36.420727828993357 ], [ 128.425488751386212, 36.420698757238071 ], [ 128.42552606845473, 36.42070969697572 ], [ 128.425588851500947, 36.420726833277286 ], [ 128.425676362064195, 36.420770150068705 ], [ 128.425776819019518, 36.420801264549837 ], [ 128.425933777518878, 36.42083648118065 ], [ 128.42603682117786, 36.420851017722867 ], [ 128.426121527952887, 36.420893563710486 ], [ 128.426217841745057, 36.420937688500281 ], [ 128.42634508109154, 36.420971959391963 ], [ 128.426456455885528, 36.420915191581464 ], [ 128.426495624542753, 36.420935151442059 ], [ 128.426531746005509, 36.421003948008654 ], [ 128.426527703170422, 36.421025997728492 ], [ 128.426474757710849, 36.421082497273247 ], [ 128.426479145230161, 36.421225440929653 ], [ 128.426575310053806, 36.421233888151008 ], [ 128.42669789442516, 36.421161539118764 ], [ 128.42680433979055, 36.4210837234073 ], [ 128.426910769570867, 36.421032212119371 ], [ 128.426950485588719, 36.42107325238468 ], [ 128.426982210493264, 36.42111834541609 ], [ 128.427011864735476, 36.421175107392905 ], [ 128.427095211698457, 36.421285836237175 ], [ 128.427157084287472, 36.421367669969634 ], [ 128.427167459339302, 36.421395727638647 ], [ 128.427187900888612, 36.421507379417314 ], [ 128.427210426154829, 36.421593484573741 ], [ 128.427258516556577, 36.421678442042655 ], [ 128.427295842425707, 36.421724634291209 ], [ 128.427323740223386, 36.421768618433667 ], [ 128.427351520530522, 36.421867950687563 ], [ 128.427359405551925, 36.421913163288764 ], [ 128.427371949895786, 36.422007060433543 ], [ 128.42735574082343, 36.422091393295176 ], [ 128.427332060269919, 36.422160668045834 ], [ 128.427347476514086, 36.422420336665105 ], [ 128.427413093755263, 36.422587419093119 ], [ 128.427466414866501, 36.422752631060298 ], [ 128.427444699883239, 36.422822987643229 ], [ 128.427464125787822, 36.422909113881964 ], [ 128.427496317969229, 36.422989335865829 ], [ 128.427551757097376, 36.42303347035584 ], [ 128.427628255412458, 36.423110012278109 ], [ 128.427717625699756, 36.423082938621199 ], [ 128.427750949865782, 36.423092695994697 ], [ 128.427797278847919, 36.423150520134158 ], [ 128.42778985849597, 36.423189125823072 ], [ 128.427799480844897, 36.423252874390542 ], [ 128.427810030390077, 36.42328759233822 ], [ 128.427843601313214, 36.423353258255482 ], [ 128.427892948962693, 36.423410024488668 ], [ 128.427951801494686, 36.423499539109493 ], [ 128.427950343055954, 36.423656918053538 ], [ 128.427921491446114, 36.423730358415931 ], [ 128.427916399429137, 36.42379199968935 ], [ 128.427972285020616, 36.4239726514203 ], [ 128.427955916764205, 36.42407714230901 ], [ 128.427953323827637, 36.424193189027498 ], [ 128.427928799953378, 36.424298271540998 ], [ 128.427936569776563, 36.424391064279156 ], [ 128.427905106985577, 36.424492013219748 ], [ 128.427894031699623, 36.424551490016555 ], [ 128.42802487055576, 36.424568762695046 ], [ 128.427400086606184, 36.425234531226991 ], [ 128.427189285615384, 36.425454749944876 ], [ 128.426814677712287, 36.425771603380433 ], [ 128.42682558698084, 36.425834664304872 ], [ 128.426701881105004, 36.425937151456715 ], [ 128.426668677277689, 36.425995638471782 ], [ 128.426611993031173, 36.426191284634029 ], [ 128.42650999531844, 36.426154909729348 ], [ 128.426472483971793, 36.426183556887267 ], [ 128.426425178859148, 36.426186924663369 ], [ 128.426419152832779, 36.4263054779844 ], [ 128.426421991425855, 36.426551109121078 ], [ 128.42643181867615, 36.427368742810287 ], [ 128.426504690213108, 36.427822624464852 ], [ 128.426520971385997, 36.42788155696271 ], [ 128.426792927069698, 36.428134377127748 ], [ 128.426888651420853, 36.428332387880126 ], [ 128.427024732829807, 36.428601558266195 ], [ 128.427124344458548, 36.428753412607335 ], [ 128.42729253824308, 36.428791601242814 ], [ 128.427329146223855, 36.42890999911765 ], [ 128.427417170584931, 36.428907619782215 ], [ 128.427691769537716, 36.428940020352243 ], [ 128.427759573607347, 36.428934993339304 ], [ 128.427895886466871, 36.428929186998609 ], [ 128.427953268493496, 36.428993282065704 ], [ 128.427995732213105, 36.429076788310859 ], [ 128.428004879098438, 36.429190133800851 ], [ 128.428015654763698, 36.429241226676268 ], [ 128.428105860883051, 36.429263693000024 ], [ 128.428066715195314, 36.429153555732448 ], [ 128.428195943776927, 36.429067837114168 ], [ 128.428471214863976, 36.429254723225199 ], [ 128.428516205242204, 36.4292388085467 ], [ 128.428612728097221, 36.429306146011491 ], [ 128.428722664811744, 36.429387353358521 ], [ 128.428840761342059, 36.429458380700474 ], [ 128.428927583510443, 36.429470971597048 ], [ 128.42898978560612, 36.429454382307853 ], [ 128.429049050055056, 36.429468823511286 ], [ 128.429111303517629, 36.429474096297874 ], [ 128.429154025489794, 36.429534777245507 ], [ 128.429165542286569, 36.429600472195631 ], [ 128.429143111118464, 36.42965287467009 ], [ 128.429218023160729, 36.429677699947412 ], [ 128.429305239977879, 36.429692779634863 ], [ 128.429353534214613, 36.429728137870946 ], [ 128.429413176111609, 36.429786926280379 ], [ 128.429483034993581, 36.429878871845872 ], [ 128.429515463208986, 36.429971665381046 ], [ 128.42954681698555, 36.430026992967356 ], [ 128.429558251726377, 36.43005984057703 ], [ 128.429528994113099, 36.430112489778168 ], [ 128.429430813455468, 36.430124950928189 ], [ 128.429451415827742, 36.430166772862734 ], [ 128.429640060287539, 36.430497650451009 ], [ 128.429750035132201, 36.430494950988653 ], [ 128.429818506350728, 36.430510129781894 ], [ 128.429866292212438, 36.43054343976511 ], [ 128.42989573974404, 36.430589611461841 ], [ 128.42994771543016, 36.430643145244034 ], [ 128.429917583077213, 36.430667566342699 ], [ 128.430006751650865, 36.430798416540831 ], [ 128.43003906131139, 36.4308694826398 ], [ 128.430012910867248, 36.430889227829404 ], [ 128.429993841694312, 36.430969834502847 ], [ 128.430050075696244, 36.431046458048904 ], [ 128.430075728145283, 36.430983590462013 ], [ 128.430094435189972, 36.430999558242021 ], [ 128.430264703603711, 36.431534763629877 ], [ 128.430307754898934, 36.432374282142177 ], [ 128.430833439837755, 36.433395671227032 ], [ 128.431105446477545, 36.43411856618286 ], [ 128.431355559258975, 36.434423060528879 ], [ 128.431799574198521, 36.434958497992575 ], [ 128.432144232981273, 36.435363433245584 ], [ 128.432787378234394, 36.434997820303977 ], [ 128.433354485950787, 36.434881045843397 ] ] ] } },
{ "type": "Feature", "properties": { "spatial_region": "다인면", "facility_count": 38, "total_capacity": 1404.2, "area_km2": 89.68, "facilities_per_km2": 0.424, "population_status": "AVAILABLE", "emd_code": "4773044000", "emd_name": "다인면", "total_population": 3543, "youth_population": 296, "youth_ratio": 8.3545018346034432, "elderly_population": 1983, "elderly_ratio": 55.969517358171039, "population_change": -53, "year": 2025 }, "geometry": { "type": "Polygon", "coordinates": [ [ [ 128.364951188433452, 36.530481752100847 ], [ 128.365598342151202, 36.530159949703979 ], [ 128.366314022841806, 36.529691092592806 ], [ 128.36655303046058, 36.529474822972297 ], [ 128.366689576529865, 36.529232992170712 ], [ 128.36712316566053, 36.528476708300246 ], [ 128.367373901502873, 36.528034819878549 ], [ 128.367581003584604, 36.527622553497743 ], [ 128.367947538644813, 36.526983913210906 ], [ 128.367977662912949, 36.526310206619911 ], [ 128.367984973761708, 36.526169461569886 ], [ 128.367983222030261, 36.526148771282564 ], [ 128.367972786790602, 36.525864787123453 ], [ 128.367957299505491, 36.525544496532042 ], [ 128.367957657895374, 36.525284188349595 ], [ 128.367956755615268, 36.525186708074102 ], [ 128.367953748037621, 36.52513107421229 ], [ 128.367951520506097, 36.524827777274091 ], [ 128.367867151629326, 36.524058951527024 ], [ 128.367864569434118, 36.523864905958661 ], [ 128.367864753688735, 36.523389108946446 ], [ 128.367907445491568, 36.522955386288075 ], [ 128.367903952406124, 36.522286979578986 ], [ 128.367905929312712, 36.521611807307877 ], [ 128.36793437068718, 36.521459189315408 ], [ 128.368025549232129, 36.521004844734172 ], [ 128.368122795460721, 36.520136011051235 ], [ 128.368148937789158, 36.519836586171287 ], [ 128.368184665131764, 36.51942268713956 ], [ 128.368223620619915, 36.519016753199701 ], [ 128.368586741467453, 36.51875321549624 ], [ 128.368609067912843, 36.518737014426343 ], [ 128.369238943056359, 36.518140064534613 ], [ 128.369842856393063, 36.51756180743908 ], [ 128.3702248744776, 36.517128113510971 ], [ 128.370599113610382, 36.516811885007726 ], [ 128.370679846974042, 36.516743654575095 ], [ 128.370711228256198, 36.516718967246902 ], [ 128.370853976782342, 36.516185719105998 ], [ 128.37075476853002, 36.515772376166815 ], [ 128.370727277238245, 36.515214591110023 ], [ 128.370605876688131, 36.514633537735797 ], [ 128.370480817267861, 36.514188500043311 ], [ 128.370071236352629, 36.512841687437792 ], [ 128.36994290074631, 36.512575272605901 ], [ 128.36975993844419, 36.511944131597787 ], [ 128.369633838161292, 36.51132472683441 ], [ 128.369533429574915, 36.510750208325014 ], [ 128.369547501453155, 36.510128707233953 ], [ 128.369581126991591, 36.509555700586546 ], [ 128.369699034784389, 36.508927332962259 ], [ 128.37009601721428, 36.508043682061924 ], [ 128.370667685831279, 36.507062225093286 ], [ 128.371132502169559, 36.506423866626143 ], [ 128.371989594551422, 36.505396186528579 ], [ 128.372347860846503, 36.504945039451293 ], [ 128.372761824085529, 36.50450609778823 ], [ 128.373309911400753, 36.504052775895474 ], [ 128.373940615942644, 36.503646231430679 ], [ 128.374719129824939, 36.503307874149037 ], [ 128.375533221565263, 36.502999994598554 ], [ 128.376916355306406, 36.503214459519349 ], [ 128.377914263710778, 36.503410494946792 ], [ 128.37903607917454, 36.503741419818915 ], [ 128.379387887288459, 36.503837531628307 ], [ 128.379913397026144, 36.503957904944308 ], [ 128.380460009986081, 36.504111178145081 ], [ 128.381112669609593, 36.504312931752906 ], [ 128.381282878380489, 36.504345527674424 ], [ 128.382051882395075, 36.504477655366436 ], [ 128.382100905311404, 36.504399366854571 ], [ 128.382331385201809, 36.504031710111128 ], [ 128.383002274247758, 36.502989006626628 ], [ 128.383019039377643, 36.502960960055439 ], [ 128.383040033851074, 36.50293304354151 ], [ 128.383056822908088, 36.502939880080547 ], [ 128.383069911751306, 36.502931981879527 ], [ 128.38342765165936, 36.502767864328185 ], [ 128.38381228600241, 36.502458144118918 ], [ 128.383832507631922, 36.502374298925041 ], [ 128.383837318187005, 36.502329357113979 ], [ 128.38388941890733, 36.502253841236765 ], [ 128.383949462645859, 36.502253341013422 ], [ 128.383981555047114, 36.502230600226106 ], [ 128.384033937672029, 36.502165944438836 ], [ 128.384001722059537, 36.502138139850594 ], [ 128.38411309245501, 36.502078024647197 ], [ 128.384200060875287, 36.501984413998819 ], [ 128.384242221404463, 36.501946162600099 ], [ 128.384268441877168, 36.501837711280864 ], [ 128.384531084311192, 36.501603566646679 ], [ 128.384822304406327, 36.501413814943525 ], [ 128.384882257138457, 36.501400778964992 ], [ 128.385135593013842, 36.501434907363361 ], [ 128.385780712721612, 36.501245602276953 ], [ 128.386219053176717, 36.500762123734916 ], [ 128.38646838941267, 36.500196702239073 ], [ 128.387268660955442, 36.499816949356052 ], [ 128.387286687382016, 36.499808400249918 ], [ 128.387649245261201, 36.499965649172879 ], [ 128.38835538100119, 36.500151129507906 ], [ 128.388388502039106, 36.500161870048309 ], [ 128.389582795949536, 36.500798265451685 ], [ 128.39108067175826, 36.499371805218615 ], [ 128.391561912376716, 36.499108187444513 ], [ 128.39220166212607, 36.498974447178824 ], [ 128.392316475118633, 36.498999246994416 ], [ 128.392336177376819, 36.499024597458543 ], [ 128.39252751494422, 36.499099070952624 ], [ 128.392983854548191, 36.498640593489654 ], [ 128.394211308248316, 36.498467070280526 ], [ 128.394594030664649, 36.498128090193461 ], [ 128.395014017898461, 36.497756091338722 ], [ 128.395961371571104, 36.494474632478969 ], [ 128.395575129244037, 36.49404497343108 ], [ 128.395595755815748, 36.493859930272215 ], [ 128.396222861527775, 36.493356727228488 ], [ 128.39697609406312, 36.491620014308097 ], [ 128.39699147520497, 36.491595319924222 ], [ 128.398686507376738, 36.491680753180852 ], [ 128.399619493276617, 36.491895572415004 ], [ 128.399621710276335, 36.491896079224077 ], [ 128.399632462009862, 36.491898413337324 ], [ 128.399644882748731, 36.491891302920415 ], [ 128.399645858755093, 36.491890650011833 ], [ 128.400511176299403, 36.491310469552062 ], [ 128.401225892260214, 36.491208066127463 ], [ 128.402810754858876, 36.490631080853923 ], [ 128.403376646088674, 36.490506137174599 ], [ 128.403485537538046, 36.490533554918009 ], [ 128.40417584272663, 36.490728153113018 ], [ 128.405014744078954, 36.489994884076125 ], [ 128.405678780034179, 36.489515875641587 ], [ 128.406579845434976, 36.489419353643221 ], [ 128.407455233386145, 36.488784419201316 ], [ 128.408117347809451, 36.488703294740816 ], [ 128.4089264259635, 36.487877815975203 ], [ 128.40945169778675, 36.48782052446176 ], [ 128.409702209383994, 36.487552569528759 ], [ 128.409839283687688, 36.487413329224296 ], [ 128.40994577973197, 36.487309324949003 ], [ 128.410262463350136, 36.486969632635805 ], [ 128.411176636193574, 36.48702363109556 ], [ 128.4114911936868, 36.486851618154695 ], [ 128.411941099877282, 36.485985133463871 ], [ 128.412203822691737, 36.485479134124112 ], [ 128.412168384629211, 36.484781584460436 ], [ 128.412491090225416, 36.484388171714592 ], [ 128.412824846778221, 36.483678205767333 ], [ 128.41331649523579, 36.483497283917373 ], [ 128.414089993514665, 36.482721444715693 ], [ 128.414635057645086, 36.48240948402713 ], [ 128.414773863070593, 36.481817702299033 ], [ 128.415095599466213, 36.481201488286288 ], [ 128.415829006734015, 36.481225086171555 ], [ 128.416074299542345, 36.480701663245313 ], [ 128.416213519091485, 36.48040459997079 ], [ 128.416488632517058, 36.479596318299791 ], [ 128.416765316628243, 36.47889307162589 ], [ 128.416871009033855, 36.478762527384426 ], [ 128.416956934603917, 36.478656388272057 ], [ 128.41712221691202, 36.47756964566306 ], [ 128.41734702572046, 36.477289950417969 ], [ 128.41756366191396, 36.477098427535893 ], [ 128.418336089364459, 36.476122131267033 ], [ 128.41831494367932, 36.474948650551681 ], [ 128.419151058550824, 36.474557564300014 ], [ 128.419563973444752, 36.474364417953282 ], [ 128.419097488800162, 36.473577778959154 ], [ 128.41894718839211, 36.472846335854946 ], [ 128.419553241879782, 36.470728056142498 ], [ 128.420239415851569, 36.469308972340905 ], [ 128.420418611451169, 36.468468771720353 ], [ 128.420523561127652, 36.467164021224868 ], [ 128.421878544192509, 36.466417171712578 ], [ 128.422884846811684, 36.465503347009594 ], [ 128.423080405021238, 36.465305953052685 ], [ 128.423277568342826, 36.46510711569853 ], [ 128.423623834232842, 36.464749416358949 ], [ 128.424247729917909, 36.4642015297811 ], [ 128.424748682250907, 36.463640420824376 ], [ 128.425154728473103, 36.463033046285297 ], [ 128.42576328936417, 36.462392115402388 ], [ 128.425981524846861, 36.462168945032218 ], [ 128.426367935926464, 36.461758687005194 ], [ 128.426380203419797, 36.461745661491527 ], [ 128.426378119887346, 36.461733215654903 ], [ 128.426358570243877, 36.461615945604123 ], [ 128.426334992918584, 36.461474559528575 ], [ 128.426226933386431, 36.460905416393885 ], [ 128.426101394285809, 36.460541613855895 ], [ 128.42588331671277, 36.459960666620049 ], [ 128.424944059486023, 36.458417725705822 ], [ 128.42479297177681, 36.458139947761119 ], [ 128.424375847205482, 36.456720961858231 ], [ 128.424403218464079, 36.45593851241842 ], [ 128.424403585728925, 36.455928087940052 ], [ 128.424405594695571, 36.455870730726893 ], [ 128.424339177123159, 36.455516800091551 ], [ 128.424127741999968, 36.454883074249977 ], [ 128.424087430685688, 36.454762233882249 ], [ 128.423926486465803, 36.454212855772987 ], [ 128.423561238337072, 36.453465452915935 ], [ 128.422260307403519, 36.451890198343563 ], [ 128.421850963416716, 36.451662375197841 ], [ 128.421807757316174, 36.451634446143288 ], [ 128.421736864668389, 36.451588630036184 ], [ 128.421669213648386, 36.451544911279548 ], [ 128.420263496003031, 36.45057144282957 ], [ 128.418724324116596, 36.448624816346054 ], [ 128.418726309261871, 36.448605469412776 ], [ 128.41946165245102, 36.447138845314988 ], [ 128.420883964557419, 36.446203478099967 ], [ 128.4214154680447, 36.445840971216171 ], [ 128.421836973974706, 36.444330560389588 ], [ 128.421887107008928, 36.444150925805339 ], [ 128.422260015338935, 36.44357172999505 ], [ 128.422926825531107, 36.443059615207694 ], [ 128.423339032366016, 36.442723014985475 ], [ 128.422786930519806, 36.441564753482865 ], [ 128.423183702426769, 36.441181922079402 ], [ 128.423573703834052, 36.44098816240205 ], [ 128.424928690259947, 36.440260863982118 ], [ 128.425791509310983, 36.439338404167181 ], [ 128.426000423766908, 36.439115043508721 ], [ 128.425855594819836, 36.438796113846571 ], [ 128.425685910584662, 36.438422418497012 ], [ 128.42583493629715, 36.438086819585088 ], [ 128.426183888944223, 36.437860772382308 ], [ 128.426659698911578, 36.437485275748884 ], [ 128.427215673526973, 36.436794283197266 ], [ 128.427347916948406, 36.436725071181904 ], [ 128.428211379031922, 36.436479304753739 ], [ 128.428481469248595, 36.436239670198489 ], [ 128.428651162337445, 36.43616868997006 ], [ 128.428683981186936, 36.436138713013406 ], [ 128.428843584128259, 36.435992906776526 ], [ 128.429219590735727, 36.435617263437642 ], [ 128.429530062957156, 36.435689995984724 ], [ 128.429559254257526, 36.435696840369431 ], [ 128.43038342149984, 36.435501036835568 ], [ 128.431144539081828, 36.435736820068925 ], [ 128.431182715790754, 36.4357212863953 ], [ 128.432144232981273, 36.435363433245584 ], [ 128.431799574198521, 36.434958497992575 ], [ 128.431355559258975, 36.434423060528879 ], [ 128.431105446477545, 36.43411856618286 ], [ 128.430833439837755, 36.433395671227032 ], [ 128.430307754898934, 36.432374282142177 ], [ 128.430264703603711, 36.431534763629877 ], [ 128.430094435189972, 36.430999558242021 ], [ 128.430075728145283, 36.430983590462013 ], [ 128.430050075696244, 36.431046458048904 ], [ 128.429993841694312, 36.430969834502847 ], [ 128.430012910867248, 36.430889227829404 ], [ 128.43003906131139, 36.4308694826398 ], [ 128.430006751650865, 36.430798416540831 ], [ 128.429917583077213, 36.430667566342699 ], [ 128.42994771543016, 36.430643145244034 ], [ 128.42989573974404, 36.430589611461841 ], [ 128.429866292212438, 36.43054343976511 ], [ 128.429818506350728, 36.430510129781894 ], [ 128.429750035132201, 36.430494950988653 ], [ 128.429640060287539, 36.430497650451009 ], [ 128.429451415827742, 36.430166772862734 ], [ 128.429430813455468, 36.430124950928189 ], [ 128.429528994113099, 36.430112489778168 ], [ 128.429558251726377, 36.43005984057703 ], [ 128.42954681698555, 36.430026992967356 ], [ 128.429515463208986, 36.429971665381046 ], [ 128.429483034993581, 36.429878871845872 ], [ 128.429413176111609, 36.429786926280379 ], [ 128.429353534214613, 36.429728137870946 ], [ 128.429305239977879, 36.429692779634863 ], [ 128.429218023160729, 36.429677699947412 ], [ 128.429143111118464, 36.42965287467009 ], [ 128.429165542286569, 36.429600472195631 ], [ 128.429154025489794, 36.429534777245507 ], [ 128.429111303517629, 36.429474096297874 ], [ 128.429049050055056, 36.429468823511286 ], [ 128.42898978560612, 36.429454382307853 ], [ 128.428927583510443, 36.429470971597048 ], [ 128.428840761342059, 36.429458380700474 ], [ 128.428722664811744, 36.429387353358521 ], [ 128.428612728097221, 36.429306146011491 ], [ 128.428516205242204, 36.4292388085467 ], [ 128.428471214863976, 36.429254723225199 ], [ 128.428195943776927, 36.429067837114168 ], [ 128.428066715195314, 36.429153555732448 ], [ 128.428105860883051, 36.429263693000024 ], [ 128.428015654763698, 36.429241226676268 ], [ 128.428004879098438, 36.429190133800851 ], [ 128.427995732213105, 36.429076788310859 ], [ 128.427953268493496, 36.428993282065704 ], [ 128.427895886466871, 36.428929186998609 ], [ 128.427759573607347, 36.428934993339304 ], [ 128.427691769537716, 36.428940020352243 ], [ 128.427417170584931, 36.428907619782215 ], [ 128.427329146223855, 36.42890999911765 ], [ 128.42729253824308, 36.428791601242814 ], [ 128.427124344458548, 36.428753412607335 ], [ 128.427024732829807, 36.428601558266195 ], [ 128.426888651420853, 36.428332387880126 ], [ 128.426792927069698, 36.428134377127748 ], [ 128.426520971385997, 36.42788155696271 ], [ 128.426504690213108, 36.427822624464852 ], [ 128.42643181867615, 36.427368742810287 ], [ 128.426421991425855, 36.426551109121078 ], [ 128.426419152832779, 36.4263054779844 ], [ 128.426425178859148, 36.426186924663369 ], [ 128.426472483971793, 36.426183556887267 ], [ 128.42650999531844, 36.426154909729348 ], [ 128.426611993031173, 36.426191284634029 ], [ 128.426668677277689, 36.425995638471782 ], [ 128.426701881105004, 36.425937151456715 ], [ 128.42682558698084, 36.425834664304872 ], [ 128.426814677712287, 36.425771603380433 ], [ 128.427189285615384, 36.425454749944876 ], [ 128.427400086606184, 36.425234531226991 ], [ 128.42802487055576, 36.424568762695046 ], [ 128.427894031699623, 36.424551490016555 ], [ 128.427905106985577, 36.424492013219748 ], [ 128.427936569776563, 36.424391064279156 ], [ 128.427928799953378, 36.424298271540998 ], [ 128.427953323827637, 36.424193189027498 ], [ 128.427955916764205, 36.42407714230901 ], [ 128.427972285020616, 36.4239726514203 ], [ 128.427916399429137, 36.42379199968935 ], [ 128.427921491446114, 36.423730358415931 ], [ 128.427950343055954, 36.423656918053538 ], [ 128.427951801494686, 36.423499539109493 ], [ 128.427892948962693, 36.423410024488668 ], [ 128.427843601313214, 36.423353258255482 ], [ 128.427810030390077, 36.42328759233822 ], [ 128.427799480844897, 36.423252874390542 ], [ 128.42778985849597, 36.423189125823072 ], [ 128.427797278847919, 36.423150520134158 ], [ 128.427750949865782, 36.423092695994697 ], [ 128.427717625699756, 36.423082938621199 ], [ 128.427628255412458, 36.423110012278109 ], [ 128.427551757097376, 36.42303347035584 ], [ 128.427496317969229, 36.422989335865829 ], [ 128.427464125787822, 36.422909113881964 ], [ 128.427444699883239, 36.422822987643229 ], [ 128.427466414866501, 36.422752631060298 ], [ 128.427413093755263, 36.422587419093119 ], [ 128.427347476514086, 36.422420336665105 ], [ 128.427332060269919, 36.422160668045834 ], [ 128.42735574082343, 36.422091393295176 ], [ 128.427371949895786, 36.422007060433543 ], [ 128.427359405551925, 36.421913163288764 ], [ 128.427351520530522, 36.421867950687563 ], [ 128.427323740223386, 36.421768618433667 ], [ 128.427295842425707, 36.421724634291209 ], [ 128.427258516556577, 36.421678442042655 ], [ 128.427210426154829, 36.421593484573741 ], [ 128.427187900888612, 36.421507379417314 ], [ 128.427167459339302, 36.421395727638647 ], [ 128.427157084287472, 36.421367669969634 ], [ 128.427095211698457, 36.421285836237175 ], [ 128.427011864735476, 36.421175107392905 ], [ 128.426982210493264, 36.42111834541609 ], [ 128.426950485588719, 36.42107325238468 ], [ 128.426910769570867, 36.421032212119371 ], [ 128.42680433979055, 36.4210837234073 ], [ 128.42669789442516, 36.421161539118764 ], [ 128.426575310053806, 36.421233888151008 ], [ 128.426479145230161, 36.421225440929653 ], [ 128.426474757710849, 36.421082497273247 ], [ 128.426527703170422, 36.421025997728492 ], [ 128.426531746005509, 36.421003948008654 ], [ 128.426495624542753, 36.420935151442059 ], [ 128.426456455885528, 36.420915191581464 ], [ 128.42634508109154, 36.420971959391963 ], [ 128.426217841745057, 36.420937688500281 ], [ 128.426121527952887, 36.420893563710486 ], [ 128.42603682117786, 36.420851017722867 ], [ 128.425933777518878, 36.42083648118065 ], [ 128.425776819019518, 36.420801264549837 ], [ 128.425676362064195, 36.420770150068705 ], [ 128.425588851500947, 36.420726833277286 ], [ 128.42552606845473, 36.42070969697572 ], [ 128.425488751386212, 36.420698757238071 ], [ 128.425423497414982, 36.420727828993357 ], [ 128.425372812059891, 36.420743949370291 ], [ 128.424854757677224, 36.420828887534931 ], [ 128.424493280847088, 36.42069736672223 ], [ 128.423952669714197, 36.420487047054706 ], [ 128.423566167601592, 36.420270748292744 ], [ 128.423294100731113, 36.420126743044122 ], [ 128.422920944869901, 36.419891447474576 ], [ 128.422858050273305, 36.419851942667144 ], [ 128.422302467520666, 36.41950296400595 ], [ 128.422200719528149, 36.419435911457093 ], [ 128.422022794105828, 36.41920684073542 ], [ 128.422087740726539, 36.419174110667043 ], [ 128.422028591677702, 36.419143860392779 ], [ 128.421973608106612, 36.41911573899737 ], [ 128.421617337651526, 36.418933536005177 ], [ 128.421349679105049, 36.418727125004864 ], [ 128.421145371114136, 36.418584282094827 ], [ 128.420807711329786, 36.418353036378129 ], [ 128.420757625006047, 36.418318729306129 ], [ 128.42054042419133, 36.418148211392712 ], [ 128.42034563231806, 36.418014037422857 ], [ 128.420250262180275, 36.417791827021261 ], [ 128.42010625953489, 36.417504983521511 ], [ 128.41995137532885, 36.417170343859965 ], [ 128.419842398181146, 36.416910128381225 ], [ 128.419700432870457, 36.416686897539812 ], [ 128.419433829534029, 36.41627651177329 ], [ 128.419378796548671, 36.416176215734673 ], [ 128.419293328238354, 36.41602922682975 ], [ 128.41909979013198, 36.415689270004719 ], [ 128.419061932326741, 36.41564367635646 ], [ 128.418956407808281, 36.415598149142433 ], [ 128.418685658592466, 36.415357193946441 ], [ 128.418453159449314, 36.415148271575198 ], [ 128.418338924760178, 36.415043549712578 ], [ 128.418198968946712, 36.414908973127218 ], [ 128.418200245518648, 36.414876916394689 ], [ 128.418093686797789, 36.414610574228597 ], [ 128.41785198391139, 36.414481889299338 ], [ 128.417792941328514, 36.414405318259192 ], [ 128.417754746939096, 36.414436185250267 ], [ 128.416834231880586, 36.413962200317357 ], [ 128.416043587716359, 36.41383668951552 ], [ 128.415970492190269, 36.413769988383578 ], [ 128.415893584777393, 36.41367641420031 ], [ 128.415864600575276, 36.413635810368568 ], [ 128.415815061791079, 36.413566386028691 ], [ 128.415786132872881, 36.413525854540715 ], [ 128.415772530587248, 36.413521435266325 ], [ 128.415499639386127, 36.413432847051311 ], [ 128.415341818643981, 36.413270153639054 ], [ 128.415138455957248, 36.413021203481897 ], [ 128.414542508047731, 36.412306077857011 ], [ 128.414470511003145, 36.412219691036512 ], [ 128.413959769502355, 36.411986502645782 ], [ 128.413773120973303, 36.411878932952078 ], [ 128.413758723151005, 36.411870652604549 ], [ 128.41367873409547, 36.41184635137018 ], [ 128.4136437981347, 36.411777637813756 ], [ 128.413577464521211, 36.41172994674902 ], [ 128.413531361246299, 36.411713994683467 ], [ 128.413454560686688, 36.411707488719557 ], [ 128.413420249472978, 36.411734904022822 ], [ 128.413306855745304, 36.411733147066741 ], [ 128.41327974293452, 36.411730003683154 ], [ 128.413185292095932, 36.41172222109077 ], [ 128.413061633111425, 36.411810258152727 ], [ 128.412997337044374, 36.411833920982048 ], [ 128.4129179936036, 36.411845262967539 ], [ 128.412789293804252, 36.411800445151584 ], [ 128.41276414103595, 36.411791679115197 ], [ 128.412410822494166, 36.411789855744352 ], [ 128.412305011814112, 36.411852819902926 ], [ 128.412273037930305, 36.411871838660815 ], [ 128.412110625111922, 36.411798836974256 ], [ 128.412102477367682, 36.411792650909803 ], [ 128.41203434765427, 36.41174080483038 ], [ 128.411974451064594, 36.411683853777618 ], [ 128.411900496656045, 36.411641540087771 ], [ 128.411760753126373, 36.411571128006656 ], [ 128.411725869047388, 36.411554789081869 ], [ 128.411683987890228, 36.411506893306978 ], [ 128.411674073051955, 36.411495552910338 ], [ 128.411599474281843, 36.411452983529358 ], [ 128.411584945864178, 36.411451695211994 ], [ 128.41151623660636, 36.411445615465041 ], [ 128.41149046351606, 36.41145994261251 ], [ 128.411443969333192, 36.411441212264599 ], [ 128.41137446878875, 36.411405615811169 ], [ 128.411351060942934, 36.411381394338072 ], [ 128.411218125476466, 36.411243834410477 ], [ 128.411171044102247, 36.411196642685397 ], [ 128.411098850478396, 36.411151597701924 ], [ 128.410935029297519, 36.411095619222401 ], [ 128.410822531788853, 36.411037461261465 ], [ 128.410808927710605, 36.41103042807417 ], [ 128.410697991321427, 36.4109619505194 ], [ 128.410652072253441, 36.410945367449628 ], [ 128.410611302495028, 36.4109304499354 ], [ 128.41045302175641, 36.410854042065388 ], [ 128.410394878052529, 36.410816131217686 ], [ 128.410300709720303, 36.410785963139425 ], [ 128.410220754398409, 36.410732489481177 ], [ 128.410186724863081, 36.410663797426061 ], [ 128.410168434037558, 36.410658813609608 ], [ 128.410147128018451, 36.410653021847125 ], [ 128.410088392849786, 36.410626994112157 ], [ 128.410002186825068, 36.410587772607741 ], [ 128.409968144683404, 36.410534012510773 ], [ 128.409990277861823, 36.410514513074084 ], [ 128.409840725536611, 36.41031787090585 ], [ 128.409828086240424, 36.410301254132264 ], [ 128.409722264100196, 36.410267234014462 ], [ 128.409621801594625, 36.410265943160582 ], [ 128.409503068435782, 36.410279070200154 ], [ 128.409464740434714, 36.410283304860748 ], [ 128.409256376056646, 36.410329609268565 ], [ 128.408940490424641, 36.410373316243316 ], [ 128.408820066096126, 36.410454939759433 ], [ 128.408625677930132, 36.410363778657576 ], [ 128.408494169541683, 36.410319491981994 ], [ 128.40830792664056, 36.410256874234214 ], [ 128.408299475169144, 36.410254038686141 ], [ 128.408193898891909, 36.410250828812593 ], [ 128.408158061495357, 36.410250074034934 ], [ 128.408157540197664, 36.41024971999591 ], [ 128.40810000378022, 36.410247974265928 ], [ 128.408055331589367, 36.410265468938313 ], [ 128.408038261141002, 36.410270097136618 ], [ 128.407937099059836, 36.410265512185767 ], [ 128.407857588713853, 36.410275462212461 ], [ 128.407784647664386, 36.410273333366469 ], [ 128.407606520934507, 36.410226930546187 ], [ 128.407470496936668, 36.410171085549763 ], [ 128.407332558957251, 36.410116258189362 ], [ 128.407286665959305, 36.410096411789134 ], [ 128.407282798917436, 36.410094743441341 ], [ 128.407091466010769, 36.410002405529106 ], [ 128.407085682781172, 36.410000556419057 ], [ 128.406995566535983, 36.409948066358758 ], [ 128.40694624298331, 36.409921966781695 ], [ 128.40650403517165, 36.409481318204776 ], [ 128.406314855442304, 36.409393486522958 ], [ 128.406199145182029, 36.409348050488603 ], [ 128.406164008846247, 36.409131256502036 ], [ 128.406154821617491, 36.408998389953432 ], [ 128.405996875858477, 36.408680496222701 ], [ 128.405915616812877, 36.408484459983498 ], [ 128.405952242236168, 36.408421291651678 ], [ 128.405966877017704, 36.408357427906651 ], [ 128.405998065523619, 36.40830255007954 ], [ 128.406038276892843, 36.408254475868929 ], [ 128.406033556216698, 36.408211287159467 ], [ 128.405957746193167, 36.408234753636087 ], [ 128.405820239223544, 36.408248188930415 ], [ 128.405621802566316, 36.408283975042146 ], [ 128.405607581354275, 36.408299485002225 ], [ 128.40551148825466, 36.408333672824952 ], [ 128.405469852905384, 36.408362328940001 ], [ 128.405419792542858, 36.408406614020869 ], [ 128.405366495945316, 36.408480494773919 ], [ 128.405342796939237, 36.408522469278182 ], [ 128.405322662077765, 36.408556125915204 ], [ 128.405271147707566, 36.408619967677637 ], [ 128.405204939387289, 36.408688205766246 ], [ 128.40520400224554, 36.408733520007509 ], [ 128.405174395180268, 36.408754963776317 ], [ 128.405060734303277, 36.408777087205976 ], [ 128.404985504142445, 36.408796050196898 ], [ 128.404857634838351, 36.408789680141169 ], [ 128.404735240113098, 36.408806550971306 ], [ 128.404601249451389, 36.408878991814149 ], [ 128.404500541745023, 36.408908541855361 ], [ 128.404390449713077, 36.40892169800231 ], [ 128.404309904353852, 36.408962126458398 ], [ 128.404265801747869, 36.409002782161544 ], [ 128.404225893383995, 36.40904457625151 ], [ 128.40416370067615, 36.40913275829682 ], [ 128.404143529109092, 36.409165297117198 ], [ 128.404087295825548, 36.409241009954833 ], [ 128.403955705305293, 36.409355077247803 ], [ 128.403941388118483, 36.409364125267516 ], [ 128.403841192775019, 36.409427101021194 ], [ 128.40376870791863, 36.409473237685255 ], [ 128.403568872576386, 36.409613916408723 ], [ 128.403102153652242, 36.409942986302973 ], [ 128.403072438867611, 36.40990565590554 ], [ 128.403028608253777, 36.409951394997272 ], [ 128.402984494690713, 36.410019481209616 ], [ 128.402961903029933, 36.4100578471554 ], [ 128.402961140069635, 36.410065746429545 ], [ 128.402869782126345, 36.410120240751169 ], [ 128.402787409494721, 36.410180601484704 ], [ 128.402706118119568, 36.410240967581458 ], [ 128.40262189515434, 36.410307059255402 ], [ 128.402554873463657, 36.410364577071334 ], [ 128.402480880174153, 36.410422555514614 ], [ 128.402380143943503, 36.410477236715352 ], [ 128.40227791537194, 36.410520078225638 ], [ 128.402212030964591, 36.410568815326315 ], [ 128.402102760157476, 36.410634357394031 ], [ 128.401990190336335, 36.4106721723983 ], [ 128.401931213926048, 36.410698207971912 ], [ 128.40185573250136, 36.410737921225916 ], [ 128.401771686440071, 36.410770679593099 ], [ 128.401733768813813, 36.410789611606646 ], [ 128.40164459335324, 36.410823930149917 ], [ 128.401524108998359, 36.410836887253907 ], [ 128.401465588984138, 36.410849930287966 ], [ 128.401423396493499, 36.410859333578934 ], [ 128.401348195030778, 36.410898831639663 ], [ 128.401311473905707, 36.410911479495311 ], [ 128.401218955367739, 36.410965840543319 ], [ 128.401128279707933, 36.411021202049227 ], [ 128.401040863369531, 36.411061557682537 ], [ 128.401030549246485, 36.411066092684131 ], [ 128.400959333830514, 36.411120704820092 ], [ 128.400913200864835, 36.411175623282176 ], [ 128.400810180139416, 36.411248729206342 ], [ 128.400736320220631, 36.411284764192061 ], [ 128.400721476624852, 36.4113012707029 ], [ 128.400704914336899, 36.411319453718377 ], [ 128.400675425587337, 36.411346961695109 ], [ 128.400614440024299, 36.411412267679879 ], [ 128.400537529005334, 36.411470951138973 ], [ 128.400451206314898, 36.411524090159524 ], [ 128.400326417050849, 36.411590606824149 ], [ 128.400253612735554, 36.411638605094936 ], [ 128.400174697982891, 36.411683806020434 ], [ 128.400147022974721, 36.411700157734835 ], [ 128.400049419847619, 36.411761611352382 ], [ 128.400017889624166, 36.41178344064204 ], [ 128.399987676887946, 36.411803573383573 ], [ 128.399953734453732, 36.411825922185571 ], [ 128.399837264832428, 36.411891993615612 ], [ 128.399733127483785, 36.411963624091889 ], [ 128.399680350004132, 36.412021221047851 ], [ 128.399622851448413, 36.412070791966357 ], [ 128.399570069643261, 36.412128929540685 ], [ 128.399547546649245, 36.412160987106788 ], [ 128.399519714125432, 36.41220060559602 ], [ 128.399455066671777, 36.412263459406653 ], [ 128.399431532966219, 36.412286338138472 ], [ 128.399330121440556, 36.412357143926251 ], [ 128.39927444199688, 36.412386195627491 ], [ 128.399145117488558, 36.412453535249782 ], [ 128.399139944349002, 36.412454978033523 ], [ 128.399043598902409, 36.412481832964602 ], [ 128.398958603042246, 36.412497147268944 ], [ 128.398928503334503, 36.412502573526204 ], [ 128.398762763969842, 36.412568674645044 ], [ 128.398678468222613, 36.412604466429208 ], [ 128.398565709855092, 36.412674754696674 ], [ 128.398425873767309, 36.412771985703067 ], [ 128.39826872040382, 36.412865200055009 ], [ 128.398216165522456, 36.412889463906147 ], [ 128.398191583222996, 36.412900811373689 ], [ 128.398151030109176, 36.412920053335078 ], [ 128.398128138441592, 36.412979494734017 ], [ 128.398121334600461, 36.412997167970644 ], [ 128.398049791120116, 36.413043251794186 ], [ 128.397953001761891, 36.413072581759309 ], [ 128.39790272959786, 36.413101506944528 ], [ 128.397824349123937, 36.413142131148355 ], [ 128.397737062304628, 36.413204121613823 ], [ 128.397696361783431, 36.413262544704658 ], [ 128.397631444036563, 36.413367218542007 ], [ 128.397594746828617, 36.413438485212119 ], [ 128.39757260845218, 36.413497038167058 ], [ 128.397555858320601, 36.41354509292708 ], [ 128.397516948354394, 36.413615573390736 ], [ 128.397571205982246, 36.413773278793293 ], [ 128.397581269889855, 36.413811223068173 ], [ 128.397592590517149, 36.413853895726028 ], [ 128.397608289305907, 36.413885497358208 ], [ 128.397558049306582, 36.413914503657772 ], [ 128.397555844063987, 36.413915645978285 ], [ 128.397558481377217, 36.413916299132424 ], [ 128.397568347693351, 36.413978330162685 ], [ 128.397553606394013, 36.414043399787623 ], [ 128.39756748578327, 36.414075271579868 ], [ 128.397569041293366, 36.414078848002298 ], [ 128.397541699268487, 36.414145620156539 ], [ 128.397517624029092, 36.414249824594663 ], [ 128.397518488628691, 36.41432680524354 ], [ 128.397494943381759, 36.414435986704675 ], [ 128.397483729537328, 36.41449040453449 ], [ 128.39744590280867, 36.414563467730659 ], [ 128.397431766013199, 36.41459075515241 ], [ 128.397416033070897, 36.414621152479022 ], [ 128.397380914190336, 36.414690066034723 ], [ 128.39733001348327, 36.414781275303547 ], [ 128.397294183834163, 36.414845490241753 ], [ 128.397265959002397, 36.414877906002332 ], [ 128.397067631196478, 36.415039433856634 ], [ 128.397049642752251, 36.415058717543417 ], [ 128.39696979652922, 36.415144301146441 ], [ 128.396941488822733, 36.415184502347095 ], [ 128.396769722537272, 36.415454698695591 ], [ 128.396741877228919, 36.415498506788538 ], [ 128.396702407585565, 36.415537407816586 ], [ 128.396629968418154, 36.41559506600106 ], [ 128.396594989556462, 36.415608388059361 ], [ 128.396568566222129, 36.4156197709151 ], [ 128.396520503989706, 36.415649553772447 ], [ 128.39632334980206, 36.41566652378048 ], [ 128.396318565112495, 36.415666724821229 ], [ 128.39628848573264, 36.415686595945381 ], [ 128.396236676040957, 36.415720829401025 ], [ 128.396207929535962, 36.415725540901676 ], [ 128.39616026055262, 36.415733355563475 ], [ 128.39602331873121, 36.415792732009457 ], [ 128.395973108821408, 36.415807571696533 ], [ 128.395851605523717, 36.415870243329969 ], [ 128.395816500065905, 36.415888349623891 ], [ 128.395748945157465, 36.415944346887493 ], [ 128.39573152890938, 36.41595879409644 ], [ 128.395710364717189, 36.415976331258733 ], [ 128.395648210133459, 36.416034671813904 ], [ 128.395625521732143, 36.416058959854162 ], [ 128.395567740051916, 36.416121296623686 ], [ 128.395503531113519, 36.416167055633359 ], [ 128.395421519139973, 36.416236839033111 ], [ 128.39537409081376, 36.416289685070652 ], [ 128.395309555850133, 36.416361584682868 ], [ 128.395306795281527, 36.416368176100029 ], [ 128.395288005452045, 36.416413012062215 ], [ 128.395281586927865, 36.416428326065642 ], [ 128.395217573757037, 36.416494749282037 ], [ 128.395141903715114, 36.416538917950021 ], [ 128.395104659256504, 36.416582560773506 ], [ 128.395090568097118, 36.416590914973249 ], [ 128.395031526515481, 36.416625895173155 ], [ 128.394931193008802, 36.416664360332724 ], [ 128.394843018339344, 36.41670350896846 ], [ 128.394724124023583, 36.416740086373544 ], [ 128.394495335502569, 36.41684442130525 ], [ 128.394378689936502, 36.41688426294543 ], [ 128.394067800494753, 36.416994965288048 ], [ 128.393981552484917, 36.417015685554645 ], [ 128.393852811581411, 36.417046606841552 ], [ 128.393774064149966, 36.417069149399559 ], [ 128.393746295235445, 36.417077100406814 ], [ 128.393582849325753, 36.417170438645762 ], [ 128.393505630457781, 36.417211417321475 ], [ 128.393422026809134, 36.417249011158383 ], [ 128.39335621738374, 36.417193723924058 ], [ 128.393312542164608, 36.417221130754982 ], [ 128.393187785263621, 36.41727582592096 ], [ 128.393135694066643, 36.417298666043671 ], [ 128.393092287931381, 36.417364463146342 ], [ 128.393045851113328, 36.417401398985049 ], [ 128.393029459732134, 36.417414427197961 ], [ 128.39299043886254, 36.417445462223199 ], [ 128.392953842840569, 36.417461514459504 ], [ 128.392842192643428, 36.417528252329518 ], [ 128.392747901986922, 36.417666485694383 ], [ 128.392714752060868, 36.417708130052937 ], [ 128.392708930470121, 36.417715453756898 ], [ 128.392670100072735, 36.417757763028995 ], [ 128.392610031492154, 36.417786933375993 ], [ 128.392391991909648, 36.41786188749024 ], [ 128.39219711026783, 36.417929678073612 ], [ 128.392022987967181, 36.418007622106856 ], [ 128.391988884978588, 36.418051307004802 ], [ 128.391953848094374, 36.418074666200894 ], [ 128.391873094332851, 36.418102631185974 ], [ 128.391752558196828, 36.418129131385413 ], [ 128.391559355990154, 36.418177338501927 ], [ 128.39134515839433, 36.418235521896698 ], [ 128.391297513488269, 36.418264232387344 ], [ 128.391222746874718, 36.418309286284497 ], [ 128.391037156430144, 36.418429091737259 ], [ 128.390994485217419, 36.418412076167407 ], [ 128.39093555477487, 36.418452389690934 ], [ 128.390745622913045, 36.418592556489465 ], [ 128.390589913870286, 36.418669520215616 ], [ 128.390451232501107, 36.418756186131574 ], [ 128.390425410269074, 36.41877029216058 ], [ 128.390362458965882, 36.418788641831519 ], [ 128.390169139279351, 36.418904161945051 ], [ 128.39005557822432, 36.418962335483691 ], [ 128.389922713022031, 36.419020941729549 ], [ 128.389781221093756, 36.419083360555092 ], [ 128.38974557065211, 36.419117989330189 ], [ 128.389671169472962, 36.4191475082986 ], [ 128.389654517630333, 36.419165193648169 ], [ 128.389267536237242, 36.419525886843353 ], [ 128.38889855392253, 36.419807676340866 ], [ 128.388892295091466, 36.419857829234289 ], [ 128.388707952626021, 36.42003216594469 ], [ 128.388700403633294, 36.420039309365357 ], [ 128.388560563614448, 36.420196220689633 ], [ 128.388512497909716, 36.42024697900996 ], [ 128.388508666073022, 36.420293314452785 ], [ 128.38848187916085, 36.420360537844239 ], [ 128.388471117010226, 36.420380686360069 ], [ 128.388446299823471, 36.420427112320652 ], [ 128.388218142640795, 36.420647244987961 ], [ 128.388120860950664, 36.420731840844539 ], [ 128.388056651464439, 36.420799313468365 ], [ 128.387977105468678, 36.420867401147135 ], [ 128.387941327880782, 36.420875462839398 ], [ 128.387790297250007, 36.421088132897047 ], [ 128.387698463960021, 36.421221292283555 ], [ 128.38762896350238, 36.421329063888038 ], [ 128.387556090026663, 36.421463023518463 ], [ 128.387512193049673, 36.421557697815402 ], [ 128.387508170325276, 36.421561624164049 ], [ 128.387507075940732, 36.421601494376191 ], [ 128.38746160872887, 36.42165199527085 ], [ 128.387409138679061, 36.421737947378276 ], [ 128.387348499831461, 36.421845980653117 ], [ 128.387324508765943, 36.421994087237081 ], [ 128.387282314903103, 36.422059320654675 ], [ 128.387203614093494, 36.422233621540393 ], [ 128.387174615675917, 36.422223226298655 ], [ 128.387096048787299, 36.42219504867662 ], [ 128.3870132677649, 36.422165371433621 ], [ 128.386935268008671, 36.422137403888669 ], [ 128.386839030400694, 36.422111739473571 ], [ 128.386770810680787, 36.422093545557729 ], [ 128.386483277643777, 36.422016891184796 ], [ 128.386345736933748, 36.421980217879231 ], [ 128.386174016208429, 36.421910160961339 ], [ 128.385599688392603, 36.421377108354235 ], [ 128.385533447528303, 36.421368250830035 ], [ 128.385509389894793, 36.421366243331597 ], [ 128.385451987457117, 36.421357863905861 ], [ 128.385323516861888, 36.421339124021912 ], [ 128.384888281257957, 36.421280681775983 ], [ 128.384867363699271, 36.421314483993498 ], [ 128.384848179393003, 36.421294064022064 ], [ 128.384796674685845, 36.421239260515655 ], [ 128.384702425908102, 36.42124856021627 ], [ 128.384635175552688, 36.421236254591768 ], [ 128.384508991987474, 36.421213182109724 ], [ 128.384475481490028, 36.421171393910548 ], [ 128.384453091067286, 36.421148929724566 ], [ 128.384342217064187, 36.421015932937507 ], [ 128.384327254370191, 36.420998904996921 ], [ 128.384184541781337, 36.420828517047099 ], [ 128.384136941076463, 36.420753908161998 ], [ 128.384118880372853, 36.420729627953172 ], [ 128.384037713145034, 36.420607706385084 ], [ 128.383594896018394, 36.420302107190565 ], [ 128.383480020451429, 36.420239639838222 ], [ 128.383142216449613, 36.420053930562446 ], [ 128.382908507833605, 36.419917854199596 ], [ 128.382816948534327, 36.419823011558911 ], [ 128.382729105414029, 36.419732008974897 ], [ 128.382541506736601, 36.419456465685244 ], [ 128.382384782974782, 36.419218939438281 ], [ 128.382314150243275, 36.419116094557801 ], [ 128.382841780132821, 36.418760153839195 ], [ 128.382870109187365, 36.418738024192578 ], [ 128.383093543668082, 36.418563466394737 ], [ 128.383421290080321, 36.418285437469052 ], [ 128.38367962194792, 36.418068524920962 ], [ 128.383961253799981, 36.4178053411256 ], [ 128.384088563662004, 36.417686804383813 ], [ 128.384174728413313, 36.417606578947854 ], [ 128.384145999395685, 36.417284864295056 ], [ 128.384133701725574, 36.417045302243757 ], [ 128.384123030526041, 36.4169468055129 ], [ 128.384114496031344, 36.416905173344482 ], [ 128.38408101156071, 36.416832178342887 ], [ 128.383887080662987, 36.416504689083354 ], [ 128.383855558632973, 36.416490873640278 ], [ 128.38364478262497, 36.416398469839706 ], [ 128.383596805284725, 36.416377441098689 ], [ 128.383400040999675, 36.41634322449606 ], [ 128.383318939287221, 36.416329116239631 ], [ 128.383123967830642, 36.416295214854202 ], [ 128.382967550408324, 36.416247418867755 ], [ 128.38284878162338, 36.416059481708785 ], [ 128.382773617981769, 36.415947602088579 ], [ 128.382754620561485, 36.41591931570364 ], [ 128.382673817755176, 36.415822618205482 ], [ 128.382561415441955, 36.415672778300255 ], [ 128.382323970741112, 36.415447287356272 ], [ 128.381584865203507, 36.415033060443243 ], [ 128.381441332501566, 36.414980589299113 ], [ 128.381184822745695, 36.414809012005065 ], [ 128.381006640027579, 36.414640003914329 ], [ 128.380383411115247, 36.414021468171818 ], [ 128.380018532245685, 36.413991778439041 ], [ 128.379449117526832, 36.414307910919369 ], [ 128.378932239066557, 36.414524187814123 ], [ 128.377543692258513, 36.414284444488167 ], [ 128.377468070796482, 36.414271388210345 ], [ 128.37505770285884, 36.413875032330694 ], [ 128.373383823559095, 36.412955826952206 ], [ 128.373268146674633, 36.41291354032839 ], [ 128.373245380358242, 36.412905220104165 ], [ 128.373104579401002, 36.412837298619728 ], [ 128.373090703899265, 36.412836666895444 ], [ 128.373099823692314, 36.412796541638905 ], [ 128.372820744752886, 36.41277662630182 ], [ 128.372750215752887, 36.412811219600385 ], [ 128.372688874838673, 36.412841499672034 ], [ 128.372644720299633, 36.41284755719898 ], [ 128.372549782760018, 36.412860403272198 ], [ 128.372392703720095, 36.412930892879778 ], [ 128.372280397381758, 36.41298086471236 ], [ 128.372246176760228, 36.412946810200523 ], [ 128.372247991770791, 36.412876593188727 ], [ 128.372234601126763, 36.412865609712675 ], [ 128.372145570001123, 36.412790309113227 ], [ 128.372136231193366, 36.412767686104914 ], [ 128.372118535740157, 36.412725076618408 ], [ 128.372051857934736, 36.412674747452598 ], [ 128.371966650164836, 36.412609262365244 ], [ 128.371893408625681, 36.412664963802015 ], [ 128.371841485050254, 36.412703953131953 ], [ 128.371793584314673, 36.412743179926466 ], [ 128.371740758757653, 36.412801358938324 ], [ 128.371540745285756, 36.41302220307341 ], [ 128.371352231127929, 36.41325062312287 ], [ 128.371084263463018, 36.413425662924439 ], [ 128.371001220489973, 36.413427549493541 ], [ 128.37093433747981, 36.413428836458024 ], [ 128.370807958069548, 36.413430683307404 ], [ 128.370767826000446, 36.413409393477075 ], [ 128.370718711237231, 36.413423525423809 ], [ 128.370686926889533, 36.413435703284129 ], [ 128.370653683442043, 36.413451838485123 ], [ 128.370483112438507, 36.413553857593868 ], [ 128.370391237180513, 36.413623526572039 ], [ 128.370272575999024, 36.413725558353001 ], [ 128.370212547223929, 36.413797396065249 ], [ 128.369963575455813, 36.413885410628446 ], [ 128.369787836562693, 36.413954869915166 ], [ 128.369650068143812, 36.414017879362298 ], [ 128.369605241114954, 36.414039404932502 ], [ 128.36956059261135, 36.414043016585865 ], [ 128.369509411927083, 36.41405335227261 ], [ 128.369430528450749, 36.414072940303619 ], [ 128.369364150258235, 36.414143950963656 ], [ 128.36926594720245, 36.414134374562082 ], [ 128.369224519307295, 36.41415880166042 ], [ 128.369138149937442, 36.414247729330668 ], [ 128.369074950192072, 36.414366715808775 ], [ 128.369058652273793, 36.414415940374759 ], [ 128.36904249593448, 36.414446322661554 ], [ 128.369016032649455, 36.414474568704655 ], [ 128.368975441534133, 36.414505767774934 ], [ 128.368926965145789, 36.414524921758741 ], [ 128.368859936356898, 36.414517943248001 ], [ 128.368821624646642, 36.414488029403046 ], [ 128.368722554507428, 36.414425856903243 ], [ 128.368643097052967, 36.414385560016733 ], [ 128.368595895501471, 36.414342397155906 ], [ 128.36854542524631, 36.414325593583946 ], [ 128.368464639389572, 36.414308881619704 ], [ 128.368265916131321, 36.414326562952652 ], [ 128.368190630928524, 36.414342321334381 ], [ 128.368115028951451, 36.414353148703412 ], [ 128.36808790103899, 36.414369838284799 ], [ 128.367979718571831, 36.414408401342378 ], [ 128.367914366710124, 36.414433836514718 ], [ 128.367833241086601, 36.414456214163522 ], [ 128.367757389759589, 36.414460659847414 ], [ 128.36770605231348, 36.414473760453582 ], [ 128.367628259412328, 36.414509961251674 ], [ 128.367477227771559, 36.414554253002947 ], [ 128.367392055171138, 36.414620467782854 ], [ 128.367336787075658, 36.414679560021703 ], [ 128.367310934761463, 36.414709367914703 ], [ 128.367207936735525, 36.414791708577297 ], [ 128.367192146107215, 36.414820894022633 ], [ 128.367196876702678, 36.414847917569361 ], [ 128.367210161599587, 36.414870489817908 ], [ 128.367208748168878, 36.414892118895132 ], [ 128.367156510880534, 36.414955507601086 ], [ 128.367114412943124, 36.415004612866944 ], [ 128.367094745150354, 36.415026586534125 ], [ 128.367086519143243, 36.415060588238063 ], [ 128.367091109922939, 36.415107544457292 ], [ 128.367114618909085, 36.415158899653584 ], [ 128.367157351799108, 36.415233282185731 ], [ 128.367165977254388, 36.415250251576779 ], [ 128.367057669304273, 36.415258795852502 ], [ 128.366966768932116, 36.415234026938094 ], [ 128.366925383034697, 36.415222975223116 ], [ 128.366707676674764, 36.415189097479058 ], [ 128.366559952293528, 36.415140515219022 ], [ 128.366501568967749, 36.41513429325704 ], [ 128.366438152071993, 36.415117753379832 ], [ 128.366378528565491, 36.415085833010522 ], [ 128.366361440037736, 36.415068971748205 ], [ 128.366334242126356, 36.415042144078548 ], [ 128.366318724141479, 36.415026841139223 ], [ 128.366208257420936, 36.414993821192489 ], [ 128.366198448409648, 36.414985307223617 ], [ 128.366185063406704, 36.414973692301089 ], [ 128.366183159546381, 36.414945980858342 ], [ 128.366148127151945, 36.41493790041978 ], [ 128.366064551228931, 36.414914665694688 ], [ 128.366045478700812, 36.414945653843525 ], [ 128.366035208064886, 36.414962333525366 ], [ 128.365955315106532, 36.414981075809528 ], [ 128.365879594081065, 36.415007770354379 ], [ 128.365818856209842, 36.415029182771633 ], [ 128.365698437250671, 36.415049033845641 ], [ 128.365603292769237, 36.415070389127941 ], [ 128.365555567257559, 36.415095763660574 ], [ 128.365521733517596, 36.415129385574168 ], [ 128.365450178793822, 36.415168790206415 ], [ 128.365408479762834, 36.41518249986617 ], [ 128.36537651997088, 36.415190025440403 ], [ 128.365337505679179, 36.415228621080793 ], [ 128.365312993441478, 36.41525394795223 ], [ 128.365231506721869, 36.415338176746623 ], [ 128.365190259333389, 36.415394918585619 ], [ 128.365095924936242, 36.415449476093606 ], [ 128.365085900607056, 36.41545506386359 ], [ 128.365027602487345, 36.415487582016127 ], [ 128.365003174420764, 36.415501203349507 ], [ 128.36488008170565, 36.415582164254609 ], [ 128.364700932895317, 36.415640820081634 ], [ 128.364542276148342, 36.415726835672587 ], [ 128.36441316737691, 36.415859003309862 ], [ 128.364407725557498, 36.415864570411344 ], [ 128.364383739839241, 36.415886799944865 ], [ 128.364373808531354, 36.415896001756266 ], [ 128.364275242844684, 36.416157214449775 ], [ 128.364214816512344, 36.416317756021954 ], [ 128.364163838219383, 36.416394487104448 ], [ 128.363936158727256, 36.416647512793091 ], [ 128.363915304437455, 36.416663072424704 ], [ 128.363718235171831, 36.416814440347572 ], [ 128.36331075064561, 36.417205461467312 ], [ 128.363083124456722, 36.41738867379982 ], [ 128.363058786029768, 36.417407575934966 ], [ 128.362773323257613, 36.417979080582917 ], [ 128.362728468215124, 36.418068874373418 ], [ 128.362687680765589, 36.418150741777815 ], [ 128.362636418689391, 36.418253621973115 ], [ 128.362579125523069, 36.418368617352499 ], [ 128.362475192690908, 36.41863327812635 ], [ 128.362424445841071, 36.418678640696868 ], [ 128.362339896199614, 36.418733068105063 ], [ 128.362263490071911, 36.418815555736778 ], [ 128.362096730493931, 36.418950393872464 ], [ 128.361996409627437, 36.419035312537218 ], [ 128.361987696773184, 36.419042691336898 ], [ 128.361804563681488, 36.419191661483268 ], [ 128.361647112471445, 36.419319736160162 ], [ 128.361320038769918, 36.419523517005217 ], [ 128.361289735413635, 36.419532735496766 ], [ 128.360744394713436, 36.419656800336867 ], [ 128.360533025098164, 36.419790937289228 ], [ 128.360388782871951, 36.419839041233494 ], [ 128.360219554785772, 36.419935771931677 ], [ 128.359879187565326, 36.419969665116113 ], [ 128.359455355258973, 36.420015174970196 ], [ 128.359181105177726, 36.420023612756488 ], [ 128.359003394354659, 36.420029117971076 ], [ 128.358093028491965, 36.420129857948076 ], [ 128.358025309961903, 36.420118174648863 ], [ 128.357775085006494, 36.420186403642816 ], [ 128.357663844374969, 36.420303439735235 ], [ 128.35761028471407, 36.420440539906267 ], [ 128.357705801915188, 36.42049666471511 ], [ 128.357785232505819, 36.420574050917395 ], [ 128.357758873432971, 36.420606485306465 ], [ 128.357750485439794, 36.420610909779796 ], [ 128.357726868869889, 36.420610971704406 ], [ 128.357684905276216, 36.420641357449057 ], [ 128.357592319399089, 36.420674498079222 ], [ 128.357373706450488, 36.420651853739962 ], [ 128.357108623319419, 36.420684108470553 ], [ 128.357070882139141, 36.420702738785486 ], [ 128.356909103870407, 36.420696026191962 ], [ 128.356880253553271, 36.420695257676265 ], [ 128.35685752594361, 36.420701082559766 ], [ 128.35671183018701, 36.420738405477991 ], [ 128.35672200751543, 36.420660511176678 ], [ 128.356748604225658, 36.420550822929741 ], [ 128.356738710166979, 36.420537801996559 ], [ 128.356724690684075, 36.420519369925657 ], [ 128.356596806061589, 36.420328293920321 ], [ 128.356251225059594, 36.420125381096291 ], [ 128.356051996962464, 36.419949986445289 ], [ 128.356042513478485, 36.419834822600272 ], [ 128.355891062274679, 36.419706842960004 ], [ 128.355776623427545, 36.41961732599713 ], [ 128.355698459726909, 36.419554273557559 ], [ 128.355682510762904, 36.419533262657986 ], [ 128.355657422976265, 36.419500974031997 ], [ 128.355624969683589, 36.419495058199061 ], [ 128.355621362540262, 36.419494398874576 ], [ 128.355601357346586, 36.419456947116579 ], [ 128.355604774290356, 36.4194361400776 ], [ 128.355612954103236, 36.419419152630887 ], [ 128.355616467278026, 36.419307276136401 ], [ 128.355615510866613, 36.419246380419992 ], [ 128.35561441218826, 36.419187853951705 ], [ 128.355634761572844, 36.419096200150861 ], [ 128.35563359014634, 36.418962968148008 ], [ 128.355651512555909, 36.418884322797922 ], [ 128.355671276477551, 36.41881892526257 ], [ 128.355693884017768, 36.418703646553823 ], [ 128.355797965562971, 36.418367234200836 ], [ 128.35579857790691, 36.418197623480154 ], [ 128.355783859319558, 36.418052251837366 ], [ 128.355730188473245, 36.417856439576639 ], [ 128.355685539528281, 36.417781655174863 ], [ 128.355620533274077, 36.417410364111298 ], [ 128.355614696923766, 36.417230526505371 ], [ 128.355598282677761, 36.417141881921047 ], [ 128.355593894804599, 36.41711837427335 ], [ 128.355561037479333, 36.417112897802468 ], [ 128.355476753411523, 36.417225094379667 ], [ 128.355415745948847, 36.417282545933674 ], [ 128.355431067321689, 36.417227145148999 ], [ 128.355577234552442, 36.417054059348388 ], [ 128.355506077581964, 36.41702576589676 ], [ 128.35568672149904, 36.416731157402914 ], [ 128.35567985182783, 36.416727299384462 ], [ 128.355664471049636, 36.416687556681254 ], [ 128.355685038879471, 36.416716225292696 ], [ 128.355696326080306, 36.416711726523921 ], [ 128.355717306115196, 36.416704072083355 ], [ 128.355823534729979, 36.416129452702009 ], [ 128.355890346415862, 36.415860902310357 ], [ 128.35598695565804, 36.415626576338212 ], [ 128.356066988911465, 36.415433568449529 ], [ 128.356075326819166, 36.415377192623602 ], [ 128.3560847280622, 36.415343225088087 ], [ 128.356104355384929, 36.415272618061607 ], [ 128.356113118406512, 36.415243017642922 ], [ 128.356136106441994, 36.415244610746093 ], [ 128.356137443322098, 36.415217781776192 ], [ 128.356125354483453, 36.415206001519486 ], [ 128.356129099303786, 36.415179212596847 ], [ 128.356129655877481, 36.415175277586805 ], [ 128.356120068050899, 36.41516306928267 ], [ 128.356114180083694, 36.41507829348096 ], [ 128.356050847939343, 36.414852339719125 ], [ 128.356072631136215, 36.414808184034783 ], [ 128.355956519754557, 36.41447428476161 ], [ 128.355897674105393, 36.414386672414047 ], [ 128.355755693372146, 36.414220345800928 ], [ 128.355705877271618, 36.414155842568384 ], [ 128.35556712128448, 36.414020271338252 ], [ 128.355453642736393, 36.413950467330494 ], [ 128.355432044521336, 36.41393996024712 ], [ 128.355309095858956, 36.413880143662524 ], [ 128.35522971651227, 36.413851517186494 ], [ 128.355145416322273, 36.413835498125415 ], [ 128.355090294239886, 36.413839588368013 ], [ 128.355023481009511, 36.413853915423843 ], [ 128.354960185786268, 36.413871550679737 ], [ 128.354943301560922, 36.413876109195428 ], [ 128.354827257560373, 36.413907417575444 ], [ 128.354597296038577, 36.413960952927532 ], [ 128.354531693845331, 36.414008033997661 ], [ 128.354392254764718, 36.414033060365512 ], [ 128.354375573006024, 36.414036051899487 ], [ 128.354278058751476, 36.414033739179636 ], [ 128.354217152262919, 36.414040248792446 ], [ 128.354192538671924, 36.41401021528101 ], [ 128.353959615629947, 36.413868382417299 ], [ 128.353409177428205, 36.413535774510706 ], [ 128.353290740476211, 36.413464589822929 ], [ 128.352690039158318, 36.41310621228947 ], [ 128.352568122680225, 36.413237712294816 ], [ 128.352227981901024, 36.413626673531063 ], [ 128.351863264572245, 36.413875074144059 ], [ 128.351347804038056, 36.413972674964597 ], [ 128.350948359330545, 36.41404241129657 ], [ 128.350474770047555, 36.414085599810576 ], [ 128.349967969787173, 36.414013600741413 ], [ 128.349649284072427, 36.413981141534052 ], [ 128.349505264552192, 36.413956402824319 ], [ 128.349256890212502, 36.41391812651969 ], [ 128.348800620913437, 36.413840730252858 ], [ 128.348385737034079, 36.413782131247004 ], [ 128.347694964976171, 36.413457732023687 ], [ 128.347388891468427, 36.41292667654168 ], [ 128.347287910634037, 36.412550840263776 ], [ 128.347113931970028, 36.412219652313972 ], [ 128.346911326901733, 36.411874871076897 ], [ 128.346712960878136, 36.411523363125774 ], [ 128.346636527298188, 36.411204198863764 ], [ 128.346552993407869, 36.410843759050408 ], [ 128.34646775029077, 36.410466557436465 ], [ 128.346378514087064, 36.410045853423085 ], [ 128.346271558292585, 36.409584635590541 ], [ 128.346162719933346, 36.409360995131756 ], [ 128.346100479299082, 36.409247964953551 ], [ 128.346021529324304, 36.409109466689749 ], [ 128.345935967922884, 36.408963083076401 ], [ 128.345763513565629, 36.408647130804837 ], [ 128.345655386322704, 36.408443994898917 ], [ 128.345591398530473, 36.408325457843368 ], [ 128.345567231480146, 36.408278717704441 ], [ 128.345538672028624, 36.408222689626662 ], [ 128.345505515064275, 36.408157904157868 ], [ 128.345489325950496, 36.408126275029289 ], [ 128.345422013618276, 36.407994815167854 ], [ 128.345381029237387, 36.407899708065372 ], [ 128.345353092445549, 36.407743142192622 ], [ 128.345330437330773, 36.407610765127579 ], [ 128.345303564116449, 36.407468272013219 ], [ 128.345279029566342, 36.407332712562926 ], [ 128.345253031007303, 36.407193612557023 ], [ 128.345231237928175, 36.40710061139368 ], [ 128.345211726139638, 36.407017382203527 ], [ 128.345207551411477, 36.406999453434587 ], [ 128.345196069990379, 36.406950259704658 ], [ 128.345180003412281, 36.406904104682589 ], [ 128.34515238700601, 36.40682485006672 ], [ 128.345121059569692, 36.406734842364884 ], [ 128.345114985529932, 36.406717407797103 ], [ 128.345045677805899, 36.406698796627282 ], [ 128.344961787684156, 36.406676284384972 ], [ 128.344878131257389, 36.406653827437616 ], [ 128.344795453673385, 36.406631637147214 ], [ 128.344717102939171, 36.406610615053182 ], [ 128.344674001230345, 36.406599041566793 ], [ 128.344620875829321, 36.406590296611427 ], [ 128.344474837493692, 36.40656748725327 ], [ 128.344278558731446, 36.406536236851487 ], [ 128.344223667540632, 36.406528022692122 ], [ 128.344065917779204, 36.406503292015557 ], [ 128.343991098502471, 36.406491868098399 ], [ 128.343771080674514, 36.406457251046874 ], [ 128.343671966003427, 36.406443620487572 ], [ 128.343402209275695, 36.406403267825688 ], [ 128.343351434228964, 36.406396103256526 ], [ 128.343311607563663, 36.406390152473044 ], [ 128.343128185660049, 36.406362611678155 ], [ 128.343100323089942, 36.406359051739877 ], [ 128.342996625771548, 36.406342899175577 ], [ 128.342874105361403, 36.406323389573274 ], [ 128.34248602676243, 36.406336766618786 ], [ 128.342026515002544, 36.406347017508871 ], [ 128.341658798351034, 36.406364992017025 ], [ 128.341184515176849, 36.406400264060203 ], [ 128.340750228593521, 36.406408180350603 ], [ 128.340226283994809, 36.40655215874957 ], [ 128.3397757152579, 36.406784160086751 ], [ 128.338967292108805, 36.407184852616936 ], [ 128.338676318832796, 36.407308732060187 ], [ 128.338553662089026, 36.407410205463641 ], [ 128.338479547285544, 36.407477254012754 ], [ 128.338399599831348, 36.407555029843124 ], [ 128.33803863056113, 36.40787089622048 ], [ 128.337991066147225, 36.40792269132173 ], [ 128.337940260683325, 36.407970178929773 ], [ 128.337689313047179, 36.408260918651926 ], [ 128.337642454214233, 36.408308346961313 ], [ 128.337614293735641, 36.408338441974195 ], [ 128.337583380614717, 36.408371035881842 ], [ 128.337361671058375, 36.408641012754948 ], [ 128.337347943844719, 36.408653210056848 ], [ 128.337291508349097, 36.408708461002 ], [ 128.337237981897914, 36.408766404509777 ], [ 128.337155265750454, 36.408828619272818 ], [ 128.336534307995151, 36.409262842106429 ], [ 128.336431635389943, 36.409345923967741 ], [ 128.336397937012975, 36.409372959987834 ], [ 128.336274935503837, 36.409457911022955 ], [ 128.336134444098121, 36.409534726249305 ], [ 128.335429843488782, 36.409904306464988 ], [ 128.33528516116175, 36.409979511284718 ], [ 128.335166511271893, 36.410041587266491 ], [ 128.33497733532937, 36.410142757844788 ], [ 128.33486896415738, 36.410196987825167 ], [ 128.334292338625261, 36.410294101570322 ], [ 128.334221599192119, 36.410292922349157 ], [ 128.334042963844809, 36.41029162674473 ], [ 128.333874821267756, 36.410297932137325 ], [ 128.333253537350572, 36.410515499933126 ], [ 128.333090651439278, 36.410554923775308 ], [ 128.333059156995546, 36.410574365488216 ], [ 128.33304601640188, 36.410590846021726 ], [ 128.333034530906758, 36.41063536151065 ], [ 128.333163809766177, 36.410672013808401 ], [ 128.333775494005749, 36.41093151448738 ], [ 128.333864640049399, 36.410939276127941 ], [ 128.333897738379875, 36.410943462250124 ], [ 128.333898950468551, 36.410946433801641 ], [ 128.333903983949455, 36.410958834696615 ], [ 128.333923658960003, 36.410976075495924 ], [ 128.333959975873285, 36.410992391017054 ], [ 128.333966846866559, 36.410999818833552 ], [ 128.334074601157994, 36.411045280208057 ], [ 128.333998363812839, 36.411118486900001 ], [ 128.333997694578983, 36.411119825869534 ], [ 128.333360603383284, 36.412391026609171 ], [ 128.333360448730616, 36.412392161189672 ], [ 128.333013640971274, 36.415134682264132 ], [ 128.333027426222628, 36.41524214010532 ], [ 128.332414234972134, 36.416348108036416 ], [ 128.332897516689115, 36.416822375894291 ], [ 128.332810332560797, 36.417665847643477 ], [ 128.332470785239707, 36.418776582423845 ], [ 128.333759067505781, 36.420125762248745 ], [ 128.334044371471265, 36.420154941353104 ], [ 128.334116209825311, 36.420148620312652 ], [ 128.33396051282898, 36.420682454199799 ], [ 128.333542152315488, 36.421132391028436 ], [ 128.333406460755072, 36.421139417841935 ], [ 128.332488004132188, 36.421126552913165 ], [ 128.332408360137947, 36.42112241198349 ], [ 128.331414268603453, 36.42124881063306 ], [ 128.330849644631343, 36.42169077096473 ], [ 128.330817889517249, 36.421720483625542 ], [ 128.330266724092155, 36.422301572529427 ], [ 128.330043425550116, 36.422872833023646 ], [ 128.329949565320106, 36.423034187011261 ], [ 128.329832356376102, 36.423188966397014 ], [ 128.329714800898898, 36.423285538718005 ], [ 128.32975215821682, 36.423340853931691 ], [ 128.329772983031035, 36.423328418122367 ], [ 128.329736768740645, 36.423412255236045 ], [ 128.329580578853353, 36.423438618092568 ], [ 128.329578603437625, 36.423438823251864 ], [ 128.329359609823456, 36.423464318753155 ], [ 128.329275675863329, 36.423506146045781 ], [ 128.329265404922666, 36.423511468063623 ], [ 128.32924270256521, 36.423519207256398 ], [ 128.329220201101492, 36.42352821819108 ], [ 128.328949560790988, 36.42363739990607 ], [ 128.328899354035599, 36.423653707206093 ], [ 128.328885004297632, 36.423666512758153 ], [ 128.328742343185951, 36.423635547749946 ], [ 128.328609011952068, 36.423601084633773 ], [ 128.328455743571197, 36.423583423497696 ], [ 128.328355456131362, 36.423611748919058 ], [ 128.328080270971753, 36.423784794245805 ], [ 128.328037155865047, 36.423806250669699 ], [ 128.327974515196843, 36.423838131336424 ], [ 128.327756172194626, 36.423917200650777 ], [ 128.327745210906812, 36.423918517556032 ], [ 128.327665779575426, 36.423926891561607 ], [ 128.327612374838083, 36.423946757818236 ], [ 128.327579115387977, 36.423946425931 ], [ 128.327545352442257, 36.423943712168935 ], [ 128.327386250123539, 36.423924962391567 ], [ 128.327375701903435, 36.423923641238851 ], [ 128.327373474146555, 36.423923367329941 ], [ 128.327351926331886, 36.423930373739921 ], [ 128.327349193872692, 36.423931728054278 ], [ 128.327232765820156, 36.423982535092044 ], [ 128.327112197255019, 36.42397700605818 ], [ 128.327073714711361, 36.423974625966025 ], [ 128.327042749890296, 36.423986174973578 ], [ 128.326850321420778, 36.424065037545532 ], [ 128.325863975734109, 36.424051395487474 ], [ 128.325447954567977, 36.424037470151973 ], [ 128.323982102662882, 36.423932252900997 ], [ 128.323582136886813, 36.423908355383851 ], [ 128.323422002513524, 36.424012276369943 ], [ 128.323364523737951, 36.424010679343056 ], [ 128.323016850565466, 36.423955158333058 ], [ 128.322476870040816, 36.423742608760925 ], [ 128.321891720828404, 36.423443127550748 ], [ 128.321747440823884, 36.423591878379632 ], [ 128.321744467907962, 36.423602900483601 ], [ 128.321744169265855, 36.423615415689078 ], [ 128.321733003348726, 36.424084118779462 ], [ 128.32174489706739, 36.424359630472082 ], [ 128.321657665625906, 36.42458983598592 ], [ 128.321764442979884, 36.424766599679018 ], [ 128.321849713865561, 36.425397246666265 ], [ 128.321818971071451, 36.425755474995491 ], [ 128.321845380541475, 36.425822805662278 ], [ 128.322104260655578, 36.426347456513575 ], [ 128.322213492743629, 36.42654875388385 ], [ 128.322283364648541, 36.426738256566864 ], [ 128.322350126128015, 36.426817603614083 ], [ 128.322400657204895, 36.426887369263987 ], [ 128.322760888988427, 36.427364257616922 ], [ 128.322873844830099, 36.427503207314565 ], [ 128.323024141530453, 36.427654237160056 ], [ 128.322955122370445, 36.428335236378302 ], [ 128.322783652504228, 36.428579598405769 ], [ 128.322795727832926, 36.428574647669485 ], [ 128.322986401804656, 36.428750427186579 ], [ 128.322999476564632, 36.428752366852471 ], [ 128.322996657394555, 36.429185278612451 ], [ 128.32286898099423, 36.430376063969845 ], [ 128.322843442635588, 36.430435151021996 ], [ 128.322358328949946, 36.431006025006759 ], [ 128.322093204455115, 36.431938318108188 ], [ 128.321721545495478, 36.43187355519381 ], [ 128.321644790946237, 36.432251760797612 ], [ 128.322761400021875, 36.433006180034234 ], [ 128.3229518931781, 36.433508902451671 ], [ 128.323531327941566, 36.433953934670292 ], [ 128.323567777853668, 36.434325268629742 ], [ 128.323580165557871, 36.434352463388784 ], [ 128.324164239887921, 36.435240133531209 ], [ 128.324496405964766, 36.435558994688883 ], [ 128.324896672801543, 36.436053666453383 ], [ 128.325253694229474, 36.436239954955944 ], [ 128.32534437647729, 36.43634641597496 ], [ 128.325614108979295, 36.436657621154765 ], [ 128.326169800544022, 36.436830261688328 ], [ 128.32650757098105, 36.436932514074492 ], [ 128.326366998548508, 36.437543622609873 ], [ 128.32627100819596, 36.438005843855393 ], [ 128.325455036305982, 36.438584545223421 ], [ 128.325713480563678, 36.439056378005986 ], [ 128.325843645682596, 36.439871973228485 ], [ 128.325895822278113, 36.440315495616687 ], [ 128.325568878293893, 36.440563099387958 ], [ 128.325506904483234, 36.440674580317335 ], [ 128.325218688972001, 36.441210488685719 ], [ 128.325105168135167, 36.441587568526302 ], [ 128.325099920899163, 36.441599740268423 ], [ 128.324851111889359, 36.441926562520933 ], [ 128.324376173621999, 36.44211931856016 ], [ 128.324183752161019, 36.442530688952949 ], [ 128.32415084511473, 36.442604395932293 ], [ 128.323625003518288, 36.443200346581897 ], [ 128.32368754264985, 36.444336285010067 ], [ 128.323656658703726, 36.444423457362888 ], [ 128.323350324617905, 36.444736396450487 ], [ 128.322854263587203, 36.444911129575566 ], [ 128.322796198602731, 36.444913602035783 ], [ 128.32278235113813, 36.444938602091668 ], [ 128.32266259649623, 36.445040822599481 ], [ 128.322690469721834, 36.445181640334319 ], [ 128.322649051314897, 36.445211647144696 ], [ 128.322564894531041, 36.445223442122604 ], [ 128.322517926232592, 36.445240107458297 ], [ 128.322476776544676, 36.445257184350176 ], [ 128.322461840258484, 36.445263758833264 ], [ 128.32245036158136, 36.445265216472649 ], [ 128.322384256424129, 36.445272590267109 ], [ 128.322312642333202, 36.445297766281598 ], [ 128.322300625708294, 36.445302077465826 ], [ 128.32226213462738, 36.44532636052088 ], [ 128.322208931896796, 36.445378783617564 ], [ 128.322082602885217, 36.445430222822885 ], [ 128.322068717524417, 36.445435226238956 ], [ 128.321957289282864, 36.445540431132073 ], [ 128.321873956148352, 36.445658519985415 ], [ 128.321743042730077, 36.44568817015282 ], [ 128.321694447932401, 36.445677710543208 ], [ 128.321681237448701, 36.445669272721119 ], [ 128.321657559915025, 36.445654998972572 ], [ 128.320917153548919, 36.44569198950623 ], [ 128.319813350963074, 36.445946509176864 ], [ 128.319652278387196, 36.44615695208681 ], [ 128.319589257395506, 36.446227286683218 ], [ 128.318929648391901, 36.446481396816004 ], [ 128.318884582200297, 36.446513760460284 ], [ 128.318478243070103, 36.446812030092921 ], [ 128.318266367358319, 36.447670281260734 ], [ 128.318194108510937, 36.447897045402968 ], [ 128.317877988487396, 36.448727592643387 ], [ 128.317718280945257, 36.449049412635333 ], [ 128.317249373915899, 36.44950865074324 ], [ 128.31724103335992, 36.449517217843798 ], [ 128.317238253539102, 36.449521302101438 ], [ 128.316456515005569, 36.450656978094607 ], [ 128.316292944568403, 36.450951424240571 ], [ 128.314953096536868, 36.451578588604939 ], [ 128.314808504239977, 36.451645162246479 ], [ 128.313884171958989, 36.452466295392334 ], [ 128.313914959259819, 36.453090611508699 ], [ 128.314003176693973, 36.453748555455029 ], [ 128.314043979528748, 36.454081203015363 ], [ 128.313948217350827, 36.454175667695111 ], [ 128.313506963321117, 36.454563201832023 ], [ 128.313514649092355, 36.454590992229484 ], [ 128.313390854978678, 36.455074199851261 ], [ 128.313217128561917, 36.45593493127501 ], [ 128.31320906590679, 36.455958629818419 ], [ 128.313056139561581, 36.456363765452267 ], [ 128.312899547586824, 36.456581451672967 ], [ 128.312878270881697, 36.456604569323432 ], [ 128.312863213630408, 36.45662196456793 ], [ 128.312835067993973, 36.456717953791923 ], [ 128.312734652470027, 36.457040405941214 ], [ 128.312718845334928, 36.457074467921011 ], [ 128.312711554533394, 36.457495276043339 ], [ 128.312515885781039, 36.458182914723615 ], [ 128.312385721881554, 36.458481900319619 ], [ 128.312142694651897, 36.458762103075642 ], [ 128.312134164551253, 36.458773002654695 ], [ 128.312163451710688, 36.45917593598719 ], [ 128.31216824597368, 36.459302285370917 ], [ 128.312139465362264, 36.46011261272524 ], [ 128.311742158757909, 36.460997371694873 ], [ 128.311295358067412, 36.461263679766013 ], [ 128.310958965110814, 36.461480927124242 ], [ 128.310726700246278, 36.461549790902467 ], [ 128.310778837761774, 36.462087531780277 ], [ 128.310389634244672, 36.46247867998531 ], [ 128.310261947386465, 36.462894014309356 ], [ 128.310222480835989, 36.462926235743119 ], [ 128.309597452594488, 36.463108591189773 ], [ 128.309061832814905, 36.463602778351515 ], [ 128.308629660625371, 36.463813416655817 ], [ 128.308969645601763, 36.464729639620671 ], [ 128.309334077682905, 36.465055235143808 ], [ 128.309490881725111, 36.465646597122607 ], [ 128.310076992425422, 36.466423134299561 ], [ 128.310482116211659, 36.467199855401752 ], [ 128.311539029750008, 36.468616782339367 ], [ 128.312646823802027, 36.469070388874243 ], [ 128.312717669657417, 36.469109663820717 ], [ 128.312769850702921, 36.469161446948533 ], [ 128.313137511579413, 36.469576478336087 ], [ 128.314124964039479, 36.470266466378582 ], [ 128.314578868372251, 36.470760325877713 ], [ 128.315846888117534, 36.470547316128687 ], [ 128.315864846113016, 36.470546644315604 ], [ 128.315897012094638, 36.470545432333004 ], [ 128.315910795887248, 36.470544916761945 ], [ 128.316739483065334, 36.470669029857376 ], [ 128.316757553548541, 36.470672062231692 ], [ 128.317906270041533, 36.470590209530158 ], [ 128.318340381577997, 36.471104784769004 ], [ 128.318753148749494, 36.471103488127675 ], [ 128.319951657858383, 36.471264604058952 ], [ 128.320464724884118, 36.471372407271382 ], [ 128.320118816965845, 36.471962038916232 ], [ 128.320238804306712, 36.472415987154761 ], [ 128.320328298664919, 36.473141607396009 ], [ 128.320513434260533, 36.473434100819766 ], [ 128.320506344896842, 36.473778961749019 ], [ 128.320571988455328, 36.47391006431387 ], [ 128.320954461412356, 36.474496390244859 ], [ 128.321611050683401, 36.475162675790067 ], [ 128.322085233182236, 36.475452541649609 ], [ 128.322655187155561, 36.475299888218736 ], [ 128.322852462253763, 36.475251015077809 ], [ 128.323149539997615, 36.47508876910755 ], [ 128.323467323311604, 36.47515736726573 ], [ 128.323842939381763, 36.475797551033033 ], [ 128.324301462674015, 36.476212451130458 ], [ 128.324526311333983, 36.476568928103354 ], [ 128.32475815251027, 36.477203273920139 ], [ 128.324804609119326, 36.477243791149078 ], [ 128.324994666927353, 36.477388951501489 ], [ 128.325227895574386, 36.477512431526847 ], [ 128.325393227602888, 36.477602400656572 ], [ 128.326031559535608, 36.478357311400934 ], [ 128.326486724383358, 36.478485757610791 ], [ 128.326711983653979, 36.478686083693766 ], [ 128.326774483774074, 36.479081063029639 ], [ 128.327331012664843, 36.47964041707715 ], [ 128.327572393397702, 36.479969271650248 ], [ 128.32763158893377, 36.480490057563095 ], [ 128.327641923930571, 36.480679273565194 ], [ 128.327551260137341, 36.48107990264532 ], [ 128.32822402535362, 36.481447435018254 ], [ 128.329175085347657, 36.482219691382348 ], [ 128.329224699966517, 36.482265982937228 ], [ 128.32933770884091, 36.482356201519679 ], [ 128.329755292719142, 36.482596281728974 ], [ 128.330027881494942, 36.483287347588906 ], [ 128.330540143205866, 36.483718097567156 ], [ 128.330735843348805, 36.484292735104624 ], [ 128.331157144183152, 36.484864737873636 ], [ 128.33121492884078, 36.484953950559856 ], [ 128.331308783509854, 36.4854950333768 ], [ 128.331822672930002, 36.485711920249209 ], [ 128.331839446933515, 36.485719547882375 ], [ 128.332403748096965, 36.485823379228982 ], [ 128.332951676588237, 36.486173063331016 ], [ 128.333035543529718, 36.486212984914253 ], [ 128.333943292012748, 36.48667505975579 ], [ 128.33422830786003, 36.487061628293596 ], [ 128.334465968122544, 36.487190044265311 ], [ 128.334668056742117, 36.487315305262314 ], [ 128.334737378890509, 36.487378042244117 ], [ 128.335184180911142, 36.4875356685654 ], [ 128.335757418532239, 36.488042269809554 ], [ 128.335888605798516, 36.48844232212074 ], [ 128.335998713370685, 36.488636220943476 ], [ 128.336581918338453, 36.488691080178754 ], [ 128.337495929206028, 36.488716832796904 ], [ 128.337798223567546, 36.488709602310898 ], [ 128.33785848033304, 36.488754877108448 ], [ 128.337906033690729, 36.488766540941107 ], [ 128.338749088373106, 36.489882624575486 ], [ 128.338578659560739, 36.490507751145294 ], [ 128.338034987590106, 36.491314391085453 ], [ 128.337126375155776, 36.491673538596714 ], [ 128.336953517999632, 36.492132804053966 ], [ 128.336988540664407, 36.492653954615214 ], [ 128.336700521763248, 36.493228635457292 ], [ 128.336437920070921, 36.493562097095179 ], [ 128.33623840488238, 36.493975444081322 ], [ 128.33606464059514, 36.494386870708354 ], [ 128.335960419926067, 36.495172358689054 ], [ 128.337086308124213, 36.495843328682128 ], [ 128.337748798908166, 36.49642271503506 ], [ 128.338241963888436, 36.49692481241469 ], [ 128.338008614166341, 36.497417337002616 ], [ 128.337158767965434, 36.497980773686528 ], [ 128.336289800450658, 36.498669580601558 ], [ 128.336221360262584, 36.498725555970395 ], [ 128.336215513777148, 36.498769678967918 ], [ 128.336023988035151, 36.499205003331767 ], [ 128.335975956583752, 36.499373716173295 ], [ 128.336497212993891, 36.499622325905591 ], [ 128.336503070185216, 36.499703559781047 ], [ 128.336503939958533, 36.50003129822538 ], [ 128.336652876689726, 36.500237911298342 ], [ 128.336868879441397, 36.50055348448749 ], [ 128.337287900147345, 36.501103347155819 ], [ 128.337930239793621, 36.501608781081771 ], [ 128.338520603234912, 36.502070154646916 ], [ 128.339148802528996, 36.502376749264307 ], [ 128.339715465115518, 36.502782421404497 ], [ 128.340012053391604, 36.503372353573774 ], [ 128.340414242205725, 36.503812299653838 ], [ 128.340510737708371, 36.504315306646532 ], [ 128.340549023575477, 36.504514948719446 ], [ 128.341167740299056, 36.50497796208964 ], [ 128.341175600971809, 36.504978987832196 ], [ 128.340720930035985, 36.505840549754865 ], [ 128.341477388086759, 36.506609042657921 ], [ 128.341964261708711, 36.506897268400166 ], [ 128.341883226189481, 36.507400689285554 ], [ 128.341883973814674, 36.507628346804189 ], [ 128.341766974964145, 36.508833740905182 ], [ 128.341775846215825, 36.509347156633126 ], [ 128.341675970429094, 36.509806371506272 ], [ 128.341692711052303, 36.509814709462809 ], [ 128.342349868136893, 36.510141848983672 ], [ 128.343185304981887, 36.511319196704754 ], [ 128.343896484246528, 36.51187251283487 ], [ 128.344397869188413, 36.512423308626694 ], [ 128.344912494860495, 36.513588071963653 ], [ 128.345324089560705, 36.513815890166278 ], [ 128.3454261525942, 36.514004301663959 ], [ 128.345556309172736, 36.514140466673005 ], [ 128.345553612587878, 36.514159718065436 ], [ 128.345514888072501, 36.514435963660638 ], [ 128.345266563939504, 36.515012593438264 ], [ 128.345037930839794, 36.515619401779986 ], [ 128.345018573708984, 36.51569596361584 ], [ 128.344892767337626, 36.51650360508895 ], [ 128.344292496505005, 36.517965018012667 ], [ 128.344005631439472, 36.518569800028402 ], [ 128.343982153374071, 36.519344373808124 ], [ 128.343542721544253, 36.520125575128645 ], [ 128.343680087335287, 36.521096464120838 ], [ 128.342688877562466, 36.521388538497924 ], [ 128.341715882833739, 36.522301071250553 ], [ 128.340964591550602, 36.522891416725038 ], [ 128.340966222294639, 36.522988531658534 ], [ 128.340713248556682, 36.523731762272725 ], [ 128.340722457725235, 36.523750367577527 ], [ 128.341029615656623, 36.524336299022444 ], [ 128.34130271471119, 36.524445072496704 ], [ 128.341444739101433, 36.524624543754186 ], [ 128.341529842978076, 36.524697717902633 ], [ 128.341565932159597, 36.524732782332407 ], [ 128.341679503799099, 36.524858956192055 ], [ 128.341862530035911, 36.52502110872669 ], [ 128.341679347031146, 36.525096989073177 ], [ 128.342038775251098, 36.525227207692488 ], [ 128.34227509721353, 36.525250862041645 ], [ 128.342316272583986, 36.525266859388111 ], [ 128.342611154265597, 36.52524990730695 ], [ 128.342667110516004, 36.525230571730766 ], [ 128.342805286787438, 36.525190180194365 ], [ 128.342770822395835, 36.525502015484484 ], [ 128.342858773924888, 36.525580656252522 ], [ 128.342866386431751, 36.525583545860577 ], [ 128.343106000020555, 36.525658995728236 ], [ 128.343116939836477, 36.525613125467309 ], [ 128.343247269171229, 36.525635787301731 ], [ 128.343274148408284, 36.525636566423849 ], [ 128.343391165009393, 36.525659686304316 ], [ 128.343514113500646, 36.525602016354888 ], [ 128.343588455500651, 36.525602858965527 ], [ 128.34360498961243, 36.525629416377889 ], [ 128.34373301429784, 36.525692210356254 ], [ 128.344134523387083, 36.525741453807278 ], [ 128.344339643047618, 36.52573975451071 ], [ 128.344475464869902, 36.525682037344438 ], [ 128.344610920907257, 36.525791703095784 ], [ 128.344667811650766, 36.52584803969981 ], [ 128.345217294220475, 36.526214652563993 ], [ 128.346126521723534, 36.526447187277128 ], [ 128.346139746237839, 36.526450594122124 ], [ 128.347033447099903, 36.527144541845225 ], [ 128.34753234567188, 36.527585714431297 ], [ 128.348013962891372, 36.527448435421171 ], [ 128.349345145462621, 36.5270586106517 ], [ 128.349973563845197, 36.526934066213329 ], [ 128.350236814865298, 36.52694288411486 ], [ 128.350394117923827, 36.52701559006978 ], [ 128.350803122151802, 36.527205779922667 ], [ 128.35102750746924, 36.527265252907171 ], [ 128.3512287836719, 36.527271000208842 ], [ 128.353025864694786, 36.527312359434887 ], [ 128.353816799598718, 36.527094536975873 ], [ 128.354179666376893, 36.5274360981131 ], [ 128.355012181152375, 36.527773599263782 ], [ 128.355502552404431, 36.528122317505769 ], [ 128.355451838573373, 36.528292816212129 ], [ 128.356095350588816, 36.528878259496302 ], [ 128.356424372293645, 36.529042035720245 ], [ 128.35685201720932, 36.529133767 ], [ 128.357278053298984, 36.529465414228547 ], [ 128.358031555558028, 36.53023757871069 ], [ 128.358218859879088, 36.530430818312176 ], [ 128.358239893016503, 36.53042584035714 ], [ 128.35824177531893, 36.530427760906349 ], [ 128.358302364077986, 36.530486796337186 ], [ 128.358310611102837, 36.530537250079234 ], [ 128.35828880609921, 36.530795928306688 ], [ 128.358244735068695, 36.531189556953457 ], [ 128.358243380843732, 36.531287024981083 ], [ 128.358237031998613, 36.531614137296664 ], [ 128.358258154913642, 36.532501828999827 ], [ 128.358554433843864, 36.532591512007834 ], [ 128.358602408899202, 36.532585516763817 ], [ 128.35939152314117, 36.532545332852301 ], [ 128.359472699674996, 36.532540155797683 ], [ 128.360331977375324, 36.532417952925854 ], [ 128.36054464917612, 36.532366487966769 ], [ 128.361265809423287, 36.532185962787764 ], [ 128.36134434723877, 36.532154051760102 ], [ 128.362025737520156, 36.531891215469649 ], [ 128.362226730273903, 36.531805432887417 ], [ 128.362890052367646, 36.531516235813861 ], [ 128.36352470220578, 36.531194909520849 ], [ 128.363621098892224, 36.531135031276534 ], [ 128.364073576684262, 36.530853684038853 ], [ 128.36415113390629, 36.530784477091352 ], [ 128.364662990917992, 36.530588601775527 ], [ 128.36477686153674, 36.530544964153762 ], [ 128.364949159145908, 36.530482759549386 ], [ 128.364951188433452, 36.530481752100847 ] ] ] } },
{ "type": "Feature", "properties": { "spatial_region": "신평면", "facility_count": 0, "total_capacity": 0.0, "area_km2": 55.68, "facilities_per_km2": 0.0, "population_status": "AVAILABLE", "emd_code": "4773045000", "emd_name": "신평면", "total_population": 798, "youth_population": 34, "youth_ratio": 4.2606516290726812, "elderly_population": 462, "elderly_ratio": 57.894736842105267, "population_change": 7, "year": 2025 }, "geometry": { "type": "Polygon", "coordinates": [ [ [ 128.493904212840079, 36.51692143941704 ], [ 128.494624432230665, 36.516496253247531 ], [ 128.495377761064162, 36.516577769743463 ], [ 128.496100736368675, 36.516169987294056 ], [ 128.496404111718931, 36.515710312192574 ], [ 128.496557060337551, 36.515427938718489 ], [ 128.497150421695409, 36.515028252029182 ], [ 128.497964282184284, 36.514268478545048 ], [ 128.498471314151146, 36.513554229235012 ], [ 128.498558008171244, 36.513309565737778 ], [ 128.498745433230965, 36.513188665769228 ], [ 128.498872843316178, 36.512451294936987 ], [ 128.499248012450181, 36.512026185028837 ], [ 128.499266791373344, 36.512005114321227 ], [ 128.498994608882072, 36.511167160156106 ], [ 128.498966434887279, 36.511080504959928 ], [ 128.499382196034617, 36.509974582512065 ], [ 128.499406743283004, 36.509908947608643 ], [ 128.499417927487286, 36.509584160478397 ], [ 128.499422541433461, 36.509443583913573 ], [ 128.499897857832593, 36.508786606015981 ], [ 128.500666242311979, 36.50739184897725 ], [ 128.500683442173369, 36.507360939946352 ], [ 128.500648711441329, 36.506356409185535 ], [ 128.500647110325417, 36.506092025625897 ], [ 128.500643529892841, 36.50543654738847 ], [ 128.500641166910384, 36.504897060115134 ], [ 128.500765808254528, 36.504596746198551 ], [ 128.50082248520556, 36.504460587264269 ], [ 128.500922179501515, 36.504402728755728 ], [ 128.501074733087904, 36.504356049764709 ], [ 128.501166225827205, 36.50412597551724 ], [ 128.501642212398593, 36.503633415052647 ], [ 128.501640200603759, 36.503546996141665 ], [ 128.501751779198713, 36.503454645949574 ], [ 128.50188085304049, 36.503347698325143 ], [ 128.501912522006819, 36.503253553479283 ], [ 128.502082087225375, 36.503075981468484 ], [ 128.502096902590978, 36.502976395215562 ], [ 128.503024069708658, 36.502331729589272 ], [ 128.503156005044303, 36.502300227105238 ], [ 128.503188194487137, 36.502269127966805 ], [ 128.503221612161411, 36.502211828738773 ], [ 128.503309302144118, 36.502147087407323 ], [ 128.503820071219735, 36.501613535100702 ], [ 128.503909360576671, 36.501560316585518 ], [ 128.503944541317338, 36.501539601858163 ], [ 128.503974317490758, 36.501527957108394 ], [ 128.504000178301766, 36.501512439137009 ], [ 128.503990309428076, 36.501507486761952 ], [ 128.503993743063376, 36.501450566917271 ], [ 128.504018785704915, 36.501374497787069 ], [ 128.504033466816566, 36.501358275359827 ], [ 128.504038952157202, 36.50131737736335 ], [ 128.504020584982442, 36.501286905256968 ], [ 128.504020432668199, 36.501279307993173 ], [ 128.504020577434005, 36.501268891392961 ], [ 128.503996359919853, 36.501224706539624 ], [ 128.504002131203066, 36.501198435274297 ], [ 128.504006621879313, 36.501178673927164 ], [ 128.504020298688403, 36.501164150472128 ], [ 128.504039711103019, 36.501121949817275 ], [ 128.504063035113262, 36.501101654211595 ], [ 128.504066047585013, 36.501094863147088 ], [ 128.504076089377406, 36.501072772958715 ], [ 128.504077843799024, 36.501037554622989 ], [ 128.504096084729497, 36.501024933573738 ], [ 128.504104900452063, 36.500993844871736 ], [ 128.50411406574608, 36.500962198917875 ], [ 128.504121905643444, 36.500935341514939 ], [ 128.504136430190982, 36.500856317816634 ], [ 128.504136136771734, 36.500823659197714 ], [ 128.504138735246983, 36.500759427596641 ], [ 128.504139135668481, 36.500743938629938 ], [ 128.504222542269673, 36.500530012661564 ], [ 128.504194522772025, 36.500506141768362 ], [ 128.504177656467363, 36.500481857774417 ], [ 128.504177900650831, 36.500440180959572 ], [ 128.504178033580672, 36.500356555504844 ], [ 128.504371104035812, 36.500114502221109 ], [ 128.504378701047585, 36.500092437862399 ], [ 128.504419798982923, 36.500071360149185 ], [ 128.504421517556807, 36.500052200010096 ], [ 128.504425956943834, 36.499993283791611 ], [ 128.505401618573444, 36.499063877935136 ], [ 128.506023456059296, 36.499495315548891 ], [ 128.506474295108831, 36.499723049226141 ], [ 128.506970161595007, 36.499773677052552 ], [ 128.507148041014858, 36.499791698089368 ], [ 128.507376248049184, 36.499815009737098 ], [ 128.507891994258841, 36.499793579598553 ], [ 128.508493744323118, 36.499961679485743 ], [ 128.508704015994141, 36.500067711466961 ], [ 128.509425091723443, 36.500166442866416 ], [ 128.510178442739573, 36.500292643487057 ], [ 128.511372323235577, 36.499684235989875 ], [ 128.512125597804783, 36.498855591099847 ], [ 128.512174915265405, 36.498826235875377 ], [ 128.512927879276788, 36.49794660680638 ], [ 128.513474328964861, 36.497853817551153 ], [ 128.514143453159988, 36.497577261160686 ], [ 128.514271176412279, 36.497706583165971 ], [ 128.514856866101553, 36.49783853970176 ], [ 128.515160682572201, 36.497823413671767 ], [ 128.51580059900229, 36.497785162395061 ], [ 128.516697832678119, 36.497169500574898 ], [ 128.517240197605531, 36.497171892235436 ], [ 128.517730907647092, 36.497352065847856 ], [ 128.518430242723554, 36.49816005269917 ], [ 128.518740373069306, 36.498361370690887 ], [ 128.519863721954948, 36.497914572822431 ], [ 128.52075700060297, 36.498222797733682 ], [ 128.520975446107485, 36.498142313433348 ], [ 128.52117425817093, 36.49806908500338 ], [ 128.521786091665973, 36.498128588786329 ], [ 128.523119490273729, 36.49825829096465 ], [ 128.523999423701952, 36.497761437666441 ], [ 128.524658291194555, 36.497389404086071 ], [ 128.525732801039794, 36.498029224871232 ], [ 128.52642748606678, 36.498845662319518 ], [ 128.527130671686194, 36.498742900080344 ], [ 128.528426443331199, 36.498393498676933 ], [ 128.528785774063664, 36.498132662976836 ], [ 128.52946110042555, 36.498085431217383 ], [ 128.529836102617793, 36.497983760257526 ], [ 128.53144980992019, 36.498284919425231 ], [ 128.531467310135412, 36.498323845682798 ], [ 128.531476802680658, 36.498345123034085 ], [ 128.532492233386819, 36.497982371224147 ], [ 128.532531371493917, 36.497968350065591 ], [ 128.532686778994702, 36.497448523156088 ], [ 128.532694635263482, 36.497422808342023 ], [ 128.533298414565934, 36.496877806178126 ], [ 128.533338173602203, 36.496842096649843 ], [ 128.533437124476791, 36.496447729683382 ], [ 128.533614304625956, 36.496112351891725 ], [ 128.533917253096433, 36.495539952140064 ], [ 128.534862237802002, 36.495250734511686 ], [ 128.535433537195644, 36.495183119638654 ], [ 128.535697369157134, 36.495174093085325 ], [ 128.536474160100312, 36.495146087517654 ], [ 128.536804366205757, 36.495090313478187 ], [ 128.537179955429536, 36.495071391708855 ], [ 128.537898998914045, 36.495509566468861 ], [ 128.538569886882527, 36.495363230018938 ], [ 128.53913594435727, 36.49547110199299 ], [ 128.539741521906819, 36.494614890569061 ], [ 128.539847194393076, 36.494456688989473 ], [ 128.539847509075656, 36.494401783464362 ], [ 128.539849093176457, 36.49421760463742 ], [ 128.53984973028281, 36.494144100731361 ], [ 128.540216256619232, 36.493633100285003 ], [ 128.540585100556001, 36.493185971741269 ], [ 128.54093984370337, 36.492978374984418 ], [ 128.540987041764481, 36.492720126805793 ], [ 128.54186972373887, 36.492387448036425 ], [ 128.541893598474019, 36.492254819356354 ], [ 128.541921897444979, 36.492098714856184 ], [ 128.54241314246616, 36.49151175255399 ], [ 128.542983075692234, 36.491393722105897 ], [ 128.543255307079022, 36.490983322945318 ], [ 128.543552852442531, 36.490336911176271 ], [ 128.543577926006947, 36.490282524147233 ], [ 128.544173764491148, 36.490223017630505 ], [ 128.544369118186978, 36.490155720666145 ], [ 128.546020223007076, 36.490589672940331 ], [ 128.546297802550924, 36.490660138365534 ], [ 128.547304383742699, 36.490474769408252 ], [ 128.548518609748157, 36.49033316499635 ], [ 128.549534872425369, 36.490354617843273 ], [ 128.549971502023226, 36.489847736278115 ], [ 128.550306685968764, 36.489745958086303 ], [ 128.551260710086638, 36.489060031745282 ], [ 128.551607226751059, 36.48838902972463 ], [ 128.551697038140588, 36.488171606356623 ], [ 128.551814386697401, 36.487375750885775 ], [ 128.551786580119455, 36.487205185290762 ], [ 128.55195076651404, 36.486012812423915 ], [ 128.552807454225672, 36.484767227804149 ], [ 128.552510608585777, 36.48439461364088 ], [ 128.552494874769565, 36.484375107699194 ], [ 128.552439880060234, 36.484187723600414 ], [ 128.552436385955218, 36.48343566747721 ], [ 128.552763816147859, 36.48312111927099 ], [ 128.55306397102359, 36.482767772405381 ], [ 128.552305538245662, 36.481576694717347 ], [ 128.552216447891027, 36.481375115189678 ], [ 128.552247474593571, 36.481252504771483 ], [ 128.552008064662601, 36.480909554876874 ], [ 128.552419743128326, 36.479626672528035 ], [ 128.55192081214355, 36.478297899511453 ], [ 128.55191344757759, 36.478278569188404 ], [ 128.552222027238003, 36.477980586305023 ], [ 128.552526866349211, 36.477531727401235 ], [ 128.552530164282643, 36.47731204901509 ], [ 128.552400028498965, 36.475961306563541 ], [ 128.552393015712255, 36.475888755791416 ], [ 128.553746355704931, 36.474605162996973 ], [ 128.553962625815387, 36.474522672028989 ], [ 128.55429928042588, 36.474358347963857 ], [ 128.554388540525764, 36.474289050663728 ], [ 128.554698819393963, 36.474217426893482 ], [ 128.555029564761981, 36.474141319067613 ], [ 128.555638169298476, 36.473698075496905 ], [ 128.555909461281118, 36.47336874568655 ], [ 128.556624920284719, 36.473318589350555 ], [ 128.558285427318737, 36.472685636657637 ], [ 128.558939150397237, 36.472198414337647 ], [ 128.558987915483584, 36.472162008511937 ], [ 128.558803695201021, 36.471788511111058 ], [ 128.558387157477455, 36.470904713666933 ], [ 128.558335474085453, 36.470795284508483 ], [ 128.558436986450005, 36.470136191571363 ], [ 128.558420370670916, 36.470071923023667 ], [ 128.558091056384797, 36.46950460724851 ], [ 128.558469911519666, 36.468714624913353 ], [ 128.558643030447229, 36.468201864616823 ], [ 128.558810627990795, 36.468039738776547 ], [ 128.558893040539743, 36.46796009444121 ], [ 128.559598376601429, 36.467301849983414 ], [ 128.559749229169881, 36.466983383444273 ], [ 128.559922969129076, 36.466571407973149 ], [ 128.560047741398733, 36.466308760856236 ], [ 128.560110964932107, 36.466175300109782 ], [ 128.559963439351549, 36.465789494963062 ], [ 128.559822315583688, 36.465479067445429 ], [ 128.559797042932729, 36.465278918676908 ], [ 128.559806347475131, 36.46508224111934 ], [ 128.559868352726255, 36.464783811472962 ], [ 128.560292254976389, 36.464260720640922 ], [ 128.560334093680467, 36.464209212357616 ], [ 128.560676500241328, 36.463185977933833 ], [ 128.561188007912051, 36.462842797464106 ], [ 128.561421599354048, 36.462566338937101 ], [ 128.562931129424243, 36.461511222757338 ], [ 128.563232380765726, 36.461044929483826 ], [ 128.563909151060983, 36.460914141239869 ], [ 128.564284525582366, 36.46084137007459 ], [ 128.564707711823928, 36.460806810257985 ], [ 128.564649481053266, 36.460527682024662 ], [ 128.564426641019935, 36.45993308907012 ], [ 128.565629219723689, 36.459288279228055 ], [ 128.565353224946023, 36.458389715762252 ], [ 128.565335685013878, 36.458332509688042 ], [ 128.56586561992745, 36.457938379918005 ], [ 128.565918557579778, 36.456720694279745 ], [ 128.565156930653586, 36.455314603756101 ], [ 128.565597510832532, 36.45498501315803 ], [ 128.565842992320114, 36.454763577178376 ], [ 128.566041595759117, 36.454482764025592 ], [ 128.566434578833992, 36.452443475558297 ], [ 128.565918462688188, 36.452174852505671 ], [ 128.565576152092945, 36.451986037232693 ], [ 128.564939743829598, 36.450310893954146 ], [ 128.565085593237058, 36.449531515953382 ], [ 128.563297597624484, 36.448951959590829 ], [ 128.562935734994511, 36.448847773263168 ], [ 128.562486464975251, 36.448718419671138 ], [ 128.562161993596504, 36.448147364275755 ], [ 128.561610686004514, 36.447659153382254 ], [ 128.561031026803448, 36.447840743092328 ], [ 128.560304878156614, 36.447844784335445 ], [ 128.560293531419461, 36.44783151348399 ], [ 128.5596173319108, 36.4470407744654 ], [ 128.559021627180641, 36.446412131872151 ], [ 128.557932679637105, 36.444389193436706 ], [ 128.557902417366535, 36.44433277696632 ], [ 128.557893652788664, 36.444316712890583 ], [ 128.557498245617865, 36.443936623643651 ], [ 128.557497611290785, 36.443629003713717 ], [ 128.557261867512977, 36.443519754103015 ], [ 128.556821056856961, 36.443466936586731 ], [ 128.55661280248728, 36.443178891187571 ], [ 128.556315147128061, 36.442767189293072 ], [ 128.556266795322585, 36.442341844959586 ], [ 128.55615251736134, 36.441943712818464 ], [ 128.556098319162686, 36.44189955238614 ], [ 128.555689741829639, 36.441542297219925 ], [ 128.555601480622386, 36.441281993920384 ], [ 128.555287081473722, 36.441026883325854 ], [ 128.555235289603928, 36.440991193321238 ], [ 128.5548083250047, 36.440804022151291 ], [ 128.554518874693656, 36.440345612557621 ], [ 128.55411479892615, 36.440240493502394 ], [ 128.55368979363783, 36.43999495796767 ], [ 128.553177151332761, 36.439726031358433 ], [ 128.552745963913196, 36.439348414222366 ], [ 128.552412728923741, 36.439206365049735 ], [ 128.552215463678095, 36.439011496419383 ], [ 128.551379895442835, 36.4386412643684 ], [ 128.55102702834597, 36.439153005254063 ], [ 128.550777470790365, 36.439257092845914 ], [ 128.550665641397558, 36.439287742397902 ], [ 128.550460178889409, 36.439282460625392 ], [ 128.54956509449039, 36.439710295760555 ], [ 128.549464807445332, 36.439758235945277 ], [ 128.548798773362989, 36.440378211024203 ], [ 128.5481615484033, 36.440971356218022 ], [ 128.547658335619218, 36.440968083689796 ], [ 128.5470442633505, 36.441119214208136 ], [ 128.546793782360737, 36.441052683608476 ], [ 128.546491677086237, 36.441132681476816 ], [ 128.545760407043815, 36.441351810244313 ], [ 128.545491485787693, 36.440881877515082 ], [ 128.545271663474182, 36.440497732305943 ], [ 128.545031052737585, 36.440382330155188 ], [ 128.544225644814844, 36.439996032846111 ], [ 128.543898573913339, 36.439687702811419 ], [ 128.543255146463991, 36.439661075093305 ], [ 128.542762069699279, 36.43964637621314 ], [ 128.542130403374443, 36.43908520561191 ], [ 128.541301088250265, 36.439033439794571 ], [ 128.540124729954755, 36.439194513695888 ], [ 128.539977930517438, 36.439148194790931 ], [ 128.539620701178137, 36.439035466912429 ], [ 128.538486716220461, 36.439360626316116 ], [ 128.537573645344168, 36.439287702149834 ], [ 128.537298139818432, 36.439363544704975 ], [ 128.536518651145172, 36.439578157949505 ], [ 128.535893692003555, 36.43975022161797 ], [ 128.535508725713129, 36.439529739600424 ], [ 128.534134197897004, 36.439734623882565 ], [ 128.534113970593438, 36.439737635654758 ], [ 128.533380173984909, 36.439792650873819 ], [ 128.53321568203279, 36.439840280564049 ], [ 128.532668362963534, 36.439926733939259 ], [ 128.532003036086564, 36.439555214646447 ], [ 128.531757866002863, 36.439495026550709 ], [ 128.531622608146364, 36.439508939792674 ], [ 128.531233422127031, 36.439082423919487 ], [ 128.530845487346284, 36.43889268956697 ], [ 128.53061688940943, 36.438168523028445 ], [ 128.530447421818593, 36.437631641581852 ], [ 128.530304087434359, 36.437561506998556 ], [ 128.530215537175337, 36.437561157502884 ], [ 128.529952555571612, 36.437386196660164 ], [ 128.529616057325569, 36.437148530854437 ], [ 128.53028189244651, 36.435853229831771 ], [ 128.530780898631178, 36.43538760780784 ], [ 128.530880247204919, 36.435222664855665 ], [ 128.530985000921248, 36.434821749091341 ], [ 128.531055749128626, 36.434544860135766 ], [ 128.531953054448337, 36.433760675957757 ], [ 128.532011650367224, 36.433662103901554 ], [ 128.53222444310336, 36.43306014076785 ], [ 128.532510992415865, 36.432812142697934 ], [ 128.532671817484413, 36.432262872257461 ], [ 128.532762920758756, 36.432117666564757 ], [ 128.532690264063376, 36.431912125516163 ], [ 128.532635196044168, 36.431756352118796 ], [ 128.532338150654795, 36.431328966595672 ], [ 128.532201539575397, 36.430828965186038 ], [ 128.532238531620663, 36.430391375018772 ], [ 128.531590760141853, 36.429724136300415 ], [ 128.531082019166774, 36.428958071565276 ], [ 128.530981000844037, 36.428240553022121 ], [ 128.531440125982016, 36.427637245144041 ], [ 128.531456409496229, 36.426491635484155 ], [ 128.531811209391265, 36.426340826567795 ], [ 128.532025019032858, 36.425727926970524 ], [ 128.531200036387332, 36.425169208860041 ], [ 128.530982905964635, 36.424912254323893 ], [ 128.530661300310499, 36.424526734261391 ], [ 128.530069759881826, 36.424054520213971 ], [ 128.529260879400681, 36.423620635147785 ], [ 128.528868774826464, 36.423232623573149 ], [ 128.528626198380238, 36.422992586814516 ], [ 128.528620724519385, 36.422850795431494 ], [ 128.528484981784629, 36.422769153865332 ], [ 128.528408163969857, 36.422844771868341 ], [ 128.5282058891041, 36.422731380027365 ], [ 128.527537607301866, 36.422840607857871 ], [ 128.526927771158626, 36.422589467064256 ], [ 128.526412424742233, 36.422816707765158 ], [ 128.524833728717368, 36.422679352584382 ], [ 128.523526251733045, 36.422352963817673 ], [ 128.523379401200998, 36.422316302711415 ], [ 128.523247223170785, 36.422290829451256 ], [ 128.523205892300581, 36.42228289596104 ], [ 128.523175734627301, 36.422267626753182 ], [ 128.523139217883738, 36.422249259126183 ], [ 128.523097332127008, 36.422228175525639 ], [ 128.522221699531997, 36.421777403157563 ], [ 128.521687807799083, 36.421845954786619 ], [ 128.521152320337876, 36.422343654575585 ], [ 128.5207008813058, 36.422428582972451 ], [ 128.520071159314767, 36.42256526527423 ], [ 128.520023867062008, 36.422583782575735 ], [ 128.519771208857463, 36.422682755729376 ], [ 128.51817632540147, 36.422523898917667 ], [ 128.517537136786189, 36.422156558778532 ], [ 128.516699054583171, 36.421948597181057 ], [ 128.515629707706012, 36.421717088023904 ], [ 128.514682831853321, 36.421742843644381 ], [ 128.513900698477727, 36.422293700454915 ], [ 128.513898784354609, 36.422294882163094 ], [ 128.513891463720142, 36.422299394089826 ], [ 128.513884681229342, 36.422301655327182 ], [ 128.513882258815499, 36.422302096012849 ], [ 128.513335184477, 36.422403214259674 ], [ 128.512985177217331, 36.422467900634423 ], [ 128.512034808515864, 36.422643545988414 ], [ 128.511784522765311, 36.422689803410258 ], [ 128.510849542138089, 36.42284505521841 ], [ 128.510672497827187, 36.422874453236801 ], [ 128.510245937580692, 36.422939123275313 ], [ 128.510216289635963, 36.42296898270714 ], [ 128.509589229088192, 36.423602994620126 ], [ 128.50907862939772, 36.424249171409983 ], [ 128.508585558727447, 36.424904610045083 ], [ 128.507804134933082, 36.425143080368677 ], [ 128.507108489246463, 36.425355370757046 ], [ 128.506687443983964, 36.426349644934852 ], [ 128.506638648785383, 36.426337042853064 ], [ 128.506975476748011, 36.426722365749029 ], [ 128.506876487586794, 36.427218239028825 ], [ 128.506737394149496, 36.427914948284233 ], [ 128.506286974382334, 36.428112812768013 ], [ 128.505693303359152, 36.428373603107588 ], [ 128.50505351411212, 36.428888873641526 ], [ 128.504569114019631, 36.429386439978167 ], [ 128.504164803979165, 36.429612126606891 ], [ 128.503656177567024, 36.430094908454457 ], [ 128.503181546742383, 36.430179781719794 ], [ 128.50255380614405, 36.430525564007588 ], [ 128.502303351357028, 36.430919122982907 ], [ 128.502217274851034, 36.431054386576527 ], [ 128.502182240617941, 36.431109399635417 ], [ 128.502013913941909, 36.431295991192968 ], [ 128.501668494266966, 36.431488032230064 ], [ 128.500164994964877, 36.431786552868274 ], [ 128.499229124224911, 36.43236416950225 ], [ 128.498418523022536, 36.432677097441854 ], [ 128.498405219037522, 36.432682232024177 ], [ 128.498409735307007, 36.432696101764478 ], [ 128.498750166876789, 36.433663606936584 ], [ 128.499334242962391, 36.434273828886283 ], [ 128.499511333731874, 36.434775343773488 ], [ 128.499925588210345, 36.435118071624089 ], [ 128.500106823512084, 36.435688739365467 ], [ 128.500516270011929, 36.436353868082833 ], [ 128.500901500178912, 36.43683487862085 ], [ 128.500913271935616, 36.437106643261764 ], [ 128.500884155966787, 36.437286706477032 ], [ 128.500852972844967, 36.437479512307988 ], [ 128.500845126617008, 36.4375012692553 ], [ 128.500790144993061, 36.437653901051981 ], [ 128.5006578681581, 36.438021079198656 ], [ 128.500546666616117, 36.438709651178797 ], [ 128.500398932631583, 36.439624456894776 ], [ 128.500509202348155, 36.439803140356915 ], [ 128.500805918105584, 36.440334207956049 ], [ 128.500960652018449, 36.440923560840027 ], [ 128.501382707617438, 36.441440148181059 ], [ 128.500292093091076, 36.442138436465754 ], [ 128.499218683871504, 36.443190885216943 ], [ 128.498732915401661, 36.443350083444379 ], [ 128.498176719726928, 36.443348956452652 ], [ 128.498008465162599, 36.443397909411978 ], [ 128.497610472872992, 36.44351373134414 ], [ 128.497524845589226, 36.443589877604538 ], [ 128.497326211209725, 36.443769341154983 ], [ 128.496965682469778, 36.444095106973151 ], [ 128.496482847207602, 36.444517822803078 ], [ 128.496042506176195, 36.444652771963945 ], [ 128.495169665097137, 36.44492026553592 ], [ 128.494903803354845, 36.445071486162867 ], [ 128.49436497900831, 36.445628200047665 ], [ 128.494336823579488, 36.445635541966872 ], [ 128.493733628063296, 36.445792481572006 ], [ 128.493574981819705, 36.446316897870929 ], [ 128.493425259512208, 36.446811785153223 ], [ 128.493438005812607, 36.447474265706106 ], [ 128.493369375034916, 36.448300382067892 ], [ 128.493497954438368, 36.44868801814691 ], [ 128.493492420119082, 36.449381194956771 ], [ 128.49337382989799, 36.449921235802506 ], [ 128.493367627581108, 36.449960643705566 ], [ 128.493249010731432, 36.450247992940206 ], [ 128.493186959359946, 36.450398292793203 ], [ 128.492823582339128, 36.450753140563691 ], [ 128.492330299394524, 36.45138388776666 ], [ 128.492104836224769, 36.451606501031776 ], [ 128.491700803009593, 36.452047943432717 ], [ 128.491583474989795, 36.452176135430115 ], [ 128.49108477933018, 36.452623875842008 ], [ 128.490722617400934, 36.452960473941459 ], [ 128.490703302470678, 36.452978378229304 ], [ 128.490571180940378, 36.453101324293492 ], [ 128.489905024420864, 36.453615613568402 ], [ 128.488871437538961, 36.453600491912411 ], [ 128.488028671306068, 36.453385144968244 ], [ 128.487948749477113, 36.453391415603633 ], [ 128.487899050923943, 36.453395302017249 ], [ 128.486827835973145, 36.453882562387271 ], [ 128.486720567490465, 36.453953759200189 ], [ 128.485967930204367, 36.454453982921663 ], [ 128.485410720027033, 36.454693452495022 ], [ 128.484077039027909, 36.45533456846524 ], [ 128.484187979677074, 36.4562044050246 ], [ 128.484527156447086, 36.457196317297353 ], [ 128.484723987067525, 36.457989476915472 ], [ 128.48443139785121, 36.458665089072944 ], [ 128.483983026878292, 36.459311738102627 ], [ 128.484123993130822, 36.460438378191242 ], [ 128.483797582893772, 36.461232009327112 ], [ 128.483613292347854, 36.46201940742268 ], [ 128.483456647963578, 36.462688694597858 ], [ 128.483217181814467, 36.462996685448353 ], [ 128.483016758403892, 36.463321823005252 ], [ 128.48289752482745, 36.463506950323243 ], [ 128.482310927995997, 36.463974645766619 ], [ 128.481508297437927, 36.464205540153671 ], [ 128.479676698365864, 36.464198114545269 ], [ 128.478615966196685, 36.464883804952947 ], [ 128.477835876647049, 36.465388063988946 ], [ 128.477761442991039, 36.465422377476671 ], [ 128.477051781510852, 36.465786505656133 ], [ 128.476723954214606, 36.466221706244767 ], [ 128.476516087602164, 36.466521955249959 ], [ 128.476377790289575, 36.467256132512681 ], [ 128.476368306953731, 36.467267706563824 ], [ 128.476192508891131, 36.4673650587876 ], [ 128.476168913294799, 36.467378093648634 ], [ 128.475892101965428, 36.467428835073143 ], [ 128.476633131187754, 36.469101072545499 ], [ 128.476554041352614, 36.469418297540471 ], [ 128.476449458415289, 36.469837816528653 ], [ 128.476463169341173, 36.471472681249651 ], [ 128.476369755111932, 36.473198477395606 ], [ 128.476521777009935, 36.473445411163922 ], [ 128.475910562443175, 36.473716633165431 ], [ 128.475212844816355, 36.474026246864504 ], [ 128.473947556506033, 36.475192888055645 ], [ 128.473622697751352, 36.475629399009605 ], [ 128.473485879578419, 36.475813249100163 ], [ 128.472622944526876, 36.476157819719575 ], [ 128.472338610703872, 36.476335211291747 ], [ 128.471544858366002, 36.476830391680579 ], [ 128.471027426906176, 36.477529435591244 ], [ 128.469993749252438, 36.477436037754423 ], [ 128.468680287719167, 36.477502641962069 ], [ 128.468226299380348, 36.477723917785148 ], [ 128.467218639592858, 36.478149734296991 ], [ 128.466943529438936, 36.478266426072942 ], [ 128.466000519824831, 36.478666235398485 ], [ 128.465665320706961, 36.478808346178951 ], [ 128.464318963633218, 36.479747395219981 ], [ 128.463744048606344, 36.480378355091212 ], [ 128.463468676644453, 36.480484214848289 ], [ 128.463052493474009, 36.480625169068652 ], [ 128.462082678979698, 36.481386842506112 ], [ 128.461052439602526, 36.481919010443868 ], [ 128.46036689838752, 36.481999052352187 ], [ 128.459402800714486, 36.482111609147168 ], [ 128.459120403677076, 36.482239027282859 ], [ 128.458237284372501, 36.482637478849121 ], [ 128.458027835308656, 36.482679554765312 ], [ 128.45792905067222, 36.482699317489285 ], [ 128.456868782032501, 36.482906035672805 ], [ 128.456368198104769, 36.483005777456377 ], [ 128.45516784004235, 36.483175911904716 ], [ 128.454140794754636, 36.483266113951892 ], [ 128.453239359738291, 36.483897380675728 ], [ 128.453147731279074, 36.483984415567797 ], [ 128.452764397758472, 36.484370604413392 ], [ 128.452380357951029, 36.485033457497252 ], [ 128.451966351276809, 36.485748013969292 ], [ 128.451650782352004, 36.485957923270277 ], [ 128.45130867471201, 36.486480252516635 ], [ 128.451291849559027, 36.486550761407976 ], [ 128.451312015989345, 36.486545898106215 ], [ 128.451292776529186, 36.48725453964915 ], [ 128.451647474414216, 36.487337259309143 ], [ 128.45190017267484, 36.487750164231294 ], [ 128.452142375474381, 36.488127821677729 ], [ 128.452128978608215, 36.488403545482889 ], [ 128.452773844683378, 36.488857642241832 ], [ 128.452782040325587, 36.48905010075206 ], [ 128.452869639803481, 36.490271271274558 ], [ 128.452875797478981, 36.490357124318038 ], [ 128.452872669172734, 36.490449404863512 ], [ 128.45327972581299, 36.491038792983602 ], [ 128.4537361142593, 36.491070698653147 ], [ 128.454078067955578, 36.491118063904665 ], [ 128.454600308340446, 36.490904743304441 ], [ 128.454881282548371, 36.491328476925773 ], [ 128.455369706909465, 36.492234306001649 ], [ 128.455618500194561, 36.492690250524618 ], [ 128.456299778548072, 36.493129094182763 ], [ 128.456969562209309, 36.493549786574235 ], [ 128.457418438397212, 36.493831521412744 ], [ 128.457490411553323, 36.493876537168546 ], [ 128.45749501083489, 36.493879576960623 ], [ 128.457543454092644, 36.493692017972926 ], [ 128.457605597592533, 36.493452471479863 ], [ 128.457748327133572, 36.493178436044843 ], [ 128.457877827363717, 36.492812198433569 ], [ 128.45793096347424, 36.492650784721974 ], [ 128.457953182993634, 36.492590248123541 ], [ 128.457985366843502, 36.492502839808829 ], [ 128.458026723074397, 36.492415644477333 ], [ 128.458091731062893, 36.492278525460989 ], [ 128.458122063310469, 36.492232471071716 ], [ 128.458137156124565, 36.492209551677163 ], [ 128.458164654841227, 36.492168107229979 ], [ 128.458247646898826, 36.492075018686556 ], [ 128.458328271804163, 36.492023624143833 ], [ 128.458641367368955, 36.491796501396159 ], [ 128.458786777707758, 36.491684348903632 ], [ 128.45908165911618, 36.491452095741288 ], [ 128.459157800908571, 36.491422460846081 ], [ 128.459243667515267, 36.491389022219515 ], [ 128.459319932625618, 36.491327262075252 ], [ 128.459338822988627, 36.491311839254976 ], [ 128.459365522891716, 36.491285593154075 ], [ 128.459515972640418, 36.491069750236285 ], [ 128.459539364362001, 36.491034549741798 ], [ 128.459688610740784, 36.490810275451295 ], [ 128.459827064634425, 36.490624421720803 ], [ 128.460016646233498, 36.490487794927859 ], [ 128.460354615872205, 36.49030428759022 ], [ 128.460644259279263, 36.490241331309356 ], [ 128.460810251282624, 36.490240425455255 ], [ 128.46092425603814, 36.490257622110512 ], [ 128.461048213227798, 36.490284821352908 ], [ 128.461216735657985, 36.490326135887457 ], [ 128.461385601517605, 36.490387132680979 ], [ 128.461507918206337, 36.490436888617701 ], [ 128.461587624254662, 36.49048518102925 ], [ 128.461646222578537, 36.490522762441984 ], [ 128.461725813171284, 36.490582895245012 ], [ 128.462046361736384, 36.49086562727647 ], [ 128.462088954803562, 36.490905091591713 ], [ 128.462025740965856, 36.490974572232304 ], [ 128.462110859385575, 36.491124456473251 ], [ 128.462270904754405, 36.491402118756838 ], [ 128.462314592597579, 36.491852112134922 ], [ 128.462314374804038, 36.49198981463627 ], [ 128.462298836403932, 36.492573152629966 ], [ 128.462263413927502, 36.493360329061026 ], [ 128.462339772506851, 36.493805144178381 ], [ 128.462380110487686, 36.494189573188798 ], [ 128.46243179900577, 36.494583722689569 ], [ 128.462449877785559, 36.495007557104017 ], [ 128.462390690939003, 36.495384480442617 ], [ 128.462352109062579, 36.495873779031683 ], [ 128.462376656706368, 36.496140429500777 ], [ 128.462451660401427, 36.496327043263186 ], [ 128.462565002102821, 36.496531483497854 ], [ 128.463123438623086, 36.496869868818706 ], [ 128.463377874701479, 36.497028662209217 ], [ 128.463650349756847, 36.497145281864981 ], [ 128.463636370634788, 36.497291311846915 ], [ 128.46400793804176, 36.497465843099427 ], [ 128.463800553049936, 36.498640897702906 ], [ 128.464146167822463, 36.498918519218172 ], [ 128.464942599690659, 36.498836675204181 ], [ 128.46512111671413, 36.498870522683362 ], [ 128.466006301847784, 36.499038470281597 ], [ 128.466856206909853, 36.499073632326578 ], [ 128.468502713614527, 36.499127461600423 ], [ 128.469284227584467, 36.499160363374116 ], [ 128.470134470239373, 36.499287041492082 ], [ 128.470950876725169, 36.499025531741125 ], [ 128.472589102817921, 36.498900598534767 ], [ 128.473578783595201, 36.49882079689057 ], [ 128.47419418969136, 36.498608767190454 ], [ 128.474728095920113, 36.498735645231555 ], [ 128.474829172870699, 36.4991742263459 ], [ 128.474662163945368, 36.500189147278334 ], [ 128.474991835467108, 36.500561557232466 ], [ 128.475184406391435, 36.502090705912813 ], [ 128.475175021834531, 36.50295780527702 ], [ 128.475177124783727, 36.504485923766609 ], [ 128.475161701420205, 36.505677776134931 ], [ 128.475976443293774, 36.506226647658529 ], [ 128.476361901246463, 36.506467147064818 ], [ 128.476286966235904, 36.508658498050089 ], [ 128.476165247821513, 36.508806983655703 ], [ 128.476777067467737, 36.51024028063506 ], [ 128.476088529766287, 36.511141958410413 ], [ 128.475494633493327, 36.511904525923995 ], [ 128.475570171532326, 36.512429862747645 ], [ 128.475577212674352, 36.512488053319942 ], [ 128.475651914178428, 36.513097606829739 ], [ 128.475650795907711, 36.513370187499639 ], [ 128.475933155361474, 36.513507197390524 ], [ 128.475993016532982, 36.513536594922222 ], [ 128.475989135260335, 36.513681372866422 ], [ 128.47598165697147, 36.513948689882604 ], [ 128.476416599937721, 36.514296137832382 ], [ 128.476499370039363, 36.514337062383184 ], [ 128.476842946050283, 36.514409412431007 ], [ 128.477268144829537, 36.51449932294134 ], [ 128.477649988603133, 36.514731124166957 ], [ 128.479030467227517, 36.514335017675386 ], [ 128.479612043955143, 36.514558711872482 ], [ 128.479790083540479, 36.514601835137157 ], [ 128.480364027244548, 36.514735792898769 ], [ 128.480818493004364, 36.51484223737242 ], [ 128.481159341854237, 36.514824286977003 ], [ 128.481259326047478, 36.514819027839145 ], [ 128.481577494158927, 36.514802121784577 ], [ 128.482552623217458, 36.514168568256231 ], [ 128.482928546189925, 36.514125326194289 ], [ 128.484424940567948, 36.514778587199508 ], [ 128.485708482944119, 36.514732760647206 ], [ 128.485712669582483, 36.514732724680051 ], [ 128.486329440974743, 36.514697731112172 ], [ 128.486646727900535, 36.515049599035763 ], [ 128.486724614898094, 36.515135975939749 ], [ 128.487154492456057, 36.515612730573672 ], [ 128.487724375260228, 36.516098962911158 ], [ 128.4877701231554, 36.51613809815565 ], [ 128.487929479292887, 36.516370944806162 ], [ 128.487987970394471, 36.516456660645012 ], [ 128.488904363999154, 36.517093435832059 ], [ 128.490357180808985, 36.517323945130904 ], [ 128.490370731964532, 36.517339538833241 ], [ 128.490593197590243, 36.517570759907137 ], [ 128.491579098967492, 36.517573085827422 ], [ 128.491669015694072, 36.517550851548172 ], [ 128.492861038431556, 36.516932513788014 ], [ 128.493904212840079, 36.51692143941704 ] ] ] } },
{ "type": "Feature", "properties": { "spatial_region": "안평면", "facility_count": 60, "total_capacity": 982.1, "area_km2": 101.06, "facilities_per_km2": 0.594, "population_status": "AVAILABLE", "emd_code": "4773046000", "emd_name": "안평면", "total_population": 2053, "youth_population": 108, "youth_ratio": 5.2605942523136866, "elderly_population": 1225, "elderly_ratio": 59.668777398928398, "population_change": 5, "year": 2025 }, "geometry": { "type": "Polygon", "coordinates": [ [ [ 128.571738699193276, 36.447611144473115 ], [ 128.571949491059172, 36.447313558405604 ], [ 128.572168736518421, 36.447003746666617 ], [ 128.57278623718679, 36.446411619236827 ], [ 128.573565434181944, 36.445974480829086 ], [ 128.573644626785949, 36.445805897565371 ], [ 128.574272894256353, 36.444470808890117 ], [ 128.57468632281487, 36.444095073777973 ], [ 128.575178783378675, 36.443629323845769 ], [ 128.575306669805627, 36.443266372213493 ], [ 128.575876472006343, 36.44171382449106 ], [ 128.576434694479502, 36.441398976490795 ], [ 128.576497401882733, 36.44136351403008 ], [ 128.576545374888639, 36.441305713554073 ], [ 128.576941028692403, 36.440827995567673 ], [ 128.577002935054821, 36.440753131530123 ], [ 128.57705624746788, 36.440339357892405 ], [ 128.577073590745243, 36.44004232703255 ], [ 128.577664893967324, 36.439933432390418 ], [ 128.57900662098487, 36.439607662446917 ], [ 128.580128701306819, 36.439913262195297 ], [ 128.580757997379663, 36.439926340388851 ], [ 128.581900756501426, 36.440066084839657 ], [ 128.581981462531701, 36.440076001786842 ], [ 128.581987403031206, 36.440076761606619 ], [ 128.582067908670666, 36.440128067811877 ], [ 128.582120497342231, 36.440160883344873 ], [ 128.582156330840832, 36.440192234206222 ], [ 128.582317483263154, 36.440233451182706 ], [ 128.582381106586411, 36.440277957268115 ], [ 128.582719514893029, 36.440381596975371 ], [ 128.583457876001205, 36.440720125874698 ], [ 128.584409702390843, 36.44027753656723 ], [ 128.585861119797869, 36.440290663463749 ], [ 128.586282031534836, 36.440218611835157 ], [ 128.587040496509246, 36.439608498086884 ], [ 128.587041515966433, 36.439607645528874 ], [ 128.587163990513346, 36.439632194525458 ], [ 128.587849830170882, 36.439769511526315 ], [ 128.588567013043672, 36.439460374815468 ], [ 128.589267956349147, 36.439158765417979 ], [ 128.589888325041755, 36.438648175671517 ], [ 128.5904375478801, 36.438493870650056 ], [ 128.590616907881696, 36.438113047160279 ], [ 128.591588339094869, 36.437268885929001 ], [ 128.592212985887187, 36.437004034554427 ], [ 128.593152439076135, 36.43662517041389 ], [ 128.593910343588675, 36.435992211244915 ], [ 128.59447260442866, 36.43547166639037 ], [ 128.595289249080054, 36.434406253676499 ], [ 128.595509593479704, 36.433678526811121 ], [ 128.596323003061713, 36.433325810833132 ], [ 128.597038270127229, 36.432944568709139 ], [ 128.597408144728291, 36.432390546715155 ], [ 128.597729182961217, 36.432090033830576 ], [ 128.598207510603856, 36.431641838253391 ], [ 128.59708195410164, 36.430721185993782 ], [ 128.596722530621605, 36.429742150375681 ], [ 128.596762289011963, 36.428875760079734 ], [ 128.596520636513247, 36.428781274534636 ], [ 128.596398782142671, 36.428854701967914 ], [ 128.596344375200488, 36.428869512621709 ], [ 128.596304664973246, 36.42886947700471 ], [ 128.596253149305284, 36.428838635824917 ], [ 128.596228459269128, 36.428823746027355 ], [ 128.596198892733383, 36.428792330484477 ], [ 128.596173641957876, 36.428767327795505 ], [ 128.596319876579912, 36.428727641519679 ], [ 128.596240479498306, 36.428542860268642 ], [ 128.596012252672011, 36.428287977332424 ], [ 128.59554301375519, 36.427662377040505 ], [ 128.595333028485129, 36.427378816907549 ], [ 128.595485835513529, 36.426706046273473 ], [ 128.595487192193815, 36.42670462705847 ], [ 128.596137394281527, 36.425973123085434 ], [ 128.596507867443933, 36.425551989809662 ], [ 128.596899084551922, 36.425258430353708 ], [ 128.597148324294608, 36.425059677281006 ], [ 128.596200826680331, 36.423963757957651 ], [ 128.595900681151903, 36.423462037838348 ], [ 128.595156511695762, 36.422084630026305 ], [ 128.595490775989532, 36.421085337804222 ], [ 128.595918275993711, 36.41876812923045 ], [ 128.596041927648315, 36.417539351341077 ], [ 128.596436005070586, 36.416741144912052 ], [ 128.596832108582788, 36.415939825909042 ], [ 128.596803535322209, 36.415496431162914 ], [ 128.596782983023814, 36.415189787351565 ], [ 128.597141377854598, 36.414674763587215 ], [ 128.596993847890474, 36.414309276663595 ], [ 128.596891720881018, 36.41406820415947 ], [ 128.596780058361759, 36.413804155741758 ], [ 128.596781711096298, 36.413799349154289 ], [ 128.596782040264088, 36.413798223821182 ], [ 128.596898586736103, 36.413483825895419 ], [ 128.596965614313433, 36.413303559832563 ], [ 128.596735675778518, 36.41258718842392 ], [ 128.596796152596028, 36.412188792692568 ], [ 128.597173640456646, 36.410172411707649 ], [ 128.597771258098334, 36.409108487832796 ], [ 128.59778168829331, 36.409090049318195 ], [ 128.597986031525835, 36.40908365676276 ], [ 128.597986569274468, 36.408990442628514 ], [ 128.59798678829452, 36.408932994442019 ], [ 128.597974698382274, 36.408938234390604 ], [ 128.597949857999112, 36.408949252747952 ], [ 128.597938866671797, 36.408940393256621 ], [ 128.597929306317866, 36.408932926385383 ], [ 128.5979598114466, 36.408874237804135 ], [ 128.598167660612148, 36.408817103469893 ], [ 128.598383781783724, 36.408755644091308 ], [ 128.598694339151848, 36.408679687788052 ], [ 128.599030976191045, 36.408600844733208 ], [ 128.599199294784825, 36.408519189998081 ], [ 128.599375804663595, 36.408412068793474 ], [ 128.599516333634568, 36.408299248049737 ], [ 128.599749345436805, 36.408178717940366 ], [ 128.600049633974493, 36.408093594803681 ], [ 128.600216087194667, 36.408040399991904 ], [ 128.600448828125906, 36.407957031430072 ], [ 128.600489644290548, 36.407926357823371 ], [ 128.600581015185981, 36.40782911401331 ], [ 128.60068945384819, 36.407731927409422 ], [ 128.600835177113566, 36.407601297579767 ], [ 128.600971495359573, 36.407623968393203 ], [ 128.601563955421454, 36.407722179597805 ], [ 128.601638259854042, 36.40772653767565 ], [ 128.602934349412806, 36.405464397995566 ], [ 128.603561761417524, 36.405143982740881 ], [ 128.604247153716415, 36.405628682497017 ], [ 128.604257406919857, 36.405635862800281 ], [ 128.604550703158935, 36.406330812453028 ], [ 128.604564605648989, 36.406363570773792 ], [ 128.604688023132724, 36.406656155039563 ], [ 128.605187930537653, 36.407166438675688 ], [ 128.605221380467555, 36.407200622528705 ], [ 128.605228145724766, 36.407207565884832 ], [ 128.605798507116759, 36.407585961593362 ], [ 128.60597099942666, 36.407978970138359 ], [ 128.606155592609156, 36.408399999486797 ], [ 128.606209718826278, 36.409795354367411 ], [ 128.606209771475079, 36.409798166160151 ], [ 128.606801650189425, 36.410137121351688 ], [ 128.606944775097332, 36.41021938351944 ], [ 128.606946532480009, 36.410220200368833 ], [ 128.606987220971803, 36.410419590204988 ], [ 128.607058329494777, 36.410743566688232 ], [ 128.606895019162579, 36.411288372972209 ], [ 128.606894041773643, 36.411292046473953 ], [ 128.607202054151287, 36.411464175940999 ], [ 128.60729016128721, 36.411513390743515 ], [ 128.607888206135954, 36.412268993920719 ], [ 128.607968791163756, 36.412850507304171 ], [ 128.60825485332029, 36.413072476920874 ], [ 128.60846073514486, 36.413240635115699 ], [ 128.608529467219597, 36.413296579973604 ], [ 128.608631521609027, 36.413379678203341 ], [ 128.608725422910339, 36.413558641892443 ], [ 128.609011855357664, 36.41410245091128 ], [ 128.609138706557275, 36.414340935966237 ], [ 128.609181835901467, 36.414422290118679 ], [ 128.609361837008578, 36.414774017948893 ], [ 128.610069892849481, 36.414665579278868 ], [ 128.610624855952324, 36.413528547881441 ], [ 128.610863113904543, 36.413502301663904 ], [ 128.611363747251346, 36.412978931660376 ], [ 128.610856777586463, 36.412313867894916 ], [ 128.610634611915714, 36.411719069575746 ], [ 128.611581082008286, 36.410999370198617 ], [ 128.611930610150978, 36.411017623844778 ], [ 128.612406508610491, 36.411342790693034 ], [ 128.612950652425752, 36.411267549096848 ], [ 128.613490823425877, 36.411192859841222 ], [ 128.61363522527887, 36.410773325321593 ], [ 128.613613589357215, 36.410050317531152 ], [ 128.614322841197406, 36.4094326117606 ], [ 128.614666392888125, 36.409726358695302 ], [ 128.614752852966092, 36.409800281499685 ], [ 128.614872527166625, 36.410272119842155 ], [ 128.615971167165895, 36.410574261655164 ], [ 128.616038582934124, 36.410592610593419 ], [ 128.616093488527383, 36.410579594803473 ], [ 128.616141607598394, 36.410568197202331 ], [ 128.6162548677367, 36.410541347559985 ], [ 128.616688268317859, 36.410430658481999 ], [ 128.617833935902354, 36.410138033880934 ], [ 128.618439997621891, 36.410239962966649 ], [ 128.618491051136033, 36.410246155461934 ], [ 128.61872611200377, 36.410248621250581 ], [ 128.619196835867655, 36.41025354435579 ], [ 128.619313067553975, 36.410254763445792 ], [ 128.620290836541812, 36.410264989458895 ], [ 128.620867630102879, 36.409787754299806 ], [ 128.621634354511713, 36.409379707845133 ], [ 128.621887740462114, 36.409244852802864 ], [ 128.62281580488613, 36.409586446028278 ], [ 128.62430937555061, 36.40942324105427 ], [ 128.624456272386169, 36.409300651430158 ], [ 128.624990140306181, 36.409318790801962 ], [ 128.625227049399427, 36.409106214703336 ], [ 128.625912243792158, 36.40849985373589 ], [ 128.626108657303888, 36.408465533238363 ], [ 128.626715325236717, 36.408043874951225 ], [ 128.627028666769888, 36.408018021226361 ], [ 128.627248831037832, 36.408038212429204 ], [ 128.627465162032905, 36.408058048780767 ], [ 128.628040181519793, 36.408004183473679 ], [ 128.628574989976102, 36.407079623427386 ], [ 128.627522200374472, 36.40688269015758 ], [ 128.627172263461972, 36.406157817517126 ], [ 128.626885272832993, 36.405786504502181 ], [ 128.626428675659639, 36.405204408396493 ], [ 128.626471216068694, 36.405028247825179 ], [ 128.626872230086661, 36.40340346890877 ], [ 128.627201128091571, 36.402724051042689 ], [ 128.627644023449761, 36.402387592660197 ], [ 128.628129167341996, 36.402288270186737 ], [ 128.628315645016215, 36.401945708626741 ], [ 128.629158756726156, 36.401680721833912 ], [ 128.629249206601372, 36.40167875986478 ], [ 128.629279988171419, 36.401554225122922 ], [ 128.629545573722083, 36.401492259510157 ], [ 128.630260923049462, 36.4009980980207 ], [ 128.630464366792921, 36.401021187110921 ], [ 128.630898061106905, 36.401070412251549 ], [ 128.630964541479756, 36.401078179249858 ], [ 128.631720526957992, 36.401166483865751 ], [ 128.632457074691075, 36.401466604827114 ], [ 128.632880813707516, 36.401448276967443 ], [ 128.633603022023181, 36.400979619451299 ], [ 128.633711660893823, 36.400796080922149 ], [ 128.633843537160743, 36.400573269079999 ], [ 128.63441300055689, 36.400448488376924 ], [ 128.634996210914665, 36.400508043794247 ], [ 128.635388022956136, 36.400548058426914 ], [ 128.635638697712324, 36.400830628898525 ], [ 128.636017208260199, 36.401257298367675 ], [ 128.636420615247062, 36.401381333396188 ], [ 128.636709590740566, 36.401470196738146 ], [ 128.636955031674574, 36.400910639563612 ], [ 128.637477895792841, 36.400518210060319 ], [ 128.638195676434549, 36.400047041926719 ], [ 128.638219001179152, 36.399866438844903 ], [ 128.638207432441646, 36.399856382735003 ], [ 128.637571853777104, 36.399304360460832 ], [ 128.637432075876887, 36.399182953462798 ], [ 128.637383014890787, 36.399140350159229 ], [ 128.637374022025824, 36.399132545714338 ], [ 128.637112110218084, 36.398837986097689 ], [ 128.636957297006916, 36.39866391379708 ], [ 128.636949572934128, 36.398594491704927 ], [ 128.636902309277957, 36.398169575508369 ], [ 128.636890509404026, 36.398063508709967 ], [ 128.637036119637912, 36.39779938077583 ], [ 128.637322312087321, 36.397280201733963 ], [ 128.637527040145159, 36.397203127486272 ], [ 128.637675164556271, 36.397147364212387 ], [ 128.638183554074885, 36.396955972661985 ], [ 128.638805228808934, 36.396401907553141 ], [ 128.638860422697888, 36.396371859138291 ], [ 128.63899936276573, 36.396296204695787 ], [ 128.639911725044556, 36.395799419321584 ], [ 128.64042674403504, 36.39485115136381 ], [ 128.640483248044944, 36.394747120654714 ], [ 128.640892405705813, 36.394197142044582 ], [ 128.640822516224574, 36.393676085713246 ], [ 128.640969239385242, 36.393028655265468 ], [ 128.641255674719474, 36.39269133080311 ], [ 128.641418660891304, 36.392499387760907 ], [ 128.641664906857187, 36.392438499202918 ], [ 128.642514576559734, 36.391725892192447 ], [ 128.642419395559131, 36.391346153136134 ], [ 128.64255859256744, 36.390518401969558 ], [ 128.642579922505917, 36.390208772088798 ], [ 128.64333629035076, 36.389471961626008 ], [ 128.64399600523069, 36.388945603280099 ], [ 128.643955621034991, 36.388281657863857 ], [ 128.644124663662637, 36.3878392865129 ], [ 128.643991569903079, 36.386963596369931 ], [ 128.64432613254624, 36.386259994641527 ], [ 128.644424160240874, 36.385625336134737 ], [ 128.644354163757811, 36.385282522121955 ], [ 128.644672936051194, 36.38440531666064 ], [ 128.645206475394787, 36.384720712670244 ], [ 128.64556744030358, 36.384863767169058 ], [ 128.646081897569502, 36.385016856705356 ], [ 128.647250004698094, 36.385172190467621 ], [ 128.647933084300888, 36.385347417909578 ], [ 128.648714831298122, 36.385378187770186 ], [ 128.64869877814931, 36.384744945903421 ], [ 128.649022309407712, 36.38389101076114 ], [ 128.649258663036079, 36.383698227731209 ], [ 128.649363696033191, 36.383559325386045 ], [ 128.649343241398157, 36.38319177897322 ], [ 128.650172746940854, 36.381703387462814 ], [ 128.651592412291592, 36.382148485060092 ], [ 128.652246146537493, 36.381751911618373 ], [ 128.653144346137879, 36.381857293890924 ], [ 128.654268343878158, 36.381553547918848 ], [ 128.654443338753197, 36.381420566746648 ], [ 128.654621755175867, 36.381136839256271 ], [ 128.655009493584913, 36.380399801581298 ], [ 128.655756080373521, 36.380233509566338 ], [ 128.656060582931076, 36.380089870426872 ], [ 128.656812922633463, 36.379303054594999 ], [ 128.656828561134489, 36.379297350273028 ], [ 128.657325529042907, 36.379114134041785 ], [ 128.657235256067537, 36.378467494593679 ], [ 128.657808694774758, 36.37810581341396 ], [ 128.658289161574515, 36.377092562509198 ], [ 128.658343378440605, 36.3767371720703 ], [ 128.657503117948949, 36.375656122617677 ], [ 128.657672324916007, 36.375104528000222 ], [ 128.657955389538614, 36.374878870060591 ], [ 128.658871871610387, 36.374148240405134 ], [ 128.658926517956957, 36.374062344682471 ], [ 128.659482549336531, 36.373177414718789 ], [ 128.659630809652214, 36.372992532060309 ], [ 128.659948233743279, 36.372765435608414 ], [ 128.660679062260982, 36.372161325441532 ], [ 128.660747572081448, 36.372053957533204 ], [ 128.660834957488305, 36.371911056310161 ], [ 128.661054252577401, 36.371610709528795 ], [ 128.660916048487081, 36.371524830939549 ], [ 128.661128102752855, 36.370381934966268 ], [ 128.660814033065009, 36.36967647111063 ], [ 128.660778521889256, 36.369515060866654 ], [ 128.660755128338479, 36.369408719467792 ], [ 128.660547080163667, 36.368463017434131 ], [ 128.660453891214331, 36.368039391903899 ], [ 128.659677291532319, 36.367249876564593 ], [ 128.659656312322568, 36.367226377171818 ], [ 128.65953186636051, 36.366898843074594 ], [ 128.659675827705598, 36.366165487992085 ], [ 128.659648975271352, 36.366068427470559 ], [ 128.65953688119447, 36.36573484577162 ], [ 128.65942511019901, 36.365460048072471 ], [ 128.658744031023588, 36.364628507999967 ], [ 128.657758913979336, 36.363582440754037 ], [ 128.657586813646873, 36.363133794524266 ], [ 128.657290727241104, 36.362773547019032 ], [ 128.657213575434042, 36.362688479745053 ], [ 128.657107436427879, 36.362726374424277 ], [ 128.657030428328682, 36.362593581563608 ], [ 128.657021604950359, 36.362504836090594 ], [ 128.656914078986205, 36.362437821577068 ], [ 128.655807983417191, 36.36174870242079 ], [ 128.65554198476184, 36.361533923100403 ], [ 128.656265844667558, 36.361040833409213 ], [ 128.656265809664887, 36.36021619180277 ], [ 128.65695563895116, 36.359444655413412 ], [ 128.656978825465245, 36.358868019162031 ], [ 128.656999184975092, 36.358361431587468 ], [ 128.657037609069789, 36.357803195960962 ], [ 128.657003147413803, 36.357419189515049 ], [ 128.657002760166819, 36.357413520044005 ], [ 128.656962410652312, 36.356810827848804 ], [ 128.656643213315533, 36.356124126247806 ], [ 128.65626719546438, 36.3557291574148 ], [ 128.65633737044746, 36.354591507354513 ], [ 128.656272917441157, 36.354092541770328 ], [ 128.655966889900697, 36.35321773890449 ], [ 128.655956782045024, 36.352938626375661 ], [ 128.656062464772674, 36.352728761047167 ], [ 128.656100397228499, 36.352406233811223 ], [ 128.655933005297385, 36.351610638554696 ], [ 128.655881037155183, 36.350760675788351 ], [ 128.655299005858325, 36.350633160765462 ], [ 128.654957765436762, 36.350545371049691 ], [ 128.65489033746087, 36.350169865128528 ], [ 128.65520664782818, 36.34894103593723 ], [ 128.655698253450879, 36.348201796295207 ], [ 128.655982973133518, 36.347613371294997 ], [ 128.655935145987598, 36.347467937260582 ], [ 128.655905001337544, 36.347415023467747 ], [ 128.655550871829149, 36.34679385825126 ], [ 128.65490891816637, 36.346165657552262 ], [ 128.653790693569562, 36.347177920885386 ], [ 128.652914279404087, 36.347789930230732 ], [ 128.652719445501617, 36.347901575565054 ], [ 128.652455343838255, 36.348052922131892 ], [ 128.650787220737016, 36.349327916941263 ], [ 128.649042618460811, 36.349597326131352 ], [ 128.648851999732102, 36.349626763774701 ], [ 128.647945783852379, 36.349788315588356 ], [ 128.647075424724079, 36.349792532438933 ], [ 128.646392567505444, 36.350193959247392 ], [ 128.646362376660164, 36.35072154963472 ], [ 128.646230629376561, 36.350712092291715 ], [ 128.645969551550849, 36.350693355582024 ], [ 128.645630383364562, 36.350669005811405 ], [ 128.645120160173917, 36.350565427920849 ], [ 128.644504068976289, 36.35051864780872 ], [ 128.644282700154577, 36.350394192627107 ], [ 128.64386200771591, 36.35008270667803 ], [ 128.643417122107621, 36.350082645177309 ], [ 128.642810623766565, 36.349997819665703 ], [ 128.64227397348705, 36.350502872575262 ], [ 128.641237293397865, 36.349626653545968 ], [ 128.641160497814212, 36.348264357515625 ], [ 128.640721913077812, 36.347890760945489 ], [ 128.640645438517339, 36.347827745536541 ], [ 128.640586494023978, 36.347669096760328 ], [ 128.640254188500876, 36.346724107868774 ], [ 128.640232946175928, 36.346697314946319 ], [ 128.640013855310144, 36.346421227773945 ], [ 128.639960638956069, 36.346354154899977 ], [ 128.639732490561812, 36.346066649006559 ], [ 128.638764100411521, 36.34555170481255 ], [ 128.638357031022849, 36.34507552474399 ], [ 128.637949834283035, 36.344548715109404 ], [ 128.637196663551606, 36.343742343185824 ], [ 128.635943611616113, 36.343160353104054 ], [ 128.635778618860797, 36.342530921222561 ], [ 128.635741907113982, 36.342301578039233 ], [ 128.635326757585403, 36.342067047796306 ], [ 128.635052747811812, 36.341912251963976 ], [ 128.634865161074998, 36.341806275729461 ], [ 128.634732020220781, 36.341529730429258 ], [ 128.634535835173665, 36.34112224952861 ], [ 128.634007390167142, 36.340486994481076 ], [ 128.633669893516213, 36.339854388520706 ], [ 128.633532764635021, 36.339610298741611 ], [ 128.632570315616249, 36.340239647656063 ], [ 128.631729234326798, 36.340345342293361 ], [ 128.631709540239001, 36.340347822666558 ], [ 128.631662093925286, 36.340353785804453 ], [ 128.630567304873495, 36.340491354396647 ], [ 128.629549131365991, 36.340259833489959 ], [ 128.628617789297351, 36.340451656607478 ], [ 128.628543692266987, 36.340386496051195 ], [ 128.628218931360038, 36.340100892435892 ], [ 128.627989743900457, 36.339908542427949 ], [ 128.627752954775218, 36.33949597606437 ], [ 128.627756773350626, 36.339438105784559 ], [ 128.627722925469129, 36.339451526518765 ], [ 128.627391786805475, 36.338686513665117 ], [ 128.627310243886285, 36.338285327327277 ], [ 128.627155656513196, 36.337239060961927 ], [ 128.626611964828868, 36.335947239826332 ], [ 128.626697349019707, 36.334717471303755 ], [ 128.626689818843829, 36.334452566260779 ], [ 128.626530287072711, 36.334022972934051 ], [ 128.626448740346746, 36.333803407899666 ], [ 128.626449228188704, 36.333615641245402 ], [ 128.625984307705409, 36.333428125620586 ], [ 128.62563328346809, 36.333567893547901 ], [ 128.625627491735344, 36.33357021838281 ], [ 128.624565401543379, 36.334010187369195 ], [ 128.623314476697516, 36.334042237934575 ], [ 128.622511347939053, 36.334063764518795 ], [ 128.621598427001601, 36.333209917018692 ], [ 128.620087482468961, 36.333227472432803 ], [ 128.619360937361108, 36.333996383694284 ], [ 128.618802425913998, 36.334576897891438 ], [ 128.617794461471078, 36.333937574516298 ], [ 128.616392911928983, 36.333461421027735 ], [ 128.615666854394988, 36.333839040605305 ], [ 128.615043655186668, 36.333750848336258 ], [ 128.613712473333095, 36.333807185944494 ], [ 128.613548463423058, 36.334014680175692 ], [ 128.613159768165247, 36.334365406547178 ], [ 128.612805629767252, 36.334684946321438 ], [ 128.612484348001345, 36.334918917603055 ], [ 128.612341139417282, 36.335023203591206 ], [ 128.612181050709239, 36.335139789484195 ], [ 128.611682484444088, 36.334896533519967 ], [ 128.611530140513594, 36.334822248686763 ], [ 128.611088331985343, 36.334814534309857 ], [ 128.6103894615907, 36.334917335185899 ], [ 128.608898138496045, 36.334349313281322 ], [ 128.607889735182511, 36.334482677546021 ], [ 128.60774313716766, 36.334664069087438 ], [ 128.606908335179128, 36.335040709219484 ], [ 128.606702172241683, 36.335135002879483 ], [ 128.606209237451367, 36.335650042126289 ], [ 128.605857440414155, 36.336112152153838 ], [ 128.605690830055948, 36.336331017641761 ], [ 128.604238571044732, 36.335483190445451 ], [ 128.603314084529586, 36.335467344702572 ], [ 128.602779978809366, 36.335458183662418 ], [ 128.60202047343887, 36.333934362938209 ], [ 128.601453776824741, 36.332966754616514 ], [ 128.601412973919082, 36.332579997553296 ], [ 128.601392256409497, 36.332414698448112 ], [ 128.601360569621363, 36.332305784953661 ], [ 128.601299684809192, 36.332145821468472 ], [ 128.600593862827708, 36.331846772645733 ], [ 128.599681819063932, 36.331446455883828 ], [ 128.599328669297677, 36.331309804153271 ], [ 128.599242576188544, 36.331023743988169 ], [ 128.598495279018238, 36.33073020254708 ], [ 128.59825548476897, 36.330095563878963 ], [ 128.597621233261123, 36.329881836534135 ], [ 128.597304577084685, 36.329847116479343 ], [ 128.596541922986859, 36.329763510906567 ], [ 128.595824187350161, 36.329314645868969 ], [ 128.594804282704104, 36.329650678602242 ], [ 128.594646997564752, 36.329557160494957 ], [ 128.594226894757895, 36.329307439122083 ], [ 128.594066102386506, 36.329211853628422 ], [ 128.593951796249854, 36.328716513493738 ], [ 128.592766935181345, 36.327895060247414 ], [ 128.592166131646394, 36.327697612391404 ], [ 128.59203016105468, 36.327616419751173 ], [ 128.591618165377298, 36.327370393734142 ], [ 128.59071549326211, 36.327596751550459 ], [ 128.590270680806384, 36.328024846740504 ], [ 128.589978873705547, 36.32825229853713 ], [ 128.589638046317248, 36.329113302525393 ], [ 128.589627616928453, 36.329139634866692 ], [ 128.589220959626601, 36.32949539426771 ], [ 128.58908716277449, 36.330145091777993 ], [ 128.588601837521651, 36.330147651868906 ], [ 128.588017217646893, 36.330267054867036 ], [ 128.587425117985902, 36.330774680645419 ], [ 128.587042438640225, 36.330948397883539 ], [ 128.586707866500973, 36.331173530426597 ], [ 128.586775682860633, 36.331175649181688 ], [ 128.586828093015498, 36.331163620139613 ], [ 128.586933514301194, 36.331131228238547 ], [ 128.587016242039965, 36.331116853071215 ], [ 128.586989867889997, 36.33113376671384 ], [ 128.586938544636013, 36.331150873189486 ], [ 128.58690806115149, 36.331165600739965 ], [ 128.586829105768913, 36.331184783148387 ], [ 128.586740050811727, 36.331197243772642 ], [ 128.586659977324246, 36.331217233243365 ], [ 128.586619917036501, 36.331231666144014 ], [ 128.586542657062239, 36.331246150134469 ], [ 128.586464012432486, 36.331246607046516 ], [ 128.586323057739321, 36.331187433298844 ], [ 128.586281323073365, 36.331204662912135 ], [ 128.586158517442215, 36.331215744221154 ], [ 128.586053714026633, 36.331213487560021 ], [ 128.585989978136894, 36.331218979450711 ], [ 128.585904694872511, 36.331234246192565 ], [ 128.585866807248948, 36.331238007518124 ], [ 128.585718783075095, 36.331283200123032 ], [ 128.585626658897155, 36.331286331133064 ], [ 128.585564656884969, 36.331275715892197 ], [ 128.585443058679715, 36.331246094774635 ], [ 128.585412123883287, 36.331215770835236 ], [ 128.585338211840991, 36.331180791414482 ], [ 128.585287636289024, 36.331182886274789 ], [ 128.585247620391442, 36.331211962897555 ], [ 128.585175184491845, 36.331194714549255 ], [ 128.585100571280634, 36.331216181888472 ], [ 128.585056003626761, 36.331219469101271 ], [ 128.585015968421999, 36.331220762478438 ], [ 128.584985145518402, 36.331221763521 ], [ 128.584936725743546, 36.331239419954969 ], [ 128.584893239997825, 36.331248685640688 ], [ 128.58481084522009, 36.331292465704891 ], [ 128.584619916906689, 36.331245957423278 ], [ 128.584569957973656, 36.331257732705936 ], [ 128.584424778953235, 36.331243312161405 ], [ 128.584333664394279, 36.331245084929463 ], [ 128.584268948129221, 36.331219265802716 ], [ 128.584090900546101, 36.331180128155623 ], [ 128.583921371527339, 36.331155943392865 ], [ 128.583812019853241, 36.3311231912772 ], [ 128.583723156508711, 36.331116374276078 ], [ 128.583703006142343, 36.331114771857663 ], [ 128.583597859162239, 36.331114323196431 ], [ 128.583506546619873, 36.331109398942381 ], [ 128.583398615499647, 36.331081806114021 ], [ 128.583349090158521, 36.33107078277898 ], [ 128.583313448356677, 36.331071108678472 ], [ 128.583229133212342, 36.331094802845449 ], [ 128.583189230184502, 36.33110262956238 ], [ 128.583135553616899, 36.331099368716586 ], [ 128.583092129164328, 36.331095062327606 ], [ 128.583014908836361, 36.33110203742168 ], [ 128.582963253853336, 36.331091466068308 ], [ 128.582919260869687, 36.331078929935629 ], [ 128.582835254539447, 36.331071940036793 ], [ 128.582729766809223, 36.331070660341382 ], [ 128.582645129588514, 36.331085827890945 ], [ 128.582463346885476, 36.331103817979397 ], [ 128.582409027189925, 36.331137466511841 ], [ 128.58234565958449, 36.33118229385817 ], [ 128.582331822124701, 36.331195636734478 ], [ 128.582272632923718, 36.331223473599607 ], [ 128.582216618879187, 36.331232415008138 ], [ 128.58215327107078, 36.331175824553299 ], [ 128.582127136915034, 36.33118308642166 ], [ 128.582119518628588, 36.33118520448015 ], [ 128.582070028702219, 36.331184219783204 ], [ 128.582031318741826, 36.331183453129384 ], [ 128.582018912824623, 36.331183211336459 ], [ 128.581935448263778, 36.331183188757159 ], [ 128.581874618277709, 36.331170124532775 ], [ 128.581801016433502, 36.331181446176323 ], [ 128.581728505505623, 36.331199097824744 ], [ 128.581588487646314, 36.33126491418853 ], [ 128.581581356672558, 36.331267538580185 ], [ 128.581405203300619, 36.331332218468432 ], [ 128.581243456612697, 36.331391613816095 ], [ 128.581102190094043, 36.331461669730089 ], [ 128.581045410468562, 36.331407823327872 ], [ 128.580784805724051, 36.331568828743329 ], [ 128.58073872869096, 36.331539982295325 ], [ 128.580695877604199, 36.331511877134467 ], [ 128.580552946128819, 36.331431665323592 ], [ 128.580322058925276, 36.331304363687842 ], [ 128.580003732520453, 36.331143824533434 ], [ 128.57980759729881, 36.331098975402021 ], [ 128.580013159987828, 36.331477876718132 ], [ 128.579854739579503, 36.33155634167035 ], [ 128.579616002881522, 36.33167457099394 ], [ 128.578865955739957, 36.332255465438173 ], [ 128.578772609432662, 36.332616531780573 ], [ 128.577942680576712, 36.333172193364966 ], [ 128.577278287888134, 36.333819301710179 ], [ 128.576931648708523, 36.334156919990775 ], [ 128.576555877195858, 36.334683859636321 ], [ 128.575841221451384, 36.334754636003041 ], [ 128.574756263714164, 36.334903957315404 ], [ 128.574397941421836, 36.334773314539007 ], [ 128.573795382503022, 36.334553608504002 ], [ 128.573109895167107, 36.334168823303244 ], [ 128.572391848012074, 36.333725016804586 ], [ 128.571784623768792, 36.333757016748756 ], [ 128.57094747223897, 36.334118239151323 ], [ 128.570209094935933, 36.334152272851732 ], [ 128.569798977327736, 36.334004162988691 ], [ 128.56923753475408, 36.333889559788098 ], [ 128.56849393333016, 36.334312400805928 ], [ 128.568480782557543, 36.33431987793422 ], [ 128.568480521935243, 36.334324707260727 ], [ 128.568446062345629, 36.334950363772762 ], [ 128.568428764258357, 36.335264421849068 ], [ 128.568269847118529, 36.335976292697225 ], [ 128.56800805039137, 36.336202221986824 ], [ 128.567760790366634, 36.336415596079114 ], [ 128.567247578869654, 36.337235193674893 ], [ 128.566502709531477, 36.337599936963969 ], [ 128.566050312517291, 36.339486779784572 ], [ 128.564781283858451, 36.33974138897166 ], [ 128.564439901648427, 36.340581129935288 ], [ 128.5644006597567, 36.340612968912204 ], [ 128.563911615517895, 36.341009847486738 ], [ 128.56385040786239, 36.341366116701316 ], [ 128.56333501060638, 36.341639994969469 ], [ 128.563186893314963, 36.341721827696865 ], [ 128.562906278430432, 36.341876889684336 ], [ 128.562223564196245, 36.342254134836239 ], [ 128.562150540141346, 36.342598536318775 ], [ 128.561799454234574, 36.343270715364461 ], [ 128.561842607869409, 36.343310318252726 ], [ 128.562500760639836, 36.344135792501362 ], [ 128.562614177290499, 36.344823493938613 ], [ 128.562752655285692, 36.345263781403816 ], [ 128.562636794259049, 36.345694384670217 ], [ 128.562490908051814, 36.346236577261905 ], [ 128.562451782217749, 36.346382035227769 ], [ 128.562520020196871, 36.346791569279254 ], [ 128.562620266073253, 36.347393214593758 ], [ 128.562429382549993, 36.347631773491926 ], [ 128.561881718822974, 36.348286765454155 ], [ 128.560860869496707, 36.349153777015125 ], [ 128.560569632216925, 36.349401127663064 ], [ 128.560558250542101, 36.349406429592349 ], [ 128.560025208865653, 36.349654742900093 ], [ 128.55943004753226, 36.349952072830483 ], [ 128.559164583158235, 36.350535875961477 ], [ 128.558938708533503, 36.350958101614147 ], [ 128.558864701536521, 36.351172936096191 ], [ 128.558825251361895, 36.351287454461328 ], [ 128.558627477603949, 36.351861576099004 ], [ 128.558600270941639, 36.35194054365477 ], [ 128.559162196275594, 36.352369967198506 ], [ 128.559563229616259, 36.352956100883866 ], [ 128.560090277930527, 36.353726401532981 ], [ 128.559301360134612, 36.354309126063882 ], [ 128.559164366102436, 36.355082261478131 ], [ 128.559129766029599, 36.355386835783847 ], [ 128.559082842944406, 36.355484808105047 ], [ 128.558967609226329, 36.35572539837159 ], [ 128.558928599448251, 36.355974291212355 ], [ 128.557725682433869, 36.356407220215289 ], [ 128.557498273161912, 36.356489057496297 ], [ 128.55715799016852, 36.356608557975463 ], [ 128.556148890192475, 36.356962924952022 ], [ 128.555224837626582, 36.357248229243716 ], [ 128.554199505316944, 36.358222683329871 ], [ 128.554399775008761, 36.358981853862495 ], [ 128.554463744273818, 36.359224353544647 ], [ 128.55499635099244, 36.360145497657697 ], [ 128.55479668932071, 36.361325710684554 ], [ 128.554510158992287, 36.361923247249372 ], [ 128.554264662017999, 36.362238087937207 ], [ 128.553288853394605, 36.362939052705563 ], [ 128.55303379972861, 36.36337037556541 ], [ 128.552718896986704, 36.363902899181483 ], [ 128.5522995656018, 36.364328628850721 ], [ 128.551650390137979, 36.364836921746779 ], [ 128.551703066770727, 36.365242319717424 ], [ 128.551756790174721, 36.365750544453157 ], [ 128.551757783458129, 36.36575994733785 ], [ 128.551825085366744, 36.366652479620932 ], [ 128.551397773068317, 36.367702123949108 ], [ 128.550802099898419, 36.368694277148371 ], [ 128.549780589710167, 36.36891006034714 ], [ 128.549584934694224, 36.369055975925285 ], [ 128.549501448722594, 36.369330109610019 ], [ 128.549286336319369, 36.370943361097439 ], [ 128.549273595272126, 36.371103936282658 ], [ 128.549135769103856, 36.372841380440448 ], [ 128.549102015204141, 36.373266799987604 ], [ 128.549132168163027, 36.373511489870054 ], [ 128.549135552142587, 36.373539069266492 ], [ 128.549036684463204, 36.374380372307471 ], [ 128.549020438871338, 36.374518594264437 ], [ 128.54823457109714, 36.375397024998193 ], [ 128.547947958349482, 36.3756915728179 ], [ 128.547460527763434, 36.376362403450287 ], [ 128.547403816362277, 36.37701234077214 ], [ 128.547149306114676, 36.37725803940058 ], [ 128.546529801128486, 36.377739272729478 ], [ 128.546516137411572, 36.377770058477047 ], [ 128.546267151057094, 36.37833102987414 ], [ 128.546040994442961, 36.378840622342096 ], [ 128.545859960651143, 36.379063231066468 ], [ 128.545217683334556, 36.379608154781522 ], [ 128.545156197843568, 36.379690484420344 ], [ 128.544977862058232, 36.379929304962374 ], [ 128.544908370068129, 36.3799952027221 ], [ 128.544326105188276, 36.380547361893676 ], [ 128.544307524403052, 36.380564980599651 ], [ 128.544093973217059, 36.381010211322817 ], [ 128.543939195554401, 36.381194969616018 ], [ 128.543457933451435, 36.381769445467391 ], [ 128.543215554101181, 36.382058834212359 ], [ 128.542816066472739, 36.382535790915632 ], [ 128.542721452056327, 36.382648748691444 ], [ 128.542082211540901, 36.383420840520948 ], [ 128.541815938010046, 36.383742450071615 ], [ 128.541674853643258, 36.383893851946212 ], [ 128.541474534399981, 36.384039303192196 ], [ 128.54145742044156, 36.384051727386868 ], [ 128.540158365346855, 36.384995009848339 ], [ 128.54000520063056, 36.385007611263482 ], [ 128.539526834205304, 36.385070447700571 ], [ 128.538713372998501, 36.384770655004793 ], [ 128.537588660713453, 36.384489077547606 ], [ 128.537266393178072, 36.3842445572065 ], [ 128.536076787739859, 36.384067266064093 ], [ 128.535922380572288, 36.384069746381236 ], [ 128.535011237327438, 36.384060739984598 ], [ 128.534418727012394, 36.383785931769047 ], [ 128.534037498557552, 36.383892453820245 ], [ 128.53345613681816, 36.384054900795221 ], [ 128.532739898104495, 36.384211264617342 ], [ 128.532126048516744, 36.384307946057604 ], [ 128.53141402011596, 36.383939860786313 ], [ 128.530960094054279, 36.383621685137641 ], [ 128.52969052942376, 36.383580253016717 ], [ 128.528799302924739, 36.38336598443216 ], [ 128.528413959474591, 36.383063516371102 ], [ 128.527523176382829, 36.383442582446825 ], [ 128.527100404135268, 36.383945266082215 ], [ 128.52707288554501, 36.384000560170016 ], [ 128.526937445957742, 36.384272875695508 ], [ 128.526853180489752, 36.38436050323191 ], [ 128.52603081137903, 36.38517992964411 ], [ 128.525227502475161, 36.385515566109703 ], [ 128.525225223074074, 36.385516512252345 ], [ 128.523413281099323, 36.386208818450015 ], [ 128.521790982427262, 36.38658505578406 ], [ 128.520968652931458, 36.386862101742913 ], [ 128.519987489905304, 36.386968164619582 ], [ 128.51977838930452, 36.386975504146264 ], [ 128.518395586554249, 36.387090333047396 ], [ 128.518545348033712, 36.38757698824849 ], [ 128.518607085253933, 36.388335500799329 ], [ 128.518163442364283, 36.388924588082972 ], [ 128.518570631871739, 36.389423440765697 ], [ 128.51845650716561, 36.390249135437756 ], [ 128.517913061100415, 36.39063497596436 ], [ 128.518036276457792, 36.391641853474013 ], [ 128.517940040751483, 36.392244808100948 ], [ 128.517731320292455, 36.39267781707936 ], [ 128.517907708901987, 36.393086522080004 ], [ 128.51746217089206, 36.394044352753816 ], [ 128.517551243042334, 36.394090988166617 ], [ 128.517690078031478, 36.394255561488698 ], [ 128.517908467452031, 36.394466740265528 ], [ 128.518055909399777, 36.394957071866308 ], [ 128.518031680698812, 36.395071628240352 ], [ 128.517895288389269, 36.395716233694685 ], [ 128.518016981407726, 36.395972907711126 ], [ 128.518040503198932, 36.396012158259566 ], [ 128.518510937712961, 36.396796375193809 ], [ 128.517898677433237, 36.397933097406721 ], [ 128.51781102320831, 36.398086858592123 ], [ 128.517666660126764, 36.398349078717636 ], [ 128.51707467881883, 36.399637750640473 ], [ 128.517171070241261, 36.400388571863012 ], [ 128.516644860645727, 36.401360931088746 ], [ 128.516643022199389, 36.401561782684063 ], [ 128.516505028188618, 36.402241515406153 ], [ 128.516522513687875, 36.402362548796823 ], [ 128.516750047316947, 36.402840184833913 ], [ 128.516849321328351, 36.402954512037475 ], [ 128.517011455076215, 36.403121361291532 ], [ 128.517125557276188, 36.4037097662655 ], [ 128.518379917419168, 36.404422210158934 ], [ 128.51839069534924, 36.404427958080781 ], [ 128.518388236572434, 36.404437969005727 ], [ 128.518348030086997, 36.404611973057769 ], [ 128.518109043564294, 36.405446514062362 ], [ 128.517836835542909, 36.405657787780761 ], [ 128.517472410529393, 36.40594063557041 ], [ 128.517485658932145, 36.406563668169994 ], [ 128.516971494919574, 36.407119561789266 ], [ 128.51595130709552, 36.407181113030887 ], [ 128.515732750680257, 36.407174646153798 ], [ 128.515410298950542, 36.407646693900375 ], [ 128.514176650547114, 36.408230329254373 ], [ 128.5141989272214, 36.408253219411137 ], [ 128.514409284918088, 36.408650243988497 ], [ 128.514687561325644, 36.409663918066911 ], [ 128.514700718816698, 36.409710056838655 ], [ 128.514957250144391, 36.410235782484676 ], [ 128.514731512702554, 36.410605246925314 ], [ 128.514792908830714, 36.411527605285933 ], [ 128.51500864638956, 36.412313553485177 ], [ 128.515072007926847, 36.41239560049717 ], [ 128.515314028410842, 36.412852471826625 ], [ 128.515429234203708, 36.413129604671788 ], [ 128.515546989138528, 36.413412884640259 ], [ 128.515919848659564, 36.414689032123867 ], [ 128.51613403726364, 36.415467266764395 ], [ 128.516180459709886, 36.41549303022358 ], [ 128.51673999160144, 36.415804615418224 ], [ 128.516483804157644, 36.416540495193253 ], [ 128.516066079093747, 36.416881318118783 ], [ 128.516120060973236, 36.417446616033921 ], [ 128.515344476515821, 36.417921343859327 ], [ 128.514930235022632, 36.418838573717629 ], [ 128.514555007466157, 36.419186295934509 ], [ 128.513990068715742, 36.419883683749362 ], [ 128.514162212011428, 36.420335837930871 ], [ 128.514331296685555, 36.420779932047033 ], [ 128.514682831853321, 36.421742843644381 ], [ 128.515629707706012, 36.421717088023904 ], [ 128.516699054583171, 36.421948597181057 ], [ 128.517537136786189, 36.422156558778532 ], [ 128.51817632540147, 36.422523898917667 ], [ 128.519771208857463, 36.422682755729376 ], [ 128.520023867062008, 36.422583782575735 ], [ 128.520071159314767, 36.42256526527423 ], [ 128.5207008813058, 36.422428582972451 ], [ 128.521152320337876, 36.422343654575585 ], [ 128.521687807799083, 36.421845954786619 ], [ 128.522221699531997, 36.421777403157563 ], [ 128.523097332127008, 36.422228175525639 ], [ 128.523139217883738, 36.422249259126183 ], [ 128.523175734627301, 36.422267626753182 ], [ 128.523205892300581, 36.42228289596104 ], [ 128.523247223170785, 36.422290829451256 ], [ 128.523379401200998, 36.422316302711415 ], [ 128.523526251733045, 36.422352963817673 ], [ 128.524833728717368, 36.422679352584382 ], [ 128.526412424742233, 36.422816707765158 ], [ 128.526927771158626, 36.422589467064256 ], [ 128.527537607301866, 36.422840607857871 ], [ 128.5282058891041, 36.422731380027365 ], [ 128.528408163969857, 36.422844771868341 ], [ 128.528484981784629, 36.422769153865332 ], [ 128.528620724519385, 36.422850795431494 ], [ 128.528626198380238, 36.422992586814516 ], [ 128.528868774826464, 36.423232623573149 ], [ 128.529260879400681, 36.423620635147785 ], [ 128.530069759881826, 36.424054520213971 ], [ 128.530661300310499, 36.424526734261391 ], [ 128.530982905964635, 36.424912254323893 ], [ 128.531200036387332, 36.425169208860041 ], [ 128.532025019032858, 36.425727926970524 ], [ 128.531811209391265, 36.426340826567795 ], [ 128.531456409496229, 36.426491635484155 ], [ 128.531440125982016, 36.427637245144041 ], [ 128.530981000844037, 36.428240553022121 ], [ 128.531082019166774, 36.428958071565276 ], [ 128.531590760141853, 36.429724136300415 ], [ 128.532238531620663, 36.430391375018772 ], [ 128.532201539575397, 36.430828965186038 ], [ 128.532338150654795, 36.431328966595672 ], [ 128.532635196044168, 36.431756352118796 ], [ 128.532690264063376, 36.431912125516163 ], [ 128.532762920758756, 36.432117666564757 ], [ 128.532671817484413, 36.432262872257461 ], [ 128.532510992415865, 36.432812142697934 ], [ 128.53222444310336, 36.43306014076785 ], [ 128.532011650367224, 36.433662103901554 ], [ 128.531953054448337, 36.433760675957757 ], [ 128.531055749128626, 36.434544860135766 ], [ 128.530985000921248, 36.434821749091341 ], [ 128.530880247204919, 36.435222664855665 ], [ 128.530780898631178, 36.43538760780784 ], [ 128.53028189244651, 36.435853229831771 ], [ 128.529616057325569, 36.437148530854437 ], [ 128.529952555571612, 36.437386196660164 ], [ 128.530215537175337, 36.437561157502884 ], [ 128.530304087434359, 36.437561506998556 ], [ 128.530447421818593, 36.437631641581852 ], [ 128.53061688940943, 36.438168523028445 ], [ 128.530845487346284, 36.43889268956697 ], [ 128.531233422127031, 36.439082423919487 ], [ 128.531622608146364, 36.439508939792674 ], [ 128.531757866002863, 36.439495026550709 ], [ 128.532003036086564, 36.439555214646447 ], [ 128.532668362963534, 36.439926733939259 ], [ 128.53321568203279, 36.439840280564049 ], [ 128.533380173984909, 36.439792650873819 ], [ 128.534113970593438, 36.439737635654758 ], [ 128.534134197897004, 36.439734623882565 ], [ 128.535508725713129, 36.439529739600424 ], [ 128.535893692003555, 36.43975022161797 ], [ 128.536518651145172, 36.439578157949505 ], [ 128.537298139818432, 36.439363544704975 ], [ 128.537573645344168, 36.439287702149834 ], [ 128.538486716220461, 36.439360626316116 ], [ 128.539620701178137, 36.439035466912429 ], [ 128.539977930517438, 36.439148194790931 ], [ 128.540124729954755, 36.439194513695888 ], [ 128.541301088250265, 36.439033439794571 ], [ 128.542130403374443, 36.43908520561191 ], [ 128.542762069699279, 36.43964637621314 ], [ 128.543255146463991, 36.439661075093305 ], [ 128.543898573913339, 36.439687702811419 ], [ 128.544225644814844, 36.439996032846111 ], [ 128.545031052737585, 36.440382330155188 ], [ 128.545271663474182, 36.440497732305943 ], [ 128.545491485787693, 36.440881877515082 ], [ 128.545760407043815, 36.441351810244313 ], [ 128.546491677086237, 36.441132681476816 ], [ 128.546793782360737, 36.441052683608476 ], [ 128.5470442633505, 36.441119214208136 ], [ 128.547658335619218, 36.440968083689796 ], [ 128.5481615484033, 36.440971356218022 ], [ 128.548798773362989, 36.440378211024203 ], [ 128.549464807445332, 36.439758235945277 ], [ 128.54956509449039, 36.439710295760555 ], [ 128.550460178889409, 36.439282460625392 ], [ 128.550665641397558, 36.439287742397902 ], [ 128.550777470790365, 36.439257092845914 ], [ 128.55102702834597, 36.439153005254063 ], [ 128.551379895442835, 36.4386412643684 ], [ 128.552215463678095, 36.439011496419383 ], [ 128.552412728923741, 36.439206365049735 ], [ 128.552745963913196, 36.439348414222366 ], [ 128.553177151332761, 36.439726031358433 ], [ 128.55368979363783, 36.43999495796767 ], [ 128.55411479892615, 36.440240493502394 ], [ 128.554518874693656, 36.440345612557621 ], [ 128.5548083250047, 36.440804022151291 ], [ 128.555235289603928, 36.440991193321238 ], [ 128.555287081473722, 36.441026883325854 ], [ 128.555601480622386, 36.441281993920384 ], [ 128.555689741829639, 36.441542297219925 ], [ 128.556098319162686, 36.44189955238614 ], [ 128.55615251736134, 36.441943712818464 ], [ 128.556266795322585, 36.442341844959586 ], [ 128.556315147128061, 36.442767189293072 ], [ 128.55661280248728, 36.443178891187571 ], [ 128.556821056856961, 36.443466936586731 ], [ 128.557261867512977, 36.443519754103015 ], [ 128.557497611290785, 36.443629003713717 ], [ 128.557498245617865, 36.443936623643651 ], [ 128.557893652788664, 36.444316712890583 ], [ 128.557902417366535, 36.44433277696632 ], [ 128.557932679637105, 36.444389193436706 ], [ 128.559021627180641, 36.446412131872151 ], [ 128.5596173319108, 36.4470407744654 ], [ 128.560293531419461, 36.44783151348399 ], [ 128.560304878156614, 36.447844784335445 ], [ 128.561031026803448, 36.447840743092328 ], [ 128.561610686004514, 36.447659153382254 ], [ 128.562161993596504, 36.448147364275755 ], [ 128.562486464975251, 36.448718419671138 ], [ 128.562935734994511, 36.448847773263168 ], [ 128.563297597624484, 36.448951959590829 ], [ 128.565085593237058, 36.449531515953382 ], [ 128.564939743829598, 36.450310893954146 ], [ 128.565576152092945, 36.451986037232693 ], [ 128.565918462688188, 36.452174852505671 ], [ 128.566434578833992, 36.452443475558297 ], [ 128.567072138966978, 36.452168449854028 ], [ 128.56782258897465, 36.451857883919615 ], [ 128.568503871440214, 36.451573835607981 ], [ 128.569948134281276, 36.450944401800363 ], [ 128.56999193422223, 36.450921004005359 ], [ 128.570020206623383, 36.450905714513304 ], [ 128.570360859421413, 36.45042762231796 ], [ 128.570700507467393, 36.449950940282974 ], [ 128.570843510782368, 36.449385343203915 ], [ 128.571310464360437, 36.448775765923799 ], [ 128.571430055664251, 36.448241164403775 ], [ 128.571738699193276, 36.447611144473115 ] ] ] } },
{ "type": "Feature", "properties": { "spatial_region": "안사면", "facility_count": 28, "total_capacity": 1226.4, "area_km2": 61.67, "facilities_per_km2": 0.454, "population_status": "AVAILABLE", "emd_code": "4773047000", "emd_name": "안사면", "total_population": 833, "youth_population": 62, "youth_ratio": 7.4429771908763502, "elderly_population": 478, "elderly_ratio": 57.382953181272512, "population_change": -21, "year": 2025 }, "geometry": { "type": "Polygon", "coordinates": [ [ [ 128.423931780967678, 36.520656811113355 ], [ 128.424289194964217, 36.520611276523944 ], [ 128.424763272988969, 36.520616056673994 ], [ 128.42512120782294, 36.520620634270095 ], [ 128.425361186077538, 36.520648232881292 ], [ 128.425597592034194, 36.520674299855685 ], [ 128.426432661893386, 36.520757988902318 ], [ 128.427085577909793, 36.520940613935608 ], [ 128.427320311184047, 36.5210074097985 ], [ 128.427470423555093, 36.520913116484721 ], [ 128.428166140810589, 36.520477834403557 ], [ 128.428349833078101, 36.520362470590911 ], [ 128.42810706730225, 36.520284418997761 ], [ 128.427928693099972, 36.520196547770304 ], [ 128.427756248201973, 36.520111624475348 ], [ 128.427803914258817, 36.520071636023339 ], [ 128.427806552693539, 36.520072657984677 ], [ 128.427893851553932, 36.520125073344857 ], [ 128.428003893402774, 36.520157709910578 ], [ 128.428101929239972, 36.520187900654747 ], [ 128.428270522045096, 36.520250240494164 ], [ 128.428488922469427, 36.520369780167862 ], [ 128.428513137186712, 36.5203396453457 ], [ 128.42864118703713, 36.520245181481442 ], [ 128.428772314461867, 36.52014816401519 ], [ 128.429328011225181, 36.519898503590561 ], [ 128.430651044662795, 36.519641340937156 ], [ 128.431263655326347, 36.519395214900399 ], [ 128.431831104995581, 36.519179193273501 ], [ 128.432377879021345, 36.518958077991655 ], [ 128.432793904427911, 36.518854529984182 ], [ 128.434269730429151, 36.518939297733404 ], [ 128.43563503756107, 36.518138678957229 ], [ 128.435897718666808, 36.517571226315738 ], [ 128.436418195210905, 36.51706065768451 ], [ 128.436834736552186, 36.51657047413434 ], [ 128.436851459738307, 36.516550557060953 ], [ 128.437048129256794, 36.516319264777557 ], [ 128.436838037011285, 36.516106944875261 ], [ 128.436143450994479, 36.515405715464418 ], [ 128.435437423059028, 36.514519054748888 ], [ 128.434717244347013, 36.514036626816903 ], [ 128.434046171388758, 36.513283573274201 ], [ 128.433800002344668, 36.512949188528374 ], [ 128.433127015016538, 36.512678787873057 ], [ 128.432558523986557, 36.511624036139025 ], [ 128.431977829470412, 36.511079095993672 ], [ 128.43211999489651, 36.509421960536798 ], [ 128.432127794443062, 36.50933401066078 ], [ 128.432278357424337, 36.508890684416293 ], [ 128.432253142361958, 36.508676985403262 ], [ 128.432592485319475, 36.507973166179902 ], [ 128.432945778010691, 36.507554442369674 ], [ 128.433137835945672, 36.506921677080086 ], [ 128.433170073852438, 36.506816253293565 ], [ 128.433148447699551, 36.506361760287994 ], [ 128.433349320157504, 36.505696784757788 ], [ 128.433640486873941, 36.504670287268908 ], [ 128.433521507736884, 36.504308193104634 ], [ 128.433407803196388, 36.503910276620587 ], [ 128.433096774524188, 36.502836106664859 ], [ 128.433529879213211, 36.502414724021513 ], [ 128.4343368277965, 36.502312669833699 ], [ 128.434456181649807, 36.502297440169301 ], [ 128.435381662867485, 36.502760235449436 ], [ 128.435519658490136, 36.502829250546796 ], [ 128.436937165658804, 36.502434031326317 ], [ 128.43709614248499, 36.502317518235557 ], [ 128.437547032313546, 36.501652050337327 ], [ 128.437737844840996, 36.501465596224406 ], [ 128.438676161985569, 36.500583359033932 ], [ 128.439103995358408, 36.500181170289231 ], [ 128.439414154919177, 36.499884579918287 ], [ 128.440935429870279, 36.498996139105763 ], [ 128.442438754727306, 36.498325282913186 ], [ 128.442553593748897, 36.498274050444017 ], [ 128.442747344729952, 36.498208634015981 ], [ 128.443484887237503, 36.497959532067711 ], [ 128.444329486884158, 36.496581949952656 ], [ 128.444451613902487, 36.4959457833817 ], [ 128.44511552763737, 36.495357408439375 ], [ 128.44603146177306, 36.495119656518682 ], [ 128.446624546614032, 36.494661942108912 ], [ 128.447515675936586, 36.494496830485275 ], [ 128.448190722725883, 36.494078372919262 ], [ 128.448801239008475, 36.494032666923573 ], [ 128.44909924570814, 36.493705229582389 ], [ 128.449916334027932, 36.49280607509327 ], [ 128.450808477137798, 36.492471700064684 ], [ 128.450852444208778, 36.492455114705976 ], [ 128.451310243801402, 36.492544159532464 ], [ 128.451441155437635, 36.492569607541213 ], [ 128.451529023208394, 36.492586845877831 ], [ 128.451534607191945, 36.492587898915531 ], [ 128.451640620844927, 36.492437932935445 ], [ 128.451984160239334, 36.49195337678001 ], [ 128.452203791308847, 36.491650811500392 ], [ 128.453098916759416, 36.491141818723428 ], [ 128.45327972581299, 36.491038792983602 ], [ 128.452872669172734, 36.490449404863512 ], [ 128.452875797478981, 36.490357124318038 ], [ 128.452869639803481, 36.490271271274558 ], [ 128.452782040325587, 36.48905010075206 ], [ 128.452773844683378, 36.488857642241832 ], [ 128.452128978608215, 36.488403545482889 ], [ 128.452142375474381, 36.488127821677729 ], [ 128.45190017267484, 36.487750164231294 ], [ 128.451647474414216, 36.487337259309143 ], [ 128.451292776529186, 36.48725453964915 ], [ 128.451312015989345, 36.486545898106215 ], [ 128.451291849559027, 36.486550761407976 ], [ 128.45130867471201, 36.486480252516635 ], [ 128.451650782352004, 36.485957923270277 ], [ 128.451966351276809, 36.485748013969292 ], [ 128.452380357951029, 36.485033457497252 ], [ 128.452764397758472, 36.484370604413392 ], [ 128.453147731279074, 36.483984415567797 ], [ 128.453239359738291, 36.483897380675728 ], [ 128.454140794754636, 36.483266113951892 ], [ 128.45516784004235, 36.483175911904716 ], [ 128.456368198104769, 36.483005777456377 ], [ 128.456868782032501, 36.482906035672805 ], [ 128.45792905067222, 36.482699317489285 ], [ 128.458027835308656, 36.482679554765312 ], [ 128.458237284372501, 36.482637478849121 ], [ 128.459120403677076, 36.482239027282859 ], [ 128.459402800714486, 36.482111609147168 ], [ 128.46036689838752, 36.481999052352187 ], [ 128.461052439602526, 36.481919010443868 ], [ 128.462082678979698, 36.481386842506112 ], [ 128.463052493474009, 36.480625169068652 ], [ 128.463468676644453, 36.480484214848289 ], [ 128.463744048606344, 36.480378355091212 ], [ 128.464318963633218, 36.479747395219981 ], [ 128.465665320706961, 36.478808346178951 ], [ 128.466000519824831, 36.478666235398485 ], [ 128.466943529438936, 36.478266426072942 ], [ 128.467218639592858, 36.478149734296991 ], [ 128.468226299380348, 36.477723917785148 ], [ 128.468680287719167, 36.477502641962069 ], [ 128.469993749252438, 36.477436037754423 ], [ 128.471027426906176, 36.477529435591244 ], [ 128.471544858366002, 36.476830391680579 ], [ 128.472338610703872, 36.476335211291747 ], [ 128.472622944526876, 36.476157819719575 ], [ 128.473485879578419, 36.475813249100163 ], [ 128.473622697751352, 36.475629399009605 ], [ 128.473947556506033, 36.475192888055645 ], [ 128.475212844816355, 36.474026246864504 ], [ 128.475910562443175, 36.473716633165431 ], [ 128.476521777009935, 36.473445411163922 ], [ 128.476369755111932, 36.473198477395606 ], [ 128.476463169341173, 36.471472681249651 ], [ 128.476449458415289, 36.469837816528653 ], [ 128.476554041352614, 36.469418297540471 ], [ 128.476633131187754, 36.469101072545499 ], [ 128.475892101965428, 36.467428835073143 ], [ 128.476168913294799, 36.467378093648634 ], [ 128.476192508891131, 36.4673650587876 ], [ 128.476368306953731, 36.467267706563824 ], [ 128.476377790289575, 36.467256132512681 ], [ 128.476516087602164, 36.466521955249959 ], [ 128.476723954214606, 36.466221706244767 ], [ 128.477051781510852, 36.465786505656133 ], [ 128.477761442991039, 36.465422377476671 ], [ 128.477835876647049, 36.465388063988946 ], [ 128.478615966196685, 36.464883804952947 ], [ 128.479676698365864, 36.464198114545269 ], [ 128.481508297437927, 36.464205540153671 ], [ 128.482310927995997, 36.463974645766619 ], [ 128.48289752482745, 36.463506950323243 ], [ 128.483016758403892, 36.463321823005252 ], [ 128.483217181814467, 36.462996685448353 ], [ 128.483456647963578, 36.462688694597858 ], [ 128.483613292347854, 36.46201940742268 ], [ 128.483797582893772, 36.461232009327112 ], [ 128.484123993130822, 36.460438378191242 ], [ 128.483983026878292, 36.459311738102627 ], [ 128.48443139785121, 36.458665089072944 ], [ 128.484723987067525, 36.457989476915472 ], [ 128.484527156447086, 36.457196317297353 ], [ 128.484187979677074, 36.4562044050246 ], [ 128.484077039027909, 36.45533456846524 ], [ 128.485410720027033, 36.454693452495022 ], [ 128.485967930204367, 36.454453982921663 ], [ 128.486720567490465, 36.453953759200189 ], [ 128.486827835973145, 36.453882562387271 ], [ 128.487899050923943, 36.453395302017249 ], [ 128.487948749477113, 36.453391415603633 ], [ 128.488028671306068, 36.453385144968244 ], [ 128.488871437538961, 36.453600491912411 ], [ 128.489905024420864, 36.453615613568402 ], [ 128.490571180940378, 36.453101324293492 ], [ 128.490703302470678, 36.452978378229304 ], [ 128.490722617400934, 36.452960473941459 ], [ 128.49108477933018, 36.452623875842008 ], [ 128.491583474989795, 36.452176135430115 ], [ 128.491700803009593, 36.452047943432717 ], [ 128.492104836224769, 36.451606501031776 ], [ 128.492330299394524, 36.45138388776666 ], [ 128.492823582339128, 36.450753140563691 ], [ 128.493186959359946, 36.450398292793203 ], [ 128.493249010731432, 36.450247992940206 ], [ 128.493367627581108, 36.449960643705566 ], [ 128.49337382989799, 36.449921235802506 ], [ 128.493492420119082, 36.449381194956771 ], [ 128.493497954438368, 36.44868801814691 ], [ 128.493369375034916, 36.448300382067892 ], [ 128.493438005812607, 36.447474265706106 ], [ 128.493425259512208, 36.446811785153223 ], [ 128.493574981819705, 36.446316897870929 ], [ 128.493733628063296, 36.445792481572006 ], [ 128.494336823579488, 36.445635541966872 ], [ 128.49436497900831, 36.445628200047665 ], [ 128.494903803354845, 36.445071486162867 ], [ 128.495169665097137, 36.44492026553592 ], [ 128.496042506176195, 36.444652771963945 ], [ 128.496482847207602, 36.444517822803078 ], [ 128.496965682469778, 36.444095106973151 ], [ 128.497326211209725, 36.443769341154983 ], [ 128.497524845589226, 36.443589877604538 ], [ 128.497610472872992, 36.44351373134414 ], [ 128.498008465162599, 36.443397909411978 ], [ 128.498176719726928, 36.443348956452652 ], [ 128.498732915401661, 36.443350083444379 ], [ 128.499218683871504, 36.443190885216943 ], [ 128.500292093091076, 36.442138436465754 ], [ 128.501382707617438, 36.441440148181059 ], [ 128.500960652018449, 36.440923560840027 ], [ 128.500805918105584, 36.440334207956049 ], [ 128.500509202348155, 36.439803140356915 ], [ 128.500398932631583, 36.439624456894776 ], [ 128.500546666616117, 36.438709651178797 ], [ 128.5006578681581, 36.438021079198656 ], [ 128.500790144993061, 36.437653901051981 ], [ 128.500845126617008, 36.4375012692553 ], [ 128.500852972844967, 36.437479512307988 ], [ 128.500884155966787, 36.437286706477032 ], [ 128.500913271935616, 36.437106643261764 ], [ 128.500901500178912, 36.43683487862085 ], [ 128.500516270011929, 36.436353868082833 ], [ 128.500106823512084, 36.435688739365467 ], [ 128.499925588210345, 36.435118071624089 ], [ 128.499511333731874, 36.434775343773488 ], [ 128.499334242962391, 36.434273828886283 ], [ 128.498750166876789, 36.433663606936584 ], [ 128.498409735307007, 36.432696101764478 ], [ 128.498405219037522, 36.432682232024177 ], [ 128.498418523022536, 36.432677097441854 ], [ 128.499229124224911, 36.43236416950225 ], [ 128.500164994964877, 36.431786552868274 ], [ 128.501668494266966, 36.431488032230064 ], [ 128.502013913941909, 36.431295991192968 ], [ 128.502182240617941, 36.431109399635417 ], [ 128.502217274851034, 36.431054386576527 ], [ 128.502303351357028, 36.430919122982907 ], [ 128.50255380614405, 36.430525564007588 ], [ 128.503181546742383, 36.430179781719794 ], [ 128.503656177567024, 36.430094908454457 ], [ 128.504164803979165, 36.429612126606891 ], [ 128.504569114019631, 36.429386439978167 ], [ 128.50505351411212, 36.428888873641526 ], [ 128.505693303359152, 36.428373603107588 ], [ 128.506286974382334, 36.428112812768013 ], [ 128.506737394149496, 36.427914948284233 ], [ 128.506876487586794, 36.427218239028825 ], [ 128.506975476748011, 36.426722365749029 ], [ 128.506638648785383, 36.426337042853064 ], [ 128.506687443983964, 36.426349644934852 ], [ 128.507108489246463, 36.425355370757046 ], [ 128.507804134933082, 36.425143080368677 ], [ 128.508585558727447, 36.424904610045083 ], [ 128.50907862939772, 36.424249171409983 ], [ 128.509589229088192, 36.423602994620126 ], [ 128.510216289635963, 36.42296898270714 ], [ 128.510245937580692, 36.422939123275313 ], [ 128.510672497827187, 36.422874453236801 ], [ 128.510849542138089, 36.42284505521841 ], [ 128.511784522765311, 36.422689803410258 ], [ 128.512034808515864, 36.422643545988414 ], [ 128.512985177217331, 36.422467900634423 ], [ 128.513335184477, 36.422403214259674 ], [ 128.513882258815499, 36.422302096012849 ], [ 128.513884681229342, 36.422301655327182 ], [ 128.513891463720142, 36.422299394089826 ], [ 128.513898784354609, 36.422294882163094 ], [ 128.513900698477727, 36.422293700454915 ], [ 128.514682831853321, 36.421742843644381 ], [ 128.514331296685555, 36.420779932047033 ], [ 128.514162212011428, 36.420335837930871 ], [ 128.513990068715742, 36.419883683749362 ], [ 128.514555007466157, 36.419186295934509 ], [ 128.514930235022632, 36.418838573717629 ], [ 128.515344476515821, 36.417921343859327 ], [ 128.516120060973236, 36.417446616033921 ], [ 128.516066079093747, 36.416881318118783 ], [ 128.516483804157644, 36.416540495193253 ], [ 128.51673999160144, 36.415804615418224 ], [ 128.516180459709886, 36.41549303022358 ], [ 128.51613403726364, 36.415467266764395 ], [ 128.515919848659564, 36.414689032123867 ], [ 128.515546989138528, 36.413412884640259 ], [ 128.515429234203708, 36.413129604671788 ], [ 128.515314028410842, 36.412852471826625 ], [ 128.515072007926847, 36.41239560049717 ], [ 128.51500864638956, 36.412313553485177 ], [ 128.514792908830714, 36.411527605285933 ], [ 128.514731512702554, 36.410605246925314 ], [ 128.514957250144391, 36.410235782484676 ], [ 128.514700718816698, 36.409710056838655 ], [ 128.514687561325644, 36.409663918066911 ], [ 128.514409284918088, 36.408650243988497 ], [ 128.5141989272214, 36.408253219411137 ], [ 128.514176650547114, 36.408230329254373 ], [ 128.515410298950542, 36.407646693900375 ], [ 128.515732750680257, 36.407174646153798 ], [ 128.51595130709552, 36.407181113030887 ], [ 128.516971494919574, 36.407119561789266 ], [ 128.517485658932145, 36.406563668169994 ], [ 128.517472410529393, 36.40594063557041 ], [ 128.517836835542909, 36.405657787780761 ], [ 128.518109043564294, 36.405446514062362 ], [ 128.518348030086997, 36.404611973057769 ], [ 128.518388236572434, 36.404437969005727 ], [ 128.51839069534924, 36.404427958080781 ], [ 128.518379917419168, 36.404422210158934 ], [ 128.517125557276188, 36.4037097662655 ], [ 128.517011455076215, 36.403121361291532 ], [ 128.516849321328351, 36.402954512037475 ], [ 128.516750047316947, 36.402840184833913 ], [ 128.516522513687875, 36.402362548796823 ], [ 128.516505028188618, 36.402241515406153 ], [ 128.516643022199389, 36.401561782684063 ], [ 128.516644860645727, 36.401360931088746 ], [ 128.517171070241261, 36.400388571863012 ], [ 128.51707467881883, 36.399637750640473 ], [ 128.517666660126764, 36.398349078717636 ], [ 128.51781102320831, 36.398086858592123 ], [ 128.517898677433237, 36.397933097406721 ], [ 128.518510937712961, 36.396796375193809 ], [ 128.518040503198932, 36.396012158259566 ], [ 128.518016981407726, 36.395972907711126 ], [ 128.517895288389269, 36.395716233694685 ], [ 128.518031680698812, 36.395071628240352 ], [ 128.518055909399777, 36.394957071866308 ], [ 128.517908467452031, 36.394466740265528 ], [ 128.517690078031478, 36.394255561488698 ], [ 128.517551243042334, 36.394090988166617 ], [ 128.51746217089206, 36.394044352753816 ], [ 128.517907708901987, 36.393086522080004 ], [ 128.517731320292455, 36.39267781707936 ], [ 128.517940040751483, 36.392244808100948 ], [ 128.518036276457792, 36.391641853474013 ], [ 128.517913061100415, 36.39063497596436 ], [ 128.51845650716561, 36.390249135437756 ], [ 128.518570631871739, 36.389423440765697 ], [ 128.518163442364283, 36.388924588082972 ], [ 128.518607085253933, 36.388335500799329 ], [ 128.518545348033712, 36.38757698824849 ], [ 128.518395586554249, 36.387090333047396 ], [ 128.517311842714463, 36.386439984904825 ], [ 128.51574317076313, 36.386143226830882 ], [ 128.515396331436847, 36.386131912258293 ], [ 128.514881116315394, 36.385879652651965 ], [ 128.514300566551924, 36.385097467530464 ], [ 128.514116478120144, 36.384138918488048 ], [ 128.514195072317449, 36.384069363135701 ], [ 128.514190413813083, 36.384013967831926 ], [ 128.514044745751534, 36.383946507451348 ], [ 128.512860254663991, 36.383167706914151 ], [ 128.511679703416263, 36.383235929448063 ], [ 128.509142051334408, 36.383939369939348 ], [ 128.509074806924275, 36.383958080225142 ], [ 128.509074504101164, 36.383993737882719 ], [ 128.509096082426623, 36.384108400321189 ], [ 128.509110069289079, 36.384182677516172 ], [ 128.509131172676661, 36.38454241747533 ], [ 128.508835559541552, 36.385007161538098 ], [ 128.508340189503031, 36.385505009029856 ], [ 128.507922693117138, 36.385694781274594 ], [ 128.507580658766187, 36.38614373121991 ], [ 128.507463543948006, 36.386291676963069 ], [ 128.507432568686596, 36.386330803376502 ], [ 128.507375925018636, 36.386715292180362 ], [ 128.507405193057849, 36.386850911598764 ], [ 128.50764615141884, 36.387967507433679 ], [ 128.507800303892907, 36.388505578067679 ], [ 128.507927186726988, 36.388778829252836 ], [ 128.508232724989256, 36.389436847163445 ], [ 128.508461297111978, 36.390016821618573 ], [ 128.508472800122235, 36.390080301689231 ], [ 128.508522786015959, 36.390532817777824 ], [ 128.508375845597953, 36.390632167853219 ], [ 128.508169910650423, 36.390853002687876 ], [ 128.508399287753178, 36.391443740299536 ], [ 128.508419532340866, 36.391496172189825 ], [ 128.508239562511392, 36.391673399060977 ], [ 128.507012058767657, 36.392590948465397 ], [ 128.506916930023579, 36.392665900514693 ], [ 128.506253872583187, 36.394076954027909 ], [ 128.505578747635838, 36.394300749339401 ], [ 128.504902842766086, 36.395002304675849 ], [ 128.504086385053, 36.395093754487171 ], [ 128.502993946613827, 36.395633797271358 ], [ 128.50286369086237, 36.3959036190437 ], [ 128.50206250928494, 36.396475084484422 ], [ 128.501186641073559, 36.396613747971124 ], [ 128.50008715974036, 36.396787801240713 ], [ 128.499295824743768, 36.396518896574776 ], [ 128.498430320778112, 36.396416649857649 ], [ 128.498364917675246, 36.396448536709265 ], [ 128.4975408945879, 36.396850250502474 ], [ 128.49695762578736, 36.397134590658879 ], [ 128.496595302459099, 36.397297313662889 ], [ 128.49629198014523, 36.397542443654416 ], [ 128.495024600446129, 36.397101565060865 ], [ 128.494213999138765, 36.39712549339022 ], [ 128.49297123137319, 36.396788474866767 ], [ 128.492822275207544, 36.396738997880867 ], [ 128.492519373669836, 36.39645990773662 ], [ 128.491944335767329, 36.396211800512631 ], [ 128.491827201915697, 36.396150896182263 ], [ 128.491401031640976, 36.396211770534791 ], [ 128.49060267506519, 36.396513751783246 ], [ 128.490128307954961, 36.396652158276098 ], [ 128.489795652963579, 36.397157292253425 ], [ 128.489693186826941, 36.397179985959575 ], [ 128.489663191521231, 36.397186634135146 ], [ 128.489549424896751, 36.397219137954899 ], [ 128.489139665603801, 36.39733618959977 ], [ 128.489116713601419, 36.397968045673636 ], [ 128.489097039393016, 36.398509745957952 ], [ 128.48910701513168, 36.398586306000425 ], [ 128.488978650300709, 36.39907619197276 ], [ 128.488281360997661, 36.399417052420375 ], [ 128.487623815739397, 36.399627682353405 ], [ 128.488033302993784, 36.400896325616557 ], [ 128.487822079763504, 36.401975606790892 ], [ 128.487791709492882, 36.402252338484317 ], [ 128.487771609621802, 36.402269383018634 ], [ 128.487292427719638, 36.40267568007107 ], [ 128.486866840867549, 36.402878833134025 ], [ 128.486879519435121, 36.404247762111204 ], [ 128.486418853523446, 36.404859382540046 ], [ 128.485852845663686, 36.406136933086017 ], [ 128.486246160370769, 36.406373949336768 ], [ 128.486092768775023, 36.407723164632621 ], [ 128.486242387476835, 36.407835211060046 ], [ 128.487115007060794, 36.408200633278724 ], [ 128.48768730986788, 36.408480616617346 ], [ 128.487738222162818, 36.408692733345177 ], [ 128.487810917399031, 36.408986390168323 ], [ 128.489069867768023, 36.409864648558631 ], [ 128.488919328074047, 36.409986640791878 ], [ 128.488566563710378, 36.410496576945604 ], [ 128.488381548751619, 36.411322312724373 ], [ 128.488309316841367, 36.41166951480524 ], [ 128.488261970089638, 36.411941955805872 ], [ 128.488237454128239, 36.412174042048022 ], [ 128.488220565128444, 36.412255118470199 ], [ 128.488081239367972, 36.412254519591698 ], [ 128.4877026931361, 36.412275213234331 ], [ 128.487508631801262, 36.412299042804889 ], [ 128.48695653118142, 36.412447707981123 ], [ 128.486696810042304, 36.412615501182465 ], [ 128.486501962415076, 36.412741390519891 ], [ 128.48621381039149, 36.412927542735943 ], [ 128.486070040808158, 36.413337848903694 ], [ 128.484237920984384, 36.413868241359275 ], [ 128.484178135295195, 36.413885545900222 ], [ 128.484117797287126, 36.413908795638463 ], [ 128.483920237072027, 36.413985330746243 ], [ 128.482040329724413, 36.414769337383049 ], [ 128.480883843760921, 36.41444724830211 ], [ 128.480655985741095, 36.414295050082103 ], [ 128.480029753485667, 36.413872451437861 ], [ 128.479843311987878, 36.413170917531737 ], [ 128.478877219358225, 36.412437668735528 ], [ 128.478716863846927, 36.412315959866469 ], [ 128.478024530409726, 36.411976868673314 ], [ 128.477236280886359, 36.411998976779621 ], [ 128.476309006092521, 36.411941085689008 ], [ 128.475098013972485, 36.412155743971596 ], [ 128.474563073232162, 36.411729689126915 ], [ 128.4741839260912, 36.411766594088142 ], [ 128.473976151276162, 36.41214129569569 ], [ 128.473455431596989, 36.412351153259593 ], [ 128.471491278724528, 36.413672529159925 ], [ 128.471435163313487, 36.413841742124191 ], [ 128.471236579226399, 36.414577301590661 ], [ 128.471187434532283, 36.414714824742724 ], [ 128.470779530139964, 36.41585609924828 ], [ 128.470404914379969, 36.416154436914127 ], [ 128.470238957555438, 36.416572843314547 ], [ 128.470244428152171, 36.416607796362811 ], [ 128.470345184864243, 36.417251767275708 ], [ 128.470358611412536, 36.417898278405474 ], [ 128.470725921986656, 36.418869849854623 ], [ 128.470771781743707, 36.418991141634848 ], [ 128.470898771349397, 36.418984262416345 ], [ 128.470846374393574, 36.419014218227829 ], [ 128.470796288974924, 36.419060044585152 ], [ 128.4709159633654, 36.419384423786568 ], [ 128.471239767243958, 36.419757497590112 ], [ 128.471156389626572, 36.420480275632755 ], [ 128.471198829449207, 36.420750575702726 ], [ 128.47122169511934, 36.420772413051282 ], [ 128.471251894634094, 36.420789777195473 ], [ 128.471350269432179, 36.422125713514205 ], [ 128.471274471405735, 36.422335255455799 ], [ 128.471064389564276, 36.422482165578373 ], [ 128.470542263941496, 36.422895402701229 ], [ 128.470036859706482, 36.423295401890215 ], [ 128.470009862243643, 36.423310394059747 ], [ 128.469385422047367, 36.423647852270626 ], [ 128.469273217119621, 36.423758338157199 ], [ 128.468987343102981, 36.424039800229458 ], [ 128.468973740307661, 36.424609574235177 ], [ 128.46896830342871, 36.424669305396968 ], [ 128.468935598068526, 36.425028548069058 ], [ 128.468737638193119, 36.425162180008904 ], [ 128.468709376259881, 36.425127089207088 ], [ 128.468569794159777, 36.425150887559155 ], [ 128.468458617108183, 36.425177389844336 ], [ 128.468287432578734, 36.425202912175344 ], [ 128.468275466679785, 36.425204688081593 ], [ 128.467360477674021, 36.425317397053909 ], [ 128.467178127510749, 36.425462153348086 ], [ 128.467212770883208, 36.425848271786485 ], [ 128.467206259006559, 36.426476471741076 ], [ 128.46651105982545, 36.427382972713701 ], [ 128.467074092943676, 36.427886083766531 ], [ 128.467110989431404, 36.427919077853581 ], [ 128.466766646540918, 36.428948796192898 ], [ 128.466150026120118, 36.429324327584723 ], [ 128.465891998385246, 36.429562047669087 ], [ 128.464952877638751, 36.430018472951758 ], [ 128.464002688378429, 36.430084318054284 ], [ 128.463868224973396, 36.430104988874632 ], [ 128.462724181962329, 36.430182648007836 ], [ 128.462733259765628, 36.430216482137332 ], [ 128.462759393447726, 36.430309301473251 ], [ 128.462786023915584, 36.430349594943031 ], [ 128.46281782164877, 36.430394147128951 ], [ 128.462827778296798, 36.430429913678623 ], [ 128.462851555765269, 36.430465111769948 ], [ 128.462868153549039, 36.430474198155146 ], [ 128.462885826769877, 36.430480964419289 ], [ 128.462914949158829, 36.430491477043766 ], [ 128.462934787960677, 36.43049470253321 ], [ 128.462921063881964, 36.430503868418334 ], [ 128.462897995945042, 36.430524157416919 ], [ 128.462831911332586, 36.430562888162342 ], [ 128.462790781143411, 36.430579445991953 ], [ 128.462802939735695, 36.430562829550979 ], [ 128.462769357984286, 36.43051823326693 ], [ 128.462731933700439, 36.430513297319429 ], [ 128.462718841071393, 36.430511769366511 ], [ 128.462671587543696, 36.430517188331663 ], [ 128.462657827028721, 36.430518712260437 ], [ 128.462618896434577, 36.430415471914763 ], [ 128.462521414610904, 36.430253311346476 ], [ 128.462496867044024, 36.430213396692075 ], [ 128.462483543971018, 36.430216175175794 ], [ 128.461346475783444, 36.430445606423106 ], [ 128.461310367473601, 36.430445506153355 ], [ 128.459867567197875, 36.43044249363566 ], [ 128.458460059338535, 36.4305839795636 ], [ 128.458417410079875, 36.430567132321038 ], [ 128.457535435954071, 36.430218805851446 ], [ 128.457030870666131, 36.429710933438464 ], [ 128.456419160095805, 36.429612674624138 ], [ 128.456048318454748, 36.429655425930363 ], [ 128.455715765999258, 36.429907562301779 ], [ 128.455336091087531, 36.430195411079879 ], [ 128.455293151792489, 36.430210543240356 ], [ 128.455017492056868, 36.430314437223394 ], [ 128.454763561914376, 36.430635219905071 ], [ 128.45477424816869, 36.430602989615707 ], [ 128.454492584434263, 36.429942624943813 ], [ 128.454174351852259, 36.429582058038385 ], [ 128.453202279415393, 36.428555314693071 ], [ 128.45253867671866, 36.427626549259706 ], [ 128.452144685550934, 36.426847179015269 ], [ 128.451726048018145, 36.426907602930669 ], [ 128.451237188237485, 36.426977920848188 ], [ 128.450827357997127, 36.427036868257645 ], [ 128.449957603521625, 36.427046137024426 ], [ 128.448961160720103, 36.427378029126274 ], [ 128.448598015645899, 36.427283006964018 ], [ 128.4481119612893, 36.42715841510924 ], [ 128.447874589140753, 36.427324541370552 ], [ 128.446790908036633, 36.428082967029759 ], [ 128.44615747478872, 36.428586487430593 ], [ 128.446188888004144, 36.428610000362269 ], [ 128.446151939489738, 36.428654408446782 ], [ 128.446116212981792, 36.428627442059494 ], [ 128.444894312919786, 36.42935542420387 ], [ 128.444588077159352, 36.429705886538272 ], [ 128.444281624830751, 36.430056617390235 ], [ 128.444220594917937, 36.430126460089674 ], [ 128.444046521840079, 36.430325675872133 ], [ 128.444028426455276, 36.430357915651541 ], [ 128.443968330639848, 36.430470170710493 ], [ 128.443503178440437, 36.431339022618204 ], [ 128.443132830672766, 36.431756064776252 ], [ 128.443195848159689, 36.431957162716571 ], [ 128.442108203882725, 36.432515849527867 ], [ 128.441727490760542, 36.432481344533549 ], [ 128.441545659811453, 36.432456350135148 ], [ 128.440972704390418, 36.432618157666603 ], [ 128.440702541926356, 36.432575688513353 ], [ 128.440397569514204, 36.43272452246957 ], [ 128.440234610936528, 36.43281059135515 ], [ 128.440213677219418, 36.432821640172904 ], [ 128.440200583951878, 36.432837249616782 ], [ 128.440093856575686, 36.432964666052008 ], [ 128.439776107969152, 36.433312240958699 ], [ 128.439361954529772, 36.433525720662352 ], [ 128.438920810732753, 36.433753111654191 ], [ 128.438731323560773, 36.4338491553452 ], [ 128.438444981918991, 36.43399430525379 ], [ 128.437646720994337, 36.434008516124187 ], [ 128.437349441148996, 36.434017402997767 ], [ 128.436498042708166, 36.434177413397542 ], [ 128.435813762057847, 36.433921644291431 ], [ 128.435547736719087, 36.433940443211263 ], [ 128.434688039989567, 36.433738220428147 ], [ 128.433354485950787, 36.434881045843397 ], [ 128.432787378234394, 36.434997820303977 ], [ 128.432144232981273, 36.435363433245584 ], [ 128.431182715790754, 36.4357212863953 ], [ 128.431144539081828, 36.435736820068925 ], [ 128.43038342149984, 36.435501036835568 ], [ 128.429559254257526, 36.435696840369431 ], [ 128.429530062957156, 36.435689995984724 ], [ 128.429219590735727, 36.435617263437642 ], [ 128.428843584128259, 36.435992906776526 ], [ 128.428683981186936, 36.436138713013406 ], [ 128.428651162337445, 36.43616868997006 ], [ 128.428481469248595, 36.436239670198489 ], [ 128.428211379031922, 36.436479304753739 ], [ 128.427347916948406, 36.436725071181904 ], [ 128.427215673526973, 36.436794283197266 ], [ 128.426659698911578, 36.437485275748884 ], [ 128.426183888944223, 36.437860772382308 ], [ 128.42583493629715, 36.438086819585088 ], [ 128.425685910584662, 36.438422418497012 ], [ 128.425855594819836, 36.438796113846571 ], [ 128.426000423766908, 36.439115043508721 ], [ 128.425791509310983, 36.439338404167181 ], [ 128.424928690259947, 36.440260863982118 ], [ 128.423573703834052, 36.44098816240205 ], [ 128.423183702426769, 36.441181922079402 ], [ 128.422786930519806, 36.441564753482865 ], [ 128.423339032366016, 36.442723014985475 ], [ 128.422926825531107, 36.443059615207694 ], [ 128.422260015338935, 36.44357172999505 ], [ 128.421887107008928, 36.444150925805339 ], [ 128.421836973974706, 36.444330560389588 ], [ 128.4214154680447, 36.445840971216171 ], [ 128.420883964557419, 36.446203478099967 ], [ 128.41946165245102, 36.447138845314988 ], [ 128.418726309261871, 36.448605469412776 ], [ 128.418724324116596, 36.448624816346054 ], [ 128.420263496003031, 36.45057144282957 ], [ 128.421669213648386, 36.451544911279548 ], [ 128.421736864668389, 36.451588630036184 ], [ 128.421807757316174, 36.451634446143288 ], [ 128.421850963416716, 36.451662375197841 ], [ 128.422260307403519, 36.451890198343563 ], [ 128.423561238337072, 36.453465452915935 ], [ 128.423926486465803, 36.454212855772987 ], [ 128.424087430685688, 36.454762233882249 ], [ 128.424127741999968, 36.454883074249977 ], [ 128.424339177123159, 36.455516800091551 ], [ 128.424405594695571, 36.455870730726893 ], [ 128.424403585728925, 36.455928087940052 ], [ 128.424403218464079, 36.45593851241842 ], [ 128.424375847205482, 36.456720961858231 ], [ 128.42479297177681, 36.458139947761119 ], [ 128.424944059486023, 36.458417725705822 ], [ 128.42588331671277, 36.459960666620049 ], [ 128.426101394285809, 36.460541613855895 ], [ 128.426226933386431, 36.460905416393885 ], [ 128.426334992918584, 36.461474559528575 ], [ 128.426358570243877, 36.461615945604123 ], [ 128.426378119887346, 36.461733215654903 ], [ 128.426380203419797, 36.461745661491527 ], [ 128.426367935926464, 36.461758687005194 ], [ 128.425981524846861, 36.462168945032218 ], [ 128.42576328936417, 36.462392115402388 ], [ 128.425154728473103, 36.463033046285297 ], [ 128.424748682250907, 36.463640420824376 ], [ 128.424247729917909, 36.4642015297811 ], [ 128.423623834232842, 36.464749416358949 ], [ 128.423277568342826, 36.46510711569853 ], [ 128.423080405021238, 36.465305953052685 ], [ 128.422884846811684, 36.465503347009594 ], [ 128.421878544192509, 36.466417171712578 ], [ 128.420523561127652, 36.467164021224868 ], [ 128.420418611451169, 36.468468771720353 ], [ 128.420239415851569, 36.469308972340905 ], [ 128.419553241879782, 36.470728056142498 ], [ 128.41894718839211, 36.472846335854946 ], [ 128.419097488800162, 36.473577778959154 ], [ 128.419563973444752, 36.474364417953282 ], [ 128.419151058550824, 36.474557564300014 ], [ 128.41831494367932, 36.474948650551681 ], [ 128.418336089364459, 36.476122131267033 ], [ 128.41756366191396, 36.477098427535893 ], [ 128.41734702572046, 36.477289950417969 ], [ 128.41712221691202, 36.47756964566306 ], [ 128.416956934603917, 36.478656388272057 ], [ 128.416871009033855, 36.478762527384426 ], [ 128.416765316628243, 36.47889307162589 ], [ 128.416488632517058, 36.479596318299791 ], [ 128.416213519091485, 36.48040459997079 ], [ 128.416074299542345, 36.480701663245313 ], [ 128.415829006734015, 36.481225086171555 ], [ 128.415095599466213, 36.481201488286288 ], [ 128.414773863070593, 36.481817702299033 ], [ 128.414635057645086, 36.48240948402713 ], [ 128.414089993514665, 36.482721444715693 ], [ 128.41331649523579, 36.483497283917373 ], [ 128.412824846778221, 36.483678205767333 ], [ 128.412491090225416, 36.484388171714592 ], [ 128.412168384629211, 36.484781584460436 ], [ 128.412203822691737, 36.485479134124112 ], [ 128.411941099877282, 36.485985133463871 ], [ 128.4114911936868, 36.486851618154695 ], [ 128.411176636193574, 36.48702363109556 ], [ 128.410262463350136, 36.486969632635805 ], [ 128.40994577973197, 36.487309324949003 ], [ 128.409839283687688, 36.487413329224296 ], [ 128.409702209383994, 36.487552569528759 ], [ 128.40945169778675, 36.48782052446176 ], [ 128.4089264259635, 36.487877815975203 ], [ 128.408117347809451, 36.488703294740816 ], [ 128.407455233386145, 36.488784419201316 ], [ 128.406579845434976, 36.489419353643221 ], [ 128.405678780034179, 36.489515875641587 ], [ 128.405014744078954, 36.489994884076125 ], [ 128.40417584272663, 36.490728153113018 ], [ 128.403485537538046, 36.490533554918009 ], [ 128.403376646088674, 36.490506137174599 ], [ 128.402810754858876, 36.490631080853923 ], [ 128.401225892260214, 36.491208066127463 ], [ 128.400511176299403, 36.491310469552062 ], [ 128.399645858755093, 36.491890650011833 ], [ 128.399644882748731, 36.491891302920415 ], [ 128.399632462009862, 36.491898413337324 ], [ 128.399621710276335, 36.491896079224077 ], [ 128.399619493276617, 36.491895572415004 ], [ 128.398686507376738, 36.491680753180852 ], [ 128.39699147520497, 36.491595319924222 ], [ 128.39697609406312, 36.491620014308097 ], [ 128.396222861527775, 36.493356727228488 ], [ 128.395595755815748, 36.493859930272215 ], [ 128.395575129244037, 36.49404497343108 ], [ 128.395961371571104, 36.494474632478969 ], [ 128.395014017898461, 36.497756091338722 ], [ 128.394594030664649, 36.498128090193461 ], [ 128.394211308248316, 36.498467070280526 ], [ 128.392983854548191, 36.498640593489654 ], [ 128.39252751494422, 36.499099070952624 ], [ 128.392336177376819, 36.499024597458543 ], [ 128.392316475118633, 36.498999246994416 ], [ 128.39220166212607, 36.498974447178824 ], [ 128.391561912376716, 36.499108187444513 ], [ 128.39108067175826, 36.499371805218615 ], [ 128.389582795949536, 36.500798265451685 ], [ 128.388388502039106, 36.500161870048309 ], [ 128.38835538100119, 36.500151129507906 ], [ 128.387649245261201, 36.499965649172879 ], [ 128.387286687382016, 36.499808400249918 ], [ 128.387268660955442, 36.499816949356052 ], [ 128.38646838941267, 36.500196702239073 ], [ 128.386219053176717, 36.500762123734916 ], [ 128.385780712721612, 36.501245602276953 ], [ 128.385135593013842, 36.501434907363361 ], [ 128.384882257138457, 36.501400778964992 ], [ 128.384822304406327, 36.501413814943525 ], [ 128.384531084311192, 36.501603566646679 ], [ 128.384268441877168, 36.501837711280864 ], [ 128.384242221404463, 36.501946162600099 ], [ 128.384200060875287, 36.501984413998819 ], [ 128.38411309245501, 36.502078024647197 ], [ 128.384001722059537, 36.502138139850594 ], [ 128.384033937672029, 36.502165944438836 ], [ 128.383981555047114, 36.502230600226106 ], [ 128.383949462645859, 36.502253341013422 ], [ 128.38388941890733, 36.502253841236765 ], [ 128.383837318187005, 36.502329357113979 ], [ 128.383832507631922, 36.502374298925041 ], [ 128.38381228600241, 36.502458144118918 ], [ 128.38342765165936, 36.502767864328185 ], [ 128.383069911751306, 36.502931981879527 ], [ 128.383056822908088, 36.502939880080547 ], [ 128.383040033851074, 36.50293304354151 ], [ 128.383019039377643, 36.502960960055439 ], [ 128.383002274247758, 36.502989006626628 ], [ 128.382331385201809, 36.504031710111128 ], [ 128.382100905311404, 36.504399366854571 ], [ 128.382051882395075, 36.504477655366436 ], [ 128.382105999066312, 36.504487172973477 ], [ 128.382955906344563, 36.5046533993035 ], [ 128.383557190144131, 36.50476614733185 ], [ 128.38417179840107, 36.504928740043702 ], [ 128.384708068798773, 36.505117102639815 ], [ 128.385474009917942, 36.505450163874571 ], [ 128.386678777201041, 36.50607780196848 ], [ 128.387250328775593, 36.506207607926505 ], [ 128.387829154186448, 36.506359391231747 ], [ 128.38820002317388, 36.506463234808507 ], [ 128.388882729128426, 36.506644969068354 ], [ 128.389396081214812, 36.506808141365617 ], [ 128.389554377606174, 36.5068407094492 ], [ 128.389754216312241, 36.506885241157043 ], [ 128.390530228119189, 36.507069607129949 ], [ 128.390713319699245, 36.50709622699587 ], [ 128.391343346228723, 36.507201585555222 ], [ 128.392250124368417, 36.50733747010328 ], [ 128.392691323814716, 36.507360664752426 ], [ 128.393228582281097, 36.507497449177109 ], [ 128.393920828294114, 36.507765234780344 ], [ 128.394494374021349, 36.507975920268052 ], [ 128.394994676724821, 36.508207587609604 ], [ 128.395200544558918, 36.508300054276219 ], [ 128.395926393763034, 36.508597889720143 ], [ 128.396298225080784, 36.508722853713707 ], [ 128.396609534714088, 36.508831775870149 ], [ 128.397431570803576, 36.509114175756935 ], [ 128.397816834319258, 36.509350051804546 ], [ 128.39782830899, 36.509350154923894 ], [ 128.398752211144625, 36.509605945940358 ], [ 128.399301563686038, 36.509793092633487 ], [ 128.40003326961704, 36.510079398158481 ], [ 128.40068428979788, 36.510478962207287 ], [ 128.402692017389768, 36.511837850095837 ], [ 128.40269163986207, 36.511846282834583 ], [ 128.402682462933313, 36.512052164384443 ], [ 128.402666854952997, 36.512724793070738 ], [ 128.402824863824748, 36.51284627524938 ], [ 128.403367814480532, 36.513286446135133 ], [ 128.403884237416378, 36.513697329910848 ], [ 128.403898183393437, 36.513707141050752 ], [ 128.404729851950378, 36.514287850999338 ], [ 128.4051891586887, 36.514665975458769 ], [ 128.405709343522233, 36.51494388951884 ], [ 128.406182798297351, 36.515217729287386 ], [ 128.406987093251672, 36.515667018446415 ], [ 128.407581258407731, 36.515998126601417 ], [ 128.408315892871002, 36.516376068507498 ], [ 128.408923471323021, 36.51673281992111 ], [ 128.409280169387131, 36.517086214371986 ], [ 128.409661548743287, 36.517584038050018 ], [ 128.410180108793838, 36.518093381221533 ], [ 128.410807822715213, 36.51860494779342 ], [ 128.410979283791676, 36.518726828195597 ], [ 128.411526644432257, 36.519121097890064 ], [ 128.412017809360464, 36.519485899611489 ], [ 128.412733630965562, 36.520077452626559 ], [ 128.412854415171182, 36.52013842477789 ], [ 128.413511566214055, 36.52045430564695 ], [ 128.413686120086481, 36.520543305961127 ], [ 128.414239115710728, 36.520824777840211 ], [ 128.414415724511144, 36.521005540797674 ], [ 128.414472752677113, 36.521063259813886 ], [ 128.414652711281917, 36.521131748439331 ], [ 128.416219177146729, 36.521750900862628 ], [ 128.417816841506237, 36.522343115311479 ], [ 128.419375551145095, 36.522956538288057 ], [ 128.419461496788955, 36.522841972826015 ], [ 128.419823151034109, 36.52234501261136 ], [ 128.419924493724096, 36.522198828948191 ], [ 128.420047803934352, 36.522032332546864 ], [ 128.420732198721737, 36.521711690392408 ], [ 128.421177660656724, 36.521494693197084 ], [ 128.422159745004308, 36.521132884948571 ], [ 128.422578065088175, 36.520983948597532 ], [ 128.422847073658176, 36.520901799656102 ], [ 128.423438975448818, 36.520723162676184 ], [ 128.423931780967678, 36.520656811113355 ] ] ] } }
]
}
